location_id,location_type,name_en,name_hi,state,state_code,district,district_code,subdistrict,subdistrict_code,village_town,village_town_code,pincode,latitude,longitude,geocode_precision,source_id,source_object_id,is_synthetic,confidence_score,verified_at,dataset_version,in_ncr
LOC_7E6EB6D4F496,village,Nathupur Nagar,नत्थूपुर नगर,Delhi,DL,New Delhi,VB-DL-NEW-DELHI,,,Nathupur Nagar,,,28.576666,77.186309,synthetic_envelope,SRC_VB_SYNTHETIC,,True,0.0,,v0.1,True
LOC_DF2B9326610E,village,Sikandarpur Khera,सिकंदरपुर खेड़ा,Delhi,DL,Central Delhi,VB-DL-CENTRAL-DELH,,,Sikandarpur Khera,,,28.621536,77.174648,synthetic_envelope,SRC_VB_SYNTHETIC,,True,0.0,,v0.1,True
LOC_07F7D991B166,village,Naurangpur Khera,नौरंगपुर खेड़ा,Delhi,DL,North Delhi,VB-DL-NORTH-DELHI,,,Naurangpur Khera,,,28.789979,77.178064,synthetic_envelope,SRC_VB_SYNTHETIC,,True,0.0,,v0.1,True
LOC_80440EEB9598,village,Bhagwanpur Khurd,भगवानपुर खुर्द,Delhi,DL,North Delhi,VB-DL-NORTH-DELHI,,,Bhagwanpur Khurd,,,28.732577,77.210402,synthetic_envelope,SRC_VB_SYNTHETIC,,True,0.0,,v0.1,True
LOC_3D46928C0A92,village,Gopalpur Kalan,गोपालपुर कलां,Delhi,DL,North Delhi,VB-DL-NORTH-DELHI,,,Gopalpur Kalan,,,28.791437,77.256492,synthetic_envelope,SRC_VB_SYNTHETIC,,True,0.0,,v0.1,True
LOC_0D2DFBD7AB8F,village,Shahpur Khurd,शाहपुर खुर्द,Delhi,DL,South Delhi,VB-DL-SOUTH-DELHI,,,Shahpur Khurd,,,28.521456,77.31668,synthetic_envelope,SRC_VB_SYNTHETIC,,True,0.0,,v0.1,True
LOC_9543C199049B,village,Sikandarpur Kalan,सिकंदरपुर कलां,Delhi,DL,South Delhi,VB-DL-SOUTH-DELHI,,,Sikandarpur Kalan,,,28.522231,77.239476,synthetic_envelope,SRC_VB_SYNTHETIC,,True,0.0,,v0.1,True
LOC_3EEA8D6D438A,village,Sultanpur,सुल्तानपुर,Delhi,DL,East Delhi,VB-DL-EAST-DELHI,,,Sultanpur,,,28.652619,77.363089,synthetic_envelope,SRC_VB_SYNTHETIC,,True,0.0,,v0.1,True
LOC_680A74D38286,village,Bahadurpur,बहादुरपुर,Delhi,DL,West Delhi,VB-DL-WEST-DELHI,,,Bahadurpur,,,28.592183,77.147688,synthetic_envelope,SRC_VB_SYNTHETIC,,True,0.0,,v0.1,True
LOC_3954DAC3CEA6,village,Bahadurpur Majra,बहादुरपुर माजरा,Delhi,DL,West Delhi,VB-DL-WEST-DELHI,,,Bahadurpur Majra,,,28.638981,77.053767,synthetic_envelope,SRC_VB_SYNTHETIC,,True,0.0,,v0.1,True
LOC_678A617B9A66,village,Jhinjhana Khera,झिंझाना खेड़ा,Delhi,DL,North West Delhi,VB-DL-NORTH-WEST-D,,,Jhinjhana Khera,,,28.726614,77.233905,synthetic_envelope,SRC_VB_SYNTHETIC,,True,0.0,,v0.1,True
LOC_1CD0A7279FA7,village,Ladwa,लाडवा,Delhi,DL,North West Delhi,VB-DL-NORTH-WEST-D,,,Ladwa,,,28.800774,76.992856,synthetic_envelope,SRC_VB_SYNTHETIC,,True,0.0,,v0.1,True
LOC_E7E392882756,village,Jamalpur Khurd,जमालपुर खुर्द,Delhi,DL,North West Delhi,VB-DL-NORTH-WEST-D,,,Jamalpur Khurd,,,28.868576,76.961616,synthetic_envelope,SRC_VB_SYNTHETIC,,True,0.0,,v0.1,True
LOC_97F75F6B3DE2,village,Umarpur Nagar,उमरपुर नगर,Delhi,DL,North West Delhi,VB-DL-NORTH-WEST-D,,,Umarpur Nagar,,,28.787245,77.206057,synthetic_envelope,SRC_VB_SYNTHETIC,,True,0.0,,v0.1,True
LOC_A79B915B01E2,village,Dhanaura,धनौरा,Delhi,DL,North West Delhi,VB-DL-NORTH-WEST-D,,,Dhanaura,,,28.809817,77.176883,synthetic_envelope,SRC_VB_SYNTHETIC,,True,0.0,,v0.1,True
LOC_95FECEA08E54,village,Bhagwanpur Khurd,भगवानपुर खुर्द,Delhi,DL,North West Delhi,VB-DL-NORTH-WEST-D,,,Bhagwanpur Khurd,,,28.803191,76.991853,synthetic_envelope,SRC_VB_SYNTHETIC,,True,0.0,,v0.1,True
LOC_B4F1E9CE8D31,village,Gopalpur Khera,गोपालपुर खेड़ा,Delhi,DL,North West Delhi,VB-DL-NORTH-WEST-D,,,Gopalpur Khera,,,28.83642,76.973678,synthetic_envelope,SRC_VB_SYNTHETIC,,True,0.0,,v0.1,True
LOC_4DC6BCD5BFC7,village,Bhagwanpur Nagar,भगवानपुर नगर,Delhi,DL,North West Delhi,VB-DL-NORTH-WEST-D,,,Bhagwanpur Nagar,,,28.742209,77.176835,synthetic_envelope,SRC_VB_SYNTHETIC,,True,0.0,,v0.1,True
LOC_2A3F3F75F892,village,Chandpur Kalan,चांदपुर कलां,Delhi,DL,North East Delhi,VB-DL-NORTH-EAST-D,,,Chandpur Kalan,,,28.737097,77.236699,synthetic_envelope,SRC_VB_SYNTHETIC,,True,0.0,,v0.1,True
LOC_BA4E22C7097A,village,Jhinjhana Kalan,झिंझाना कलां,Delhi,DL,North East Delhi,VB-DL-NORTH-EAST-D,,,Jhinjhana Kalan,,,28.727624,77.319319,synthetic_envelope,SRC_VB_SYNTHETIC,,True,0.0,,v0.1,True
LOC_EBA6B2C9CF80,village,Harjipur Khera,हरजीपुर खेड़ा,Delhi,DL,South West Delhi,VB-DL-SOUTH-WEST-D,,,Harjipur Khera,,,28.601223,77.060041,synthetic_envelope,SRC_VB_SYNTHETIC,,True,0.0,,v0.1,True
LOC_CCF3A5E20697,village,Ladwa,लाडवा,Delhi,DL,South West Delhi,VB-DL-SOUTH-WEST-D,,,Ladwa,,,28.590714,77.106766,synthetic_envelope,SRC_VB_SYNTHETIC,,True,0.0,,v0.1,True
LOC_453307600B40,village,Salempur Kalan,सलेमपुर कलां,Delhi,DL,South West Delhi,VB-DL-SOUTH-WEST-D,,,Salempur Kalan,,,28.589643,77.193689,synthetic_envelope,SRC_VB_SYNTHETIC,,True,0.0,,v0.1,True
LOC_CBFF9F279B35,village,Jamalpur Majra,जमालपुर माजरा,Delhi,DL,South West Delhi,VB-DL-SOUTH-WEST-D,,,Jamalpur Majra,,,28.526087,77.193689,synthetic_envelope,SRC_VB_SYNTHETIC,,True,0.0,,v0.1,True
LOC_E48F3C9C6C0B,village,Umarpur Kalan,उमरपुर कलां,Delhi,DL,South West Delhi,VB-DL-SOUTH-WEST-D,,,Umarpur Kalan,,,28.609728,77.186217,synthetic_envelope,SRC_VB_SYNTHETIC,,True,0.0,,v0.1,True
LOC_939024131CBA,village,Jhinjhana Majra,झिंझाना माजरा,Delhi,DL,South West Delhi,VB-DL-SOUTH-WEST-D,,,Jhinjhana Majra,,,28.612094,77.130551,synthetic_envelope,SRC_VB_SYNTHETIC,,True,0.0,,v0.1,True
LOC_54FE2FD8755A,village,Sikandarpur Nagar,सिकंदरपुर नगर,Delhi,DL,South West Delhi,VB-DL-SOUTH-WEST-D,,,Sikandarpur Nagar,,,28.588183,77.193689,synthetic_envelope,SRC_VB_SYNTHETIC,,True,0.0,,v0.1,True
LOC_01485834C929,village,Alipur Majra,अलीपुर माजरा,Delhi,DL,South West Delhi,VB-DL-SOUTH-WEST-D,,,Alipur Majra,,,28.589077,77.0698,synthetic_envelope,SRC_VB_SYNTHETIC,,True,0.0,,v0.1,True
LOC_8556B68B51B6,village,Naurangpur Majra,नौरंगपुर माजरा,Delhi,DL,South West Delhi,VB-DL-SOUTH-WEST-D,,,Naurangpur Majra,,,28.590243,77.193188,synthetic_envelope,SRC_VB_SYNTHETIC,,True,0.0,,v0.1,True
LOC_54D0545822DC,village,Todarpur Khurd,तोदड़पुर खुर्द,Delhi,DL,South East Delhi,VB-DL-SOUTH-EAST-D,,,Todarpur Khurd,,,28.568163,77.299508,synthetic_envelope,SRC_VB_SYNTHETIC,,True,0.0,,v0.1,True
LOC_68EC6F6EFAC5,village,Bhagwanpur,भगवानपुर,Delhi,DL,Shahdara,VB-DL-SHAHDARA,,,Bhagwanpur,,,28.619796,77.265747,synthetic_envelope,SRC_VB_SYNTHETIC,,True,0.0,,v0.1,True
LOC_C60CB9C5A001,village,Todarpur Khurd,तोदड़पुर खुर्द,Haryana,HR,Gurugram,VB-HR-GURUGRAM,,,Todarpur Khurd,,,28.537509,77.094661,synthetic_envelope,SRC_VB_SYNTHETIC,,True,0.0,,v0.1,True
LOC_51642B4B7490,village,Naurangpur Majra,नौरंगपुर माजरा,Haryana,HR,Gurugram,VB-HR-GURUGRAM,,,Naurangpur Majra,,,28.315898,77.135405,synthetic_envelope,SRC_VB_SYNTHETIC,,True,0.0,,v0.1,True
LOC_B3FD23F48A42,village,Ladwa Khera,लाडवा खेड़ा,Haryana,HR,Gurugram,VB-HR-GURUGRAM,,,Ladwa Khera,,,28.433183,77.077526,synthetic_envelope,SRC_VB_SYNTHETIC,,True,0.0,,v0.1,True
LOC_0B0F60D9DB34,village,Sultanpur Majra,सुल्तानपुर माजरा,Haryana,HR,Gurugram,VB-HR-GURUGRAM,,,Sultanpur Majra,,,28.429113,76.906076,synthetic_envelope,SRC_VB_SYNTHETIC,,True,0.0,,v0.1,True
LOC_761455F64F7B,village,Harjipur Khera,हरजीपुर खेड़ा,Haryana,HR,Gurugram,VB-HR-GURUGRAM,,,Harjipur Khera,,,28.338092,77.140895,synthetic_envelope,SRC_VB_SYNTHETIC,,True,0.0,,v0.1,True
LOC_BD287C187DDF,village,Fatehpur Nagar,फतेहपुर नगर,Haryana,HR,Gurugram,VB-HR-GURUGRAM,,,Fatehpur Nagar,,,28.299626,77.193212,synthetic_envelope,SRC_VB_SYNTHETIC,,True,0.0,,v0.1,True
LOC_5A27B49DD5A3,village,Naurangpur Majra,नौरंगपुर माजरा,Haryana,HR,Gurugram,VB-HR-GURUGRAM,,,Naurangpur Majra,,,28.336715,77.245404,synthetic_envelope,SRC_VB_SYNTHETIC,,True,0.0,,v0.1,True
LOC_5F94C2C8D2CE,village,Fatehpur Nagar,फतेहपुर नगर,Haryana,HR,Gurugram,VB-HR-GURUGRAM,,,Fatehpur Nagar,,,28.353161,77.151398,synthetic_envelope,SRC_VB_SYNTHETIC,,True,0.0,,v0.1,True
LOC_50E272683F46,village,Nangla Nagar,नंगला नगर,Haryana,HR,Gurugram,VB-HR-GURUGRAM,,,Nangla Nagar,,,28.365131,77.183136,synthetic_envelope,SRC_VB_SYNTHETIC,,True,0.0,,v0.1,True
LOC_E44D9CAEB3CE,village,Fatehpur Majra,फतेहपुर माजरा,Haryana,HR,Faridabad,VB-HR-FARIDABAD,,,Fatehpur Majra,,,28.381963,77.261235,synthetic_envelope,SRC_VB_SYNTHETIC,,True,0.0,,v0.1,True
LOC_E8036FD72DB8,village,Kishanpur Nagar,किशनपुर नगर,Haryana,HR,Faridabad,VB-HR-FARIDABAD,,,Kishanpur Nagar,,,28.368297,77.414005,synthetic_envelope,SRC_VB_SYNTHETIC,,True,0.0,,v0.1,True
LOC_D8B870987702,village,Dhanaura Khurd,धनौरा खुर्द,Haryana,HR,Faridabad,VB-HR-FARIDABAD,,,Dhanaura Khurd,,,28.438641,77.371579,synthetic_envelope,SRC_VB_SYNTHETIC,,True,0.0,,v0.1,True
LOC_92D6F4DE5B1A,village,Nathupur Nagar,नत्थूपुर नगर,Haryana,HR,Faridabad,VB-HR-FARIDABAD,,,Nathupur Nagar,,,28.35981,77.269308,synthetic_envelope,SRC_VB_SYNTHETIC,,True,0.0,,v0.1,True
LOC_AED9C1EF9D2F,village,Sikandarpur Kalan,सिकंदरपुर कलां,Haryana,HR,Faridabad,VB-HR-FARIDABAD,,,Sikandarpur Kalan,,,28.395769,77.382499,synthetic_envelope,SRC_VB_SYNTHETIC,,True,0.0,,v0.1,True
LOC_3DEF3EC4EBDC,village,Manakpur Majra,मानकपुर माजरा,Haryana,HR,Faridabad,VB-HR-FARIDABAD,,,Manakpur Majra,,,28.434927,77.363775,synthetic_envelope,SRC_VB_SYNTHETIC,,True,0.0,,v0.1,True
LOC_7AFDF4F8CF27,village,Alipur,अलीपुर,Haryana,HR,Faridabad,VB-HR-FARIDABAD,,,Alipur,,,28.407282,77.245631,synthetic_envelope,SRC_VB_SYNTHETIC,,True,0.0,,v0.1,True
LOC_2BA070BCC084,village,Sultanpur Kalan,सुल्तानपुर कलां,Haryana,HR,Faridabad,VB-HR-FARIDABAD,,,Sultanpur Kalan,,,28.398013,77.371093,synthetic_envelope,SRC_VB_SYNTHETIC,,True,0.0,,v0.1,True
LOC_846ADF357A07,village,Gopalpur Khera,गोपालपुर खेड़ा,Haryana,HR,Faridabad,VB-HR-FARIDABAD,,,Gopalpur Khera,,,28.451817,77.355943,synthetic_envelope,SRC_VB_SYNTHETIC,,True,0.0,,v0.1,True
LOC_68B6A1896E0E,village,Sikandarpur Khurd,सिकंदरपुर खुर्द,Haryana,HR,Faridabad,VB-HR-FARIDABAD,,,Sikandarpur Khurd,,,28.373606,77.392185,synthetic_envelope,SRC_VB_SYNTHETIC,,True,0.0,,v0.1,True
LOC_DCF8B8421843,village,Gopalpur Khera,गोपालपुर खेड़ा,Haryana,HR,Faridabad,VB-HR-FARIDABAD,,,Gopalpur Khera,,,28.398561,77.440648,synthetic_envelope,SRC_VB_SYNTHETIC,,True,0.0,,v0.1,True
LOC_A02EDB30449A,village,Jhinjhana Nagar,झिंझाना नगर,Haryana,HR,Sonipat,VB-HR-SONIPAT,,,Jhinjhana Nagar,,,29.077704,77.222237,synthetic_envelope,SRC_VB_SYNTHETIC,,True,0.0,,v0.1,True
LOC_BDCC76ED9C5B,village,Chandpur Khera,चांदपुर खेड़ा,Haryana,HR,Sonipat,VB-HR-SONIPAT,,,Chandpur Khera,,,29.091724,77.242372,synthetic_envelope,SRC_VB_SYNTHETIC,,True,0.0,,v0.1,True
LOC_04BC49595063,village,Salempur Nagar,सलेमपुर नगर,Haryana,HR,Sonipat,VB-HR-SONIPAT,,,Salempur Nagar,,,28.919975,76.843846,synthetic_envelope,SRC_VB_SYNTHETIC,,True,0.0,,v0.1,True
LOC_D414DB1C26C5,village,Nathupur Khurd,नत्थूपुर खुर्द,Haryana,HR,Sonipat,VB-HR-SONIPAT,,,Nathupur Khurd,,,28.917289,76.921325,synthetic_envelope,SRC_VB_SYNTHETIC,,True,0.0,,v0.1,True
LOC_49AFD6168D11,village,Harjipur Khurd,हरजीपुर खुर्द,Haryana,HR,Sonipat,VB-HR-SONIPAT,,,Harjipur Khurd,,,29.047596,76.850217,synthetic_envelope,SRC_VB_SYNTHETIC,,True,0.0,,v0.1,True
LOC_E5ADDF3672A0,village,Nangla Kalan,नंगला कलां,Haryana,HR,Sonipat,VB-HR-SONIPAT,,,Nangla Kalan,,,29.070016,76.929003,synthetic_envelope,SRC_VB_SYNTHETIC,,True,0.0,,v0.1,True
LOC_4EE9F705837D,village,Shahpur Kalan,शाहपुर कलां,Haryana,HR,Sonipat,VB-HR-SONIPAT,,,Shahpur Kalan,,,28.996209,76.958563,synthetic_envelope,SRC_VB_SYNTHETIC,,True,0.0,,v0.1,True
LOC_10436ADB91D6,village,Chandpur Kalan,चांदपुर कलां,Haryana,HR,Sonipat,VB-HR-SONIPAT,,,Chandpur Kalan,,,29.032397,76.926676,synthetic_envelope,SRC_VB_SYNTHETIC,,True,0.0,,v0.1,True
LOC_103881D75540,village,Umarpur Nagar,उमरपुर नगर,Haryana,HR,Sonipat,VB-HR-SONIPAT,,,Umarpur Nagar,,,29.062827,76.934836,synthetic_envelope,SRC_VB_SYNTHETIC,,True,0.0,,v0.1,True
LOC_A2C24DA14D7E,village,Shahpur Khera,शाहपुर खेड़ा,Haryana,HR,Sonipat,VB-HR-SONIPAT,,,Shahpur Khera,,,28.992823,76.935968,synthetic_envelope,SRC_VB_SYNTHETIC,,True,0.0,,v0.1,True
LOC_4FF63179E53D,village,Umarpur Nagar,उमरपुर नगर,Haryana,HR,Sonipat,VB-HR-SONIPAT,,,Umarpur Nagar,,,28.914534,76.839922,synthetic_envelope,SRC_VB_SYNTHETIC,,True,0.0,,v0.1,True
LOC_E6F556CEEDD5,village,Rasulpur,रसूलपुर,Haryana,HR,Sonipat,VB-HR-SONIPAT,,,Rasulpur,,,28.99794,76.909197,synthetic_envelope,SRC_VB_SYNTHETIC,,True,0.0,,v0.1,True
LOC_1DDDFDAEE94A,village,Alipur,अलीपुर,Haryana,HR,Sonipat,VB-HR-SONIPAT,,,Alipur,,,29.050908,77.163864,synthetic_envelope,SRC_VB_SYNTHETIC,,True,0.0,,v0.1,True
LOC_93938DBB1018,village,Alipur,अलीपुर,Haryana,HR,Sonipat,VB-HR-SONIPAT,,,Alipur,,,28.949581,76.936804,synthetic_envelope,SRC_VB_SYNTHETIC,,True,0.0,,v0.1,True
LOC_1AB4907CCE7E,village,Salempur Majra,सलेमपुर माजरा,Haryana,HR,Sonipat,VB-HR-SONIPAT,,,Salempur Majra,,,29.003286,76.877153,synthetic_envelope,SRC_VB_SYNTHETIC,,True,0.0,,v0.1,True
LOC_7ABF7B7CA982,village,Ladwa Kalan,लाडवा कलां,Haryana,HR,Sonipat,VB-HR-SONIPAT,,,Ladwa Kalan,,,29.110778,77.133613,synthetic_envelope,SRC_VB_SYNTHETIC,,True,0.0,,v0.1,True
LOC_1D179CF02610,village,Devipur Majra,देवीपुर माजरा,Haryana,HR,Sonipat,VB-HR-SONIPAT,,,Devipur Majra,,,29.072426,77.1984,synthetic_envelope,SRC_VB_SYNTHETIC,,True,0.0,,v0.1,True
LOC_6207B3ACC779,village,Chandpur,चांदपुर,Haryana,HR,Sonipat,VB-HR-SONIPAT,,,Chandpur,,,29.051134,77.177097,synthetic_envelope,SRC_VB_SYNTHETIC,,True,0.0,,v0.1,True
LOC_EE9653901946,village,Rampur Nagar,रामपुर नगर,Haryana,HR,Sonipat,VB-HR-SONIPAT,,,Rampur Nagar,,,29.143143,77.220647,synthetic_envelope,SRC_VB_SYNTHETIC,,True,0.0,,v0.1,True
LOC_89905DFE6876,village,Shahpur Khera,शाहपुर खेड़ा,Haryana,HR,Sonipat,VB-HR-SONIPAT,,,Shahpur Khera,,,29.096126,77.128292,synthetic_envelope,SRC_VB_SYNTHETIC,,True,0.0,,v0.1,True
LOC_83AB6017C76E,village,Todarpur,तोदड़पुर,Haryana,HR,Sonipat,VB-HR-SONIPAT,,,Todarpur,,,29.057011,76.954809,synthetic_envelope,SRC_VB_SYNTHETIC,,True,0.0,,v0.1,True
LOC_422A64A12E9B,village,Bhojpur Nagar,भोजपुर नगर,Haryana,HR,Sonipat,VB-HR-SONIPAT,,,Bhojpur Nagar,,,29.009371,76.952102,synthetic_envelope,SRC_VB_SYNTHETIC,,True,0.0,,v0.1,True
LOC_8DF085D05588,village,Devipur Nagar,देवीपुर नगर,Haryana,HR,Sonipat,VB-HR-SONIPAT,,,Devipur Nagar,,,29.151298,77.179211,synthetic_envelope,SRC_VB_SYNTHETIC,,True,0.0,,v0.1,True
LOC_7AD7ED5CC49A,village,Kishanpur Nagar,किशनपुर नगर,Haryana,HR,Sonipat,VB-HR-SONIPAT,,,Kishanpur Nagar,,,29.047561,77.180608,synthetic_envelope,SRC_VB_SYNTHETIC,,True,0.0,,v0.1,True
LOC_A0D510EC5735,village,Manakpur,मानकपुर,Haryana,HR,Sonipat,VB-HR-SONIPAT,,,Manakpur,,,28.937382,76.875903,synthetic_envelope,SRC_VB_SYNTHETIC,,True,0.0,,v0.1,True
LOC_26FF31269589,village,Shahpur,शाहपुर,Haryana,HR,Sonipat,VB-HR-SONIPAT,,,Shahpur,,,29.141987,77.172574,synthetic_envelope,SRC_VB_SYNTHETIC,,True,0.0,,v0.1,True
LOC_15A337821940,village,Shahpur Majra,शाहपुर माजरा,Haryana,HR,Panipat,VB-HR-PANIPAT,,,Shahpur Majra,,,29.438598,77.052764,synthetic_envelope,SRC_VB_SYNTHETIC,,True,0.0,,v0.1,True
LOC_D4F1642D659F,village,Basantpur Khera,बसंतपुर खेड़ा,Haryana,HR,Panipat,VB-HR-PANIPAT,,,Basantpur Khera,,,29.485405,77.04716,synthetic_envelope,SRC_VB_SYNTHETIC,,True,0.0,,v0.1,True
LOC_9E1938CF5B20,village,Devipur Kalan,देवीपुर कलां,Haryana,HR,Panipat,VB-HR-PANIPAT,,,Devipur Kalan,,,29.295057,76.816616,synthetic_envelope,SRC_VB_SYNTHETIC,,True,0.0,,v0.1,True
LOC_73C97DB5D628,village,Shahpur Kalan,शाहपुर कलां,Haryana,HR,Panipat,VB-HR-PANIPAT,,,Shahpur Kalan,,,29.319667,76.809634,synthetic_envelope,SRC_VB_SYNTHETIC,,True,0.0,,v0.1,True
LOC_59165E271257,village,Rampur Nagar,रामपुर नगर,Haryana,HR,Panipat,VB-HR-PANIPAT,,,Rampur Nagar,,,29.24066,76.873079,synthetic_envelope,SRC_VB_SYNTHETIC,,True,0.0,,v0.1,True
LOC_15FF8FAA8161,village,Shahpur Majra,शाहपुर माजरा,Haryana,HR,Panipat,VB-HR-PANIPAT,,,Shahpur Majra,,,29.310491,76.793875,synthetic_envelope,SRC_VB_SYNTHETIC,,True,0.0,,v0.1,True
LOC_7FF74B4857A1,village,Shahpur Khurd,शाहपुर खुर्द,Haryana,HR,Panipat,VB-HR-PANIPAT,,,Shahpur Khurd,,,29.364204,76.736678,synthetic_envelope,SRC_VB_SYNTHETIC,,True,0.0,,v0.1,True
LOC_C012A5DC785F,village,Chandpur Khurd,चांदपुर खुर्द,Haryana,HR,Panipat,VB-HR-PANIPAT,,,Chandpur Khurd,,,29.382709,77.069749,synthetic_envelope,SRC_VB_SYNTHETIC,,True,0.0,,v0.1,True
LOC_773099788B29,village,Alipur Majra,अलीपुर माजरा,Haryana,HR,Panipat,VB-HR-PANIPAT,,,Alipur Majra,,,29.537383,77.091085,synthetic_envelope,SRC_VB_SYNTHETIC,,True,0.0,,v0.1,True
LOC_231D793A0334,village,Naurangpur Khera,नौरंगपुर खेड़ा,Haryana,HR,Panipat,VB-HR-PANIPAT,,,Naurangpur Khera,,,29.339821,77.111765,synthetic_envelope,SRC_VB_SYNTHETIC,,True,0.0,,v0.1,True
LOC_20E04530E2F9,village,Shahpur Nagar,शाहपुर नगर,Haryana,HR,Panipat,VB-HR-PANIPAT,,,Shahpur Nagar,,,29.483928,77.026522,synthetic_envelope,SRC_VB_SYNTHETIC,,True,0.0,,v0.1,True
LOC_11E631DAC18B,village,Basantpur Majra,बसंतपुर माजरा,Haryana,HR,Panipat,VB-HR-PANIPAT,,,Basantpur Majra,,,29.383081,77.124002,synthetic_envelope,SRC_VB_SYNTHETIC,,True,0.0,,v0.1,True
LOC_4042CD86715C,village,Barwala Majra,बरवाला माजरा,Haryana,HR,Panipat,VB-HR-PANIPAT,,,Barwala Majra,,,29.315248,76.810912,synthetic_envelope,SRC_VB_SYNTHETIC,,True,0.0,,v0.1,True
LOC_87EABFF54A97,village,Sikandarpur,सिकंदरपुर,Haryana,HR,Panipat,VB-HR-PANIPAT,,,Sikandarpur,,,29.360695,77.086864,synthetic_envelope,SRC_VB_SYNTHETIC,,True,0.0,,v0.1,True
LOC_4E8E22E7ED61,village,Alipur Khurd,अलीपुर खुर्द,Haryana,HR,Panipat,VB-HR-PANIPAT,,,Alipur Khurd,,,29.334154,76.776143,synthetic_envelope,SRC_VB_SYNTHETIC,,True,0.0,,v0.1,True
LOC_F64E5DE85F6B,village,Mubarikpur Nagar,मुबारिकपुर नगर,Haryana,HR,Panipat,VB-HR-PANIPAT,,,Mubarikpur Nagar,,,29.330594,77.101567,synthetic_envelope,SRC_VB_SYNTHETIC,,True,0.0,,v0.1,True
LOC_4FBBE2A5DB22,village,Bhojpur Nagar,भोजपुर नगर,Haryana,HR,Panipat,VB-HR-PANIPAT,,,Bhojpur Nagar,,,29.571001,77.158345,synthetic_envelope,SRC_VB_SYNTHETIC,,True,0.0,,v0.1,True
LOC_766111EC65E0,village,Alipur Kalan,अलीपुर कलां,Haryana,HR,Panipat,VB-HR-PANIPAT,,,Alipur Kalan,,,29.309701,77.061063,synthetic_envelope,SRC_VB_SYNTHETIC,,True,0.0,,v0.1,True
LOC_2CC45F0ECE76,village,Salempur Majra,सलेमपुर माजरा,Haryana,HR,Panipat,VB-HR-PANIPAT,,,Salempur Majra,,,29.344076,77.08244,synthetic_envelope,SRC_VB_SYNTHETIC,,True,0.0,,v0.1,True
LOC_7BE08D6CF9D5,village,Ladwa Majra,लाडवा माजरा,Haryana,HR,Panipat,VB-HR-PANIPAT,,,Ladwa Majra,,,29.480232,77.103152,synthetic_envelope,SRC_VB_SYNTHETIC,,True,0.0,,v0.1,True
LOC_562FF6FE2B1D,village,Nangla Nagar,नंगला नगर,Haryana,HR,Panipat,VB-HR-PANIPAT,,,Nangla Nagar,,,29.504525,77.124407,synthetic_envelope,SRC_VB_SYNTHETIC,,True,0.0,,v0.1,True
LOC_06E17C6E7FCD,village,Mubarikpur Kalan,मुबारिकपुर कलां,Haryana,HR,Panipat,VB-HR-PANIPAT,,,Mubarikpur Kalan,,,29.310461,77.148792,synthetic_envelope,SRC_VB_SYNTHETIC,,True,0.0,,v0.1,True
LOC_2606D59C6EC9,village,Fatehpur Majra,फतेहपुर माजरा,Haryana,HR,Panipat,VB-HR-PANIPAT,,,Fatehpur Majra,,,29.512422,77.100404,synthetic_envelope,SRC_VB_SYNTHETIC,,True,0.0,,v0.1,True
LOC_FE6BA2411E1B,village,Manakpur,मानकपुर,Haryana,HR,Panipat,VB-HR-PANIPAT,,,Manakpur,,,29.566466,77.080418,synthetic_envelope,SRC_VB_SYNTHETIC,,True,0.0,,v0.1,True
LOC_C4B1871D400E,village,Mubarikpur Khurd,मुबारिकपुर खुर्द,Haryana,HR,Panipat,VB-HR-PANIPAT,,,Mubarikpur Khurd,,,29.52648,77.115942,synthetic_envelope,SRC_VB_SYNTHETIC,,True,0.0,,v0.1,True
LOC_8C3CDD11AE44,village,Kishanpur Khurd,किशनपुर खुर्द,Haryana,HR,Panipat,VB-HR-PANIPAT,,,Kishanpur Khurd,,,29.248098,76.809428,synthetic_envelope,SRC_VB_SYNTHETIC,,True,0.0,,v0.1,True
LOC_1D8E14F98835,village,Nathupur Khera,नत्थूपुर खेड़ा,Haryana,HR,Panipat,VB-HR-PANIPAT,,,Nathupur Khera,,,29.246446,76.806012,synthetic_envelope,SRC_VB_SYNTHETIC,,True,0.0,,v0.1,True
LOC_323623728EFC,village,Basantpur Nagar,बसंतपुर नगर,Haryana,HR,Panipat,VB-HR-PANIPAT,,,Basantpur Nagar,,,29.351635,77.128872,synthetic_envelope,SRC_VB_SYNTHETIC,,True,0.0,,v0.1,True
LOC_2814645D0FC9,village,Sikandarpur Nagar,सिकंदरपुर नगर,Haryana,HR,Rohtak,VB-HR-ROHTAK,,,Sikandarpur Nagar,,,28.81172,76.436491,synthetic_envelope,SRC_VB_SYNTHETIC,,True,0.0,,v0.1,True
LOC_057CE7A9FA8E,village,Ladwa Khurd,लाडवा खुर्द,Haryana,HR,Rohtak,VB-HR-ROHTAK,,,Ladwa Khurd,,,28.832681,76.692541,synthetic_envelope,SRC_VB_SYNTHETIC,,True,0.0,,v0.1,True
LOC_DC13DD3AE2C9,village,Chandpur Khurd,चांदपुर खुर्द,Haryana,HR,Rohtak,VB-HR-ROHTAK,,,Chandpur Khurd,,,28.700914,76.686183,synthetic_envelope,SRC_VB_SYNTHETIC,,True,0.0,,v0.1,True
LOC_F51AA93DA617,village,Gopalpur Majra,गोपालपुर माजरा,Haryana,HR,Rohtak,VB-HR-ROHTAK,,,Gopalpur Majra,,,28.760369,76.766497,synthetic_envelope,SRC_VB_SYNTHETIC,,True,0.0,,v0.1,True
LOC_05A8C6A6C357,village,Jamalpur,जमालपुर,Haryana,HR,Rohtak,VB-HR-ROHTAK,,,Jamalpur,,,28.85388,76.439216,synthetic_envelope,SRC_VB_SYNTHETIC,,True,0.0,,v0.1,True
LOC_97B613B957F7,village,Sikandarpur Khurd,सिकंदरपुर खुर्द,Haryana,HR,Rohtak,VB-HR-ROHTAK,,,Sikandarpur Khurd,,,28.809121,76.413322,synthetic_envelope,SRC_VB_SYNTHETIC,,True,0.0,,v0.1,True
LOC_6E1D6240D840,village,Shahpur,शाहपुर,Haryana,HR,Rohtak,VB-HR-ROHTAK,,,Shahpur,,,28.678451,76.74983,synthetic_envelope,SRC_VB_SYNTHETIC,,True,0.0,,v0.1,True
LOC_4EB8135E7998,village,Shahpur Khera,शाहपुर खेड़ा,Haryana,HR,Rohtak,VB-HR-ROHTAK,,,Shahpur Khera,,,28.835862,76.605766,synthetic_envelope,SRC_VB_SYNTHETIC,,True,0.0,,v0.1,True
LOC_53642205B0E8,village,Alipur Khera,अलीपुर खेड़ा,Haryana,HR,Rohtak,VB-HR-ROHTAK,,,Alipur Khera,,,28.82924,76.442215,synthetic_envelope,SRC_VB_SYNTHETIC,,True,0.0,,v0.1,True
LOC_37D8D514F259,village,Jhinjhana Khurd,झिंझाना खुर्द,Haryana,HR,Rohtak,VB-HR-ROHTAK,,,Jhinjhana Khurd,,,28.727866,76.743988,synthetic_envelope,SRC_VB_SYNTHETIC,,True,0.0,,v0.1,True
LOC_772031A7EFBC,village,Nathupur Khera,नत्थूपुर खेड़ा,Haryana,HR,Rohtak,VB-HR-ROHTAK,,,Nathupur Khera,,,28.818688,76.637684,synthetic_envelope,SRC_VB_SYNTHETIC,,True,0.0,,v0.1,True
LOC_91B299E041FA,village,Harjipur Kalan,हरजीपुर कलां,Haryana,HR,Rohtak,VB-HR-ROHTAK,,,Harjipur Kalan,,,28.784241,76.680114,synthetic_envelope,SRC_VB_SYNTHETIC,,True,0.0,,v0.1,True
LOC_116C5737C26A,village,Jhinjhana Khurd,झिंझाना खुर्द,Haryana,HR,Rohtak,VB-HR-ROHTAK,,,Jhinjhana Khurd,,,28.838259,76.684295,synthetic_envelope,SRC_VB_SYNTHETIC,,True,0.0,,v0.1,True
LOC_34E41E00A62E,village,Salempur Kalan,सलेमपुर कलां,Haryana,HR,Rohtak,VB-HR-ROHTAK,,,Salempur Kalan,,,28.883887,76.676167,synthetic_envelope,SRC_VB_SYNTHETIC,,True,0.0,,v0.1,True
LOC_C25FABF01486,village,Jhinjhana Nagar,झिंझाना नगर,Haryana,HR,Rohtak,VB-HR-ROHTAK,,,Jhinjhana Nagar,,,28.883363,76.670866,synthetic_envelope,SRC_VB_SYNTHETIC,,True,0.0,,v0.1,True
LOC_DDE65B411B9D,village,Bhojpur Khera,भोजपुर खेड़ा,Haryana,HR,Rohtak,VB-HR-ROHTAK,,,Bhojpur Khera,,,28.7707,76.671638,synthetic_envelope,SRC_VB_SYNTHETIC,,True,0.0,,v0.1,True
LOC_61770B9B6A7F,village,Kheri Kalan,खेड़ी कलां,Haryana,HR,Rohtak,VB-HR-ROHTAK,,,Kheri Kalan,,,28.789111,76.360347,synthetic_envelope,SRC_VB_SYNTHETIC,,True,0.0,,v0.1,True
LOC_7B7E8FA85118,village,Gopalpur Khurd,गोपालपुर खुर्द,Haryana,HR,Rohtak,VB-HR-ROHTAK,,,Gopalpur Khurd,,,28.759139,76.77417,synthetic_envelope,SRC_VB_SYNTHETIC,,True,0.0,,v0.1,True
LOC_F2DAA68FB0AC,village,Mubarikpur Nagar,मुबारिकपुर नगर,Haryana,HR,Rohtak,VB-HR-ROHTAK,,,Mubarikpur Nagar,,,28.684837,76.782048,synthetic_envelope,SRC_VB_SYNTHETIC,,True,0.0,,v0.1,True
LOC_5CA8DFC024B3,village,Bhojpur Kalan,भोजपुर कलां,Haryana,HR,Rohtak,VB-HR-ROHTAK,,,Bhojpur Kalan,,,28.790422,76.70564,synthetic_envelope,SRC_VB_SYNTHETIC,,True,0.0,,v0.1,True
LOC_13DC40CB1B38,village,Jhinjhana Khera,झिंझाना खेड़ा,Haryana,HR,Rohtak,VB-HR-ROHTAK,,,Jhinjhana Khera,,,28.825455,76.680948,synthetic_envelope,SRC_VB_SYNTHETIC,,True,0.0,,v0.1,True
LOC_E874FEA1155B,village,Fatehpur Khera,फतेहपुर खेड़ा,Haryana,HR,Rohtak,VB-HR-ROHTAK,,,Fatehpur Khera,,,28.800566,76.792678,synthetic_envelope,SRC_VB_SYNTHETIC,,True,0.0,,v0.1,True
LOC_0FD1A70C22C5,village,Ladwa Kalan,लाडवा कलां,Haryana,HR,Rohtak,VB-HR-ROHTAK,,,Ladwa Kalan,,,28.837756,76.666749,synthetic_envelope,SRC_VB_SYNTHETIC,,True,0.0,,v0.1,True
LOC_0C2752656C9C,village,Devipur Majra,देवीपुर माजरा,Haryana,HR,Rohtak,VB-HR-ROHTAK,,,Devipur Majra,,,28.900962,76.685976,synthetic_envelope,SRC_VB_SYNTHETIC,,True,0.0,,v0.1,True
LOC_EC11798ADE19,village,Nangla Kalan,नंगला कलां,Haryana,HR,Rohtak,VB-HR-ROHTAK,,,Nangla Kalan,,,28.818154,76.377567,synthetic_envelope,SRC_VB_SYNTHETIC,,True,0.0,,v0.1,True
LOC_45A94E9DED19,village,Jhinjhana Khera,झिंझाना खेड़ा,Haryana,HR,Rohtak,VB-HR-ROHTAK,,,Jhinjhana Khera,,,28.779593,76.444294,synthetic_envelope,SRC_VB_SYNTHETIC,,True,0.0,,v0.1,True
LOC_6352280A09CB,village,Jhinjhana Khurd,झिंझाना खुर्द,Haryana,HR,Rohtak,VB-HR-ROHTAK,,,Jhinjhana Khurd,,,28.678451,76.68362,synthetic_envelope,SRC_VB_SYNTHETIC,,True,0.0,,v0.1,True
LOC_461A2F2D8F27,village,Bahadurpur,बहादुरपुर,Haryana,HR,Rohtak,VB-HR-ROHTAK,,,Bahadurpur,,,28.826593,76.751579,synthetic_envelope,SRC_VB_SYNTHETIC,,True,0.0,,v0.1,True
LOC_6121BA0A6EB1,village,Fatehpur,फतेहपुर,Haryana,HR,Rohtak,VB-HR-ROHTAK,,,Fatehpur,,,28.779582,76.444898,synthetic_envelope,SRC_VB_SYNTHETIC,,True,0.0,,v0.1,True
LOC_CB0B5B0861B9,village,Manakpur Nagar,मानकपुर नगर,Haryana,HR,Jhajjar,VB-HR-JHAJJAR,,,Manakpur Nagar,,,28.53649,76.879769,synthetic_envelope,SRC_VB_SYNTHETIC,,True,0.0,,v0.1,True
LOC_92D32F9865E7,village,Jamalpur Nagar,जमालपुर नगर,Haryana,HR,Jhajjar,VB-HR-JHAJJAR,,,Jamalpur Nagar,,,28.494099,76.819627,synthetic_envelope,SRC_VB_SYNTHETIC,,True,0.0,,v0.1,True
LOC_C62E90D6792A,village,Devipur Nagar,देवीपुर नगर,Haryana,HR,Jhajjar,VB-HR-JHAJJAR,,,Devipur Nagar,,,28.55003,76.720805,synthetic_envelope,SRC_VB_SYNTHETIC,,True,0.0,,v0.1,True
LOC_225CE1C90A2F,village,Basantpur,बसंतपुर,Haryana,HR,Jhajjar,VB-HR-JHAJJAR,,,Basantpur,,,28.553102,76.84819,synthetic_envelope,SRC_VB_SYNTHETIC,,True,0.0,,v0.1,True
LOC_0DF1A0EE6B5E,village,Shahpur Khurd,शाहपुर खुर्द,Haryana,HR,Jhajjar,VB-HR-JHAJJAR,,,Shahpur Khurd,,,28.451938,76.823417,synthetic_envelope,SRC_VB_SYNTHETIC,,True,0.0,,v0.1,True
LOC_1049761E133B,village,Rampur Kalan,रामपुर कलां,Haryana,HR,Jhajjar,VB-HR-JHAJJAR,,,Rampur Kalan,,,28.698853,76.466217,synthetic_envelope,SRC_VB_SYNTHETIC,,True,0.0,,v0.1,True
LOC_B4A493717655,village,Bhagwanpur Majra,भगवानपुर माजरा,Haryana,HR,Jhajjar,VB-HR-JHAJJAR,,,Bhagwanpur Majra,,,28.506965,76.692897,synthetic_envelope,SRC_VB_SYNTHETIC,,True,0.0,,v0.1,True
LOC_24CDCAB53A72,village,Bhagwanpur Nagar,भगवानपुर नगर,Haryana,HR,Jhajjar,VB-HR-JHAJJAR,,,Bhagwanpur Nagar,,,28.548289,76.685818,synthetic_envelope,SRC_VB_SYNTHETIC,,True,0.0,,v0.1,True
LOC_6663291FD833,village,Dhanaura Kalan,धनौरा कलां,Haryana,HR,Jhajjar,VB-HR-JHAJJAR,,,Dhanaura Kalan,,,28.590801,76.658196,synthetic_envelope,SRC_VB_SYNTHETIC,,True,0.0,,v0.1,True
LOC_E503D42710DE,village,Rasulpur Kalan,रसूलपुर कलां,Haryana,HR,Jhajjar,VB-HR-JHAJJAR,,,Rasulpur Kalan,,,28.613056,76.708883,synthetic_envelope,SRC_VB_SYNTHETIC,,True,0.0,,v0.1,True
LOC_0E7376C55046,village,Nathupur Khurd,नत्थूपुर खुर्द,Haryana,HR,Jhajjar,VB-HR-JHAJJAR,,,Nathupur Khurd,,,28.526799,76.912803,synthetic_envelope,SRC_VB_SYNTHETIC,,True,0.0,,v0.1,True
LOC_6760EC2F5937,village,Sikandarpur Khera,सिकंदरपुर खेड़ा,Haryana,HR,Jhajjar,VB-HR-JHAJJAR,,,Sikandarpur Khera,,,28.564398,76.905893,synthetic_envelope,SRC_VB_SYNTHETIC,,True,0.0,,v0.1,True
LOC_D83F43FB0BF6,village,Chandpur Khurd,चांदपुर खुर्द,Haryana,HR,Jhajjar,VB-HR-JHAJJAR,,,Chandpur Khurd,,,28.738825,76.473334,synthetic_envelope,SRC_VB_SYNTHETIC,,True,0.0,,v0.1,True
LOC_5CD1837277D8,village,Mubarikpur Khurd,मुबारिकपुर खुर्द,Haryana,HR,Jhajjar,VB-HR-JHAJJAR,,,Mubarikpur Khurd,,,28.752408,76.516411,synthetic_envelope,SRC_VB_SYNTHETIC,,True,0.0,,v0.1,True
LOC_A4522E6614C1,village,Basantpur Majra,बसंतपुर माजरा,Haryana,HR,Jhajjar,VB-HR-JHAJJAR,,,Basantpur Majra,,,28.791827,76.473407,synthetic_envelope,SRC_VB_SYNTHETIC,,True,0.0,,v0.1,True
LOC_2F155B11388A,village,Dhanaura,धनौरा,Haryana,HR,Jhajjar,VB-HR-JHAJJAR,,,Dhanaura,,,28.538028,76.902775,synthetic_envelope,SRC_VB_SYNTHETIC,,True,0.0,,v0.1,True
LOC_6D8BDDBA8AE6,village,Kheri Nagar,खेड़ी नगर,Haryana,HR,Jhajjar,VB-HR-JHAJJAR,,,Kheri Nagar,,,28.552898,76.850076,synthetic_envelope,SRC_VB_SYNTHETIC,,True,0.0,,v0.1,True
LOC_EE733DEEC7DD,village,Todarpur,तोदड़पुर,Haryana,HR,Jhajjar,VB-HR-JHAJJAR,,,Todarpur,,,28.534886,76.88337,synthetic_envelope,SRC_VB_SYNTHETIC,,True,0.0,,v0.1,True
LOC_243C215F8919,village,Fatehpur Majra,फतेहपुर माजरा,Haryana,HR,Jhajjar,VB-HR-JHAJJAR,,,Fatehpur Majra,,,28.541528,76.899454,synthetic_envelope,SRC_VB_SYNTHETIC,,True,0.0,,v0.1,True
LOC_30F203F44854,village,Devipur Kalan,देवीपुर कलां,Haryana,HR,Jhajjar,VB-HR-JHAJJAR,,,Devipur Kalan,,,28.602728,76.753957,synthetic_envelope,SRC_VB_SYNTHETIC,,True,0.0,,v0.1,True
LOC_560A9F4D728D,village,Umarpur Kalan,उमरपुर कलां,Haryana,HR,Jhajjar,VB-HR-JHAJJAR,,,Umarpur Kalan,,,28.584051,76.78578,synthetic_envelope,SRC_VB_SYNTHETIC,,True,0.0,,v0.1,True
LOC_6B46F37BBC23,village,Bahadurpur Khurd,बहादुरपुर खुर्द,Haryana,HR,Jhajjar,VB-HR-JHAJJAR,,,Bahadurpur Khurd,,,28.52118,76.755213,synthetic_envelope,SRC_VB_SYNTHETIC,,True,0.0,,v0.1,True
LOC_76C3368E1CC3,village,Rampur,रामपुर,Haryana,HR,Jhajjar,VB-HR-JHAJJAR,,,Rampur,,,28.536607,76.711141,synthetic_envelope,SRC_VB_SYNTHETIC,,True,0.0,,v0.1,True
LOC_799ED78F34CD,village,Jhinjhana Majra,झिंझाना माजरा,Haryana,HR,Jhajjar,VB-HR-JHAJJAR,,,Jhinjhana Majra,,,28.726977,76.572666,synthetic_envelope,SRC_VB_SYNTHETIC,,True,0.0,,v0.1,True
LOC_B3D6C4A5ACCC,village,Harjipur Khurd,हरजीपुर खुर्द,Haryana,HR,Jhajjar,VB-HR-JHAJJAR,,,Harjipur Khurd,,,28.5506,76.9034,synthetic_envelope,SRC_VB_SYNTHETIC,,True,0.0,,v0.1,True
LOC_C530FA21A30B,village,Bhagwanpur Khera,भगवानपुर खेड़ा,Haryana,HR,Jhajjar,VB-HR-JHAJJAR,,,Bhagwanpur Khera,,,28.555448,76.912803,synthetic_envelope,SRC_VB_SYNTHETIC,,True,0.0,,v0.1,True
LOC_C2E7642FC4D6,village,Rampur Khera,रामपुर खेड़ा,Haryana,HR,Jhajjar,VB-HR-JHAJJAR,,,Rampur Khera,,,28.582393,76.782001,synthetic_envelope,SRC_VB_SYNTHETIC,,True,0.0,,v0.1,True
LOC_44CF819C0F4A,village,Barwala,बरवाला,Haryana,HR,Jhajjar,VB-HR-JHAJJAR,,,Barwala,,,28.703478,76.514598,synthetic_envelope,SRC_VB_SYNTHETIC,,True,0.0,,v0.1,True
LOC_40BEC5559047,village,Kheri,खेड़ी,Haryana,HR,Jhajjar,VB-HR-JHAJJAR,,,Kheri,,,28.644409,76.517414,synthetic_envelope,SRC_VB_SYNTHETIC,,True,0.0,,v0.1,True
LOC_6147018C52F2,village,Sultanpur Khera,सुल्तानपुर खेड़ा,Haryana,HR,Jhajjar,VB-HR-JHAJJAR,,,Sultanpur Khera,,,28.729789,76.507023,synthetic_envelope,SRC_VB_SYNTHETIC,,True,0.0,,v0.1,True
LOC_1C0FDA223E44,village,Bhojpur Khurd,भोजपुर खुर्द,Haryana,HR,Rewari,VB-HR-REWARI,,,Bhojpur Khurd,,,28.019566,76.597801,synthetic_envelope,SRC_VB_SYNTHETIC,,True,0.0,,v0.1,True
LOC_24227C2A6C3D,village,Fatehpur Majra,फतेहपुर माजरा,Haryana,HR,Rewari,VB-HR-REWARI,,,Fatehpur Majra,,,27.993061,76.745321,synthetic_envelope,SRC_VB_SYNTHETIC,,True,0.0,,v0.1,True
LOC_0F01B5EC38CC,village,Devipur Nagar,देवीपुर नगर,Haryana,HR,Rewari,VB-HR-REWARI,,,Devipur Nagar,,,28.114936,76.5856,synthetic_envelope,SRC_VB_SYNTHETIC,,True,0.0,,v0.1,True
LOC_0816447034C5,village,Salempur Khurd,सलेमपुर खुर्द,Haryana,HR,Rewari,VB-HR-REWARI,,,Salempur Khurd,,,28.046072,76.691969,synthetic_envelope,SRC_VB_SYNTHETIC,,True,0.0,,v0.1,True
LOC_FC3077E14A4F,village,Mubarikpur Khera,मुबारिकपुर खेड़ा,Haryana,HR,Rewari,VB-HR-REWARI,,,Mubarikpur Khera,,,28.127941,76.545608,synthetic_envelope,SRC_VB_SYNTHETIC,,True,0.0,,v0.1,True
LOC_E9853CD8117E,village,Rasulpur Kalan,रसूलपुर कलां,Haryana,HR,Rewari,VB-HR-REWARI,,,Rasulpur Kalan,,,28.034926,76.703009,synthetic_envelope,SRC_VB_SYNTHETIC,,True,0.0,,v0.1,True
LOC_597DC01DC484,village,Sultanpur,सुल्तानपुर,Haryana,HR,Rewari,VB-HR-REWARI,,,Sultanpur,,,28.047337,76.691102,synthetic_envelope,SRC_VB_SYNTHETIC,,True,0.0,,v0.1,True
LOC_4646F6A223EB,village,Bhojpur Nagar,भोजपुर नगर,Haryana,HR,Rewari,VB-HR-REWARI,,,Bhojpur Nagar,,,27.974951,76.547197,synthetic_envelope,SRC_VB_SYNTHETIC,,True,0.0,,v0.1,True
LOC_4E0DBFCAF9D2,village,Jhinjhana Khurd,झिंझाना खुर्द,Haryana,HR,Rewari,VB-HR-REWARI,,,Jhinjhana Khurd,,,28.079535,76.520622,synthetic_envelope,SRC_VB_SYNTHETIC,,True,0.0,,v0.1,True
LOC_2A9B288306CE,village,Bhagwanpur Khera,भगवानपुर खेड़ा,Haryana,HR,Rewari,VB-HR-REWARI,,,Bhagwanpur Khera,,,28.148077,76.607033,synthetic_envelope,SRC_VB_SYNTHETIC,,True,0.0,,v0.1,True
LOC_E4484269462F,village,Todarpur Majra,तोदड़पुर माजरा,Haryana,HR,Rewari,VB-HR-REWARI,,,Todarpur Majra,,,28.104256,76.64057,synthetic_envelope,SRC_VB_SYNTHETIC,,True,0.0,,v0.1,True
LOC_AF85E7DBACD0,village,Jhinjhana Majra,झिंझाना माजरा,Haryana,HR,Rewari,VB-HR-REWARI,,,Jhinjhana Majra,,,27.974951,76.566109,synthetic_envelope,SRC_VB_SYNTHETIC,,True,0.0,,v0.1,True
LOC_25C77F175E1B,village,Bahadurpur Majra,बहादुरपुर माजरा,Haryana,HR,Rewari,VB-HR-REWARI,,,Bahadurpur Majra,,,28.029219,76.715296,synthetic_envelope,SRC_VB_SYNTHETIC,,True,0.0,,v0.1,True
LOC_ECAB1C344A78,village,Shahpur Majra,शाहपुर माजरा,Haryana,HR,Rewari,VB-HR-REWARI,,,Shahpur Majra,,,28.148378,76.530033,synthetic_envelope,SRC_VB_SYNTHETIC,,True,0.0,,v0.1,True
LOC_71292391FB66,village,Devipur,देवीपुर,Haryana,HR,Rewari,VB-HR-REWARI,,,Devipur,,,28.04537,76.609677,synthetic_envelope,SRC_VB_SYNTHETIC,,True,0.0,,v0.1,True
LOC_6208130915EE,village,Alipur Majra,अलीपुर माजरा,Haryana,HR,Rewari,VB-HR-REWARI,,,Alipur Majra,,,28.110116,76.609933,synthetic_envelope,SRC_VB_SYNTHETIC,,True,0.0,,v0.1,True
LOC_0BF5E52F8D58,village,Todarpur Nagar,तोदड़पुर नगर,Haryana,HR,Rewari,VB-HR-REWARI,,,Todarpur Nagar,,,28.038653,76.659087,synthetic_envelope,SRC_VB_SYNTHETIC,,True,0.0,,v0.1,True
LOC_2AC0D2141FD4,village,Manakpur Nagar,मानकपुर नगर,Haryana,HR,Rewari,VB-HR-REWARI,,,Manakpur Nagar,,,28.157968,76.605364,synthetic_envelope,SRC_VB_SYNTHETIC,,True,0.0,,v0.1,True
LOC_F8AB64506F0F,village,Jhinjhana Nagar,झिंझाना नगर,Haryana,HR,Rewari,VB-HR-REWARI,,,Jhinjhana Nagar,,,28.069052,76.582712,synthetic_envelope,SRC_VB_SYNTHETIC,,True,0.0,,v0.1,True
LOC_1BBBE28BFD98,village,Dhanaura,धनौरा,Haryana,HR,Rewari,VB-HR-REWARI,,,Dhanaura,,,28.051263,76.447754,synthetic_envelope,SRC_VB_SYNTHETIC,,True,0.0,,v0.1,True
LOC_94BDC9192950,village,Umarpur Nagar,उमरपुर नगर,Haryana,HR,Rewari,VB-HR-REWARI,,,Umarpur Nagar,,,28.068077,76.611795,synthetic_envelope,SRC_VB_SYNTHETIC,,True,0.0,,v0.1,True
LOC_ACE77ACAB0D1,village,Fatehpur Majra,फतेहपुर माजरा,Haryana,HR,Rewari,VB-HR-REWARI,,,Fatehpur Majra,,,28.073369,76.677752,synthetic_envelope,SRC_VB_SYNTHETIC,,True,0.0,,v0.1,True
LOC_7DFA77872B91,village,Gopalpur Khera,गोपालपुर खेड़ा,Haryana,HR,Rewari,VB-HR-REWARI,,,Gopalpur Khera,,,28.121256,76.622107,synthetic_envelope,SRC_VB_SYNTHETIC,,True,0.0,,v0.1,True
LOC_DEA95FC841C0,village,Umarpur Nagar,उमरपुर नगर,Haryana,HR,Rewari,VB-HR-REWARI,,,Umarpur Nagar,,,28.029299,76.606818,synthetic_envelope,SRC_VB_SYNTHETIC,,True,0.0,,v0.1,True
LOC_8E1829CCACF2,village,Alipur Khurd,अलीपुर खुर्द,Haryana,HR,Rewari,VB-HR-REWARI,,,Alipur Khurd,,,28.106542,76.609392,synthetic_envelope,SRC_VB_SYNTHETIC,,True,0.0,,v0.1,True
LOC_D88C9816DD68,village,Nathupur Khurd,नत्थूपुर खुर्द,Haryana,HR,Rewari,VB-HR-REWARI,,,Nathupur Khurd,,,27.974951,76.531617,synthetic_envelope,SRC_VB_SYNTHETIC,,True,0.0,,v0.1,True
LOC_5F4FC3C4F96B,village,Rasulpur Kalan (1),रसूलपुर कलां,Haryana,HR,Palwal,VB-HR-PALWAL,,,Rasulpur Kalan (1),,,28.165113,77.383574,synthetic_envelope,SRC_VB_SYNTHETIC,,True,0.0,,v0.1,True
LOC_3FA38B328DC7,village,Ladwa Khurd (2),लाडवा खुर्द,Haryana,HR,Palwal,VB-HR-PALWAL,,,Ladwa Khurd (2),,,28.071815,77.242791,synthetic_envelope,SRC_VB_SYNTHETIC,,True,0.0,,v0.1,True
LOC_59BD95C3CC7D,village,Nangla Khera (3),नंगला खेड़ा,Haryana,HR,Palwal,VB-HR-PALWAL,,,Nangla Khera (3),,,28.12303,77.436734,synthetic_envelope,SRC_VB_SYNTHETIC,,True,0.0,,v0.1,True
LOC_F5422B2E3AB4,village,Mubarikpur Kalan (4),मुबारिकपुर कलां,Haryana,HR,Palwal,VB-HR-PALWAL,,,Mubarikpur Kalan (4),,,28.083066,77.449743,synthetic_envelope,SRC_VB_SYNTHETIC,,True,0.0,,v0.1,True
LOC_E03DF1C0F106,village,Jhinjhana Khera (5),झिंझाना खेड़ा,Haryana,HR,Palwal,VB-HR-PALWAL,,,Jhinjhana Khera (5),,,28.174968,77.118449,synthetic_envelope,SRC_VB_SYNTHETIC,,True,0.0,,v0.1,True
LOC_CAC69A81ABC6,village,Devipur Khurd (6),देवीपुर खुर्द,Haryana,HR,Palwal,VB-HR-PALWAL,,,Devipur Khurd (6),,,28.216945,77.110974,synthetic_envelope,SRC_VB_SYNTHETIC,,True,0.0,,v0.1,True
LOC_ABFB551967CE,village,Sultanpur Khera (7),सुल्तानपुर खेड़ा,Haryana,HR,Palwal,VB-HR-PALWAL,,,Sultanpur Khera (7),,,28.219131,77.167471,synthetic_envelope,SRC_VB_SYNTHETIC,,True,0.0,,v0.1,True
LOC_ACF05573191D,village,Mubarikpur Khurd (8),मुबारिकपुर खुर्द,Haryana,HR,Palwal,VB-HR-PALWAL,,,Mubarikpur Khurd (8),,,28.202306,77.143708,synthetic_envelope,SRC_VB_SYNTHETIC,,True,0.0,,v0.1,True
LOC_8D0464438874,village,Chandpur Khera (9),चांदपुर खेड़ा,Haryana,HR,Palwal,VB-HR-PALWAL,,,Chandpur Khera (9),,,28.222125,77.107862,synthetic_envelope,SRC_VB_SYNTHETIC,,True,0.0,,v0.1,True
LOC_30F085D42C28,village,Todarpur Majra (10),तोदड़पुर माजरा,Haryana,HR,Palwal,VB-HR-PALWAL,,,Todarpur Majra (10),,,28.177404,77.107862,synthetic_envelope,SRC_VB_SYNTHETIC,,True,0.0,,v0.1,True
LOC_06B3DC8F0A5B,village,Naurangpur Kalan (11),नौरंगपुर कलां,Haryana,HR,Palwal,VB-HR-PALWAL,,,Naurangpur Kalan (11),,,28.255357,77.16359,synthetic_envelope,SRC_VB_SYNTHETIC,,True,0.0,,v0.1,True
LOC_18DAB0C77789,village,Sikandarpur Khera (12),सिकंदरपुर खेड़ा,Haryana,HR,Palwal,VB-HR-PALWAL,,,Sikandarpur Khera (12),,,28.178041,77.122029,synthetic_envelope,SRC_VB_SYNTHETIC,,True,0.0,,v0.1,True
LOC_81D256EE0051,village,Nathupur Nagar (13),नत्थूपुर नगर,Haryana,HR,Palwal,VB-HR-PALWAL,,,Nathupur Nagar (13),,,28.23915,77.107862,synthetic_envelope,SRC_VB_SYNTHETIC,,True,0.0,,v0.1,True
LOC_20DBD0EE327E,village,Naurangpur Khurd (14),नौरंगपुर खुर्द,Haryana,HR,Palwal,VB-HR-PALWAL,,,Naurangpur Khurd (14),,,28.231438,77.142479,synthetic_envelope,SRC_VB_SYNTHETIC,,True,0.0,,v0.1,True
LOC_598C5C7B65F9,village,Ladwa Khurd (15),लाडवा खुर्द,Haryana,HR,Palwal,VB-HR-PALWAL,,,Ladwa Khurd (15),,,28.21019,77.107862,synthetic_envelope,SRC_VB_SYNTHETIC,,True,0.0,,v0.1,True
LOC_A1A5DBAD3770,village,Chandpur Majra (16),चांदपुर माजरा,Haryana,HR,Palwal,VB-HR-PALWAL,,,Chandpur Majra (16),,,28.19454,77.119239,synthetic_envelope,SRC_VB_SYNTHETIC,,True,0.0,,v0.1,True
LOC_588C0075C4C1,village,Todarpur Khurd (17),तोदड़पुर खुर्द,Haryana,HR,Palwal,VB-HR-PALWAL,,,Todarpur Khurd (17),,,27.985049,77.259234,synthetic_envelope,SRC_VB_SYNTHETIC,,True,0.0,,v0.1,True
LOC_2F8DECEAA14C,village,Bahadurpur Khurd (18),बहादुरपुर खुर्द,Haryana,HR,Palwal,VB-HR-PALWAL,,,Bahadurpur Khurd (18),,,28.0919,77.429545,synthetic_envelope,SRC_VB_SYNTHETIC,,True,0.0,,v0.1,True
LOC_5352866B41D8,village,Dhanaura (19),धनौरा,Haryana,HR,Palwal,VB-HR-PALWAL,,,Dhanaura (19),,,28.098335,77.412786,synthetic_envelope,SRC_VB_SYNTHETIC,,True,0.0,,v0.1,True
LOC_0AB874E17FA3,village,Harjipur Majra (20),हरजीपुर माजरा,Haryana,HR,Palwal,VB-HR-PALWAL,,,Harjipur Majra (20),,,28.135734,77.387915,synthetic_envelope,SRC_VB_SYNTHETIC,,True,0.0,,v0.1,True
LOC_9663FC617E42,village,Barwala Majra (21),बरवाला माजरा,Haryana,HR,Palwal,VB-HR-PALWAL,,,Barwala Majra (21),,,28.21255,77.107862,synthetic_envelope,SRC_VB_SYNTHETIC,,True,0.0,,v0.1,True
LOC_805F0352E920,village,Umarpur Nagar (22),उमरपुर नगर,Haryana,HR,Palwal,VB-HR-PALWAL,,,Umarpur Nagar (22),,,28.160051,77.107862,synthetic_envelope,SRC_VB_SYNTHETIC,,True,0.0,,v0.1,True
LOC_9F0D53E57AC3,village,Nangla Khera (23),नंगला खेड़ा,Haryana,HR,Palwal,VB-HR-PALWAL,,,Nangla Khera (23),,,28.142859,77.395589,synthetic_envelope,SRC_VB_SYNTHETIC,,True,0.0,,v0.1,True
LOC_A27528AD4AAD,village,Salempur Kalan (24),सलेमपुर कलां,Haryana,HR,Palwal,VB-HR-PALWAL,,,Salempur Kalan (24),,,28.279884,77.107862,synthetic_envelope,SRC_VB_SYNTHETIC,,True,0.0,,v0.1,True
LOC_6DA8E355AA8C,village,Chandpur Nagar (25),चांदपुर नगर,Haryana,HR,Palwal,VB-HR-PALWAL,,,Chandpur Nagar (25),,,28.087745,77.239734,synthetic_envelope,SRC_VB_SYNTHETIC,,True,0.0,,v0.1,True
LOC_9EA68EF5F884,village,Alipur Majra (26),अलीपुर माजरा,Haryana,HR,Palwal,VB-HR-PALWAL,,,Alipur Majra (26),,,28.067805,77.441974,synthetic_envelope,SRC_VB_SYNTHETIC,,True,0.0,,v0.1,True
LOC_2A481B5538E2,village,Jamalpur Khera (27),जमालपुर खेड़ा,Haryana,HR,Palwal,VB-HR-PALWAL,,,Jamalpur Khera (27),,,28.075114,77.431724,synthetic_envelope,SRC_VB_SYNTHETIC,,True,0.0,,v0.1,True
LOC_2993305DFF53,village,Sultanpur (28),सुल्तानपुर,Haryana,HR,Palwal,VB-HR-PALWAL,,,Sultanpur (28),,,28.241636,77.150828,synthetic_envelope,SRC_VB_SYNTHETIC,,True,0.0,,v0.1,True
LOC_CBAB195D92DE,village,Fatehpur Kalan (29),फतेहपुर कलां,Haryana,HR,Palwal,VB-HR-PALWAL,,,Fatehpur Kalan (29),,,27.987985,77.301243,synthetic_envelope,SRC_VB_SYNTHETIC,,True,0.0,,v0.1,True
LOC_702D58F11E3B,village,Bhojpur Majra (30),भोजपुर माजरा,Haryana,HR,Palwal,VB-HR-PALWAL,,,Bhojpur Majra (30),,,28.039285,77.179027,synthetic_envelope,SRC_VB_SYNTHETIC,,True,0.0,,v0.1,True
LOC_A329E99DC6DA,village,Rampur Nagar (31),रामपुर नगर,Haryana,HR,Palwal,VB-HR-PALWAL,,,Rampur Nagar (31),,,28.193655,77.156134,synthetic_envelope,SRC_VB_SYNTHETIC,,True,0.0,,v0.1,True
LOC_30AD4557285C,village,Fatehpur Nagar,फतेहपुर नगर,Haryana,HR,Nuh,VB-HR-NUH,,,Fatehpur Nagar,,,28.028543,76.960569,synthetic_envelope,SRC_VB_SYNTHETIC,,True,0.0,,v0.1,True
LOC_9C4CC0BC8F23,village,Bhojpur Kalan,भोजपुर कलां,Haryana,HR,Nuh,VB-HR-NUH,,,Bhojpur Kalan,,,27.885951,77.047445,synthetic_envelope,SRC_VB_SYNTHETIC,,True,0.0,,v0.1,True
LOC_77C37BFCD9E9,village,Dhanaura Khurd,धनौरा खुर्द,Haryana,HR,Nuh,VB-HR-NUH,,,Dhanaura Khurd,,,28.070884,76.8403,synthetic_envelope,SRC_VB_SYNTHETIC,,True,0.0,,v0.1,True
LOC_B3C7A91AB7BA,village,Alipur Khera,अलीपुर खेड़ा,Haryana,HR,Nuh,VB-HR-NUH,,,Alipur Khera,,,28.095591,76.906131,synthetic_envelope,SRC_VB_SYNTHETIC,,True,0.0,,v0.1,True
LOC_F27FAEF9FB53,village,Sultanpur Khurd,सुल्तानपुर खुर्द,Haryana,HR,Nuh,VB-HR-NUH,,,Sultanpur Khurd,,,27.957248,77.066297,synthetic_envelope,SRC_VB_SYNTHETIC,,True,0.0,,v0.1,True
LOC_095093F0F49A,village,Fatehpur Khurd,फतेहपुर खुर्द,Haryana,HR,Nuh,VB-HR-NUH,,,Fatehpur Khurd,,,27.925452,77.022025,synthetic_envelope,SRC_VB_SYNTHETIC,,True,0.0,,v0.1,True
LOC_3C30CF9FFE4F,village,Nathupur Kalan,नत्थूपुर कलां,Haryana,HR,Nuh,VB-HR-NUH,,,Nathupur Kalan,,,28.003668,77.061661,synthetic_envelope,SRC_VB_SYNTHETIC,,True,0.0,,v0.1,True
LOC_AD2FE08C0825,village,Rampur Khurd,रामपुर खुर्द,Haryana,HR,Nuh,VB-HR-NUH,,,Rampur Khurd,,,28.125077,76.929676,synthetic_envelope,SRC_VB_SYNTHETIC,,True,0.0,,v0.1,True
LOC_4AFD7BB1CD5E,village,Nathupur Khera,नत्थूपुर खेड़ा,Haryana,HR,Nuh,VB-HR-NUH,,,Nathupur Khera,,,27.979096,77.02174,synthetic_envelope,SRC_VB_SYNTHETIC,,True,0.0,,v0.1,True
LOC_4AE3D3F13B74,village,Todarpur Kalan,तोदड़पुर कलां,Haryana,HR,Nuh,VB-HR-NUH,,,Todarpur Kalan,,,28.034038,76.922122,synthetic_envelope,SRC_VB_SYNTHETIC,,True,0.0,,v0.1,True
LOC_3A5FAAEFEB9B,village,Ladwa Nagar,लाडवा नगर,Haryana,HR,Nuh,VB-HR-NUH,,,Ladwa Nagar,,,27.909738,77.008353,synthetic_envelope,SRC_VB_SYNTHETIC,,True,0.0,,v0.1,True
LOC_A814F6CC6EDF,village,Fatehpur Khurd,फतेहपुर खुर्द,Haryana,HR,Nuh,VB-HR-NUH,,,Fatehpur Khurd,,,28.188111,76.804092,synthetic_envelope,SRC_VB_SYNTHETIC,,True,0.0,,v0.1,True
LOC_ECF0ED0FF359,village,Rampur Kalan,रामपुर कलां,Haryana,HR,Nuh,VB-HR-NUH,,,Rampur Kalan,,,27.951434,76.97214,synthetic_envelope,SRC_VB_SYNTHETIC,,True,0.0,,v0.1,True
LOC_5286FBDC9E58,village,Kishanpur Khera,किशनपुर खेड़ा,Haryana,HR,Nuh,VB-HR-NUH,,,Kishanpur Khera,,,28.023443,76.949538,synthetic_envelope,SRC_VB_SYNTHETIC,,True,0.0,,v0.1,True
LOC_ACA9A0058DF2,village,Umarpur Majra,उमरपुर माजरा,Haryana,HR,Nuh,VB-HR-NUH,,,Umarpur Majra,,,27.964142,76.994516,synthetic_envelope,SRC_VB_SYNTHETIC,,True,0.0,,v0.1,True
LOC_53DEC9B2F082,village,Manakpur Nagar,मानकपुर नगर,Haryana,HR,Nuh,VB-HR-NUH,,,Manakpur Nagar,,,27.981124,77.014254,synthetic_envelope,SRC_VB_SYNTHETIC,,True,0.0,,v0.1,True
LOC_87B589ACAA23,village,Chandpur Nagar,चांदपुर नगर,Haryana,HR,Nuh,VB-HR-NUH,,,Chandpur Nagar,,,28.135399,76.963744,synthetic_envelope,SRC_VB_SYNTHETIC,,True,0.0,,v0.1,True
LOC_E153757816AF,village,Kheri Nagar,खेड़ी नगर,Haryana,HR,Nuh,VB-HR-NUH,,,Kheri Nagar,,,28.102114,76.898769,synthetic_envelope,SRC_VB_SYNTHETIC,,True,0.0,,v0.1,True
LOC_C7341557F77A,village,Umarpur Khurd,उमरपुर खुर्द,Haryana,HR,Nuh,VB-HR-NUH,,,Umarpur Khurd,,,28.309804,76.75659,synthetic_envelope,SRC_VB_SYNTHETIC,,True,0.0,,v0.1,True
LOC_53A43137CDA4,village,Todarpur,तोदड़पुर,Haryana,HR,Nuh,VB-HR-NUH,,,Todarpur,,,28.011559,76.964234,synthetic_envelope,SRC_VB_SYNTHETIC,,True,0.0,,v0.1,True
LOC_D4C3F82195FE,village,Todarpur Majra,तोदड़पुर माजरा,Haryana,HR,Nuh,VB-HR-NUH,,,Todarpur Majra,,,28.1523,76.858619,synthetic_envelope,SRC_VB_SYNTHETIC,,True,0.0,,v0.1,True
LOC_7257D10CF61B,village,Chandpur Nagar,चांदपुर नगर,Haryana,HR,Nuh,VB-HR-NUH,,,Chandpur Nagar,,,28.229811,76.810967,synthetic_envelope,SRC_VB_SYNTHETIC,,True,0.0,,v0.1,True
LOC_D04D4DBFC784,village,Sultanpur Khurd,सुल्तानपुर खुर्द,Haryana,HR,Nuh,VB-HR-NUH,,,Sultanpur Khurd,,,27.95142,77.001711,synthetic_envelope,SRC_VB_SYNTHETIC,,True,0.0,,v0.1,True
LOC_B61256DEAB54,village,Gopalpur,गोपालपुर,Haryana,HR,Nuh,VB-HR-NUH,,,Gopalpur,,,27.970264,77.038122,synthetic_envelope,SRC_VB_SYNTHETIC,,True,0.0,,v0.1,True
LOC_F7E85CB78A49,village,Fatehpur Nagar,फतेहपुर नगर,Haryana,HR,Nuh,VB-HR-NUH,,,Fatehpur Nagar,,,27.99124,76.98083,synthetic_envelope,SRC_VB_SYNTHETIC,,True,0.0,,v0.1,True
LOC_236C5BC8579E,village,Basantpur,बसंतपुर,Haryana,HR,Nuh,VB-HR-NUH,,,Basantpur,,,27.982437,77.002735,synthetic_envelope,SRC_VB_SYNTHETIC,,True,0.0,,v0.1,True
LOC_349AF52AF4AE,village,Harjipur Nagar,हरजीपुर नगर,Haryana,HR,Nuh,VB-HR-NUH,,,Harjipur Nagar,,,27.9967,76.989215,synthetic_envelope,SRC_VB_SYNTHETIC,,True,0.0,,v0.1,True
LOC_081473185C59,village,Harjipur Khera,हरजीपुर खेड़ा,Haryana,HR,Nuh,VB-HR-NUH,,,Harjipur Khera,,,27.977016,77.048361,synthetic_envelope,SRC_VB_SYNTHETIC,,True,0.0,,v0.1,True
LOC_8A4E45F9B766,village,Dhanaura Majra,धनौरा माजरा,Haryana,HR,Nuh,VB-HR-NUH,,,Dhanaura Majra,,,28.01619,77.045491,synthetic_envelope,SRC_VB_SYNTHETIC,,True,0.0,,v0.1,True
LOC_FCE04C65740F,village,Salempur Khera,सलेमपुर खेड़ा,Haryana,HR,Nuh,VB-HR-NUH,,,Salempur Khera,,,28.138713,76.852349,synthetic_envelope,SRC_VB_SYNTHETIC,,True,0.0,,v0.1,True
LOC_759A1B4F43D7,village,Alipur Kalan,अलीपुर कलां,Haryana,HR,Bhiwani,VB-HR-BHIWANI,,,Alipur Kalan,,,28.904204,75.915514,synthetic_envelope,SRC_VB_SYNTHETIC,,True,0.0,,v0.1,True
LOC_226581929969,village,Jamalpur Khera,जमालपुर खेड़ा,Haryana,HR,Bhiwani,VB-HR-BHIWANI,,,Jamalpur Khera,,,28.881557,76.247048,synthetic_envelope,SRC_VB_SYNTHETIC,,True,0.0,,v0.1,True
LOC_753CC8A49EB9,village,Nangla Khera,नंगला खेड़ा,Haryana,HR,Bhiwani,VB-HR-BHIWANI,,,Nangla Khera,,,28.857979,75.857435,synthetic_envelope,SRC_VB_SYNTHETIC,,True,0.0,,v0.1,True
LOC_A8097A9CC6A4,village,Bahadurpur Majra,बहादुरपुर माजरा,Haryana,HR,Bhiwani,VB-HR-BHIWANI,,,Bahadurpur Majra,,,28.837981,76.36577,synthetic_envelope,SRC_VB_SYNTHETIC,,True,0.0,,v0.1,True
LOC_0071950F1A84,village,Dhanaura Khera,धनौरा खेड़ा,Haryana,HR,Bhiwani,VB-HR-BHIWANI,,,Dhanaura Khera,,,28.861142,75.85064,synthetic_envelope,SRC_VB_SYNTHETIC,,True,0.0,,v0.1,True
LOC_DF98B059D29F,village,Nathupur Khera,नत्थूपुर खेड़ा,Haryana,HR,Bhiwani,VB-HR-BHIWANI,,,Nathupur Khera,,,28.938308,75.909711,synthetic_envelope,SRC_VB_SYNTHETIC,,True,0.0,,v0.1,True
LOC_6653E17168C4,village,Ladwa Kalan,लाडवा कलां,Haryana,HR,Bhiwani,VB-HR-BHIWANI,,,Ladwa Kalan,,,28.611639,76.129153,synthetic_envelope,SRC_VB_SYNTHETIC,,True,0.0,,v0.1,True
LOC_117DDCB73134,village,Salempur Khera,सलेमपुर खेड़ा,Haryana,HR,Bhiwani,VB-HR-BHIWANI,,,Salempur Khera,,,28.686087,76.239684,synthetic_envelope,SRC_VB_SYNTHETIC,,True,0.0,,v0.1,True
LOC_0707AC831318,village,Jhinjhana Kalan,झिंझाना कलां,Haryana,HR,Bhiwani,VB-HR-BHIWANI,,,Jhinjhana Kalan,,,28.940064,75.865083,synthetic_envelope,SRC_VB_SYNTHETIC,,True,0.0,,v0.1,True
LOC_3A352646215A,village,Gopalpur Kalan,गोपालपुर कलां,Haryana,HR,Bhiwani,VB-HR-BHIWANI,,,Gopalpur Kalan,,,28.822525,75.962072,synthetic_envelope,SRC_VB_SYNTHETIC,,True,0.0,,v0.1,True
LOC_A633044B1837,village,Sultanpur Kalan,सुल्तानपुर कलां,Haryana,HR,Bhiwani,VB-HR-BHIWANI,,,Sultanpur Kalan,,,28.890257,75.811279,synthetic_envelope,SRC_VB_SYNTHETIC,,True,0.0,,v0.1,True
LOC_54DEAADED324,village,Harjipur Nagar,हरजीपुर नगर,Haryana,HR,Bhiwani,VB-HR-BHIWANI,,,Harjipur Nagar,,,28.938419,75.844283,synthetic_envelope,SRC_VB_SYNTHETIC,,True,0.0,,v0.1,True
LOC_6A87D33477BB,village,Kishanpur Nagar,किशनपुर नगर,Haryana,HR,Bhiwani,VB-HR-BHIWANI,,,Kishanpur Nagar,,,28.927397,75.852731,synthetic_envelope,SRC_VB_SYNTHETIC,,True,0.0,,v0.1,True
LOC_8439E1642BD8,village,Chandpur Khurd,चांदपुर खुर्द,Haryana,HR,Bhiwani,VB-HR-BHIWANI,,,Chandpur Khurd,,,28.811798,75.897453,synthetic_envelope,SRC_VB_SYNTHETIC,,True,0.0,,v0.1,True
LOC_A4077B4E8A0F,village,Todarpur Nagar,तोदड़पुर नगर,Haryana,HR,Bhiwani,VB-HR-BHIWANI,,,Todarpur Nagar,,,28.655638,76.16361,synthetic_envelope,SRC_VB_SYNTHETIC,,True,0.0,,v0.1,True
LOC_2FC140925DFE,village,Bhojpur Majra,भोजपुर माजरा,Haryana,HR,Bhiwani,VB-HR-BHIWANI,,,Bhojpur Majra,,,28.710076,76.268541,synthetic_envelope,SRC_VB_SYNTHETIC,,True,0.0,,v0.1,True
LOC_0EDD18ADDDEA,village,Shahpur Khurd,शाहपुर खुर्द,Haryana,HR,Bhiwani,VB-HR-BHIWANI,,,Shahpur Khurd,,,28.853704,76.31913,synthetic_envelope,SRC_VB_SYNTHETIC,,True,0.0,,v0.1,True
LOC_A136E606D1EF,village,Dhanaura,धनौरा,Haryana,HR,Bhiwani,VB-HR-BHIWANI,,,Dhanaura,,,28.728173,76.267276,synthetic_envelope,SRC_VB_SYNTHETIC,,True,0.0,,v0.1,True
LOC_210280A4476C,village,Sultanpur Khurd,सुल्तानपुर खुर्द,Haryana,HR,Bhiwani,VB-HR-BHIWANI,,,Sultanpur Khurd,,,28.609297,76.172598,synthetic_envelope,SRC_VB_SYNTHETIC,,True,0.0,,v0.1,True
LOC_2D1804EC2CB3,village,Kheri,खेड़ी,Haryana,HR,Bhiwani,VB-HR-BHIWANI,,,Kheri,,,28.760991,76.185112,synthetic_envelope,SRC_VB_SYNTHETIC,,True,0.0,,v0.1,True
LOC_E0805C3CE7AC,village,Nangla,नंगला,Haryana,HR,Bhiwani,VB-HR-BHIWANI,,,Nangla,,,28.786954,76.216096,synthetic_envelope,SRC_VB_SYNTHETIC,,True,0.0,,v0.1,True
LOC_1F98B79F8CF8,village,Jamalpur Khurd,जमालपुर खुर्द,Haryana,HR,Bhiwani,VB-HR-BHIWANI,,,Jamalpur Khurd,,,28.950955,75.923756,synthetic_envelope,SRC_VB_SYNTHETIC,,True,0.0,,v0.1,True
LOC_68786BBD1B99,village,Naurangpur Nagar,नौरंगपुर नगर,Haryana,HR,Bhiwani,VB-HR-BHIWANI,,,Naurangpur Nagar,,,28.956349,76.001562,synthetic_envelope,SRC_VB_SYNTHETIC,,True,0.0,,v0.1,True
LOC_997018A815EF,village,Sultanpur Nagar,सुल्तानपुर नगर,Haryana,HR,Bhiwani,VB-HR-BHIWANI,,,Sultanpur Nagar,,,28.647875,76.29691,synthetic_envelope,SRC_VB_SYNTHETIC,,True,0.0,,v0.1,True
LOC_2489A71813D0,village,Sikandarpur Khera,सिकंदरपुर खेड़ा,Haryana,HR,Bhiwani,VB-HR-BHIWANI,,,Sikandarpur Khera,,,28.82334,76.250772,synthetic_envelope,SRC_VB_SYNTHETIC,,True,0.0,,v0.1,True
LOC_35B6E5D71DE4,village,Harjipur Khera,हरजीपुर खेड़ा,Haryana,HR,Bhiwani,VB-HR-BHIWANI,,,Harjipur Khera,,,28.632997,76.14778,synthetic_envelope,SRC_VB_SYNTHETIC,,True,0.0,,v0.1,True
LOC_9CE1B8A47066,village,Barwala Khurd,बरवाला खुर्द,Haryana,HR,Bhiwani,VB-HR-BHIWANI,,,Barwala Khurd,,,28.843038,76.260715,synthetic_envelope,SRC_VB_SYNTHETIC,,True,0.0,,v0.1,True
LOC_EC24FEBEB2FC,village,Alipur,अलीपुर,Haryana,HR,Bhiwani,VB-HR-BHIWANI,,,Alipur,,,28.697444,76.203619,synthetic_envelope,SRC_VB_SYNTHETIC,,True,0.0,,v0.1,True
LOC_F3D1416DB0E0,village,Nathupur,नत्थूपुर,Haryana,HR,Charkhi Dadri,VB-HR-CHARKHI-DADR,,,Nathupur,,,28.726653,76.226014,synthetic_envelope,SRC_VB_SYNTHETIC,,True,0.0,,v0.1,True
LOC_662B5049A872,village,Basantpur Khera,बसंतपुर खेड़ा,Haryana,HR,Charkhi Dadri,VB-HR-CHARKHI-DADR,,,Basantpur Khera,,,28.739797,76.142768,synthetic_envelope,SRC_VB_SYNTHETIC,,True,0.0,,v0.1,True
LOC_34EE7528F707,village,Rasulpur Khurd,रसूलपुर खुर्द,Haryana,HR,Charkhi Dadri,VB-HR-CHARKHI-DADR,,,Rasulpur Khurd,,,28.772874,76.21999,synthetic_envelope,SRC_VB_SYNTHETIC,,True,0.0,,v0.1,True
LOC_C80E0A42FAFC,village,Shahpur Kalan,शाहपुर कलां,Haryana,HR,Charkhi Dadri,VB-HR-CHARKHI-DADR,,,Shahpur Kalan,,,28.469799,76.418691,synthetic_envelope,SRC_VB_SYNTHETIC,,True,0.0,,v0.1,True
LOC_856E48A42B00,village,Basantpur Nagar,बसंतपुर नगर,Haryana,HR,Charkhi Dadri,VB-HR-CHARKHI-DADR,,,Basantpur Nagar,,,28.528407,76.468087,synthetic_envelope,SRC_VB_SYNTHETIC,,True,0.0,,v0.1,True
LOC_19FA3E49BC39,village,Bhojpur Majra,भोजपुर माजरा,Haryana,HR,Charkhi Dadri,VB-HR-CHARKHI-DADR,,,Bhojpur Majra,,,28.474534,76.441644,synthetic_envelope,SRC_VB_SYNTHETIC,,True,0.0,,v0.1,True
LOC_6C4B3F7543DF,village,Sikandarpur Nagar,सिकंदरपुर नगर,Haryana,HR,Charkhi Dadri,VB-HR-CHARKHI-DADR,,,Sikandarpur Nagar,,,28.499626,76.450678,synthetic_envelope,SRC_VB_SYNTHETIC,,True,0.0,,v0.1,True
LOC_BD612B729E26,village,Gopalpur Kalan,गोपालपुर कलां,Haryana,HR,Charkhi Dadri,VB-HR-CHARKHI-DADR,,,Gopalpur Kalan,,,28.759926,76.127664,synthetic_envelope,SRC_VB_SYNTHETIC,,True,0.0,,v0.1,True
LOC_E2350A652DCC,village,Fatehpur Majra,फतेहपुर माजरा,Haryana,HR,Charkhi Dadri,VB-HR-CHARKHI-DADR,,,Fatehpur Majra,,,28.484468,76.428198,synthetic_envelope,SRC_VB_SYNTHETIC,,True,0.0,,v0.1,True
LOC_152BE99B8C33,village,Devipur,देवीपुर,Haryana,HR,Charkhi Dadri,VB-HR-CHARKHI-DADR,,,Devipur,,,28.517981,76.360335,synthetic_envelope,SRC_VB_SYNTHETIC,,True,0.0,,v0.1,True
LOC_370790A383A4,village,Nangla Khera,नंगला खेड़ा,Haryana,HR,Charkhi Dadri,VB-HR-CHARKHI-DADR,,,Nangla Khera,,,28.467484,76.420516,synthetic_envelope,SRC_VB_SYNTHETIC,,True,0.0,,v0.1,True
LOC_7A8049AC1A5C,village,Naurangpur Khera,नौरंगपुर खेड़ा,Haryana,HR,Charkhi Dadri,VB-HR-CHARKHI-DADR,,,Naurangpur Khera,,,28.549006,76.360303,synthetic_envelope,SRC_VB_SYNTHETIC,,True,0.0,,v0.1,True
LOC_577B7914FDEC,village,Rampur Nagar,रामपुर नगर,Haryana,HR,Charkhi Dadri,VB-HR-CHARKHI-DADR,,,Rampur Nagar,,,28.737403,76.21703,synthetic_envelope,SRC_VB_SYNTHETIC,,True,0.0,,v0.1,True
LOC_4A0FE3F319C7,village,Basantpur Khera,बसंतपुर खेड़ा,Haryana,HR,Charkhi Dadri,VB-HR-CHARKHI-DADR,,,Basantpur Khera,,,28.559616,76.403476,synthetic_envelope,SRC_VB_SYNTHETIC,,True,0.0,,v0.1,True
LOC_1398E5B968A5,village,Bahadurpur Majra,बहादुरपुर माजरा,Haryana,HR,Charkhi Dadri,VB-HR-CHARKHI-DADR,,,Bahadurpur Majra,,,28.485893,76.475615,synthetic_envelope,SRC_VB_SYNTHETIC,,True,0.0,,v0.1,True
LOC_CA0B3749EC2E,village,Sultanpur Kalan,सुल्तानपुर कलां,Haryana,HR,Charkhi Dadri,VB-HR-CHARKHI-DADR,,,Sultanpur Kalan,,,28.754044,76.173034,synthetic_envelope,SRC_VB_SYNTHETIC,,True,0.0,,v0.1,True
LOC_54C1A6001F67,village,Fatehpur Khera,फतेहपुर खेड़ा,Haryana,HR,Charkhi Dadri,VB-HR-CHARKHI-DADR,,,Fatehpur Khera,,,28.511429,76.431628,synthetic_envelope,SRC_VB_SYNTHETIC,,True,0.0,,v0.1,True
LOC_59FA6B068067,village,Bhojpur Khurd,भोजपुर खुर्द,Haryana,HR,Charkhi Dadri,VB-HR-CHARKHI-DADR,,,Bhojpur Khurd,,,28.691336,76.173109,synthetic_envelope,SRC_VB_SYNTHETIC,,True,0.0,,v0.1,True
LOC_73DC680A4070,village,Nangla Khurd,नंगला खुर्द,Haryana,HR,Charkhi Dadri,VB-HR-CHARKHI-DADR,,,Nangla Khurd,,,28.550838,76.424115,synthetic_envelope,SRC_VB_SYNTHETIC,,True,0.0,,v0.1,True
LOC_F23A216D5137,village,Sikandarpur,सिकंदरपुर,Haryana,HR,Charkhi Dadri,VB-HR-CHARKHI-DADR,,,Sikandarpur,,,28.572891,76.384169,synthetic_envelope,SRC_VB_SYNTHETIC,,True,0.0,,v0.1,True
LOC_1096F2BBC2F2,village,Ladwa Majra,लाडवा माजरा,Haryana,HR,Charkhi Dadri,VB-HR-CHARKHI-DADR,,,Ladwa Majra,,,28.587267,76.385041,synthetic_envelope,SRC_VB_SYNTHETIC,,True,0.0,,v0.1,True
LOC_2619ECE24DD1,village,Chandpur Majra,चांदपुर माजरा,Haryana,HR,Charkhi Dadri,VB-HR-CHARKHI-DADR,,,Chandpur Majra,,,28.7584,76.161551,synthetic_envelope,SRC_VB_SYNTHETIC,,True,0.0,,v0.1,True
LOC_B57091D4266E,village,Chandpur Nagar,चांदपुर नगर,Haryana,HR,Charkhi Dadri,VB-HR-CHARKHI-DADR,,,Chandpur Nagar,,,28.511474,76.454205,synthetic_envelope,SRC_VB_SYNTHETIC,,True,0.0,,v0.1,True
LOC_170ECC90ADEB,village,Harjipur Majra,हरजीपुर माजरा,Haryana,HR,Charkhi Dadri,VB-HR-CHARKHI-DADR,,,Harjipur Majra,,,28.505736,76.475615,synthetic_envelope,SRC_VB_SYNTHETIC,,True,0.0,,v0.1,True
LOC_3A640449654A,village,Ladwa Majra,लाडवा माजरा,Haryana,HR,Charkhi Dadri,VB-HR-CHARKHI-DADR,,,Ladwa Majra,,,28.552346,76.300128,synthetic_envelope,SRC_VB_SYNTHETIC,,True,0.0,,v0.1,True
LOC_FC65079C5DCD,village,Rasulpur,रसूलपुर,Haryana,HR,Charkhi Dadri,VB-HR-CHARKHI-DADR,,,Rasulpur,,,28.717091,76.203433,synthetic_envelope,SRC_VB_SYNTHETIC,,True,0.0,,v0.1,True
LOC_4296583F9024,village,Sikandarpur Khera,सिकंदरपुर खेड़ा,Haryana,HR,Charkhi Dadri,VB-HR-CHARKHI-DADR,,,Sikandarpur Khera,,,28.732397,76.156217,synthetic_envelope,SRC_VB_SYNTHETIC,,True,0.0,,v0.1,True
LOC_E59A6C7ADE6A,village,Dhanaura Nagar,धनौरा नगर,Haryana,HR,Charkhi Dadri,VB-HR-CHARKHI-DADR,,,Dhanaura Nagar,,,28.488658,76.461847,synthetic_envelope,SRC_VB_SYNTHETIC,,True,0.0,,v0.1,True
LOC_E291235DE4A4,village,Alipur Khurd,अलीपुर खुर्द,Haryana,HR,Charkhi Dadri,VB-HR-CHARKHI-DADR,,,Alipur Khurd,,,28.576905,76.40803,synthetic_envelope,SRC_VB_SYNTHETIC,,True,0.0,,v0.1,True
LOC_DCE21A36E804,village,Nangla Nagar,नंगला नगर,Haryana,HR,Mahendragarh,VB-HR-MAHENDRAGARH,,,Nangla Nagar,,,28.394408,75.981837,synthetic_envelope,SRC_VB_SYNTHETIC,,True,0.0,,v0.1,True
LOC_0317B3FEDD9E,village,Nathupur Nagar,नत्थूपुर नगर,Haryana,HR,Mahendragarh,VB-HR-MAHENDRAGARH,,,Nathupur Nagar,,,28.491849,76.011023,synthetic_envelope,SRC_VB_SYNTHETIC,,True,0.0,,v0.1,True
LOC_A489A92ACCF3,village,Jamalpur Khera,जमालपुर खेड़ा,Haryana,HR,Mahendragarh,VB-HR-MAHENDRAGARH,,,Jamalpur Khera,,,28.24222,76.025804,synthetic_envelope,SRC_VB_SYNTHETIC,,True,0.0,,v0.1,True
LOC_8CED6FDB46B0,village,Fatehpur Kalan,फतेहपुर कलां,Haryana,HR,Mahendragarh,VB-HR-MAHENDRAGARH,,,Fatehpur Kalan,,,28.298553,76.172823,synthetic_envelope,SRC_VB_SYNTHETIC,,True,0.0,,v0.1,True
LOC_41A5592A1637,village,Umarpur Kalan,उमरपुर कलां,Haryana,HR,Mahendragarh,VB-HR-MAHENDRAGARH,,,Umarpur Kalan,,,28.367425,76.214326,synthetic_envelope,SRC_VB_SYNTHETIC,,True,0.0,,v0.1,True
LOC_89CBBDCA38CE,village,Manakpur,मानकपुर,Haryana,HR,Mahendragarh,VB-HR-MAHENDRAGARH,,,Manakpur,,,28.294542,76.031832,synthetic_envelope,SRC_VB_SYNTHETIC,,True,0.0,,v0.1,True
LOC_14BF7C07AF1F,village,Barwala,बरवाला,Haryana,HR,Mahendragarh,VB-HR-MAHENDRAGARH,,,Barwala,,,28.343811,76.172201,synthetic_envelope,SRC_VB_SYNTHETIC,,True,0.0,,v0.1,True
LOC_C8252E803571,village,Umarpur,उमरपुर,Haryana,HR,Mahendragarh,VB-HR-MAHENDRAGARH,,,Umarpur,,,28.29807,76.204928,synthetic_envelope,SRC_VB_SYNTHETIC,,True,0.0,,v0.1,True
LOC_194C714F40DB,village,Barwala Khurd,बरवाला खुर्द,Haryana,HR,Mahendragarh,VB-HR-MAHENDRAGARH,,,Barwala Khurd,,,28.290584,76.067185,synthetic_envelope,SRC_VB_SYNTHETIC,,True,0.0,,v0.1,True
LOC_EF4BA14E242C,village,Manakpur Kalan,मानकपुर कलां,Haryana,HR,Mahendragarh,VB-HR-MAHENDRAGARH,,,Manakpur Kalan,,,28.269513,75.960643,synthetic_envelope,SRC_VB_SYNTHETIC,,True,0.0,,v0.1,True
LOC_18CBF5A16DF7,village,Mubarikpur,मुबारिकपुर,Haryana,HR,Mahendragarh,VB-HR-MAHENDRAGARH,,,Mubarikpur,,,28.383119,76.183959,synthetic_envelope,SRC_VB_SYNTHETIC,,True,0.0,,v0.1,True
LOC_B310F9246090,village,Nangla,नंगला,Haryana,HR,Mahendragarh,VB-HR-MAHENDRAGARH,,,Nangla,,,28.281868,75.908456,synthetic_envelope,SRC_VB_SYNTHETIC,,True,0.0,,v0.1,True
LOC_DBBECF18C3F9,village,Gopalpur,गोपालपुर,Haryana,HR,Mahendragarh,VB-HR-MAHENDRAGARH,,,Gopalpur,,,28.253557,75.978615,synthetic_envelope,SRC_VB_SYNTHETIC,,True,0.0,,v0.1,True
LOC_F50EDDEAA261,village,Rampur Khera,रामपुर खेड़ा,Haryana,HR,Mahendragarh,VB-HR-MAHENDRAGARH,,,Rampur Khera,,,28.375025,75.989321,synthetic_envelope,SRC_VB_SYNTHETIC,,True,0.0,,v0.1,True
LOC_1BEEB6AE43FA,village,Naurangpur,नौरंगपुर,Haryana,HR,Mahendragarh,VB-HR-MAHENDRAGARH,,,Naurangpur,,,28.384089,76.160153,synthetic_envelope,SRC_VB_SYNTHETIC,,True,0.0,,v0.1,True
LOC_DD4CB7B1EBDC,village,Shahpur,शाहपुर,Haryana,HR,Mahendragarh,VB-HR-MAHENDRAGARH,,,Shahpur,,,28.340974,76.001552,synthetic_envelope,SRC_VB_SYNTHETIC,,True,0.0,,v0.1,True
LOC_83C188777C76,village,Dhanaura Kalan,धनौरा कलां,Haryana,HR,Mahendragarh,VB-HR-MAHENDRAGARH,,,Dhanaura Kalan,,,28.35642,76.206236,synthetic_envelope,SRC_VB_SYNTHETIC,,True,0.0,,v0.1,True
LOC_046BA1419F25,village,Sultanpur Nagar,सुल्तानपुर नगर,Haryana,HR,Mahendragarh,VB-HR-MAHENDRAGARH,,,Sultanpur Nagar,,,28.408562,75.975532,synthetic_envelope,SRC_VB_SYNTHETIC,,True,0.0,,v0.1,True
LOC_11A4094CA54B,village,Rampur Kalan,रामपुर कलां,Haryana,HR,Mahendragarh,VB-HR-MAHENDRAGARH,,,Rampur Kalan,,,28.311139,76.057951,synthetic_envelope,SRC_VB_SYNTHETIC,,True,0.0,,v0.1,True
LOC_231D5B63F648,village,Rampur Kalan,रामपुर कलां,Haryana,HR,Mahendragarh,VB-HR-MAHENDRAGARH,,,Rampur Kalan,,,28.360692,76.00503,synthetic_envelope,SRC_VB_SYNTHETIC,,True,0.0,,v0.1,True
LOC_DFA295AA1D53,village,Fatehpur,फतेहपुर,Haryana,HR,Mahendragarh,VB-HR-MAHENDRAGARH,,,Fatehpur,,,28.291538,75.960877,synthetic_envelope,SRC_VB_SYNTHETIC,,True,0.0,,v0.1,True
LOC_D20102D83A64,village,Todarpur,तोदड़पुर,Haryana,HR,Mahendragarh,VB-HR-MAHENDRAGARH,,,Todarpur,,,28.288979,76.015828,synthetic_envelope,SRC_VB_SYNTHETIC,,True,0.0,,v0.1,True
LOC_A8FA1FAAF3B8,village,Kishanpur Nagar,किशनपुर नगर,Haryana,HR,Mahendragarh,VB-HR-MAHENDRAGARH,,,Kishanpur Nagar,,,28.343693,76.020201,synthetic_envelope,SRC_VB_SYNTHETIC,,True,0.0,,v0.1,True
LOC_087B4FDFF072,village,Nathupur Kalan,नत्थूपुर कलां,Haryana,HR,Mahendragarh,VB-HR-MAHENDRAGARH,,,Nathupur Kalan,,,28.227904,75.9316,synthetic_envelope,SRC_VB_SYNTHETIC,,True,0.0,,v0.1,True
LOC_21E3435ED943,village,Harjipur Majra,हरजीपुर माजरा,Haryana,HR,Mahendragarh,VB-HR-MAHENDRAGARH,,,Harjipur Majra,,,28.26209,75.992479,synthetic_envelope,SRC_VB_SYNTHETIC,,True,0.0,,v0.1,True
LOC_CB08F11E8C48,village,Shahpur Majra,शाहपुर माजरा,Haryana,HR,Mahendragarh,VB-HR-MAHENDRAGARH,,,Shahpur Majra,,,28.413999,75.990371,synthetic_envelope,SRC_VB_SYNTHETIC,,True,0.0,,v0.1,True
LOC_0F2DC7BC5BE1,village,Fatehpur Kalan,फतेहपुर कलां,Haryana,HR,Mahendragarh,VB-HR-MAHENDRAGARH,,,Fatehpur Kalan,,,28.376744,76.056323,synthetic_envelope,SRC_VB_SYNTHETIC,,True,0.0,,v0.1,True
LOC_BAB2B5F49CD4,village,Dhanaura Kalan (1),धनौरा कलां,Haryana,HR,Jind,VB-HR-JIND,,,Dhanaura Kalan (1),,,29.187238,76.547917,synthetic_envelope,SRC_VB_SYNTHETIC,,True,0.0,,v0.1,True
LOC_9C262D787DB3,village,Naurangpur Nagar (2),नौरंगपुर नगर,Haryana,HR,Jind,VB-HR-JIND,,,Naurangpur Nagar (2),,,29.205542,76.518272,synthetic_envelope,SRC_VB_SYNTHETIC,,True,0.0,,v0.1,True
LOC_848E27660F75,village,Barwala Khera (3),बरवाला खेड़ा,Haryana,HR,Jind,VB-HR-JIND,,,Barwala Khera (3),,,29.26044,76.624076,synthetic_envelope,SRC_VB_SYNTHETIC,,True,0.0,,v0.1,True
LOC_0A8C8AB0F19D,village,Gopalpur Kalan (4),गोपालपुर कलां,Haryana,HR,Jind,VB-HR-JIND,,,Gopalpur Kalan (4),,,29.298379,76.076081,synthetic_envelope,SRC_VB_SYNTHETIC,,True,0.0,,v0.1,True
LOC_A93DC629E968,village,Bhojpur Nagar (5),भोजपुर नगर,Haryana,HR,Jind,VB-HR-JIND,,,Bhojpur Nagar (5),,,29.358698,76.070809,synthetic_envelope,SRC_VB_SYNTHETIC,,True,0.0,,v0.1,True
LOC_468304F9A362,village,Manakpur Kalan (6),मानकपुर कलां,Haryana,HR,Jind,VB-HR-JIND,,,Manakpur Kalan (6),,,29.277431,76.143993,synthetic_envelope,SRC_VB_SYNTHETIC,,True,0.0,,v0.1,True
LOC_995161B0E9C2,village,Todarpur Khera (7),तोदड़पुर खेड़ा,Haryana,HR,Jind,VB-HR-JIND,,,Todarpur Khera (7),,,29.248208,76.543922,synthetic_envelope,SRC_VB_SYNTHETIC,,True,0.0,,v0.1,True
LOC_98D23F6E5E1E,village,Kheri Majra (8),खेड़ी माजरा,Haryana,HR,Jind,VB-HR-JIND,,,Kheri Majra (8),,,29.220785,76.543339,synthetic_envelope,SRC_VB_SYNTHETIC,,True,0.0,,v0.1,True
LOC_C88AB96C53FD,village,Kheri Kalan (9),खेड़ी कलां,Haryana,HR,Jind,VB-HR-JIND,,,Kheri Kalan (9),,,29.275329,76.02768,synthetic_envelope,SRC_VB_SYNTHETIC,,True,0.0,,v0.1,True
LOC_98ACD2715DB8,village,Bhagwanpur Majra (10),भगवानपुर माजरा,Haryana,HR,Jind,VB-HR-JIND,,,Bhagwanpur Majra (10),,,29.548905,76.443658,synthetic_envelope,SRC_VB_SYNTHETIC,,True,0.0,,v0.1,True
LOC_BA3D8F5261A0,village,Bhagwanpur Kalan (11),भगवानपुर कलां,Haryana,HR,Jind,VB-HR-JIND,,,Bhagwanpur Kalan (11),,,29.58099,76.466919,synthetic_envelope,SRC_VB_SYNTHETIC,,True,0.0,,v0.1,True
LOC_E49C54663403,village,Harjipur Nagar (12),हरजीपुर नगर,Haryana,HR,Jind,VB-HR-JIND,,,Harjipur Nagar (12),,,29.206853,76.572614,synthetic_envelope,SRC_VB_SYNTHETIC,,True,0.0,,v0.1,True
LOC_B4D3EADA7052,village,Kishanpur Nagar (13),किशनपुर नगर,Haryana,HR,Jind,VB-HR-JIND,,,Kishanpur Nagar (13),,,29.280128,76.603198,synthetic_envelope,SRC_VB_SYNTHETIC,,True,0.0,,v0.1,True
LOC_F02DB64FEDB9,village,Ladwa Majra (14),लाडवा माजरा,Haryana,HR,Jind,VB-HR-JIND,,,Ladwa Majra (14),,,29.293588,76.005924,synthetic_envelope,SRC_VB_SYNTHETIC,,True,0.0,,v0.1,True
LOC_F1B2DA40B8DA,village,Alipur Nagar (15),अलीपुर नगर,Haryana,HR,Jind,VB-HR-JIND,,,Alipur Nagar (15),,,29.501719,76.392011,synthetic_envelope,SRC_VB_SYNTHETIC,,True,0.0,,v0.1,True
LOC_828DEA4AE89B,village,Shahpur Kalan (16),शाहपुर कलां,Haryana,HR,Jind,VB-HR-JIND,,,Shahpur Kalan (16),,,29.336717,76.04736,synthetic_envelope,SRC_VB_SYNTHETIC,,True,0.0,,v0.1,True
LOC_011D3FFD0D7A,village,Bhagwanpur Khurd (17),भगवानपुर खुर्द,Haryana,HR,Jind,VB-HR-JIND,,,Bhagwanpur Khurd (17),,,29.530998,76.465109,synthetic_envelope,SRC_VB_SYNTHETIC,,True,0.0,,v0.1,True
LOC_82F53723FA20,village,Rasulpur Nagar (18),रसूलपुर नगर,Haryana,HR,Jind,VB-HR-JIND,,,Rasulpur Nagar (18),,,29.287758,76.005924,synthetic_envelope,SRC_VB_SYNTHETIC,,True,0.0,,v0.1,True
LOC_CAA3691E78DC,village,Sikandarpur Kalan (19),सिकंदरपुर कलां,Haryana,HR,Jind,VB-HR-JIND,,,Sikandarpur Kalan (19),,,29.570324,76.376035,synthetic_envelope,SRC_VB_SYNTHETIC,,True,0.0,,v0.1,True
LOC_5C90EEB0FCEA,village,Rasulpur Kalan (20),रसूलपुर कलां,Haryana,HR,Jind,VB-HR-JIND,,,Rasulpur Kalan (20),,,29.56284,76.453306,synthetic_envelope,SRC_VB_SYNTHETIC,,True,0.0,,v0.1,True
LOC_9A4C653BFEF1,village,Shahpur Kalan (21),शाहपुर कलां,Haryana,HR,Jind,VB-HR-JIND,,,Shahpur Kalan (21),,,29.289537,76.100919,synthetic_envelope,SRC_VB_SYNTHETIC,,True,0.0,,v0.1,True
LOC_3D8E08AE8BF7,village,Sultanpur Khera (22),सुल्तानपुर खेड़ा,Haryana,HR,Jind,VB-HR-JIND,,,Sultanpur Khera (22),,,29.571426,76.448942,synthetic_envelope,SRC_VB_SYNTHETIC,,True,0.0,,v0.1,True
LOC_B570EDA1EDC5,village,Kishanpur Majra (23),किशनपुर माजरा,Haryana,HR,Jind,VB-HR-JIND,,,Kishanpur Majra (23),,,29.309978,76.06391,synthetic_envelope,SRC_VB_SYNTHETIC,,True,0.0,,v0.1,True
LOC_5C26062926AD,village,Rasulpur Nagar (24),रसूलपुर नगर,Haryana,HR,Jind,VB-HR-JIND,,,Rasulpur Nagar (24),,,29.305193,76.058235,synthetic_envelope,SRC_VB_SYNTHETIC,,True,0.0,,v0.1,True
LOC_C03E21C6D293,village,Bhagwanpur Majra (25),भगवानपुर माजरा,Haryana,HR,Jind,VB-HR-JIND,,,Bhagwanpur Majra (25),,,29.260367,76.510705,synthetic_envelope,SRC_VB_SYNTHETIC,,True,0.0,,v0.1,True
LOC_5A11905A806D,village,Todarpur Khurd (26),तोदड़पुर खुर्द,Haryana,HR,Jind,VB-HR-JIND,,,Todarpur Khurd (26),,,29.572658,76.400772,synthetic_envelope,SRC_VB_SYNTHETIC,,True,0.0,,v0.1,True
LOC_4AC69825170D,village,Kheri Khurd (27),खेड़ी खुर्द,Haryana,HR,Jind,VB-HR-JIND,,,Kheri Khurd (27),,,29.197336,76.556506,synthetic_envelope,SRC_VB_SYNTHETIC,,True,0.0,,v0.1,True
LOC_0FBD1C8F23BE,village,Nathupur Nagar (28),नत्थूपुर नगर,Haryana,HR,Jind,VB-HR-JIND,,,Nathupur Nagar (28),,,29.22332,76.582966,synthetic_envelope,SRC_VB_SYNTHETIC,,True,0.0,,v0.1,True
LOC_37FF48C35DA5,village,Salempur Majra (29),सलेमपुर माजरा,Haryana,HR,Jind,VB-HR-JIND,,,Salempur Majra (29),,,29.537649,76.466695,synthetic_envelope,SRC_VB_SYNTHETIC,,True,0.0,,v0.1,True
LOC_0CB3F62614FC,village,Dhanaura Kalan (30),धनौरा कलां,Haryana,HR,Jind,VB-HR-JIND,,,Dhanaura Kalan (30),,,29.212434,76.511182,synthetic_envelope,SRC_VB_SYNTHETIC,,True,0.0,,v0.1,True
LOC_9F437C435455,village,Rampur Khurd (31),रामपुर खुर्द,Haryana,HR,Jind,VB-HR-JIND,,,Rampur Khurd (31),,,29.187428,76.604692,synthetic_envelope,SRC_VB_SYNTHETIC,,True,0.0,,v0.1,True
LOC_A23F853D1970,village,Nangla Khurd (32),नंगला खुर्द,Haryana,HR,Jind,VB-HR-JIND,,,Nangla Khurd (32),,,29.275973,76.553489,synthetic_envelope,SRC_VB_SYNTHETIC,,True,0.0,,v0.1,True
LOC_D328B34881AE,village,Sultanpur Khera (1),सुल्तानपुर खेड़ा,Haryana,HR,Karnal,VB-HR-KARNAL,,,Sultanpur Khera (1),,,29.496717,77.072535,synthetic_envelope,SRC_VB_SYNTHETIC,,True,0.0,,v0.1,True
LOC_00D694C1D1B8,village,Kishanpur Kalan (2),किशनपुर कलां,Haryana,HR,Karnal,VB-HR-KARNAL,,,Kishanpur Kalan (2),,,29.43895,77.041666,synthetic_envelope,SRC_VB_SYNTHETIC,,True,0.0,,v0.1,True
LOC_785058AA1F1A,village,Bhagwanpur Nagar (3),भगवानपुर नगर,Haryana,HR,Karnal,VB-HR-KARNAL,,,Bhagwanpur Nagar (3),,,29.779261,77.196422,synthetic_envelope,SRC_VB_SYNTHETIC,,True,0.0,,v0.1,True
LOC_2C1B635FF09E,village,Bhojpur Nagar (4),भोजपुर नगर,Haryana,HR,Karnal,VB-HR-KARNAL,,,Bhojpur Nagar (4),,,29.511792,77.061116,synthetic_envelope,SRC_VB_SYNTHETIC,,True,0.0,,v0.1,True
LOC_E5163ADEAEAD,village,Basantpur Nagar (5),बसंतपुर नगर,Haryana,HR,Karnal,VB-HR-KARNAL,,,Basantpur Nagar (5),,,29.793587,77.05253,synthetic_envelope,SRC_VB_SYNTHETIC,,True,0.0,,v0.1,True
LOC_F713A0D3AB78,village,Dhanaura Majra (6),धनौरा माजरा,Haryana,HR,Karnal,VB-HR-KARNAL,,,Dhanaura Majra (6),,,29.872749,77.170699,synthetic_envelope,SRC_VB_SYNTHETIC,,True,0.0,,v0.1,True
LOC_5336E29536B8,village,Chandpur (7),चांदपुर,Haryana,HR,Karnal,VB-HR-KARNAL,,,Chandpur (7),,,29.791558,77.091193,synthetic_envelope,SRC_VB_SYNTHETIC,,True,0.0,,v0.1,True
LOC_4DD4F3381504,village,Bhagwanpur Khurd (8),भगवानपुर खुर्द,Haryana,HR,Karnal,VB-HR-KARNAL,,,Bhagwanpur Khurd (8),,,29.805681,77.114014,synthetic_envelope,SRC_VB_SYNTHETIC,,True,0.0,,v0.1,True
LOC_626A2FCCCA32,village,Kishanpur Nagar (9),किशनपुर नगर,Haryana,HR,Karnal,VB-HR-KARNAL,,,Kishanpur Nagar (9),,,29.799608,77.260954,synthetic_envelope,SRC_VB_SYNTHETIC,,True,0.0,,v0.1,True
LOC_628ADA461F8B,village,Todarpur (10),तोदड़पुर,Haryana,HR,Karnal,VB-HR-KARNAL,,,Todarpur (10),,,29.459266,77.019788,synthetic_envelope,SRC_VB_SYNTHETIC,,True,0.0,,v0.1,True
LOC_9096EE72AB66,village,Ladwa Khera (11),लाडवा खेड़ा,Haryana,HR,Karnal,VB-HR-KARNAL,,,Ladwa Khera (11),,,29.473301,77.030188,synthetic_envelope,SRC_VB_SYNTHETIC,,True,0.0,,v0.1,True
LOC_7C3766F89B02,village,Basantpur (12),बसंतपुर,Haryana,HR,Karnal,VB-HR-KARNAL,,,Basantpur (12),,,29.874583,77.198487,synthetic_envelope,SRC_VB_SYNTHETIC,,True,0.0,,v0.1,True
LOC_B9B5F9B68896,village,Mubarikpur Khera (13),मुबारिकपुर खेड़ा,Haryana,HR,Karnal,VB-HR-KARNAL,,,Mubarikpur Khera (13),,,29.816905,77.259009,synthetic_envelope,SRC_VB_SYNTHETIC,,True,0.0,,v0.1,True
LOC_61BC5E63C653,village,Nathupur Khera (14),नत्थूपुर खेड़ा,Haryana,HR,Karnal,VB-HR-KARNAL,,,Nathupur Khera (14),,,29.460188,77.093438,synthetic_envelope,SRC_VB_SYNTHETIC,,True,0.0,,v0.1,True
LOC_62B00CEF3018,village,Dhanaura Khurd (15),धनौरा खुर्द,Haryana,HR,Karnal,VB-HR-KARNAL,,,Dhanaura Khurd (15),,,29.578604,76.936317,synthetic_envelope,SRC_VB_SYNTHETIC,,True,0.0,,v0.1,True
LOC_F79621094DB5,village,Umarpur Kalan (16),उमरपुर कलां,Haryana,HR,Karnal,VB-HR-KARNAL,,,Umarpur Kalan (16),,,29.813764,77.09535,synthetic_envelope,SRC_VB_SYNTHETIC,,True,0.0,,v0.1,True
LOC_3357C4DB9176,village,Basantpur Kalan (17),बसंतपुर कलां,Haryana,HR,Karnal,VB-HR-KARNAL,,,Basantpur Kalan (17),,,29.801811,77.275236,synthetic_envelope,SRC_VB_SYNTHETIC,,True,0.0,,v0.1,True
LOC_9A58B9D504D3,village,Salempur Majra (18),सलेमपुर माजरा,Haryana,HR,Karnal,VB-HR-KARNAL,,,Salempur Majra (18),,,29.783648,77.126689,synthetic_envelope,SRC_VB_SYNTHETIC,,True,0.0,,v0.1,True
LOC_6C521F4FBD4B,village,Dhanaura Khurd (19),धनौरा खुर्द,Haryana,HR,Karnal,VB-HR-KARNAL,,,Dhanaura Khurd (19),,,29.851544,77.030803,synthetic_envelope,SRC_VB_SYNTHETIC,,True,0.0,,v0.1,True
LOC_33C965F2478E,village,Dhanaura Khera (20),धनौरा खेड़ा,Haryana,HR,Karnal,VB-HR-KARNAL,,,Dhanaura Khera (20),,,29.526698,77.089621,synthetic_envelope,SRC_VB_SYNTHETIC,,True,0.0,,v0.1,True
LOC_7A830F2F75FE,village,Sikandarpur Kalan (21),सिकंदरपुर कलां,Haryana,HR,Karnal,VB-HR-KARNAL,,,Sikandarpur Kalan (21),,,29.771022,77.096917,synthetic_envelope,SRC_VB_SYNTHETIC,,True,0.0,,v0.1,True
LOC_02CD2F98CD68,village,Todarpur Kalan (22),तोदड़पुर कलां,Haryana,HR,Karnal,VB-HR-KARNAL,,,Todarpur Kalan (22),,,29.792321,77.149287,synthetic_envelope,SRC_VB_SYNTHETIC,,True,0.0,,v0.1,True
LOC_8D4A85EECFCD,village,Dhanaura Khurd (23),धनौरा खुर्द,Haryana,HR,Karnal,VB-HR-KARNAL,,,Dhanaura Khurd (23),,,29.432476,77.025645,synthetic_envelope,SRC_VB_SYNTHETIC,,True,0.0,,v0.1,True
LOC_C6904D0DEB0C,village,Devipur Nagar (24),देवीपुर नगर,Haryana,HR,Karnal,VB-HR-KARNAL,,,Devipur Nagar (24),,,29.479779,77.053947,synthetic_envelope,SRC_VB_SYNTHETIC,,True,0.0,,v0.1,True
LOC_A0B5E2329197,village,Manakpur Kalan (25),मानकपुर कलां,Haryana,HR,Karnal,VB-HR-KARNAL,,,Manakpur Kalan (25),,,29.887848,77.139365,synthetic_envelope,SRC_VB_SYNTHETIC,,True,0.0,,v0.1,True
LOC_A24F0E7649A6,village,Sultanpur Nagar (26),सुल्तानपुर नगर,Haryana,HR,Karnal,VB-HR-KARNAL,,,Sultanpur Nagar (26),,,29.807097,77.265909,synthetic_envelope,SRC_VB_SYNTHETIC,,True,0.0,,v0.1,True
LOC_D51C21C60400,village,Harjipur Khera (27),हरजीपुर खेड़ा,Haryana,HR,Karnal,VB-HR-KARNAL,,,Harjipur Khera (27),,,29.775981,77.280026,synthetic_envelope,SRC_VB_SYNTHETIC,,True,0.0,,v0.1,True
LOC_0386B614F75A,village,Barwala Kalan (28),बरवाला कलां,Haryana,HR,Karnal,VB-HR-KARNAL,,,Barwala Kalan (28),,,29.579964,77.064956,synthetic_envelope,SRC_VB_SYNTHETIC,,True,0.0,,v0.1,True
LOC_D6895D30FF85,village,Harjipur Majra (29),हरजीपुर माजरा,Haryana,HR,Karnal,VB-HR-KARNAL,,,Harjipur Majra (29),,,29.509563,77.090396,synthetic_envelope,SRC_VB_SYNTHETIC,,True,0.0,,v0.1,True
LOC_9DB7C206F4BE,village,Bhojpur Nagar (30),भोजपुर नगर,Haryana,HR,Karnal,VB-HR-KARNAL,,,Bhojpur Nagar (30),,,29.857797,77.207542,synthetic_envelope,SRC_VB_SYNTHETIC,,True,0.0,,v0.1,True
LOC_1558E805A452,village,Rampur Nagar (31),रामपुर नगर,Haryana,HR,Karnal,VB-HR-KARNAL,,,Rampur Nagar (31),,,29.737035,77.052299,synthetic_envelope,SRC_VB_SYNTHETIC,,True,0.0,,v0.1,True
LOC_C2B6390A2658,village,Nangla Majra (32),नंगला माजरा,Haryana,HR,Karnal,VB-HR-KARNAL,,,Nangla Majra (32),,,29.49046,76.880124,synthetic_envelope,SRC_VB_SYNTHETIC,,True,0.0,,v0.1,True
LOC_2579FC8F43EE,village,Umarpur Majra,उमरपुर माजरा,Haryana,HR,Ambala,VB-HR-AMBALA,,,Umarpur Majra,,,30.256951,76.809412,synthetic_envelope,SRC_VB_SYNTHETIC,,True,0.0,,v0.1,False
LOC_5FE96EA7BCE6,village,Rasulpur Kalan,रसूलपुर कलां,Haryana,HR,Ambala,VB-HR-AMBALA,,,Rasulpur Kalan,,,30.540122,76.810459,synthetic_envelope,SRC_VB_SYNTHETIC,,True,0.0,,v0.1,False
LOC_8FC459C90F95,village,Manakpur Khera,मानकपुर खेड़ा,Haryana,HR,Ambala,VB-HR-AMBALA,,,Manakpur Khera,,,30.198947,76.928115,synthetic_envelope,SRC_VB_SYNTHETIC,,True,0.0,,v0.1,False
LOC_AF8462B320FA,village,Alipur Kalan,अलीपुर कलां,Haryana,HR,Ambala,VB-HR-AMBALA,,,Alipur Kalan,,,30.485202,76.821995,synthetic_envelope,SRC_VB_SYNTHETIC,,True,0.0,,v0.1,False
LOC_C4582F2A38CC,village,Jhinjhana Kalan,झिंझाना कलां,Haryana,HR,Ambala,VB-HR-AMBALA,,,Jhinjhana Kalan,,,30.44916,76.847638,synthetic_envelope,SRC_VB_SYNTHETIC,,True,0.0,,v0.1,False
LOC_EBF06649A3EC,village,Jamalpur Khurd,जमालपुर खुर्द,Haryana,HR,Ambala,VB-HR-AMBALA,,,Jamalpur Khurd,,,30.47927,76.845277,synthetic_envelope,SRC_VB_SYNTHETIC,,True,0.0,,v0.1,False
LOC_7D30C86ED655,village,Rampur,रामपुर,Haryana,HR,Ambala,VB-HR-AMBALA,,,Rampur,,,30.506742,76.917209,synthetic_envelope,SRC_VB_SYNTHETIC,,True,0.0,,v0.1,False
LOC_EFDAA4D452A6,village,Gopalpur Khurd,गोपालपुर खुर्द,Haryana,HR,Ambala,VB-HR-AMBALA,,,Gopalpur Khurd,,,30.511657,76.927911,synthetic_envelope,SRC_VB_SYNTHETIC,,True,0.0,,v0.1,False
LOC_CA8127DDB053,village,Basantpur,बसंतपुर,Haryana,HR,Ambala,VB-HR-AMBALA,,,Basantpur,,,30.50946,76.897182,synthetic_envelope,SRC_VB_SYNTHETIC,,True,0.0,,v0.1,False
LOC_0C7FA347C74B,village,Jhinjhana Khurd,झिंझाना खुर्द,Haryana,HR,Ambala,VB-HR-AMBALA,,,Jhinjhana Khurd,,,30.248717,76.871362,synthetic_envelope,SRC_VB_SYNTHETIC,,True,0.0,,v0.1,False
LOC_2207867B376E,village,Kheri Majra,खेड़ी माजरा,Haryana,HR,Ambala,VB-HR-AMBALA,,,Kheri Majra,,,30.438742,76.844432,synthetic_envelope,SRC_VB_SYNTHETIC,,True,0.0,,v0.1,False
LOC_80DBDB0B4F12,village,Nangla,नंगला,Haryana,HR,Ambala,VB-HR-AMBALA,,,Nangla,,,30.538967,76.940336,synthetic_envelope,SRC_VB_SYNTHETIC,,True,0.0,,v0.1,False
LOC_6FE76B0ACB56,village,Ladwa Nagar,लाडवा नगर,Haryana,HR,Ambala,VB-HR-AMBALA,,,Ladwa Nagar,,,30.456421,76.886121,synthetic_envelope,SRC_VB_SYNTHETIC,,True,0.0,,v0.1,False
LOC_0B0FACBEA317,village,Mubarikpur Majra,मुबारिकपुर माजरा,Haryana,HR,Ambala,VB-HR-AMBALA,,,Mubarikpur Majra,,,30.230315,76.822816,synthetic_envelope,SRC_VB_SYNTHETIC,,True,0.0,,v0.1,False
LOC_AA5FAE4D6217,village,Rampur Majra,रामपुर माजरा,Haryana,HR,Ambala,VB-HR-AMBALA,,,Rampur Majra,,,30.254468,76.932707,synthetic_envelope,SRC_VB_SYNTHETIC,,True,0.0,,v0.1,False
LOC_C64559BC210D,village,Umarpur,उमरपुर,Haryana,HR,Ambala,VB-HR-AMBALA,,,Umarpur,,,30.274482,76.92683,synthetic_envelope,SRC_VB_SYNTHETIC,,True,0.0,,v0.1,False
LOC_0B2FA3DAAB1A,village,Kheri Nagar,खेड़ी नगर,Haryana,HR,Ambala,VB-HR-AMBALA,,,Kheri Nagar,,,30.299875,76.867207,synthetic_envelope,SRC_VB_SYNTHETIC,,True,0.0,,v0.1,False
LOC_C99A25B5EBC5,village,Bhagwanpur Khera,भगवानपुर खेड़ा,Haryana,HR,Ambala,VB-HR-AMBALA,,,Bhagwanpur Khera,,,30.224346,76.880275,synthetic_envelope,SRC_VB_SYNTHETIC,,True,0.0,,v0.1,False
LOC_02CB4F0C26DC,village,Sultanpur Majra,सुल्तानपुर माजरा,Haryana,HR,Ambala,VB-HR-AMBALA,,,Sultanpur Majra,,,30.487248,76.868019,synthetic_envelope,SRC_VB_SYNTHETIC,,True,0.0,,v0.1,False
LOC_142F605604D3,village,Kishanpur Khurd,किशनपुर खुर्द,Haryana,HR,Ambala,VB-HR-AMBALA,,,Kishanpur Khurd,,,30.409625,76.886808,synthetic_envelope,SRC_VB_SYNTHETIC,,True,0.0,,v0.1,False
LOC_BA6A0160D9EF,village,Jamalpur,जमालपुर,Haryana,HR,Ambala,VB-HR-AMBALA,,,Jamalpur,,,30.453808,76.846501,synthetic_envelope,SRC_VB_SYNTHETIC,,True,0.0,,v0.1,False
LOC_7B6EB2BDDBBD,village,Nathupur,नत्थूपुर,Haryana,HR,Ambala,VB-HR-AMBALA,,,Nathupur,,,30.256382,76.897283,synthetic_envelope,SRC_VB_SYNTHETIC,,True,0.0,,v0.1,False
LOC_338336BDAB0B,village,Salempur Khera,सलेमपुर खेड़ा,Haryana,HR,Ambala,VB-HR-AMBALA,,,Salempur Khera,,,30.214973,76.847462,synthetic_envelope,SRC_VB_SYNTHETIC,,True,0.0,,v0.1,False
LOC_E83254AF9B2D,village,Alipur Nagar,अलीपुर नगर,Haryana,HR,Ambala,VB-HR-AMBALA,,,Alipur Nagar,,,30.476804,76.864024,synthetic_envelope,SRC_VB_SYNTHETIC,,True,0.0,,v0.1,False
LOC_F7DED7623E4E,village,Naurangpur,नौरंगपुर,Haryana,HR,Ambala,VB-HR-AMBALA,,,Naurangpur,,,30.209308,76.845527,synthetic_envelope,SRC_VB_SYNTHETIC,,True,0.0,,v0.1,False
LOC_4EDE6D436356,village,Fatehpur Majra,फतेहपुर माजरा,Haryana,HR,Ambala,VB-HR-AMBALA,,,Fatehpur Majra,,,30.248199,76.954383,synthetic_envelope,SRC_VB_SYNTHETIC,,True,0.0,,v0.1,False
LOC_3CAB6E81FB94,village,Todarpur Khera (1),तोदड़पुर खेड़ा,Haryana,HR,Kurukshetra,VB-HR-KURUKSHETRA,,,Todarpur Khera (1),,,29.804076,77.01656,synthetic_envelope,SRC_VB_SYNTHETIC,,True,0.0,,v0.1,False
LOC_1E9084DFB553,village,Bhojpur Kalan (2),भोजपुर कलां,Haryana,HR,Kurukshetra,VB-HR-KURUKSHETRA,,,Bhojpur Kalan (2),,,29.886372,77.026062,synthetic_envelope,SRC_VB_SYNTHETIC,,True,0.0,,v0.1,False
LOC_3B6432AF8598,village,Jamalpur Khurd (3),जमालपुर खुर्द,Haryana,HR,Kurukshetra,VB-HR-KURUKSHETRA,,,Jamalpur Khurd (3),,,29.823198,76.982939,synthetic_envelope,SRC_VB_SYNTHETIC,,True,0.0,,v0.1,False
LOC_335A2C774CBE,village,Mubarikpur Majra (4),मुबारिकपुर माजरा,Haryana,HR,Kurukshetra,VB-HR-KURUKSHETRA,,,Mubarikpur Majra (4),,,29.795817,77.038051,synthetic_envelope,SRC_VB_SYNTHETIC,,True,0.0,,v0.1,False
LOC_66DBED418621,village,Devipur Majra (5),देवीपुर माजरा,Haryana,HR,Kurukshetra,VB-HR-KURUKSHETRA,,,Devipur Majra (5),,,29.959103,76.694077,synthetic_envelope,SRC_VB_SYNTHETIC,,True,0.0,,v0.1,False
LOC_7E54EF84E93A,village,Alipur (6),अलीपुर,Haryana,HR,Kurukshetra,VB-HR-KURUKSHETRA,,,Alipur (6),,,29.927887,77.08599,synthetic_envelope,SRC_VB_SYNTHETIC,,True,0.0,,v0.1,False
LOC_A8510E1615E8,village,Mubarikpur Majra (7),मुबारिकपुर माजरा,Haryana,HR,Kurukshetra,VB-HR-KURUKSHETRA,,,Mubarikpur Majra (7),,,29.981669,77.03377,synthetic_envelope,SRC_VB_SYNTHETIC,,True,0.0,,v0.1,False
LOC_3899B14DF55F,village,Mubarikpur Kalan (8),मुबारिकपुर कलां,Haryana,HR,Kurukshetra,VB-HR-KURUKSHETRA,,,Mubarikpur Kalan (8),,,29.858471,77.004681,synthetic_envelope,SRC_VB_SYNTHETIC,,True,0.0,,v0.1,False
LOC_71853CE139D0,village,Bhojpur Khurd (9),भोजपुर खुर्द,Haryana,HR,Kurukshetra,VB-HR-KURUKSHETRA,,,Bhojpur Khurd (9),,,29.85768,76.918703,synthetic_envelope,SRC_VB_SYNTHETIC,,True,0.0,,v0.1,False
LOC_836C2533BCF7,village,Kishanpur Khurd (10),किशनपुर खुर्द,Haryana,HR,Kurukshetra,VB-HR-KURUKSHETRA,,,Kishanpur Khurd (10),,,30.020447,76.682142,synthetic_envelope,SRC_VB_SYNTHETIC,,True,0.0,,v0.1,False
LOC_8117A56139B0,village,Chandpur Khera (11),चांदपुर खेड़ा,Haryana,HR,Kurukshetra,VB-HR-KURUKSHETRA,,,Chandpur Khera (11),,,29.831892,76.998608,synthetic_envelope,SRC_VB_SYNTHETIC,,True,0.0,,v0.1,False
LOC_63037C8210F6,village,Jamalpur (12),जमालपुर,Haryana,HR,Kurukshetra,VB-HR-KURUKSHETRA,,,Jamalpur (12),,,29.948573,76.702726,synthetic_envelope,SRC_VB_SYNTHETIC,,True,0.0,,v0.1,False
LOC_A14750CC20AE,village,Ladwa (13),लाडवा,Haryana,HR,Kurukshetra,VB-HR-KURUKSHETRA,,,Ladwa (13),,,29.918755,77.066087,synthetic_envelope,SRC_VB_SYNTHETIC,,True,0.0,,v0.1,False
LOC_6D15C528A3D2,village,Fatehpur Majra (14),फतेहपुर माजरा,Haryana,HR,Kurukshetra,VB-HR-KURUKSHETRA,,,Fatehpur Majra (14),,,29.975292,76.650168,synthetic_envelope,SRC_VB_SYNTHETIC,,True,0.0,,v0.1,False
LOC_40AB09A0A6CA,village,Rasulpur Khurd (15),रसूलपुर खुर्द,Haryana,HR,Kurukshetra,VB-HR-KURUKSHETRA,,,Rasulpur Khurd (15),,,29.827319,76.940875,synthetic_envelope,SRC_VB_SYNTHETIC,,True,0.0,,v0.1,False
LOC_303FB9D06FCA,village,Bahadurpur (16),बहादुरपुर,Haryana,HR,Kurukshetra,VB-HR-KURUKSHETRA,,,Bahadurpur (16),,,29.808177,76.932514,synthetic_envelope,SRC_VB_SYNTHETIC,,True,0.0,,v0.1,False
LOC_796568A4EFF4,village,Todarpur (17),तोदड़पुर,Haryana,HR,Kurukshetra,VB-HR-KURUKSHETRA,,,Todarpur (17),,,29.969501,77.012272,synthetic_envelope,SRC_VB_SYNTHETIC,,True,0.0,,v0.1,False
LOC_E3E2F928A0B8,village,Bahadurpur Nagar (18),बहादुरपुर नगर,Haryana,HR,Kurukshetra,VB-HR-KURUKSHETRA,,,Bahadurpur Nagar (18),,,29.835553,76.979678,synthetic_envelope,SRC_VB_SYNTHETIC,,True,0.0,,v0.1,False
LOC_3537EEDA9E18,village,Dhanaura Majra (19),धनौरा माजरा,Haryana,HR,Kurukshetra,VB-HR-KURUKSHETRA,,,Dhanaura Majra (19),,,30.016132,76.990907,synthetic_envelope,SRC_VB_SYNTHETIC,,True,0.0,,v0.1,False
LOC_49B279D5D7D7,village,Gopalpur Khurd (20),गोपालपुर खुर्द,Haryana,HR,Kurukshetra,VB-HR-KURUKSHETRA,,,Gopalpur Khurd (20),,,29.851566,76.985065,synthetic_envelope,SRC_VB_SYNTHETIC,,True,0.0,,v0.1,False
LOC_FB694B255209,village,Shahpur Majra (21),शाहपुर माजरा,Haryana,HR,Kurukshetra,VB-HR-KURUKSHETRA,,,Shahpur Majra (21),,,29.989847,77.065629,synthetic_envelope,SRC_VB_SYNTHETIC,,True,0.0,,v0.1,False
LOC_5442D6DA30B7,village,Nathupur Khurd (22),नत्थूपुर खुर्द,Haryana,HR,Kurukshetra,VB-HR-KURUKSHETRA,,,Nathupur Khurd (22),,,29.982018,76.756416,synthetic_envelope,SRC_VB_SYNTHETIC,,True,0.0,,v0.1,False
LOC_33436F15A718,village,Naurangpur Kalan (23),नौरंगपुर कलां,Haryana,HR,Kurukshetra,VB-HR-KURUKSHETRA,,,Naurangpur Kalan (23),,,29.965874,76.718688,synthetic_envelope,SRC_VB_SYNTHETIC,,True,0.0,,v0.1,False
LOC_7B0FD70EB0F4,village,Manakpur Nagar (24),मानकपुर नगर,Haryana,HR,Kurukshetra,VB-HR-KURUKSHETRA,,,Manakpur Nagar (24),,,30.008631,76.650168,synthetic_envelope,SRC_VB_SYNTHETIC,,True,0.0,,v0.1,False
LOC_A8593BBA43B3,village,Jhinjhana (25),झिंझाना,Haryana,HR,Kurukshetra,VB-HR-KURUKSHETRA,,,Jhinjhana (25),,,29.984029,77.069157,synthetic_envelope,SRC_VB_SYNTHETIC,,True,0.0,,v0.1,False
LOC_12F5FD529580,village,Ladwa Khurd (26),लाडवा खुर्द,Haryana,HR,Kurukshetra,VB-HR-KURUKSHETRA,,,Ladwa Khurd (26),,,29.839317,76.929869,synthetic_envelope,SRC_VB_SYNTHETIC,,True,0.0,,v0.1,False
LOC_F6221AA6461C,village,Fatehpur Majra (27),फतेहपुर माजरा,Haryana,HR,Kurukshetra,VB-HR-KURUKSHETRA,,,Fatehpur Majra (27),,,29.988825,76.71417,synthetic_envelope,SRC_VB_SYNTHETIC,,True,0.0,,v0.1,False
LOC_FBD03F855A87,village,Dhanaura Nagar (28),धनौरा नगर,Haryana,HR,Kurukshetra,VB-HR-KURUKSHETRA,,,Dhanaura Nagar (28),,,29.958239,76.662479,synthetic_envelope,SRC_VB_SYNTHETIC,,True,0.0,,v0.1,False
LOC_2125A11F87E9,village,Salempur Majra (29),सलेमपुर माजरा,Haryana,HR,Kurukshetra,VB-HR-KURUKSHETRA,,,Salempur Majra (29),,,29.966689,76.68057,synthetic_envelope,SRC_VB_SYNTHETIC,,True,0.0,,v0.1,False
LOC_F3B33DE4E9A5,village,Nangla Kalan (30),नंगला कलां,Haryana,HR,Kurukshetra,VB-HR-KURUKSHETRA,,,Nangla Kalan (30),,,29.989699,77.013237,synthetic_envelope,SRC_VB_SYNTHETIC,,True,0.0,,v0.1,False
LOC_3FBE94730A3F,village,Kheri Khurd (31),खेड़ी खुर्द,Haryana,HR,Kurukshetra,VB-HR-KURUKSHETRA,,,Kheri Khurd (31),,,29.959641,77.018097,synthetic_envelope,SRC_VB_SYNTHETIC,,True,0.0,,v0.1,False
LOC_38E9DA6877B0,village,Salempur Nagar (32),सलेमपुर नगर,Haryana,HR,Kurukshetra,VB-HR-KURUKSHETRA,,,Salempur Nagar (32),,,29.938628,77.034886,synthetic_envelope,SRC_VB_SYNTHETIC,,True,0.0,,v0.1,False
LOC_6EBB9B41D3F0,village,Sikandarpur Khurd (33),सिकंदरपुर खुर्द,Haryana,HR,Kurukshetra,VB-HR-KURUKSHETRA,,,Sikandarpur Khurd (33),,,29.966895,77.056563,synthetic_envelope,SRC_VB_SYNTHETIC,,True,0.0,,v0.1,False
LOC_94BF2687D2AD,village,Rasulpur (1),रसूलपुर,Haryana,HR,Kaithal,VB-HR-KAITHAL,,,Rasulpur (1),,,29.806109,76.580191,synthetic_envelope,SRC_VB_SYNTHETIC,,True,0.0,,v0.1,False
LOC_C1F143496F3E,village,Alipur Khurd (2),अलीपुर खुर्द,Haryana,HR,Kaithal,VB-HR-KAITHAL,,,Alipur Khurd (2),,,29.862004,76.311221,synthetic_envelope,SRC_VB_SYNTHETIC,,True,0.0,,v0.1,False
LOC_8178C1FC5346,village,Shahpur Nagar (3),शाहपुर नगर,Haryana,HR,Kaithal,VB-HR-KAITHAL,,,Shahpur Nagar (3),,,29.869516,76.248571,synthetic_envelope,SRC_VB_SYNTHETIC,,True,0.0,,v0.1,False
LOC_45D3C4F12A9B,village,Bahadurpur Nagar (4),बहादुरपुर नगर,Haryana,HR,Kaithal,VB-HR-KAITHAL,,,Bahadurpur Nagar (4),,,29.714612,76.497455,synthetic_envelope,SRC_VB_SYNTHETIC,,True,0.0,,v0.1,False
LOC_C1D38C3D4EA0,village,Barwala (5),बरवाला,Haryana,HR,Kaithal,VB-HR-KAITHAL,,,Barwala (5),,,29.737225,76.494839,synthetic_envelope,SRC_VB_SYNTHETIC,,True,0.0,,v0.1,False
LOC_5242E74262C2,village,Alipur Majra (6),अलीपुर माजरा,Haryana,HR,Kaithal,VB-HR-KAITHAL,,,Alipur Majra (6),,,29.694473,76.668656,synthetic_envelope,SRC_VB_SYNTHETIC,,True,0.0,,v0.1,False
LOC_46A30AC75D52,village,Mubarikpur Majra (7),मुबारिकपुर माजरा,Haryana,HR,Kaithal,VB-HR-KAITHAL,,,Mubarikpur Majra (7),,,29.664248,76.595831,synthetic_envelope,SRC_VB_SYNTHETIC,,True,0.0,,v0.1,False
LOC_00B441735AC1,village,Gopalpur (8),गोपालपुर,Haryana,HR,Kaithal,VB-HR-KAITHAL,,,Gopalpur (8),,,29.85096,76.233304,synthetic_envelope,SRC_VB_SYNTHETIC,,True,0.0,,v0.1,False
LOC_0EE5FC5841BD,village,Jhinjhana (9),झिंझाना,Haryana,HR,Kaithal,VB-HR-KAITHAL,,,Jhinjhana (9),,,29.818514,76.271804,synthetic_envelope,SRC_VB_SYNTHETIC,,True,0.0,,v0.1,False
LOC_59826B3051E9,village,Barwala Khera (10),बरवाला खेड़ा,Haryana,HR,Kaithal,VB-HR-KAITHAL,,,Barwala Khera (10),,,29.709954,76.58406,synthetic_envelope,SRC_VB_SYNTHETIC,,True,0.0,,v0.1,False
LOC_487AF3D77893,village,Barwala (11),बरवाला,Haryana,HR,Kaithal,VB-HR-KAITHAL,,,Barwala (11),,,29.84496,76.260195,synthetic_envelope,SRC_VB_SYNTHETIC,,True,0.0,,v0.1,False
LOC_97BA86C62DB3,village,Ladwa Kalan (12),लाडवा कलां,Haryana,HR,Kaithal,VB-HR-KAITHAL,,,Ladwa Kalan (12),,,29.656867,76.477209,synthetic_envelope,SRC_VB_SYNTHETIC,,True,0.0,,v0.1,False
LOC_8EEE247D9E7A,village,Salempur Kalan (13),सलेमपुर कलां,Haryana,HR,Kaithal,VB-HR-KAITHAL,,,Salempur Kalan (13),,,29.851535,76.253749,synthetic_envelope,SRC_VB_SYNTHETIC,,True,0.0,,v0.1,False
LOC_0C8D95D4AA9F,village,Shahpur Khera (14),शाहपुर खेड़ा,Haryana,HR,Kaithal,VB-HR-KAITHAL,,,Shahpur Khera (14),,,29.613412,76.501707,synthetic_envelope,SRC_VB_SYNTHETIC,,True,0.0,,v0.1,False
LOC_0B7DFEEAC9CE,village,Naurangpur Khurd (15),नौरंगपुर खुर्द,Haryana,HR,Kaithal,VB-HR-KAITHAL,,,Naurangpur Khurd (15),,,29.714386,76.578116,synthetic_envelope,SRC_VB_SYNTHETIC,,True,0.0,,v0.1,False
LOC_339CC64E61DD,village,Manakpur Khurd (16),मानकपुर खुर्द,Haryana,HR,Kaithal,VB-HR-KAITHAL,,,Manakpur Khurd (16),,,29.72042,76.632356,synthetic_envelope,SRC_VB_SYNTHETIC,,True,0.0,,v0.1,False
LOC_D8F4721022D3,village,Bahadurpur Majra (17),बहादुरपुर माजरा,Haryana,HR,Kaithal,VB-HR-KAITHAL,,,Bahadurpur Majra (17),,,29.700933,76.56502,synthetic_envelope,SRC_VB_SYNTHETIC,,True,0.0,,v0.1,False
LOC_988456936640,village,Ladwa Kalan (18),लाडवा कलां,Haryana,HR,Kaithal,VB-HR-KAITHAL,,,Ladwa Kalan (18),,,29.699925,76.491288,synthetic_envelope,SRC_VB_SYNTHETIC,,True,0.0,,v0.1,False
LOC_72FF25410154,village,Fatehpur Kalan (19),फतेहपुर कलां,Haryana,HR,Kaithal,VB-HR-KAITHAL,,,Fatehpur Kalan (19),,,29.709053,76.481457,synthetic_envelope,SRC_VB_SYNTHETIC,,True,0.0,,v0.1,False
LOC_31FDCDFCD7BA,village,Todarpur (20),तोदड़पुर,Haryana,HR,Kaithal,VB-HR-KAITHAL,,,Todarpur (20),,,29.682223,76.526082,synthetic_envelope,SRC_VB_SYNTHETIC,,True,0.0,,v0.1,False
LOC_7A5A2786F608,village,Rasulpur Khurd (21),रसूलपुर खुर्द,Haryana,HR,Kaithal,VB-HR-KAITHAL,,,Rasulpur Khurd (21),,,29.713419,76.553822,synthetic_envelope,SRC_VB_SYNTHETIC,,True,0.0,,v0.1,False
LOC_57DE305C58DE,village,Mubarikpur Khera (22),मुबारिकपुर खेड़ा,Haryana,HR,Kaithal,VB-HR-KAITHAL,,,Mubarikpur Khera (22),,,29.727807,76.559152,synthetic_envelope,SRC_VB_SYNTHETIC,,True,0.0,,v0.1,False
LOC_BD39961018D9,village,Rampur Kalan (23),रामपुर कलां,Haryana,HR,Kaithal,VB-HR-KAITHAL,,,Rampur Kalan (23),,,29.711908,76.515753,synthetic_envelope,SRC_VB_SYNTHETIC,,True,0.0,,v0.1,False
LOC_441D44554A69,village,Sultanpur Majra (24),सुल्तानपुर माजरा,Haryana,HR,Kaithal,VB-HR-KAITHAL,,,Sultanpur Majra (24),,,29.709571,76.513372,synthetic_envelope,SRC_VB_SYNTHETIC,,True,0.0,,v0.1,False
LOC_4D4A576B5EF6,village,Umarpur Khera (25),उमरपुर खेड़ा,Haryana,HR,Kaithal,VB-HR-KAITHAL,,,Umarpur Khera (25),,,29.730408,76.414619,synthetic_envelope,SRC_VB_SYNTHETIC,,True,0.0,,v0.1,False
LOC_BD4415A825B6,village,Ladwa Kalan (26),लाडवा कलां,Haryana,HR,Kaithal,VB-HR-KAITHAL,,,Ladwa Kalan (26),,,29.646392,76.588965,synthetic_envelope,SRC_VB_SYNTHETIC,,True,0.0,,v0.1,False
LOC_A8914F5E568C,village,Todarpur Majra (27),तोदड़पुर माजरा,Haryana,HR,Kaithal,VB-HR-KAITHAL,,,Todarpur Majra (27),,,29.661836,76.632974,synthetic_envelope,SRC_VB_SYNTHETIC,,True,0.0,,v0.1,False
LOC_BCCCA4AFF88D,village,Bahadurpur Nagar (28),बहादुरपुर नगर,Haryana,HR,Kaithal,VB-HR-KAITHAL,,,Bahadurpur Nagar (28),,,29.872354,76.34532,synthetic_envelope,SRC_VB_SYNTHETIC,,True,0.0,,v0.1,False
LOC_1BEF49DA6156,village,Shahpur Majra (29),शाहपुर माजरा,Haryana,HR,Kaithal,VB-HR-KAITHAL,,,Shahpur Majra (29),,,29.734852,76.542678,synthetic_envelope,SRC_VB_SYNTHETIC,,True,0.0,,v0.1,False
LOC_3E874C857FF1,village,Manakpur Majra (30),मानकपुर माजरा,Haryana,HR,Kaithal,VB-HR-KAITHAL,,,Manakpur Majra (30),,,29.627928,76.547437,synthetic_envelope,SRC_VB_SYNTHETIC,,True,0.0,,v0.1,False
LOC_3CCBAE0DB1A8,village,Alipur (31),अलीपुर,Haryana,HR,Kaithal,VB-HR-KAITHAL,,,Alipur (31),,,29.775638,76.524431,synthetic_envelope,SRC_VB_SYNTHETIC,,True,0.0,,v0.1,False
LOC_C289E3BC533E,village,Salempur (32),सलेमपुर,Haryana,HR,Kaithal,VB-HR-KAITHAL,,,Salempur (32),,,29.839352,76.313165,synthetic_envelope,SRC_VB_SYNTHETIC,,True,0.0,,v0.1,False
LOC_75B26EB13E5E,village,Dhanaura Kalan (33),धनौरा कलां,Haryana,HR,Kaithal,VB-HR-KAITHAL,,,Dhanaura Kalan (33),,,29.691293,76.572169,synthetic_envelope,SRC_VB_SYNTHETIC,,True,0.0,,v0.1,False
LOC_91C75D3BC445,village,Nathupur Majra,नत्थूपुर माजरा,Haryana,HR,Yamunanagar,VB-HR-YAMUNANAGAR,,,Nathupur Majra,,,30.24602,77.107749,synthetic_envelope,SRC_VB_SYNTHETIC,,True,0.0,,v0.1,False
LOC_07D6DEBC0DB4,village,Basantpur,बसंतपुर,Haryana,HR,Yamunanagar,VB-HR-YAMUNANAGAR,,,Basantpur,,,30.231567,77.281591,synthetic_envelope,SRC_VB_SYNTHETIC,,True,0.0,,v0.1,False
LOC_A19AAD792111,village,Rasulpur Majra,रसूलपुर माजरा,Haryana,HR,Yamunanagar,VB-HR-YAMUNANAGAR,,,Rasulpur Majra,,,30.115181,77.171436,synthetic_envelope,SRC_VB_SYNTHETIC,,True,0.0,,v0.1,False
LOC_F2182C022A4A,village,Chandpur,चांदपुर,Haryana,HR,Yamunanagar,VB-HR-YAMUNANAGAR,,,Chandpur,,,30.266683,77.141467,synthetic_envelope,SRC_VB_SYNTHETIC,,True,0.0,,v0.1,False
LOC_D1E9A299A51B,village,Barwala Nagar,बरवाला नगर,Haryana,HR,Yamunanagar,VB-HR-YAMUNANAGAR,,,Barwala Nagar,,,30.10214,77.179795,synthetic_envelope,SRC_VB_SYNTHETIC,,True,0.0,,v0.1,False
LOC_FD52755A0338,village,Ladwa Nagar,लाडवा नगर,Haryana,HR,Yamunanagar,VB-HR-YAMUNANAGAR,,,Ladwa Nagar,,,30.252734,77.30798,synthetic_envelope,SRC_VB_SYNTHETIC,,True,0.0,,v0.1,False
LOC_C2A8913501B8,village,Kishanpur Nagar,किशनपुर नगर,Haryana,HR,Yamunanagar,VB-HR-YAMUNANAGAR,,,Kishanpur Nagar,,,30.216573,77.174941,synthetic_envelope,SRC_VB_SYNTHETIC,,True,0.0,,v0.1,False
LOC_A0C07297CCA5,village,Chandpur Majra,चांदपुर माजरा,Haryana,HR,Yamunanagar,VB-HR-YAMUNANAGAR,,,Chandpur Majra,,,30.141606,77.075191,synthetic_envelope,SRC_VB_SYNTHETIC,,True,0.0,,v0.1,False
LOC_BD7C3D70C68C,village,Rampur Khurd,रामपुर खुर्द,Haryana,HR,Yamunanagar,VB-HR-YAMUNANAGAR,,,Rampur Khurd,,,30.066622,77.2323,synthetic_envelope,SRC_VB_SYNTHETIC,,True,0.0,,v0.1,False
LOC_F16CC0CBC07A,village,Ladwa,लाडवा,Haryana,HR,Yamunanagar,VB-HR-YAMUNANAGAR,,,Ladwa,,,30.146654,77.054233,synthetic_envelope,SRC_VB_SYNTHETIC,,True,0.0,,v0.1,False
LOC_FA857DB5C3A8,village,Mubarikpur Kalan,मुबारिकपुर कलां,Haryana,HR,Yamunanagar,VB-HR-YAMUNANAGAR,,,Mubarikpur Kalan,,,30.187844,77.042017,synthetic_envelope,SRC_VB_SYNTHETIC,,True,0.0,,v0.1,False
LOC_D43BE4B914CC,village,Mubarikpur Nagar,मुबारिकपुर नगर,Haryana,HR,Yamunanagar,VB-HR-YAMUNANAGAR,,,Mubarikpur Nagar,,,30.302816,77.038901,synthetic_envelope,SRC_VB_SYNTHETIC,,True,0.0,,v0.1,False
LOC_29DED88CD082,village,Umarpur Nagar,उमरपुर नगर,Haryana,HR,Yamunanagar,VB-HR-YAMUNANAGAR,,,Umarpur Nagar,,,30.018943,77.277825,synthetic_envelope,SRC_VB_SYNTHETIC,,True,0.0,,v0.1,False
LOC_0AEF273C2C14,village,Alipur Khera,अलीपुर खेड़ा,Haryana,HR,Yamunanagar,VB-HR-YAMUNANAGAR,,,Alipur Khera,,,30.211383,77.351685,synthetic_envelope,SRC_VB_SYNTHETIC,,True,0.0,,v0.1,False
LOC_4CBF8C09DCC2,village,Harjipur,हरजीपुर,Haryana,HR,Yamunanagar,VB-HR-YAMUNANAGAR,,,Harjipur,,,30.184278,77.242958,synthetic_envelope,SRC_VB_SYNTHETIC,,True,0.0,,v0.1,False
LOC_9B702B2E88A4,village,Fatehpur Nagar,फतेहपुर नगर,Haryana,HR,Yamunanagar,VB-HR-YAMUNANAGAR,,,Fatehpur Nagar,,,30.227024,77.301901,synthetic_envelope,SRC_VB_SYNTHETIC,,True,0.0,,v0.1,False
LOC_18F81F1890DA,village,Mubarikpur,मुबारिकपुर,Haryana,HR,Yamunanagar,VB-HR-YAMUNANAGAR,,,Mubarikpur,,,30.279077,77.258036,synthetic_envelope,SRC_VB_SYNTHETIC,,True,0.0,,v0.1,False
LOC_F28440FCE5E4,village,Bhojpur Kalan,भोजपुर कलां,Haryana,HR,Yamunanagar,VB-HR-YAMUNANAGAR,,,Bhojpur Kalan,,,30.208219,77.077487,synthetic_envelope,SRC_VB_SYNTHETIC,,True,0.0,,v0.1,False
LOC_D43EACF5F0A8,village,Sikandarpur Kalan,सिकंदरपुर कलां,Haryana,HR,Yamunanagar,VB-HR-YAMUNANAGAR,,,Sikandarpur Kalan,,,30.202941,77.046781,synthetic_envelope,SRC_VB_SYNTHETIC,,True,0.0,,v0.1,False
LOC_37BEA36BA87D,village,Bhagwanpur Majra,भगवानपुर माजरा,Haryana,HR,Yamunanagar,VB-HR-YAMUNANAGAR,,,Bhagwanpur Majra,,,30.280951,77.233809,synthetic_envelope,SRC_VB_SYNTHETIC,,True,0.0,,v0.1,False
LOC_9166821271D4,village,Harjipur Khurd,हरजीपुर खुर्द,Haryana,HR,Yamunanagar,VB-HR-YAMUNANAGAR,,,Harjipur Khurd,,,30.26947,77.212785,synthetic_envelope,SRC_VB_SYNTHETIC,,True,0.0,,v0.1,False
LOC_4700B927FD97,village,Todarpur Khurd,तोदड़पुर खुर्द,Haryana,HR,Yamunanagar,VB-HR-YAMUNANAGAR,,,Todarpur Khurd,,,30.193135,77.215399,synthetic_envelope,SRC_VB_SYNTHETIC,,True,0.0,,v0.1,False
LOC_D076FB2DC355,village,Chandpur Kalan,चांदपुर कलां,Haryana,HR,Yamunanagar,VB-HR-YAMUNANAGAR,,,Chandpur Kalan,,,30.215369,77.150148,synthetic_envelope,SRC_VB_SYNTHETIC,,True,0.0,,v0.1,False
LOC_245E7194FFC8,village,Kishanpur Majra,किशनपुर माजरा,Haryana,HR,Yamunanagar,VB-HR-YAMUNANAGAR,,,Kishanpur Majra,,,30.231441,77.100042,synthetic_envelope,SRC_VB_SYNTHETIC,,True,0.0,,v0.1,False
LOC_081D969BBA53,village,Umarpur Kalan,उमरपुर कलां,Haryana,HR,Yamunanagar,VB-HR-YAMUNANAGAR,,,Umarpur Kalan,,,30.224754,77.238076,synthetic_envelope,SRC_VB_SYNTHETIC,,True,0.0,,v0.1,False
LOC_8AF91149E414,village,Kishanpur Khera,किशनपुर खेड़ा,Haryana,HR,Yamunanagar,VB-HR-YAMUNANAGAR,,,Kishanpur Khera,,,30.21696,77.162081,synthetic_envelope,SRC_VB_SYNTHETIC,,True,0.0,,v0.1,False
LOC_A68D38711421,village,Bhojpur Khurd (1),भोजपुर खुर्द,Haryana,HR,Hisar,VB-HR-HISAR,,,Bhojpur Khurd (1),,,28.95602,75.483967,synthetic_envelope,SRC_VB_SYNTHETIC,,True,0.0,,v0.1,False
LOC_0665BD71E032,village,Salempur Majra (2),सलेमपुर माजरा,Haryana,HR,Hisar,VB-HR-HISAR,,,Salempur Majra (2),,,29.178864,75.429557,synthetic_envelope,SRC_VB_SYNTHETIC,,True,0.0,,v0.1,False
LOC_8CDA68771E57,village,Barwala Nagar (3),बरवाला नगर,Haryana,HR,Hisar,VB-HR-HISAR,,,Barwala Nagar (3),,,29.304617,75.50641,synthetic_envelope,SRC_VB_SYNTHETIC,,True,0.0,,v0.1,False
LOC_FBBDCE4D51BE,village,Salempur Majra (4),सलेमपुर माजरा,Haryana,HR,Hisar,VB-HR-HISAR,,,Salempur Majra (4),,,29.029615,75.995998,synthetic_envelope,SRC_VB_SYNTHETIC,,True,0.0,,v0.1,False
LOC_FED082174640,village,Basantpur Khera (5),बसंतपुर खेड़ा,Haryana,HR,Hisar,VB-HR-HISAR,,,Basantpur Khera (5),,,28.940605,75.581531,synthetic_envelope,SRC_VB_SYNTHETIC,,True,0.0,,v0.1,False
LOC_1DB94F262820,village,Fatehpur (6),फतेहपुर,Haryana,HR,Hisar,VB-HR-HISAR,,,Fatehpur (6),,,29.281719,75.537334,synthetic_envelope,SRC_VB_SYNTHETIC,,True,0.0,,v0.1,False
LOC_EAEBBDC2E7E0,village,Sultanpur Khera (7),सुल्तानपुर खेड़ा,Haryana,HR,Hisar,VB-HR-HISAR,,,Sultanpur Khera (7),,,29.21092,75.570122,synthetic_envelope,SRC_VB_SYNTHETIC,,True,0.0,,v0.1,False
LOC_98EDE22CECC7,village,Barwala Khurd (8),बरवाला खुर्द,Haryana,HR,Hisar,VB-HR-HISAR,,,Barwala Khurd (8),,,29.037347,75.953682,synthetic_envelope,SRC_VB_SYNTHETIC,,True,0.0,,v0.1,False
LOC_1C288CC22885,village,Gopalpur Kalan (9),गोपालपुर कलां,Haryana,HR,Hisar,VB-HR-HISAR,,,Gopalpur Kalan (9),,,29.145355,75.958199,synthetic_envelope,SRC_VB_SYNTHETIC,,True,0.0,,v0.1,False
LOC_375DB72B5241,village,Bhojpur Khera (10),भोजपुर खेड़ा,Haryana,HR,Hisar,VB-HR-HISAR,,,Bhojpur Khera (10),,,29.207177,75.408979,synthetic_envelope,SRC_VB_SYNTHETIC,,True,0.0,,v0.1,False
LOC_F21CE4503385,village,Rasulpur Khera (11),रसूलपुर खेड़ा,Haryana,HR,Hisar,VB-HR-HISAR,,,Rasulpur Khera (11),,,29.168875,76.050844,synthetic_envelope,SRC_VB_SYNTHETIC,,True,0.0,,v0.1,False
LOC_7CEA32BCA1C9,village,Alipur Khera (12),अलीपुर खेड़ा,Haryana,HR,Hisar,VB-HR-HISAR,,,Alipur Khera (12),,,29.06342,76.016738,synthetic_envelope,SRC_VB_SYNTHETIC,,True,0.0,,v0.1,False
LOC_8C7F10084D64,village,Jamalpur (13),जमालपुर,Haryana,HR,Hisar,VB-HR-HISAR,,,Jamalpur (13),,,29.175986,75.443,synthetic_envelope,SRC_VB_SYNTHETIC,,True,0.0,,v0.1,False
LOC_9966B004E23E,village,Sikandarpur Majra (14),सिकंदरपुर माजरा,Haryana,HR,Hisar,VB-HR-HISAR,,,Sikandarpur Majra (14),,,29.075662,76.018732,synthetic_envelope,SRC_VB_SYNTHETIC,,True,0.0,,v0.1,False
LOC_69393D6C33A7,village,Jamalpur Majra (15),जमालपुर माजरा,Haryana,HR,Hisar,VB-HR-HISAR,,,Jamalpur Majra (15),,,29.230329,75.405441,synthetic_envelope,SRC_VB_SYNTHETIC,,True,0.0,,v0.1,False
LOC_42C2A5C244E4,village,Mubarikpur (16),मुबारिकपुर,Haryana,HR,Hisar,VB-HR-HISAR,,,Mubarikpur (16),,,29.346019,75.466091,synthetic_envelope,SRC_VB_SYNTHETIC,,True,0.0,,v0.1,False
LOC_4A1E347C6F2B,village,Devipur (17),देवीपुर,Haryana,HR,Hisar,VB-HR-HISAR,,,Devipur (17),,,28.963964,75.640881,synthetic_envelope,SRC_VB_SYNTHETIC,,True,0.0,,v0.1,False
LOC_60C4F4F3C4E8,village,Jhinjhana (18),झिंझाना,Haryana,HR,Hisar,VB-HR-HISAR,,,Jhinjhana (18),,,28.987234,75.507949,synthetic_envelope,SRC_VB_SYNTHETIC,,True,0.0,,v0.1,False
LOC_AE1E532FEDB3,village,Basantpur Nagar (19),बसंतपुर नगर,Haryana,HR,Hisar,VB-HR-HISAR,,,Basantpur Nagar (19),,,29.038288,76.050844,synthetic_envelope,SRC_VB_SYNTHETIC,,True,0.0,,v0.1,False
LOC_D91F46164816,village,Fatehpur Kalan (20),फतेहपुर कलां,Haryana,HR,Hisar,VB-HR-HISAR,,,Fatehpur Kalan (20),,,28.915808,75.611909,synthetic_envelope,SRC_VB_SYNTHETIC,,True,0.0,,v0.1,False
LOC_DF0C862C6CFE,village,Nathupur (21),नत्थूपुर,Haryana,HR,Hisar,VB-HR-HISAR,,,Nathupur (21),,,29.09095,75.964372,synthetic_envelope,SRC_VB_SYNTHETIC,,True,0.0,,v0.1,False
LOC_9BF487F2AB51,village,Sultanpur Majra (22),सुल्तानपुर माजरा,Haryana,HR,Hisar,VB-HR-HISAR,,,Sultanpur Majra (22),,,29.106842,75.923348,synthetic_envelope,SRC_VB_SYNTHETIC,,True,0.0,,v0.1,False
LOC_2C0329D7B783,village,Bhojpur Nagar (23),भोजपुर नगर,Haryana,HR,Hisar,VB-HR-HISAR,,,Bhojpur Nagar (23),,,28.92668,75.638048,synthetic_envelope,SRC_VB_SYNTHETIC,,True,0.0,,v0.1,False
LOC_D1A50B1081AC,village,Gopalpur (24),गोपालपुर,Haryana,HR,Hisar,VB-HR-HISAR,,,Gopalpur (24),,,29.209753,75.487319,synthetic_envelope,SRC_VB_SYNTHETIC,,True,0.0,,v0.1,False
LOC_39F0779FB52F,village,Sultanpur Kalan (25),सुल्तानपुर कलां,Haryana,HR,Hisar,VB-HR-HISAR,,,Sultanpur Kalan (25),,,28.9499,75.541638,synthetic_envelope,SRC_VB_SYNTHETIC,,True,0.0,,v0.1,False
LOC_DC8518FAAFF3,village,Mubarikpur (26),मुबारिकपुर,Haryana,HR,Hisar,VB-HR-HISAR,,,Mubarikpur (26),,,28.874565,75.627854,synthetic_envelope,SRC_VB_SYNTHETIC,,True,0.0,,v0.1,False
LOC_C2FE4EFE44C7,village,Manakpur Khurd (27),मानकपुर खुर्द,Haryana,HR,Hisar,VB-HR-HISAR,,,Manakpur Khurd (27),,,29.032566,75.971667,synthetic_envelope,SRC_VB_SYNTHETIC,,True,0.0,,v0.1,False
LOC_926CC826C0FD,village,Jamalpur Majra (28),जमालपुर माजरा,Haryana,HR,Hisar,VB-HR-HISAR,,,Jamalpur Majra (28),,,29.218485,75.531877,synthetic_envelope,SRC_VB_SYNTHETIC,,True,0.0,,v0.1,False
LOC_ACFB018FCB71,village,Dhanaura Nagar (29),धनौरा नगर,Haryana,HR,Hisar,VB-HR-HISAR,,,Dhanaura Nagar (29),,,29.241152,75.578115,synthetic_envelope,SRC_VB_SYNTHETIC,,True,0.0,,v0.1,False
LOC_4DA630143815,village,Nathupur (30),नत्थूपुर,Haryana,HR,Hisar,VB-HR-HISAR,,,Nathupur (30),,,29.247294,75.454914,synthetic_envelope,SRC_VB_SYNTHETIC,,True,0.0,,v0.1,False
LOC_EB5CC95BE9B5,village,Manakpur Khera (31),मानकपुर खेड़ा,Haryana,HR,Hisar,VB-HR-HISAR,,,Manakpur Khera (31),,,28.904935,75.509883,synthetic_envelope,SRC_VB_SYNTHETIC,,True,0.0,,v0.1,False
LOC_DF4E885B1373,village,Jhinjhana Khera (1),झिंझाना खेड़ा,Haryana,HR,Fatehabad,VB-HR-FATEHABAD,,,Jhinjhana Khera (1),,,29.609998,75.310152,synthetic_envelope,SRC_VB_SYNTHETIC,,True,0.0,,v0.1,False
LOC_FC5301057E6E,village,Bhojpur Kalan (2),भोजपुर कलां,Haryana,HR,Fatehabad,VB-HR-FATEHABAD,,,Bhojpur Kalan (2),,,29.314088,75.533842,synthetic_envelope,SRC_VB_SYNTHETIC,,True,0.0,,v0.1,False
LOC_9D89B8AB9B92,village,Salempur Nagar (3),सलेमपुर नगर,Haryana,HR,Fatehabad,VB-HR-FATEHABAD,,,Salempur Nagar (3),,,29.284463,75.583573,synthetic_envelope,SRC_VB_SYNTHETIC,,True,0.0,,v0.1,False
LOC_6D69FB8BC494,village,Nathupur (4),नत्थूपुर,Haryana,HR,Fatehabad,VB-HR-FATEHABAD,,,Nathupur (4),,,29.522718,75.645501,synthetic_envelope,SRC_VB_SYNTHETIC,,True,0.0,,v0.1,False
LOC_D04EEE25B7D7,village,Harjipur (5),हरजीपुर,Haryana,HR,Fatehabad,VB-HR-FATEHABAD,,,Harjipur (5),,,29.533385,75.744036,synthetic_envelope,SRC_VB_SYNTHETIC,,True,0.0,,v0.1,False
LOC_0EFFF2AC3AAE,village,Salempur Khera (6),सलेमपुर खेड़ा,Haryana,HR,Fatehabad,VB-HR-FATEHABAD,,,Salempur Khera (6),,,29.30063,75.530771,synthetic_envelope,SRC_VB_SYNTHETIC,,True,0.0,,v0.1,False
LOC_3F84CD527870,village,Rampur Khera (7),रामपुर खेड़ा,Haryana,HR,Fatehabad,VB-HR-FATEHABAD,,,Rampur Khera (7),,,29.261776,75.596167,synthetic_envelope,SRC_VB_SYNTHETIC,,True,0.0,,v0.1,False
LOC_E4CB3BF19303,village,Bahadurpur Nagar (8),बहादुरपुर नगर,Haryana,HR,Fatehabad,VB-HR-FATEHABAD,,,Bahadurpur Nagar (8),,,29.284355,75.476385,synthetic_envelope,SRC_VB_SYNTHETIC,,True,0.0,,v0.1,False
LOC_B1D6C8D0036B,village,Manakpur (9),मानकपुर,Haryana,HR,Fatehabad,VB-HR-FATEHABAD,,,Manakpur (9),,,29.356894,75.538765,synthetic_envelope,SRC_VB_SYNTHETIC,,True,0.0,,v0.1,False
LOC_B7C6BF929E2D,village,Mubarikpur Majra (10),मुबारिकपुर माजरा,Haryana,HR,Fatehabad,VB-HR-FATEHABAD,,,Mubarikpur Majra (10),,,29.347629,75.445568,synthetic_envelope,SRC_VB_SYNTHETIC,,True,0.0,,v0.1,False
LOC_91D21D7C666E,village,Ladwa Majra (11),लाडवा माजरा,Haryana,HR,Fatehabad,VB-HR-FATEHABAD,,,Ladwa Majra (11),,,29.261776,75.522452,synthetic_envelope,SRC_VB_SYNTHETIC,,True,0.0,,v0.1,False
LOC_03AF369C388C,village,Ladwa Khera (12),लाडवा खेड़ा,Haryana,HR,Fatehabad,VB-HR-FATEHABAD,,,Ladwa Khera (12),,,29.502076,75.680349,synthetic_envelope,SRC_VB_SYNTHETIC,,True,0.0,,v0.1,False
LOC_DF7D0882EEBD,village,Barwala Khurd (13),बरवाला खुर्द,Haryana,HR,Fatehabad,VB-HR-FATEHABAD,,,Barwala Khurd (13),,,29.350922,75.565546,synthetic_envelope,SRC_VB_SYNTHETIC,,True,0.0,,v0.1,False
LOC_FDC93775A619,village,Todarpur Khera (14),तोदड़पुर खेड़ा,Haryana,HR,Fatehabad,VB-HR-FATEHABAD,,,Todarpur Khera (14),,,29.610601,75.293235,synthetic_envelope,SRC_VB_SYNTHETIC,,True,0.0,,v0.1,False
LOC_A804F599E8D1,village,Sultanpur Khera (15),सुल्तानपुर खेड़ा,Haryana,HR,Fatehabad,VB-HR-FATEHABAD,,,Sultanpur Khera (15),,,29.612092,75.664714,synthetic_envelope,SRC_VB_SYNTHETIC,,True,0.0,,v0.1,False
LOC_92C350796269,village,Manakpur Majra (16),मानकपुर माजरा,Haryana,HR,Fatehabad,VB-HR-FATEHABAD,,,Manakpur Majra (16),,,29.534038,75.708618,synthetic_envelope,SRC_VB_SYNTHETIC,,True,0.0,,v0.1,False
LOC_63F40EB10BEF,village,Bahadurpur (17),बहादुरपुर,Haryana,HR,Fatehabad,VB-HR-FATEHABAD,,,Bahadurpur (17),,,29.319604,75.546662,synthetic_envelope,SRC_VB_SYNTHETIC,,True,0.0,,v0.1,False
LOC_31E2BC1C17DC,village,Salempur Khera (18),सलेमपुर खेड़ा,Haryana,HR,Fatehabad,VB-HR-FATEHABAD,,,Salempur Khera (18),,,29.555513,75.744036,synthetic_envelope,SRC_VB_SYNTHETIC,,True,0.0,,v0.1,False
LOC_768889698760,village,Kheri Kalan (19),खेड़ी कलां,Haryana,HR,Fatehabad,VB-HR-FATEHABAD,,,Kheri Kalan (19),,,29.307225,75.552911,synthetic_envelope,SRC_VB_SYNTHETIC,,True,0.0,,v0.1,False
LOC_A76D21E4B11F,village,Sikandarpur Kalan (20),सिकंदरपुर कलां,Haryana,HR,Fatehabad,VB-HR-FATEHABAD,,,Sikandarpur Kalan (20),,,29.284904,75.563916,synthetic_envelope,SRC_VB_SYNTHETIC,,True,0.0,,v0.1,False
LOC_4FFB2A230E4A,village,Ladwa Khera (21),लाडवा खेड़ा,Haryana,HR,Fatehabad,VB-HR-FATEHABAD,,,Ladwa Khera (21),,,29.626599,75.663533,synthetic_envelope,SRC_VB_SYNTHETIC,,True,0.0,,v0.1,False
LOC_245073E5225E,village,Ladwa Khurd (22),लाडवा खुर्द,Haryana,HR,Fatehabad,VB-HR-FATEHABAD,,,Ladwa Khurd (22),,,29.34419,75.498558,synthetic_envelope,SRC_VB_SYNTHETIC,,True,0.0,,v0.1,False
LOC_861B7D6D9654,village,Manakpur Nagar (23),मानकपुर नगर,Haryana,HR,Fatehabad,VB-HR-FATEHABAD,,,Manakpur Nagar (23),,,29.261776,75.371537,synthetic_envelope,SRC_VB_SYNTHETIC,,True,0.0,,v0.1,False
LOC_3400A7430859,village,Fatehpur Khera (24),फतेहपुर खेड़ा,Haryana,HR,Fatehabad,VB-HR-FATEHABAD,,,Fatehpur Khera (24),,,29.633332,75.670255,synthetic_envelope,SRC_VB_SYNTHETIC,,True,0.0,,v0.1,False
LOC_3CBD0E793CF4,village,Ladwa Nagar (25),लाडवा नगर,Haryana,HR,Fatehabad,VB-HR-FATEHABAD,,,Ladwa Nagar (25),,,29.262483,75.641881,synthetic_envelope,SRC_VB_SYNTHETIC,,True,0.0,,v0.1,False
LOC_AB81764C5081,village,Kheri Khurd (26),खेड़ी खुर्द,Haryana,HR,Fatehabad,VB-HR-FATEHABAD,,,Kheri Khurd (26),,,29.563408,75.253716,synthetic_envelope,SRC_VB_SYNTHETIC,,True,0.0,,v0.1,False
LOC_6CFA87E1A16D,village,Chandpur Nagar (27),चांदपुर नगर,Haryana,HR,Fatehabad,VB-HR-FATEHABAD,,,Chandpur Nagar (27),,,29.261776,75.467156,synthetic_envelope,SRC_VB_SYNTHETIC,,True,0.0,,v0.1,False
LOC_589606419F7A,village,Alipur Khurd (28),अलीपुर खुर्द,Haryana,HR,Fatehabad,VB-HR-FATEHABAD,,,Alipur Khurd (28),,,29.65765,75.318307,synthetic_envelope,SRC_VB_SYNTHETIC,,True,0.0,,v0.1,False
LOC_BAB7A209CAED,village,Todarpur Kalan (29),तोदड़पुर कलां,Haryana,HR,Fatehabad,VB-HR-FATEHABAD,,,Todarpur Kalan (29),,,29.27806,75.516527,synthetic_envelope,SRC_VB_SYNTHETIC,,True,0.0,,v0.1,False
LOC_FF7EE940E09D,village,Basantpur Nagar (30),बसंतपुर नगर,Haryana,HR,Fatehabad,VB-HR-FATEHABAD,,,Basantpur Nagar (30),,,29.64726,75.232588,synthetic_envelope,SRC_VB_SYNTHETIC,,True,0.0,,v0.1,False
LOC_3E509566F83D,village,Rasulpur Majra (31),रसूलपुर माजरा,Haryana,HR,Fatehabad,VB-HR-FATEHABAD,,,Rasulpur Majra (31),,,29.616562,75.668565,synthetic_envelope,SRC_VB_SYNTHETIC,,True,0.0,,v0.1,False
LOC_E75322CD1461,village,Todarpur (32),तोदड़पुर,Haryana,HR,Fatehabad,VB-HR-FATEHABAD,,,Todarpur (32),,,29.689769,75.326303,synthetic_envelope,SRC_VB_SYNTHETIC,,True,0.0,,v0.1,False
LOC_686A4F03120F,village,Shahpur (1),शाहपुर,Haryana,HR,Sirsa,VB-HR-SIRSA,,,Shahpur (1),,,29.398985,75.191076,synthetic_envelope,SRC_VB_SYNTHETIC,,True,0.0,,v0.1,False
LOC_F0342F16B121,village,Alipur Nagar (2),अलीपुर नगर,Haryana,HR,Sirsa,VB-HR-SIRSA,,,Alipur Nagar (2),,,29.804089,74.878091,synthetic_envelope,SRC_VB_SYNTHETIC,,True,0.0,,v0.1,False
LOC_F91FE43B0F11,village,Harjipur (3),हरजीपुर,Haryana,HR,Sirsa,VB-HR-SIRSA,,,Harjipur (3),,,29.778217,74.85952,synthetic_envelope,SRC_VB_SYNTHETIC,,True,0.0,,v0.1,False
LOC_B40E1BF43212,village,Jhinjhana Khurd (4),झिंझाना खुर्द,Haryana,HR,Sirsa,VB-HR-SIRSA,,,Jhinjhana Khurd (4),,,29.563762,75.202917,synthetic_envelope,SRC_VB_SYNTHETIC,,True,0.0,,v0.1,False
LOC_18A70B091F64,village,Nangla (5),नंगला,Haryana,HR,Sirsa,VB-HR-SIRSA,,,Nangla (5),,,29.726377,74.916794,synthetic_envelope,SRC_VB_SYNTHETIC,,True,0.0,,v0.1,False
LOC_7A743E4F6476,village,Ladwa Khera (6),लाडवा खेड़ा,Haryana,HR,Sirsa,VB-HR-SIRSA,,,Ladwa Khera (6),,,29.800997,74.860108,synthetic_envelope,SRC_VB_SYNTHETIC,,True,0.0,,v0.1,False
LOC_047C8435FA76,village,Gopalpur Nagar (7),गोपालपुर नगर,Haryana,HR,Sirsa,VB-HR-SIRSA,,,Gopalpur Nagar (7),,,29.782972,74.797037,synthetic_envelope,SRC_VB_SYNTHETIC,,True,0.0,,v0.1,False
LOC_C2D0D788C30C,village,Manakpur Majra (8),मानकपुर माजरा,Haryana,HR,Sirsa,VB-HR-SIRSA,,,Manakpur Majra (8),,,29.497678,75.379042,synthetic_envelope,SRC_VB_SYNTHETIC,,True,0.0,,v0.1,False
LOC_96796CAC08EF,village,Bhagwanpur Kalan (9),भगवानपुर कलां,Haryana,HR,Sirsa,VB-HR-SIRSA,,,Bhagwanpur Kalan (9),,,29.722629,74.929838,synthetic_envelope,SRC_VB_SYNTHETIC,,True,0.0,,v0.1,False
LOC_65B4AD1C5D83,village,Bhagwanpur Majra (10),भगवानपुर माजरा,Haryana,HR,Sirsa,VB-HR-SIRSA,,,Bhagwanpur Majra (10),,,29.783316,74.831194,synthetic_envelope,SRC_VB_SYNTHETIC,,True,0.0,,v0.1,False
LOC_410668B69070,village,Mubarikpur Majra (11),मुबारिकपुर माजरा,Haryana,HR,Sirsa,VB-HR-SIRSA,,,Mubarikpur Majra (11),,,29.331759,75.353072,synthetic_envelope,SRC_VB_SYNTHETIC,,True,0.0,,v0.1,False
LOC_93F48A9AC3A2,village,Salempur Khurd (12),सलेमपुर खुर्द,Haryana,HR,Sirsa,VB-HR-SIRSA,,,Salempur Khurd (12),,,29.766297,74.880947,synthetic_envelope,SRC_VB_SYNTHETIC,,True,0.0,,v0.1,False
LOC_ED65BF9509E3,village,Jamalpur Khera (13),जमालपुर खेड़ा,Haryana,HR,Sirsa,VB-HR-SIRSA,,,Jamalpur Khera (13),,,29.729589,74.856371,synthetic_envelope,SRC_VB_SYNTHETIC,,True,0.0,,v0.1,False
LOC_0EC25FECDC79,village,Harjipur Majra (14),हरजीपुर माजरा,Haryana,HR,Sirsa,VB-HR-SIRSA,,,Harjipur Majra (14),,,29.819963,74.871382,synthetic_envelope,SRC_VB_SYNTHETIC,,True,0.0,,v0.1,False
LOC_E4659AD97B5A,village,Bahadurpur Khera (15),बहादुरपुर खेड़ा,Haryana,HR,Sirsa,VB-HR-SIRSA,,,Bahadurpur Khera (15),,,29.634225,74.937031,synthetic_envelope,SRC_VB_SYNTHETIC,,True,0.0,,v0.1,False
LOC_66595384C3D4,village,Rasulpur Kalan (16),रसूलपुर कलां,Haryana,HR,Sirsa,VB-HR-SIRSA,,,Rasulpur Kalan (16),,,29.463501,75.257075,synthetic_envelope,SRC_VB_SYNTHETIC,,True,0.0,,v0.1,False
LOC_AB12453E1879,village,Barwala Nagar (17),बरवाला नगर,Haryana,HR,Sirsa,VB-HR-SIRSA,,,Barwala Nagar (17),,,29.402121,75.309473,synthetic_envelope,SRC_VB_SYNTHETIC,,True,0.0,,v0.1,False
LOC_D8D0098455A4,village,Shahpur (18),शाहपुर,Haryana,HR,Sirsa,VB-HR-SIRSA,,,Shahpur (18),,,29.720215,74.805418,synthetic_envelope,SRC_VB_SYNTHETIC,,True,0.0,,v0.1,False
LOC_4144C0F29CB3,village,Bhagwanpur Nagar (19),भगवानपुर नगर,Haryana,HR,Sirsa,VB-HR-SIRSA,,,Bhagwanpur Nagar (19),,,29.4174,75.348067,synthetic_envelope,SRC_VB_SYNTHETIC,,True,0.0,,v0.1,False
LOC_49CDF9E92FD8,village,Bahadurpur Khurd (20),बहादुरपुर खुर्द,Haryana,HR,Sirsa,VB-HR-SIRSA,,,Bahadurpur Khurd (20),,,29.802149,74.881232,synthetic_envelope,SRC_VB_SYNTHETIC,,True,0.0,,v0.1,False
LOC_E1F3259A50A8,village,Shahpur (21),शाहपुर,Haryana,HR,Sirsa,VB-HR-SIRSA,,,Shahpur (21),,,29.750301,74.970189,synthetic_envelope,SRC_VB_SYNTHETIC,,True,0.0,,v0.1,False
LOC_FFF6E119C52E,village,Umarpur Khera (22),उमरपुर खेड़ा,Haryana,HR,Sirsa,VB-HR-SIRSA,,,Umarpur Khera (22),,,29.660465,74.861811,synthetic_envelope,SRC_VB_SYNTHETIC,,True,0.0,,v0.1,False
LOC_DD2EB91335D1,village,Sultanpur (23),सुल्तानपुर,Haryana,HR,Sirsa,VB-HR-SIRSA,,,Sultanpur (23),,,29.762344,74.878841,synthetic_envelope,SRC_VB_SYNTHETIC,,True,0.0,,v0.1,False
LOC_8C6120E556CD,village,Rasulpur Kalan (24),रसूलपुर कलां,Haryana,HR,Sirsa,VB-HR-SIRSA,,,Rasulpur Kalan (24),,,29.81849,74.884693,synthetic_envelope,SRC_VB_SYNTHETIC,,True,0.0,,v0.1,False
LOC_738538E2DBF1,village,Harjipur Kalan (25),हरजीपुर कलां,Haryana,HR,Sirsa,VB-HR-SIRSA,,,Harjipur Kalan (25),,,29.624311,74.807112,synthetic_envelope,SRC_VB_SYNTHETIC,,True,0.0,,v0.1,False
LOC_9A4A8013E17E,village,Sultanpur Khurd (26),सुल्तानपुर खुर्द,Haryana,HR,Sirsa,VB-HR-SIRSA,,,Sultanpur Khurd (26),,,29.703928,74.771444,synthetic_envelope,SRC_VB_SYNTHETIC,,True,0.0,,v0.1,False
LOC_E6A4B6E3AA34,village,Sultanpur Khurd (27),सुल्तानपुर खुर्द,Haryana,HR,Sirsa,VB-HR-SIRSA,,,Sultanpur Khurd (27),,,29.686533,74.998201,synthetic_envelope,SRC_VB_SYNTHETIC,,True,0.0,,v0.1,False
LOC_B2D5E4664374,village,Bhagwanpur Kalan (28),भगवानपुर कलां,Haryana,HR,Sirsa,VB-HR-SIRSA,,,Bhagwanpur Kalan (28),,,29.793241,74.920117,synthetic_envelope,SRC_VB_SYNTHETIC,,True,0.0,,v0.1,False
LOC_2DD8759B2434,village,Jhinjhana Nagar (29),झिंझाना नगर,Haryana,HR,Sirsa,VB-HR-SIRSA,,,Jhinjhana Nagar (29),,,29.743879,74.87322,synthetic_envelope,SRC_VB_SYNTHETIC,,True,0.0,,v0.1,False
LOC_B6CF21C9B949,village,Nathupur Khera (30),नत्थूपुर खेड़ा,Haryana,HR,Sirsa,VB-HR-SIRSA,,,Nathupur Khera (30),,,29.700906,74.886776,synthetic_envelope,SRC_VB_SYNTHETIC,,True,0.0,,v0.1,False
LOC_16D4E48BEAB6,village,Harjipur Kalan (31),हरजीपुर कलां,Haryana,HR,Sirsa,VB-HR-SIRSA,,,Harjipur Kalan (31),,,29.484438,75.297268,synthetic_envelope,SRC_VB_SYNTHETIC,,True,0.0,,v0.1,False
LOC_C2E399FA6CE2,village,Nathupur Nagar (32),नत्थूपुर नगर,Haryana,HR,Sirsa,VB-HR-SIRSA,,,Nathupur Nagar (32),,,29.763062,74.785331,synthetic_envelope,SRC_VB_SYNTHETIC,,True,0.0,,v0.1,False
LOC_1FC99A17CD93,village,Jamalpur Majra,जमालपुर माजरा,Haryana,HR,Panchkula,VB-HR-PANCHKULA,,,Jamalpur Majra,,,30.810327,76.923141,synthetic_envelope,SRC_VB_SYNTHETIC,,True,0.0,,v0.1,False
LOC_3218B498A390,village,Chandpur Khurd,चांदपुर खुर्द,Haryana,HR,Panchkula,VB-HR-PANCHKULA,,,Chandpur Khurd,,,30.635094,77.009574,synthetic_envelope,SRC_VB_SYNTHETIC,,True,0.0,,v0.1,False
LOC_4129287BD17A,village,Nathupur Kalan,नत्थूपुर कलां,Haryana,HR,Panchkula,VB-HR-PANCHKULA,,,Nathupur Kalan,,,30.779447,76.947412,synthetic_envelope,SRC_VB_SYNTHETIC,,True,0.0,,v0.1,False
LOC_E1F89992172D,village,Barwala Kalan,बरवाला कलां,Haryana,HR,Panchkula,VB-HR-PANCHKULA,,,Barwala Kalan,,,30.677977,77.04864,synthetic_envelope,SRC_VB_SYNTHETIC,,True,0.0,,v0.1,False
LOC_3315E49B5257,village,Naurangpur Khera,नौरंगपुर खेड़ा,Haryana,HR,Panchkula,VB-HR-PANCHKULA,,,Naurangpur Khera,,,30.678736,77.024062,synthetic_envelope,SRC_VB_SYNTHETIC,,True,0.0,,v0.1,False
LOC_2849C9CE529E,village,Fatehpur Majra,फतेहपुर माजरा,Haryana,HR,Panchkula,VB-HR-PANCHKULA,,,Fatehpur Majra,,,30.619696,77.04864,synthetic_envelope,SRC_VB_SYNTHETIC,,True,0.0,,v0.1,False
LOC_F0BCD44AFBF8,village,Salempur Majra,सलेमपुर माजरा,Haryana,HR,Panchkula,VB-HR-PANCHKULA,,,Salempur Majra,,,30.672992,77.004922,synthetic_envelope,SRC_VB_SYNTHETIC,,True,0.0,,v0.1,False
LOC_A0745C64A1E1,village,Rampur Majra,रामपुर माजरा,Haryana,HR,Panchkula,VB-HR-PANCHKULA,,,Rampur Majra,,,30.669602,76.983125,synthetic_envelope,SRC_VB_SYNTHETIC,,True,0.0,,v0.1,False
LOC_E666D39416FF,village,Manakpur,मानकपुर,Haryana,HR,Panchkula,VB-HR-PANCHKULA,,,Manakpur,,,30.641004,76.998907,synthetic_envelope,SRC_VB_SYNTHETIC,,True,0.0,,v0.1,False
LOC_CF331B03250D,village,Jamalpur,जमालपुर,Haryana,HR,Panchkula,VB-HR-PANCHKULA,,,Jamalpur,,,30.713491,77.012472,synthetic_envelope,SRC_VB_SYNTHETIC,,True,0.0,,v0.1,False
LOC_C28D3DA6CC98,village,Devipur,देवीपुर,Haryana,HR,Panchkula,VB-HR-PANCHKULA,,,Devipur,,,30.663552,76.999775,synthetic_envelope,SRC_VB_SYNTHETIC,,True,0.0,,v0.1,False
LOC_C11FC6BE45DA,village,Kheri Majra,खेड़ी माजरा,Haryana,HR,Panchkula,VB-HR-PANCHKULA,,,Kheri Majra,,,30.658785,77.003834,synthetic_envelope,SRC_VB_SYNTHETIC,,True,0.0,,v0.1,False
LOC_5CA22D1601A7,village,Nangla Nagar,नंगला नगर,Haryana,HR,Panchkula,VB-HR-PANCHKULA,,,Nangla Nagar,,,30.69561,76.989108,synthetic_envelope,SRC_VB_SYNTHETIC,,True,0.0,,v0.1,False
LOC_F744FF33C593,village,Fatehpur Khera,फतेहपुर खेड़ा,Haryana,HR,Panchkula,VB-HR-PANCHKULA,,,Fatehpur Khera,,,30.665167,76.996193,synthetic_envelope,SRC_VB_SYNTHETIC,,True,0.0,,v0.1,False
LOC_6782560C023F,village,Naurangpur Khera (1),नौरंगपुर खेड़ा,Punjab,PB,Ludhiana,VB-PB-LUDHIANA,,,Naurangpur Khera (1),,,30.702995,75.984741,synthetic_envelope,SRC_VB_SYNTHETIC,,True,0.0,,v0.1,False
LOC_5913A06E0734,village,Sikandarpur Majra (2),सिकंदरपुर माजरा,Punjab,PB,Ludhiana,VB-PB-LUDHIANA,,,Sikandarpur Majra (2),,,31.128154,75.755352,synthetic_envelope,SRC_VB_SYNTHETIC,,True,0.0,,v0.1,False
LOC_0C43CB7F364F,village,Dhanaura Khera (3),धनौरा खेड़ा,Punjab,PB,Ludhiana,VB-PB-LUDHIANA,,,Dhanaura Khera (3),,,30.83621,75.816145,synthetic_envelope,SRC_VB_SYNTHETIC,,True,0.0,,v0.1,False
LOC_8A3A2A4D6F0C,village,Fatehpur Kalan (4),फतेहपुर कलां,Punjab,PB,Ludhiana,VB-PB-LUDHIANA,,,Fatehpur Kalan (4),,,30.807529,76.083192,synthetic_envelope,SRC_VB_SYNTHETIC,,True,0.0,,v0.1,False
LOC_2AE30C51307D,village,Naurangpur (5),नौरंगपुर,Punjab,PB,Ludhiana,VB-PB-LUDHIANA,,,Naurangpur (5),,,30.781079,75.769428,synthetic_envelope,SRC_VB_SYNTHETIC,,True,0.0,,v0.1,False
LOC_7B1E8D38A718,village,Sultanpur (6),सुल्तानपुर,Punjab,PB,Ludhiana,VB-PB-LUDHIANA,,,Sultanpur (6),,,31.101644,75.788195,synthetic_envelope,SRC_VB_SYNTHETIC,,True,0.0,,v0.1,False
LOC_4F231594CB28,village,Alipur Nagar (7),अलीपुर नगर,Punjab,PB,Ludhiana,VB-PB-LUDHIANA,,,Alipur Nagar (7),,,31.123159,75.649999,synthetic_envelope,SRC_VB_SYNTHETIC,,True,0.0,,v0.1,False
LOC_88848AD386CF,village,Devipur (8),देवीपुर,Punjab,PB,Ludhiana,VB-PB-LUDHIANA,,,Devipur (8),,,31.112289,75.762474,synthetic_envelope,SRC_VB_SYNTHETIC,,True,0.0,,v0.1,False
LOC_F5411EA0ECC0,village,Manakpur Nagar (9),मानकपुर नगर,Punjab,PB,Ludhiana,VB-PB-LUDHIANA,,,Manakpur Nagar (9),,,31.113495,75.840661,synthetic_envelope,SRC_VB_SYNTHETIC,,True,0.0,,v0.1,False
LOC_81272F81DB10,village,Dhanaura (10),धनौरा,Punjab,PB,Ludhiana,VB-PB-LUDHIANA,,,Dhanaura (10),,,31.000184,75.8401,synthetic_envelope,SRC_VB_SYNTHETIC,,True,0.0,,v0.1,False
LOC_6BA1D970B140,village,Nangla Kalan (11),नंगला कलां,Punjab,PB,Ludhiana,VB-PB-LUDHIANA,,,Nangla Kalan (11),,,31.078553,75.711251,synthetic_envelope,SRC_VB_SYNTHETIC,,True,0.0,,v0.1,False
LOC_5D0F65A50019,village,Sikandarpur Majra (12),सिकंदरपुर माजरा,Punjab,PB,Ludhiana,VB-PB-LUDHIANA,,,Sikandarpur Majra (12),,,30.785544,75.80847,synthetic_envelope,SRC_VB_SYNTHETIC,,True,0.0,,v0.1,False
LOC_D09CCE372985,village,Rasulpur Khurd (13),रसूलपुर खुर्द,Punjab,PB,Ludhiana,VB-PB-LUDHIANA,,,Rasulpur Khurd (13),,,30.709032,76.086248,synthetic_envelope,SRC_VB_SYNTHETIC,,True,0.0,,v0.1,False
LOC_FE1C4133176D,village,Fatehpur (14),फतेहपुर,Punjab,PB,Ludhiana,VB-PB-LUDHIANA,,,Fatehpur (14),,,31.097192,75.765156,synthetic_envelope,SRC_VB_SYNTHETIC,,True,0.0,,v0.1,False
LOC_70E0F0469021,village,Todarpur Khera (15),तोदड़पुर खेड़ा,Punjab,PB,Ludhiana,VB-PB-LUDHIANA,,,Todarpur Khera (15),,,30.772943,75.815498,synthetic_envelope,SRC_VB_SYNTHETIC,,True,0.0,,v0.1,False
LOC_0B773FFA0B18,village,Shahpur (16),शाहपुर,Punjab,PB,Ludhiana,VB-PB-LUDHIANA,,,Shahpur (16),,,30.805241,76.019977,synthetic_envelope,SRC_VB_SYNTHETIC,,True,0.0,,v0.1,False
LOC_74A4E8ADE918,village,Sikandarpur Khera (17),सिकंदरपुर खेड़ा,Punjab,PB,Ludhiana,VB-PB-LUDHIANA,,,Sikandarpur Khera (17),,,31.059664,75.754018,synthetic_envelope,SRC_VB_SYNTHETIC,,True,0.0,,v0.1,False
LOC_02247F55304C,village,Basantpur Khurd (18),बसंतपुर खुर्द,Punjab,PB,Ludhiana,VB-PB-LUDHIANA,,,Basantpur Khurd (18),,,30.754121,75.956434,synthetic_envelope,SRC_VB_SYNTHETIC,,True,0.0,,v0.1,False
LOC_3D10BE9A3263,village,Todarpur (19),तोदड़पुर,Punjab,PB,Ludhiana,VB-PB-LUDHIANA,,,Todarpur (19),,,30.799964,75.75503,synthetic_envelope,SRC_VB_SYNTHETIC,,True,0.0,,v0.1,False
LOC_8CA7D48EEB08,village,Kheri Khurd (20),खेड़ी खुर्द,Punjab,PB,Ludhiana,VB-PB-LUDHIANA,,,Kheri Khurd (20),,,31.038308,75.742091,synthetic_envelope,SRC_VB_SYNTHETIC,,True,0.0,,v0.1,False
LOC_05243DBF789E,village,Bhagwanpur (21),भगवानपुर,Punjab,PB,Ludhiana,VB-PB-LUDHIANA,,,Bhagwanpur (21),,,31.093894,75.710995,synthetic_envelope,SRC_VB_SYNTHETIC,,True,0.0,,v0.1,False
LOC_7683E6A27CE1,village,Rasulpur Kalan (22),रसूलपुर कलां,Punjab,PB,Ludhiana,VB-PB-LUDHIANA,,,Rasulpur Kalan (22),,,30.79662,75.954617,synthetic_envelope,SRC_VB_SYNTHETIC,,True,0.0,,v0.1,False
LOC_EE41DC0CEE27,village,Dhanaura Khera (23),धनौरा खेड़ा,Punjab,PB,Ludhiana,VB-PB-LUDHIANA,,,Dhanaura Khera (23),,,30.80753,75.79272,synthetic_envelope,SRC_VB_SYNTHETIC,,True,0.0,,v0.1,False
LOC_A6D936F4D1D4,village,Chandpur Kalan (24),चांदपुर कलां,Punjab,PB,Ludhiana,VB-PB-LUDHIANA,,,Chandpur Kalan (24),,,30.789262,75.98673,synthetic_envelope,SRC_VB_SYNTHETIC,,True,0.0,,v0.1,False
LOC_0ED4FCA3B5F4,village,Barwala Khera (25),बरवाला खेड़ा,Punjab,PB,Ludhiana,VB-PB-LUDHIANA,,,Barwala Khera (25),,,30.809124,76.03933,synthetic_envelope,SRC_VB_SYNTHETIC,,True,0.0,,v0.1,False
LOC_636C672C3828,village,Bhojpur Kalan (26),भोजपुर कलां,Punjab,PB,Ludhiana,VB-PB-LUDHIANA,,,Bhojpur Kalan (26),,,30.762425,75.922181,synthetic_envelope,SRC_VB_SYNTHETIC,,True,0.0,,v0.1,False
LOC_4210AF0F2E97,village,Sultanpur (27),सुल्तानपुर,Punjab,PB,Ludhiana,VB-PB-LUDHIANA,,,Sultanpur (27),,,31.034867,75.739045,synthetic_envelope,SRC_VB_SYNTHETIC,,True,0.0,,v0.1,False
LOC_09BAFD35EF3A,village,Sikandarpur Khera (28),सिकंदरपुर खेड़ा,Punjab,PB,Ludhiana,VB-PB-LUDHIANA,,,Sikandarpur Khera (28),,,31.136303,75.784573,synthetic_envelope,SRC_VB_SYNTHETIC,,True,0.0,,v0.1,False
LOC_3F7965785DDB,village,Kheri Khera (29),खेड़ी खेड़ा,Punjab,PB,Ludhiana,VB-PB-LUDHIANA,,,Kheri Khera (29),,,31.112396,75.777495,synthetic_envelope,SRC_VB_SYNTHETIC,,True,0.0,,v0.1,False
LOC_11130116EB1D,village,Todarpur Khera (30),तोदड़पुर खेड़ा,Punjab,PB,Ludhiana,VB-PB-LUDHIANA,,,Todarpur Khera (30),,,30.987547,75.837654,synthetic_envelope,SRC_VB_SYNTHETIC,,True,0.0,,v0.1,False
LOC_91254FE7F304,village,Manakpur Khera (31),मानकपुर खेड़ा,Punjab,PB,Ludhiana,VB-PB-LUDHIANA,,,Manakpur Khera (31),,,30.850555,76.020139,synthetic_envelope,SRC_VB_SYNTHETIC,,True,0.0,,v0.1,False
LOC_9B9BC7C7351E,village,Chandpur,चांदपुर,Punjab,PB,Amritsar,VB-PB-AMRITSAR,,,Chandpur,,,31.788893,74.969821,synthetic_envelope,SRC_VB_SYNTHETIC,,True,0.0,,v0.1,False
LOC_31C5AD489A17,village,Mubarikpur Khurd,मुबारिकपुर खुर्द,Punjab,PB,Amritsar,VB-PB-AMRITSAR,,,Mubarikpur Khurd,,,31.783982,74.903874,synthetic_envelope,SRC_VB_SYNTHETIC,,True,0.0,,v0.1,False
LOC_349E10E41A70,village,Fatehpur Khurd,फतेहपुर खुर्द,Punjab,PB,Amritsar,VB-PB-AMRITSAR,,,Fatehpur Khurd,,,31.54955,75.061365,synthetic_envelope,SRC_VB_SYNTHETIC,,True,0.0,,v0.1,False
LOC_02886B4A0BA2,village,Naurangpur Kalan,नौरंगपुर कलां,Punjab,PB,Amritsar,VB-PB-AMRITSAR,,,Naurangpur Kalan,,,31.752484,74.981649,synthetic_envelope,SRC_VB_SYNTHETIC,,True,0.0,,v0.1,False
LOC_5766966C5185,village,Salempur,सलेमपुर,Punjab,PB,Amritsar,VB-PB-AMRITSAR,,,Salempur,,,31.572655,75.167722,synthetic_envelope,SRC_VB_SYNTHETIC,,True,0.0,,v0.1,False
LOC_EBD736E05322,village,Shahpur Khurd,शाहपुर खुर्द,Punjab,PB,Amritsar,VB-PB-AMRITSAR,,,Shahpur Khurd,,,31.614577,75.117251,synthetic_envelope,SRC_VB_SYNTHETIC,,True,0.0,,v0.1,False
LOC_EF789E90B363,village,Nathupur Khurd,नत्थूपुर खुर्द,Punjab,PB,Amritsar,VB-PB-AMRITSAR,,,Nathupur Khurd,,,31.764364,75.071154,synthetic_envelope,SRC_VB_SYNTHETIC,,True,0.0,,v0.1,False
LOC_8A87D460CB8C,village,Chandpur Khurd,चांदपुर खुर्द,Punjab,PB,Amritsar,VB-PB-AMRITSAR,,,Chandpur Khurd,,,31.63343,75.117883,synthetic_envelope,SRC_VB_SYNTHETIC,,True,0.0,,v0.1,False
LOC_C61626DB65A8,village,Nathupur Kalan,नत्थूपुर कलां,Punjab,PB,Amritsar,VB-PB-AMRITSAR,,,Nathupur Kalan,,,31.788983,74.830574,synthetic_envelope,SRC_VB_SYNTHETIC,,True,0.0,,v0.1,False
LOC_EBBA140D5321,village,Gopalpur Khurd,गोपालपुर खुर्द,Punjab,PB,Amritsar,VB-PB-AMRITSAR,,,Gopalpur Khurd,,,31.664651,74.875297,synthetic_envelope,SRC_VB_SYNTHETIC,,True,0.0,,v0.1,False
LOC_0A4CA4E2646B,village,Fatehpur Nagar,फतेहपुर नगर,Punjab,PB,Amritsar,VB-PB-AMRITSAR,,,Fatehpur Nagar,,,31.869166,74.930184,synthetic_envelope,SRC_VB_SYNTHETIC,,True,0.0,,v0.1,False
LOC_48509B8A8D5C,village,Bhojpur Khurd,भोजपुर खुर्द,Punjab,PB,Amritsar,VB-PB-AMRITSAR,,,Bhojpur Khurd,,,31.581603,75.142196,synthetic_envelope,SRC_VB_SYNTHETIC,,True,0.0,,v0.1,False
LOC_81BAC8264EE3,village,Naurangpur,नौरंगपुर,Punjab,PB,Amritsar,VB-PB-AMRITSAR,,,Naurangpur,,,31.568534,74.838848,synthetic_envelope,SRC_VB_SYNTHETIC,,True,0.0,,v0.1,False
LOC_418B7AAEE0F9,village,Fatehpur Nagar,फतेहपुर नगर,Punjab,PB,Amritsar,VB-PB-AMRITSAR,,,Fatehpur Nagar,,,31.558369,74.849902,synthetic_envelope,SRC_VB_SYNTHETIC,,True,0.0,,v0.1,False
LOC_309E7D646677,village,Alipur Khera,अलीपुर खेड़ा,Punjab,PB,Amritsar,VB-PB-AMRITSAR,,,Alipur Khera,,,31.581969,74.887432,synthetic_envelope,SRC_VB_SYNTHETIC,,True,0.0,,v0.1,False
LOC_75FDCE395ED8,village,Kishanpur Kalan,किशनपुर कलां,Punjab,PB,Amritsar,VB-PB-AMRITSAR,,,Kishanpur Kalan,,,31.540151,74.793477,synthetic_envelope,SRC_VB_SYNTHETIC,,True,0.0,,v0.1,False
LOC_338FF998CEF1,village,Nathupur Majra,नत्थूपुर माजरा,Punjab,PB,Amritsar,VB-PB-AMRITSAR,,,Nathupur Majra,,,31.606983,75.135951,synthetic_envelope,SRC_VB_SYNTHETIC,,True,0.0,,v0.1,False
LOC_12A79FA4AD5A,village,Ladwa Khurd,लाडवा खुर्द,Punjab,PB,Amritsar,VB-PB-AMRITSAR,,,Ladwa Khurd,,,31.774571,74.959961,synthetic_envelope,SRC_VB_SYNTHETIC,,True,0.0,,v0.1,False
LOC_66D62F269DD9,village,Basantpur Majra,बसंतपुर माजरा,Punjab,PB,Amritsar,VB-PB-AMRITSAR,,,Basantpur Majra,,,31.554891,74.861977,synthetic_envelope,SRC_VB_SYNTHETIC,,True,0.0,,v0.1,False
LOC_8CFE3D1A8322,village,Nangla,नंगला,Punjab,PB,Amritsar,VB-PB-AMRITSAR,,,Nangla,,,31.640367,75.167722,synthetic_envelope,SRC_VB_SYNTHETIC,,True,0.0,,v0.1,False
LOC_29497D414712,village,Kishanpur Kalan,किशनपुर कलां,Punjab,PB,Amritsar,VB-PB-AMRITSAR,,,Kishanpur Kalan,,,31.511102,74.85108,synthetic_envelope,SRC_VB_SYNTHETIC,,True,0.0,,v0.1,False
LOC_81A50B4A6DF9,village,Devipur Majra,देवीपुर माजरा,Punjab,PB,Amritsar,VB-PB-AMRITSAR,,,Devipur Majra,,,31.637047,75.167722,synthetic_envelope,SRC_VB_SYNTHETIC,,True,0.0,,v0.1,False
LOC_7E031D3AB807,village,Bhojpur Nagar,भोजपुर नगर,Punjab,PB,Amritsar,VB-PB-AMRITSAR,,,Bhojpur Nagar,,,31.668996,74.904048,synthetic_envelope,SRC_VB_SYNTHETIC,,True,0.0,,v0.1,False
LOC_60B637690FFA,village,Bhagwanpur Nagar,भगवानपुर नगर,Punjab,PB,Amritsar,VB-PB-AMRITSAR,,,Bhagwanpur Nagar,,,31.547279,74.862763,synthetic_envelope,SRC_VB_SYNTHETIC,,True,0.0,,v0.1,False
LOC_EE4D0FFFBABF,village,Shahpur Khurd,शाहपुर खुर्द,Punjab,PB,Amritsar,VB-PB-AMRITSAR,,,Shahpur Khurd,,,31.51971,74.831594,synthetic_envelope,SRC_VB_SYNTHETIC,,True,0.0,,v0.1,False
LOC_661DD5451BC6,village,Salempur Majra,सलेमपुर माजरा,Punjab,PB,Amritsar,VB-PB-AMRITSAR,,,Salempur Majra,,,31.652345,75.136815,synthetic_envelope,SRC_VB_SYNTHETIC,,True,0.0,,v0.1,False
LOC_17586C7B3506,village,Mubarikpur Majra,मुबारिकपुर माजरा,Punjab,PB,Amritsar,VB-PB-AMRITSAR,,,Mubarikpur Majra,,,31.647002,75.136044,synthetic_envelope,SRC_VB_SYNTHETIC,,True,0.0,,v0.1,False
LOC_1804CEABDF68,village,Kishanpur Khurd,किशनपुर खुर्द,Punjab,PB,Amritsar,VB-PB-AMRITSAR,,,Kishanpur Khurd,,,31.649655,75.167722,synthetic_envelope,SRC_VB_SYNTHETIC,,True,0.0,,v0.1,False
LOC_30D5B34A466D,village,Bhojpur Khera,भोजपुर खेड़ा,Punjab,PB,Amritsar,VB-PB-AMRITSAR,,,Bhojpur Khera,,,31.573039,74.839352,synthetic_envelope,SRC_VB_SYNTHETIC,,True,0.0,,v0.1,False
LOC_621CC4CC1CD8,village,Kheri Nagar,खेड़ी नगर,Punjab,PB,Amritsar,VB-PB-AMRITSAR,,,Kheri Nagar,,,31.510019,74.889318,synthetic_envelope,SRC_VB_SYNTHETIC,,True,0.0,,v0.1,False
LOC_2783FF6A0200,village,Jhinjhana Kalan (1),झिंझाना कलां,Punjab,PB,Jalandhar,VB-PB-JALANDHAR,,,Jhinjhana Kalan (1),,,31.396681,75.500844,synthetic_envelope,SRC_VB_SYNTHETIC,,True,0.0,,v0.1,False
LOC_4BC4D30D08BE,village,Umarpur Khurd (2),उमरपुर खुर्द,Punjab,PB,Jalandhar,VB-PB-JALANDHAR,,,Umarpur Khurd (2),,,31.299293,75.811862,synthetic_envelope,SRC_VB_SYNTHETIC,,True,0.0,,v0.1,False
LOC_B52C5A1209E7,village,Umarpur Khurd (3),उमरपुर खुर्द,Punjab,PB,Jalandhar,VB-PB-JALANDHAR,,,Umarpur Khurd (3),,,31.324821,75.538598,synthetic_envelope,SRC_VB_SYNTHETIC,,True,0.0,,v0.1,False
LOC_6CECAB7B090C,village,Basantpur Kalan (4),बसंतपुर कलां,Punjab,PB,Jalandhar,VB-PB-JALANDHAR,,,Basantpur Kalan (4),,,31.390382,75.589057,synthetic_envelope,SRC_VB_SYNTHETIC,,True,0.0,,v0.1,False
LOC_777FF498DA07,village,Naurangpur Nagar (5),नौरंगपुर नगर,Punjab,PB,Jalandhar,VB-PB-JALANDHAR,,,Naurangpur Nagar (5),,,31.376022,75.520971,synthetic_envelope,SRC_VB_SYNTHETIC,,True,0.0,,v0.1,False
LOC_D1C7EBC89805,village,Barwala Khera (6),बरवाला खेड़ा,Punjab,PB,Jalandhar,VB-PB-JALANDHAR,,,Barwala Khera (6),,,31.136536,75.409557,synthetic_envelope,SRC_VB_SYNTHETIC,,True,0.0,,v0.1,False
LOC_2A348C365A34,village,Devipur (7),देवीपुर,Punjab,PB,Jalandhar,VB-PB-JALANDHAR,,,Devipur (7),,,31.409089,75.503471,synthetic_envelope,SRC_VB_SYNTHETIC,,True,0.0,,v0.1,False
LOC_657A562C63CB,village,Ladwa (8),लाडवा,Punjab,PB,Jalandhar,VB-PB-JALANDHAR,,,Ladwa (8),,,31.368596,75.435487,synthetic_envelope,SRC_VB_SYNTHETIC,,True,0.0,,v0.1,False
LOC_1EC149D8F5C6,village,Mubarikpur Khurd (9),मुबारिकपुर खुर्द,Punjab,PB,Jalandhar,VB-PB-JALANDHAR,,,Mubarikpur Khurd (9),,,31.26417,75.706828,synthetic_envelope,SRC_VB_SYNTHETIC,,True,0.0,,v0.1,False
LOC_2421D333A3BE,village,Fatehpur Majra (10),फतेहपुर माजरा,Punjab,PB,Jalandhar,VB-PB-JALANDHAR,,,Fatehpur Majra (10),,,31.331761,75.795231,synthetic_envelope,SRC_VB_SYNTHETIC,,True,0.0,,v0.1,False
LOC_D0E0FBB4DFF4,village,Rampur Khurd (11),रामपुर खुर्द,Punjab,PB,Jalandhar,VB-PB-JALANDHAR,,,Rampur Khurd (11),,,31.235352,75.721101,synthetic_envelope,SRC_VB_SYNTHETIC,,True,0.0,,v0.1,False
LOC_D5DB68239382,village,Bahadurpur Khera (12),बहादुरपुर खेड़ा,Punjab,PB,Jalandhar,VB-PB-JALANDHAR,,,Bahadurpur Khera (12),,,31.351179,75.504697,synthetic_envelope,SRC_VB_SYNTHETIC,,True,0.0,,v0.1,False
LOC_B1AD4DEA8738,village,Rasulpur Majra (13),रसूलपुर माजरा,Punjab,PB,Jalandhar,VB-PB-JALANDHAR,,,Rasulpur Majra (13),,,31.425215,75.56123,synthetic_envelope,SRC_VB_SYNTHETIC,,True,0.0,,v0.1,False
LOC_CA2DD1E9945E,village,Barwala Nagar (14),बरवाला नगर,Punjab,PB,Jalandhar,VB-PB-JALANDHAR,,,Barwala Nagar (14),,,31.21466,75.502416,synthetic_envelope,SRC_VB_SYNTHETIC,,True,0.0,,v0.1,False
LOC_F51F24EB94D4,village,Bahadurpur Khurd (15),बहादुरपुर खुर्द,Punjab,PB,Jalandhar,VB-PB-JALANDHAR,,,Bahadurpur Khurd (15),,,31.299703,75.758742,synthetic_envelope,SRC_VB_SYNTHETIC,,True,0.0,,v0.1,False
LOC_1FBF8A2DEFCC,village,Salempur (16),सलेमपुर,Punjab,PB,Jalandhar,VB-PB-JALANDHAR,,,Salempur (16),,,31.183123,75.421256,synthetic_envelope,SRC_VB_SYNTHETIC,,True,0.0,,v0.1,False
LOC_9ABCB01D36F1,village,Jhinjhana Khera (17),झिंझाना खेड़ा,Punjab,PB,Jalandhar,VB-PB-JALANDHAR,,,Jhinjhana Khera (17),,,31.32273,75.579992,synthetic_envelope,SRC_VB_SYNTHETIC,,True,0.0,,v0.1,False
LOC_4071DFF4A73C,village,Shahpur Khera (18),शाहपुर खेड़ा,Punjab,PB,Jalandhar,VB-PB-JALANDHAR,,,Shahpur Khera (18),,,31.442625,75.564446,synthetic_envelope,SRC_VB_SYNTHETIC,,True,0.0,,v0.1,False
LOC_D7E0283DE29B,village,Kishanpur Majra (19),किशनपुर माजरा,Punjab,PB,Jalandhar,VB-PB-JALANDHAR,,,Kishanpur Majra (19),,,31.398322,75.546516,synthetic_envelope,SRC_VB_SYNTHETIC,,True,0.0,,v0.1,False
LOC_3591FE061A91,village,Rasulpur Majra (20),रसूलपुर माजरा,Punjab,PB,Jalandhar,VB-PB-JALANDHAR,,,Rasulpur Majra (20),,,31.380531,75.505344,synthetic_envelope,SRC_VB_SYNTHETIC,,True,0.0,,v0.1,False
LOC_25065D8B6D6E,village,Dhanaura Khera (21),धनौरा खेड़ा,Punjab,PB,Jalandhar,VB-PB-JALANDHAR,,,Dhanaura Khera (21),,,31.444535,75.556028,synthetic_envelope,SRC_VB_SYNTHETIC,,True,0.0,,v0.1,False
LOC_407103B7536A,village,Devipur Kalan (22),देवीपुर कलां,Punjab,PB,Jalandhar,VB-PB-JALANDHAR,,,Devipur Kalan (22),,,31.303118,75.7536,synthetic_envelope,SRC_VB_SYNTHETIC,,True,0.0,,v0.1,False
LOC_C68D25F77940,village,Bhojpur (23),भोजपुर,Punjab,PB,Jalandhar,VB-PB-JALANDHAR,,,Bhojpur (23),,,31.401044,75.472763,synthetic_envelope,SRC_VB_SYNTHETIC,,True,0.0,,v0.1,False
LOC_68D2FA5C59F3,village,Devipur Kalan (24),देवीपुर कलां,Punjab,PB,Jalandhar,VB-PB-JALANDHAR,,,Devipur Kalan (24),,,31.260762,75.420926,synthetic_envelope,SRC_VB_SYNTHETIC,,True,0.0,,v0.1,False
LOC_82A0D949DC00,village,Bhagwanpur Nagar (25),भगवानपुर नगर,Punjab,PB,Jalandhar,VB-PB-JALANDHAR,,,Bhagwanpur Nagar (25),,,31.286907,75.459077,synthetic_envelope,SRC_VB_SYNTHETIC,,True,0.0,,v0.1,False
LOC_920381EFE5E0,village,Kheri Khera (26),खेड़ी खेड़ा,Punjab,PB,Jalandhar,VB-PB-JALANDHAR,,,Kheri Khera (26),,,31.429984,75.530969,synthetic_envelope,SRC_VB_SYNTHETIC,,True,0.0,,v0.1,False
LOC_B240D2FCA089,village,Rasulpur Kalan (27),रसूलपुर कलां,Punjab,PB,Jalandhar,VB-PB-JALANDHAR,,,Rasulpur Kalan (27),,,31.312103,75.711192,synthetic_envelope,SRC_VB_SYNTHETIC,,True,0.0,,v0.1,False
LOC_59FD59C24704,village,Todarpur Khurd (28),तोदड़पुर खुर्द,Punjab,PB,Jalandhar,VB-PB-JALANDHAR,,,Todarpur Khurd (28),,,31.395062,75.522445,synthetic_envelope,SRC_VB_SYNTHETIC,,True,0.0,,v0.1,False
LOC_4E42E33DC118,village,Nangla Khurd (29),नंगला खुर्द,Punjab,PB,Jalandhar,VB-PB-JALANDHAR,,,Nangla Khurd (29),,,31.214639,75.381144,synthetic_envelope,SRC_VB_SYNTHETIC,,True,0.0,,v0.1,False
LOC_D2F3B017F36E,village,Sultanpur Nagar (30),सुल्तानपुर नगर,Punjab,PB,Jalandhar,VB-PB-JALANDHAR,,,Sultanpur Nagar (30),,,31.358421,75.525107,synthetic_envelope,SRC_VB_SYNTHETIC,,True,0.0,,v0.1,False
LOC_788A3F337B51,village,Bhagwanpur Kalan (31),भगवानपुर कलां,Punjab,PB,Jalandhar,VB-PB-JALANDHAR,,,Bhagwanpur Kalan (31),,,31.333235,75.757227,synthetic_envelope,SRC_VB_SYNTHETIC,,True,0.0,,v0.1,False
LOC_16A55E091EF0,village,Barwala Khera (1),बरवाला खेड़ा,Punjab,PB,Patiala,VB-PB-PATIALA,,,Barwala Khera (1),,,30.465746,76.446531,synthetic_envelope,SRC_VB_SYNTHETIC,,True,0.0,,v0.1,False
LOC_FB296D59A427,village,Bahadurpur Nagar (2),बहादुरपुर नगर,Punjab,PB,Patiala,VB-PB-PATIALA,,,Bahadurpur Nagar (2),,,30.533365,76.334193,synthetic_envelope,SRC_VB_SYNTHETIC,,True,0.0,,v0.1,False
LOC_2823D8153A96,village,Umarpur Khera (3),उमरपुर खेड़ा,Punjab,PB,Patiala,VB-PB-PATIALA,,,Umarpur Khera (3),,,30.532734,76.49797,synthetic_envelope,SRC_VB_SYNTHETIC,,True,0.0,,v0.1,False
LOC_6F00E90E5850,village,Fatehpur Nagar (4),फतेहपुर नगर,Punjab,PB,Patiala,VB-PB-PATIALA,,,Fatehpur Nagar (4),,,30.083478,76.479916,synthetic_envelope,SRC_VB_SYNTHETIC,,True,0.0,,v0.1,False
LOC_F93E9F4CBF55,village,Devipur Kalan (5),देवीपुर कलां,Punjab,PB,Patiala,VB-PB-PATIALA,,,Devipur Kalan (5),,,30.132188,76.446977,synthetic_envelope,SRC_VB_SYNTHETIC,,True,0.0,,v0.1,False
LOC_20177FB88660,village,Jhinjhana (6),झिंझाना,Punjab,PB,Patiala,VB-PB-PATIALA,,,Jhinjhana (6),,,30.315395,76.472341,synthetic_envelope,SRC_VB_SYNTHETIC,,True,0.0,,v0.1,False
LOC_A12DDC8D109E,village,Nathupur Majra (7),नत्थूपुर माजरा,Punjab,PB,Patiala,VB-PB-PATIALA,,,Nathupur Majra (7),,,30.180976,76.478673,synthetic_envelope,SRC_VB_SYNTHETIC,,True,0.0,,v0.1,False
LOC_E52ED36BB75A,village,Jamalpur Kalan (8),जमालपुर कलां,Punjab,PB,Patiala,VB-PB-PATIALA,,,Jamalpur Kalan (8),,,30.303446,76.468555,synthetic_envelope,SRC_VB_SYNTHETIC,,True,0.0,,v0.1,False
LOC_634987A0EFD5,village,Nathupur Majra (9),नत्थूपुर माजरा,Punjab,PB,Patiala,VB-PB-PATIALA,,,Nathupur Majra (9),,,30.207599,76.534886,synthetic_envelope,SRC_VB_SYNTHETIC,,True,0.0,,v0.1,False
LOC_525B11A964FD,village,Todarpur Nagar (10),तोदड़पुर नगर,Punjab,PB,Patiala,VB-PB-PATIALA,,,Todarpur Nagar (10),,,30.135187,76.472283,synthetic_envelope,SRC_VB_SYNTHETIC,,True,0.0,,v0.1,False
LOC_2E49D32A835A,village,Mubarikpur Kalan (11),मुबारिकपुर कलां,Punjab,PB,Patiala,VB-PB-PATIALA,,,Mubarikpur Kalan (11),,,30.107185,76.293126,synthetic_envelope,SRC_VB_SYNTHETIC,,True,0.0,,v0.1,False
LOC_EC72BC99600E,village,Nangla Kalan (12),नंगला कलां,Punjab,PB,Patiala,VB-PB-PATIALA,,,Nangla Kalan (12),,,30.166912,76.462601,synthetic_envelope,SRC_VB_SYNTHETIC,,True,0.0,,v0.1,False
LOC_227A1AD62964,village,Bahadurpur Khera (13),बहादुरपुर खेड़ा,Punjab,PB,Patiala,VB-PB-PATIALA,,,Bahadurpur Khera (13),,,30.315355,76.534603,synthetic_envelope,SRC_VB_SYNTHETIC,,True,0.0,,v0.1,False
LOC_CD534A1A13D9,village,Bhagwanpur Khurd (14),भगवानपुर खुर्द,Punjab,PB,Patiala,VB-PB-PATIALA,,,Bhagwanpur Khurd (14),,,30.230546,76.398065,synthetic_envelope,SRC_VB_SYNTHETIC,,True,0.0,,v0.1,False
LOC_3E29C1C509AB,village,Naurangpur Nagar (15),नौरंगपुर नगर,Punjab,PB,Patiala,VB-PB-PATIALA,,,Naurangpur Nagar (15),,,30.226413,76.380523,synthetic_envelope,SRC_VB_SYNTHETIC,,True,0.0,,v0.1,False
LOC_C81DFEA659F6,village,Manakpur Majra (16),मानकपुर माजरा,Punjab,PB,Patiala,VB-PB-PATIALA,,,Manakpur Majra (16),,,30.17537,76.576407,synthetic_envelope,SRC_VB_SYNTHETIC,,True,0.0,,v0.1,False
LOC_A4CF80F0206A,village,Basantpur Khera (17),बसंतपुर खेड़ा,Punjab,PB,Patiala,VB-PB-PATIALA,,,Basantpur Khera (17),,,30.562455,76.32603,synthetic_envelope,SRC_VB_SYNTHETIC,,True,0.0,,v0.1,False
LOC_721BD81C0600,village,Salempur Khurd (18),सलेमपुर खुर्द,Punjab,PB,Patiala,VB-PB-PATIALA,,,Salempur Khurd (18),,,30.119614,76.400608,synthetic_envelope,SRC_VB_SYNTHETIC,,True,0.0,,v0.1,False
LOC_C5F5F4E86AF6,village,Bhagwanpur Khurd (19),भगवानपुर खुर्द,Punjab,PB,Patiala,VB-PB-PATIALA,,,Bhagwanpur Khurd (19),,,30.147222,76.44371,synthetic_envelope,SRC_VB_SYNTHETIC,,True,0.0,,v0.1,False
LOC_DD6C3D8ADB09,village,Sikandarpur Khurd (20),सिकंदरपुर खुर्द,Punjab,PB,Patiala,VB-PB-PATIALA,,,Sikandarpur Khurd (20),,,30.228865,76.555596,synthetic_envelope,SRC_VB_SYNTHETIC,,True,0.0,,v0.1,False
LOC_9B98CA634BFF,village,Bahadurpur Khurd (21),बहादुरपुर खुर्द,Punjab,PB,Patiala,VB-PB-PATIALA,,,Bahadurpur Khurd (21),,,30.514424,76.403614,synthetic_envelope,SRC_VB_SYNTHETIC,,True,0.0,,v0.1,False
LOC_8A8FE1E67161,village,Kheri Khurd (22),खेड़ी खुर्द,Punjab,PB,Patiala,VB-PB-PATIALA,,,Kheri Khurd (22),,,30.533225,76.401704,synthetic_envelope,SRC_VB_SYNTHETIC,,True,0.0,,v0.1,False
LOC_1C1CAFBB2F45,village,Ladwa Kalan (23),लाडवा कलां,Punjab,PB,Patiala,VB-PB-PATIALA,,,Ladwa Kalan (23),,,30.5112,76.3,synthetic_envelope,SRC_VB_SYNTHETIC,,True,0.0,,v0.1,False
LOC_E7BB943740C1,village,Basantpur Khera (24),बसंतपुर खेड़ा,Punjab,PB,Patiala,VB-PB-PATIALA,,,Basantpur Khera (24),,,30.129688,76.432458,synthetic_envelope,SRC_VB_SYNTHETIC,,True,0.0,,v0.1,False
LOC_2A301462DD49,village,Alipur Nagar (25),अलीपुर नगर,Punjab,PB,Patiala,VB-PB-PATIALA,,,Alipur Nagar (25),,,30.250238,76.484972,synthetic_envelope,SRC_VB_SYNTHETIC,,True,0.0,,v0.1,False
LOC_C4FAE58EE95A,village,Todarpur Khurd (26),तोदड़पुर खुर्द,Punjab,PB,Patiala,VB-PB-PATIALA,,,Todarpur Khurd (26),,,30.557071,76.369521,synthetic_envelope,SRC_VB_SYNTHETIC,,True,0.0,,v0.1,False
LOC_4C46458F680A,village,Barwala Majra (27),बरवाला माजरा,Punjab,PB,Patiala,VB-PB-PATIALA,,,Barwala Majra (27),,,30.489401,76.373968,synthetic_envelope,SRC_VB_SYNTHETIC,,True,0.0,,v0.1,False
LOC_18C14E1CF6C9,village,Ladwa Kalan (28),लाडवा कलां,Punjab,PB,Patiala,VB-PB-PATIALA,,,Ladwa Kalan (28),,,30.250758,76.59564,synthetic_envelope,SRC_VB_SYNTHETIC,,True,0.0,,v0.1,False
LOC_FBEC4FC1D18E,village,Jhinjhana Majra (29),झिंझाना माजरा,Punjab,PB,Patiala,VB-PB-PATIALA,,,Jhinjhana Majra (29),,,30.266904,76.481983,synthetic_envelope,SRC_VB_SYNTHETIC,,True,0.0,,v0.1,False
LOC_C7E43982CDC0,village,Mubarikpur (30),मुबारिकपुर,Punjab,PB,Patiala,VB-PB-PATIALA,,,Mubarikpur (30),,,30.51168,76.34574,synthetic_envelope,SRC_VB_SYNTHETIC,,True,0.0,,v0.1,False
LOC_EFF4C28773E6,village,Shahpur (31),शाहपुर,Punjab,PB,Patiala,VB-PB-PATIALA,,,Shahpur (31),,,30.485633,76.364581,synthetic_envelope,SRC_VB_SYNTHETIC,,True,0.0,,v0.1,False
LOC_917B3A2FBEE9,village,Gopalpur Khera (32),गोपालपुर खेड़ा,Punjab,PB,Patiala,VB-PB-PATIALA,,,Gopalpur Khera (32),,,30.206638,76.432276,synthetic_envelope,SRC_VB_SYNTHETIC,,True,0.0,,v0.1,False
LOC_1B0921645D5A,village,Gopalpur Khera (1),गोपालपुर खेड़ा,Punjab,PB,Bathinda,VB-PB-BATHINDA,,,Gopalpur Khera (1),,,30.058674,74.739188,synthetic_envelope,SRC_VB_SYNTHETIC,,True,0.0,,v0.1,False
LOC_0E0A9E91817B,village,Salempur Khera (2),सलेमपुर खेड़ा,Punjab,PB,Bathinda,VB-PB-BATHINDA,,,Salempur Khera (2),,,30.265382,74.842375,synthetic_envelope,SRC_VB_SYNTHETIC,,True,0.0,,v0.1,False
LOC_A2EF40CE61DD,village,Manakpur Khurd (3),मानकपुर खुर्द,Punjab,PB,Bathinda,VB-PB-BATHINDA,,,Manakpur Khurd (3),,,30.044834,74.715401,synthetic_envelope,SRC_VB_SYNTHETIC,,True,0.0,,v0.1,False
LOC_B5BBF2ABF90A,village,Nangla Nagar (4),नंगला नगर,Punjab,PB,Bathinda,VB-PB-BATHINDA,,,Nangla Nagar (4),,,30.386751,75.030289,synthetic_envelope,SRC_VB_SYNTHETIC,,True,0.0,,v0.1,False
LOC_87100B3B0525,village,Salempur Khurd (5),सलेमपुर खुर्द,Punjab,PB,Bathinda,VB-PB-BATHINDA,,,Salempur Khurd (5),,,30.27522,74.921881,synthetic_envelope,SRC_VB_SYNTHETIC,,True,0.0,,v0.1,False
LOC_87B5740A1FE4,village,Nangla Majra (6),नंगला माजरा,Punjab,PB,Bathinda,VB-PB-BATHINDA,,,Nangla Majra (6),,,30.317101,74.781968,synthetic_envelope,SRC_VB_SYNTHETIC,,True,0.0,,v0.1,False
LOC_2DFA72C48C75,village,Bhagwanpur Khera (7),भगवानपुर खेड़ा,Punjab,PB,Bathinda,VB-PB-BATHINDA,,,Bhagwanpur Khera (7),,,30.22593,74.813155,synthetic_envelope,SRC_VB_SYNTHETIC,,True,0.0,,v0.1,False
LOC_ABC2F7A92A3F,village,Shahpur Majra (8),शाहपुर माजरा,Punjab,PB,Bathinda,VB-PB-BATHINDA,,,Shahpur Majra (8),,,30.415235,75.055422,synthetic_envelope,SRC_VB_SYNTHETIC,,True,0.0,,v0.1,False
LOC_5532227F6DEB,village,Manakpur Khera (9),मानकपुर खेड़ा,Punjab,PB,Bathinda,VB-PB-BATHINDA,,,Manakpur Khera (9),,,30.301151,74.839686,synthetic_envelope,SRC_VB_SYNTHETIC,,True,0.0,,v0.1,False
LOC_51F2B388D489,village,Alipur Kalan (10),अलीपुर कलां,Punjab,PB,Bathinda,VB-PB-BATHINDA,,,Alipur Kalan (10),,,30.371662,74.984104,synthetic_envelope,SRC_VB_SYNTHETIC,,True,0.0,,v0.1,False
LOC_6A489233F6A1,village,Ladwa Kalan (11),लाडवा कलां,Punjab,PB,Bathinda,VB-PB-BATHINDA,,,Ladwa Kalan (11),,,30.07693,74.791572,synthetic_envelope,SRC_VB_SYNTHETIC,,True,0.0,,v0.1,False
LOC_77864863A8C2,village,Sultanpur Majra (12),सुल्तानपुर माजरा,Punjab,PB,Bathinda,VB-PB-BATHINDA,,,Sultanpur Majra (12),,,30.282639,74.85311,synthetic_envelope,SRC_VB_SYNTHETIC,,True,0.0,,v0.1,False
LOC_D6314FDD6F9E,village,Bhojpur Majra (13),भोजपुर माजरा,Punjab,PB,Bathinda,VB-PB-BATHINDA,,,Bhojpur Majra (13),,,30.027949,74.718197,synthetic_envelope,SRC_VB_SYNTHETIC,,True,0.0,,v0.1,False
LOC_F3300479579F,village,Ladwa Khera (14),लाडवा खेड़ा,Punjab,PB,Bathinda,VB-PB-BATHINDA,,,Ladwa Khera (14),,,30.375822,75.125862,synthetic_envelope,SRC_VB_SYNTHETIC,,True,0.0,,v0.1,False
LOC_DA3DB3A26023,village,Bhagwanpur Nagar (15),भगवानपुर नगर,Punjab,PB,Bathinda,VB-PB-BATHINDA,,,Bhagwanpur Nagar (15),,,30.131048,74.712366,synthetic_envelope,SRC_VB_SYNTHETIC,,True,0.0,,v0.1,False
LOC_3F538CDD9B3F,village,Salempur Kalan (16),सलेमपुर कलां,Punjab,PB,Bathinda,VB-PB-BATHINDA,,,Salempur Kalan (16),,,30.426409,74.986248,synthetic_envelope,SRC_VB_SYNTHETIC,,True,0.0,,v0.1,False
LOC_EE3C79171950,village,Bhojpur Khera (17),भोजपुर खेड़ा,Punjab,PB,Bathinda,VB-PB-BATHINDA,,,Bhojpur Khera (17),,,30.087351,74.633651,synthetic_envelope,SRC_VB_SYNTHETIC,,True,0.0,,v0.1,False
LOC_E57014B015F4,village,Salempur Kalan (18),सलेमपुर कलां,Punjab,PB,Bathinda,VB-PB-BATHINDA,,,Salempur Kalan (18),,,30.215691,74.791333,synthetic_envelope,SRC_VB_SYNTHETIC,,True,0.0,,v0.1,False
LOC_1FDEABAC5740,village,Bhagwanpur Khera (19),भगवानपुर खेड़ा,Punjab,PB,Bathinda,VB-PB-BATHINDA,,,Bhagwanpur Khera (19),,,30.193056,74.838196,synthetic_envelope,SRC_VB_SYNTHETIC,,True,0.0,,v0.1,False
LOC_703B7CC04B05,village,Rasulpur Khera (20),रसूलपुर खेड़ा,Punjab,PB,Bathinda,VB-PB-BATHINDA,,,Rasulpur Khera (20),,,30.258587,74.808016,synthetic_envelope,SRC_VB_SYNTHETIC,,True,0.0,,v0.1,False
LOC_07AC66338950,village,Salempur Khera (21),सलेमपुर खेड़ा,Punjab,PB,Bathinda,VB-PB-BATHINDA,,,Salempur Khera (21),,,30.055203,74.73423,synthetic_envelope,SRC_VB_SYNTHETIC,,True,0.0,,v0.1,False
LOC_A3FC80985EF5,village,Barwala Nagar (22),बरवाला नगर,Punjab,PB,Bathinda,VB-PB-BATHINDA,,,Barwala Nagar (22),,,30.402827,75.002957,synthetic_envelope,SRC_VB_SYNTHETIC,,True,0.0,,v0.1,False
LOC_F768E02FE73B,village,Basantpur (23),बसंतपुर,Punjab,PB,Bathinda,VB-PB-BATHINDA,,,Basantpur (23),,,30.36011,75.096189,synthetic_envelope,SRC_VB_SYNTHETIC,,True,0.0,,v0.1,False
LOC_6F83A6B5035F,village,Bahadurpur Khera (24),बहादुरपुर खेड़ा,Punjab,PB,Bathinda,VB-PB-BATHINDA,,,Bahadurpur Khera (24),,,30.408479,74.934651,synthetic_envelope,SRC_VB_SYNTHETIC,,True,0.0,,v0.1,False
LOC_4610316402D2,village,Umarpur Nagar (25),उमरपुर नगर,Punjab,PB,Bathinda,VB-PB-BATHINDA,,,Umarpur Nagar (25),,,30.245307,74.931726,synthetic_envelope,SRC_VB_SYNTHETIC,,True,0.0,,v0.1,False
LOC_4156FFD7170E,village,Alipur Khurd (26),अलीपुर खुर्द,Punjab,PB,Bathinda,VB-PB-BATHINDA,,,Alipur Khurd (26),,,30.254931,74.814956,synthetic_envelope,SRC_VB_SYNTHETIC,,True,0.0,,v0.1,False
LOC_295ECB0EF1DF,village,Nathupur Nagar (27),नत्थूपुर नगर,Punjab,PB,Bathinda,VB-PB-BATHINDA,,,Nathupur Nagar (27),,,30.368117,74.986231,synthetic_envelope,SRC_VB_SYNTHETIC,,True,0.0,,v0.1,False
LOC_E5ABC95CD1FC,village,Sultanpur Kalan (28),सुल्तानपुर कलां,Punjab,PB,Bathinda,VB-PB-BATHINDA,,,Sultanpur Kalan (28),,,30.322048,74.827236,synthetic_envelope,SRC_VB_SYNTHETIC,,True,0.0,,v0.1,False
LOC_2CECB8E2A983,village,Rampur Khera (29),रामपुर खेड़ा,Punjab,PB,Bathinda,VB-PB-BATHINDA,,,Rampur Khera (29),,,30.448606,74.95691,synthetic_envelope,SRC_VB_SYNTHETIC,,True,0.0,,v0.1,False
LOC_62A3444B1071,village,Sultanpur Nagar (30),सुल्तानपुर नगर,Punjab,PB,Bathinda,VB-PB-BATHINDA,,,Sultanpur Nagar (30),,,30.275422,74.796925,synthetic_envelope,SRC_VB_SYNTHETIC,,True,0.0,,v0.1,False
LOC_BD6A1250D8CB,village,Basantpur Majra (31),बसंतपुर माजरा,Punjab,PB,Bathinda,VB-PB-BATHINDA,,,Basantpur Majra (31),,,30.235529,74.832883,synthetic_envelope,SRC_VB_SYNTHETIC,,True,0.0,,v0.1,False
LOC_F024D3404B6F,village,Basantpur Kalan (32),बसंतपुर कलां,Punjab,PB,Bathinda,VB-PB-BATHINDA,,,Basantpur Kalan (32),,,29.971883,74.748294,synthetic_envelope,SRC_VB_SYNTHETIC,,True,0.0,,v0.1,False
LOC_C4AC3929533D,village,Nangla Majra (33),नंगला माजरा,Punjab,PB,Bathinda,VB-PB-BATHINDA,,,Nangla Majra (33),,,30.243836,74.908658,synthetic_envelope,SRC_VB_SYNTHETIC,,True,0.0,,v0.1,False
LOC_131075CB3FB5,village,Chandpur (1),चांदपुर,Punjab,PB,Moga,VB-PB-MOGA,,,Chandpur (1),,,30.773131,75.081625,synthetic_envelope,SRC_VB_SYNTHETIC,,True,0.0,,v0.1,False
LOC_5C9B9F876CBA,village,Chandpur Khera (2),चांदपुर खेड़ा,Punjab,PB,Moga,VB-PB-MOGA,,,Chandpur Khera (2),,,30.761136,75.299793,synthetic_envelope,SRC_VB_SYNTHETIC,,True,0.0,,v0.1,False
LOC_EF1DE82D50B2,village,Todarpur Khera (3),तोदड़पुर खेड़ा,Punjab,PB,Moga,VB-PB-MOGA,,,Todarpur Khera (3),,,30.666324,75.021445,synthetic_envelope,SRC_VB_SYNTHETIC,,True,0.0,,v0.1,False
LOC_A1695376DDA8,village,Bhagwanpur Kalan (4),भगवानपुर कलां,Punjab,PB,Moga,VB-PB-MOGA,,,Bhagwanpur Kalan (4),,,30.785124,75.275809,synthetic_envelope,SRC_VB_SYNTHETIC,,True,0.0,,v0.1,False
LOC_EA66A71C0E23,village,Chandpur Majra (5),चांदपुर माजरा,Punjab,PB,Moga,VB-PB-MOGA,,,Chandpur Majra (5),,,30.771472,75.312983,synthetic_envelope,SRC_VB_SYNTHETIC,,True,0.0,,v0.1,False
LOC_25838EE28B05,village,Basantpur Nagar (6),बसंतपुर नगर,Punjab,PB,Moga,VB-PB-MOGA,,,Basantpur Nagar (6),,,30.827972,75.328787,synthetic_envelope,SRC_VB_SYNTHETIC,,True,0.0,,v0.1,False
LOC_7218A86C0131,village,Salempur (7),सलेमपुर,Punjab,PB,Moga,VB-PB-MOGA,,,Salempur (7),,,30.65266,75.013575,synthetic_envelope,SRC_VB_SYNTHETIC,,True,0.0,,v0.1,False
LOC_13B48882F66A,village,Gopalpur Majra (8),गोपालपुर माजरा,Punjab,PB,Moga,VB-PB-MOGA,,,Gopalpur Majra (8),,,30.619301,75.011745,synthetic_envelope,SRC_VB_SYNTHETIC,,True,0.0,,v0.1,False
LOC_C487A3B4ECFC,village,Bhojpur Khera (9),भोजपुर खेड़ा,Punjab,PB,Moga,VB-PB-MOGA,,,Bhojpur Khera (9),,,30.77575,75.30464,synthetic_envelope,SRC_VB_SYNTHETIC,,True,0.0,,v0.1,False
LOC_8789B5E34EBC,village,Bhojpur Khera (10),भोजपुर खेड़ा,Punjab,PB,Moga,VB-PB-MOGA,,,Bhojpur Khera (10),,,30.763565,75.362743,synthetic_envelope,SRC_VB_SYNTHETIC,,True,0.0,,v0.1,False
LOC_D84DCF7F7B0F,village,Dhanaura Khurd (11),धनौरा खुर्द,Punjab,PB,Moga,VB-PB-MOGA,,,Dhanaura Khurd (11),,,30.700459,75.028042,synthetic_envelope,SRC_VB_SYNTHETIC,,True,0.0,,v0.1,False
LOC_3DBDC84A0FD5,village,Jhinjhana Majra (12),झिंझाना माजरा,Punjab,PB,Moga,VB-PB-MOGA,,,Jhinjhana Majra (12),,,30.678196,74.964608,synthetic_envelope,SRC_VB_SYNTHETIC,,True,0.0,,v0.1,False
LOC_2315B843B621,village,Nangla (13),नंगला,Punjab,PB,Moga,VB-PB-MOGA,,,Nangla (13),,,30.823576,75.300754,synthetic_envelope,SRC_VB_SYNTHETIC,,True,0.0,,v0.1,False
LOC_553429A16274,village,Nathupur Nagar (14),नत्थूपुर नगर,Punjab,PB,Moga,VB-PB-MOGA,,,Nathupur Nagar (14),,,30.692971,74.966001,synthetic_envelope,SRC_VB_SYNTHETIC,,True,0.0,,v0.1,False
LOC_633356B12AA6,village,Fatehpur Khurd (15),फतेहपुर खुर्द,Punjab,PB,Moga,VB-PB-MOGA,,,Fatehpur Khurd (15),,,30.742415,75.381621,synthetic_envelope,SRC_VB_SYNTHETIC,,True,0.0,,v0.1,False
LOC_143C264FC151,village,Bahadurpur Khera (16),बहादुरपुर खेड़ा,Punjab,PB,Moga,VB-PB-MOGA,,,Bahadurpur Khera (16),,,30.733367,75.329233,synthetic_envelope,SRC_VB_SYNTHETIC,,True,0.0,,v0.1,False
LOC_74D623916E2E,village,Shahpur Khurd (17),शाहपुर खुर्द,Punjab,PB,Moga,VB-PB-MOGA,,,Shahpur Khurd (17),,,30.7845,75.029412,synthetic_envelope,SRC_VB_SYNTHETIC,,True,0.0,,v0.1,False
LOC_56293E8541FE,village,Dhanaura Majra (18),धनौरा माजरा,Punjab,PB,Moga,VB-PB-MOGA,,,Dhanaura Majra (18),,,30.779806,75.319904,synthetic_envelope,SRC_VB_SYNTHETIC,,True,0.0,,v0.1,False
LOC_9A612F9BF538,village,Umarpur Majra (19),उमरपुर माजरा,Punjab,PB,Moga,VB-PB-MOGA,,,Umarpur Majra (19),,,30.838319,75.000883,synthetic_envelope,SRC_VB_SYNTHETIC,,True,0.0,,v0.1,False
LOC_AA533020BFC1,village,Mubarikpur Khurd (20),मुबारिकपुर खुर्द,Punjab,PB,Moga,VB-PB-MOGA,,,Mubarikpur Khurd (20),,,30.700171,75.244508,synthetic_envelope,SRC_VB_SYNTHETIC,,True,0.0,,v0.1,False
LOC_B93ABC1A7A1E,village,Dhanaura Kalan (21),धनौरा कलां,Punjab,PB,Moga,VB-PB-MOGA,,,Dhanaura Kalan (21),,,30.733976,75.288328,synthetic_envelope,SRC_VB_SYNTHETIC,,True,0.0,,v0.1,False
LOC_B5E6B2989A63,village,Harjipur Kalan (22),हरजीपुर कलां,Punjab,PB,Moga,VB-PB-MOGA,,,Harjipur Kalan (22),,,30.785353,75.013863,synthetic_envelope,SRC_VB_SYNTHETIC,,True,0.0,,v0.1,False
LOC_15EF6A1CE109,village,Salempur Khera (23),सलेमपुर खेड़ा,Punjab,PB,Moga,VB-PB-MOGA,,,Salempur Khera (23),,,30.693599,75.018263,synthetic_envelope,SRC_VB_SYNTHETIC,,True,0.0,,v0.1,False
LOC_A63F38115103,village,Devipur Khurd (24),देवीपुर खुर्द,Punjab,PB,Moga,VB-PB-MOGA,,,Devipur Khurd (24),,,30.728093,75.020564,synthetic_envelope,SRC_VB_SYNTHETIC,,True,0.0,,v0.1,False
LOC_8EC6803F7D1E,village,Chandpur Majra (25),चांदपुर माजरा,Punjab,PB,Moga,VB-PB-MOGA,,,Chandpur Majra (25),,,30.734042,74.980135,synthetic_envelope,SRC_VB_SYNTHETIC,,True,0.0,,v0.1,False
LOC_D73857142BB2,village,Dhanaura Nagar (26),धनौरा नगर,Punjab,PB,Moga,VB-PB-MOGA,,,Dhanaura Nagar (26),,,30.804717,75.011244,synthetic_envelope,SRC_VB_SYNTHETIC,,True,0.0,,v0.1,False
LOC_4770154E45AB,village,Basantpur (27),बसंतपुर,Punjab,PB,Moga,VB-PB-MOGA,,,Basantpur (27),,,30.781884,75.327507,synthetic_envelope,SRC_VB_SYNTHETIC,,True,0.0,,v0.1,False
LOC_66482C82979F,village,Mubarikpur Khurd (28),मुबारिकपुर खुर्द,Punjab,PB,Moga,VB-PB-MOGA,,,Mubarikpur Khurd (28),,,30.751032,75.299254,synthetic_envelope,SRC_VB_SYNTHETIC,,True,0.0,,v0.1,False
LOC_8F68CB89C0C6,village,Todarpur Nagar (29),तोदड़पुर नगर,Punjab,PB,Moga,VB-PB-MOGA,,,Todarpur Nagar (29),,,30.790311,75.002595,synthetic_envelope,SRC_VB_SYNTHETIC,,True,0.0,,v0.1,False
LOC_D9CB3D8F8358,village,Rasulpur (30),रसूलपुर,Punjab,PB,Moga,VB-PB-MOGA,,,Rasulpur (30),,,30.828703,75.026157,synthetic_envelope,SRC_VB_SYNTHETIC,,True,0.0,,v0.1,False
LOC_D40D340DA03E,village,Kishanpur (31),किशनपुर,Punjab,PB,Moga,VB-PB-MOGA,,,Kishanpur (31),,,30.808274,75.013247,synthetic_envelope,SRC_VB_SYNTHETIC,,True,0.0,,v0.1,False
LOC_276878ECBD42,village,Devipur (32),देवीपुर,Punjab,PB,Moga,VB-PB-MOGA,,,Devipur (32),,,30.704112,74.997524,synthetic_envelope,SRC_VB_SYNTHETIC,,True,0.0,,v0.1,False
LOC_0766416AA4FE,village,Kishanpur Kalan (33),किशनपुर कलां,Punjab,PB,Moga,VB-PB-MOGA,,,Kishanpur Kalan (33),,,30.809017,74.974886,synthetic_envelope,SRC_VB_SYNTHETIC,,True,0.0,,v0.1,False
LOC_D5D035B05731,village,Bhagwanpur (34),भगवानपुर,Punjab,PB,Moga,VB-PB-MOGA,,,Bhagwanpur (34),,,30.714432,74.961017,synthetic_envelope,SRC_VB_SYNTHETIC,,True,0.0,,v0.1,False
LOC_3100FC206BBD,village,Jamalpur Khurd (35),जमालपुर खुर्द,Punjab,PB,Moga,VB-PB-MOGA,,,Jamalpur Khurd (35),,,30.731638,75.008145,synthetic_envelope,SRC_VB_SYNTHETIC,,True,0.0,,v0.1,False
LOC_1D8E0B05A2BC,village,Manakpur Khurd (1),मानकपुर खुर्द,Punjab,PB,Ferozepur,VB-PB-FEROZEPUR,,,Manakpur Khurd (1),,,31.092534,74.66187,synthetic_envelope,SRC_VB_SYNTHETIC,,True,0.0,,v0.1,False
LOC_B4F114014831,village,Sikandarpur Nagar (2),सिकंदरपुर नगर,Punjab,PB,Ferozepur,VB-PB-FEROZEPUR,,,Sikandarpur Nagar (2),,,31.14868,74.55629,synthetic_envelope,SRC_VB_SYNTHETIC,,True,0.0,,v0.1,False
LOC_E563AC069451,village,Jamalpur (3),जमालपुर,Punjab,PB,Ferozepur,VB-PB-FEROZEPUR,,,Jamalpur (3),,,30.755876,74.572117,synthetic_envelope,SRC_VB_SYNTHETIC,,True,0.0,,v0.1,False
LOC_DEF0E1A8E079,village,Alipur Khera (4),अलीपुर खेड़ा,Punjab,PB,Ferozepur,VB-PB-FEROZEPUR,,,Alipur Khera (4),,,30.754287,74.636081,synthetic_envelope,SRC_VB_SYNTHETIC,,True,0.0,,v0.1,False
LOC_7C2AC3ED1815,village,Chandpur Nagar (5),चांदपुर नगर,Punjab,PB,Ferozepur,VB-PB-FEROZEPUR,,,Chandpur Nagar (5),,,30.883501,74.845874,synthetic_envelope,SRC_VB_SYNTHETIC,,True,0.0,,v0.1,False
LOC_07B8A736525F,village,Umarpur Majra (6),उमरपुर माजरा,Punjab,PB,Ferozepur,VB-PB-FEROZEPUR,,,Umarpur Majra (6),,,30.778068,74.577523,synthetic_envelope,SRC_VB_SYNTHETIC,,True,0.0,,v0.1,False
LOC_5A1C2223323A,village,Basantpur Khera (7),बसंतपुर खेड़ा,Punjab,PB,Ferozepur,VB-PB-FEROZEPUR,,,Basantpur Khera (7),,,30.940371,74.860518,synthetic_envelope,SRC_VB_SYNTHETIC,,True,0.0,,v0.1,False
LOC_2B3DE1198BA9,village,Barwala (8),बरवाला,Punjab,PB,Ferozepur,VB-PB-FEROZEPUR,,,Barwala (8),,,30.926442,74.853705,synthetic_envelope,SRC_VB_SYNTHETIC,,True,0.0,,v0.1,False
LOC_88836E4D63E0,village,Devipur Khurd (9),देवीपुर खुर्द,Punjab,PB,Ferozepur,VB-PB-FEROZEPUR,,,Devipur Khurd (9),,,30.757109,74.646278,synthetic_envelope,SRC_VB_SYNTHETIC,,True,0.0,,v0.1,False
LOC_BA6015D9E795,village,Harjipur (10),हरजीपुर,Punjab,PB,Ferozepur,VB-PB-FEROZEPUR,,,Harjipur (10),,,30.974177,74.870641,synthetic_envelope,SRC_VB_SYNTHETIC,,True,0.0,,v0.1,False
LOC_1D1B9FA01271,village,Umarpur Majra (11),उमरपुर माजरा,Punjab,PB,Ferozepur,VB-PB-FEROZEPUR,,,Umarpur Majra (11),,,31.10412,74.738115,synthetic_envelope,SRC_VB_SYNTHETIC,,True,0.0,,v0.1,False
LOC_CD1064F737ED,village,Gopalpur Nagar (12),गोपालपुर नगर,Punjab,PB,Ferozepur,VB-PB-FEROZEPUR,,,Gopalpur Nagar (12),,,30.985712,74.862408,synthetic_envelope,SRC_VB_SYNTHETIC,,True,0.0,,v0.1,False
LOC_999BC6613F4A,village,Bahadurpur Khurd (13),बहादुरपुर खुर्द,Punjab,PB,Ferozepur,VB-PB-FEROZEPUR,,,Bahadurpur Khurd (13),,,31.106085,74.686218,synthetic_envelope,SRC_VB_SYNTHETIC,,True,0.0,,v0.1,False
LOC_2001428C34E3,village,Rasulpur Nagar (14),रसूलपुर नगर,Punjab,PB,Ferozepur,VB-PB-FEROZEPUR,,,Rasulpur Nagar (14),,,30.965204,74.901781,synthetic_envelope,SRC_VB_SYNTHETIC,,True,0.0,,v0.1,False
LOC_6D4B47F2A3AC,village,Fatehpur (15),फतेहपुर,Punjab,PB,Ferozepur,VB-PB-FEROZEPUR,,,Fatehpur (15),,,31.196312,74.690206,synthetic_envelope,SRC_VB_SYNTHETIC,,True,0.0,,v0.1,False
LOC_FE2C838619FD,village,Harjipur Nagar (16),हरजीपुर नगर,Punjab,PB,Ferozepur,VB-PB-FEROZEPUR,,,Harjipur Nagar (16),,,30.886669,74.927153,synthetic_envelope,SRC_VB_SYNTHETIC,,True,0.0,,v0.1,False
LOC_673B87FC91BD,village,Basantpur Majra (17),बसंतपुर माजरा,Punjab,PB,Ferozepur,VB-PB-FEROZEPUR,,,Basantpur Majra (17),,,30.929929,74.863601,synthetic_envelope,SRC_VB_SYNTHETIC,,True,0.0,,v0.1,False
LOC_984296E131FC,village,Jamalpur Kalan (18),जमालपुर कलां,Punjab,PB,Ferozepur,VB-PB-FEROZEPUR,,,Jamalpur Kalan (18),,,30.888037,74.831654,synthetic_envelope,SRC_VB_SYNTHETIC,,True,0.0,,v0.1,False
LOC_B2565FD761F3,village,Dhanaura Khera (19),धनौरा खेड़ा,Punjab,PB,Ferozepur,VB-PB-FEROZEPUR,,,Dhanaura Khera (19),,,31.092003,74.664033,synthetic_envelope,SRC_VB_SYNTHETIC,,True,0.0,,v0.1,False
LOC_188CA17FBDC0,village,Kishanpur Kalan (20),किशनपुर कलां,Punjab,PB,Ferozepur,VB-PB-FEROZEPUR,,,Kishanpur Kalan (20),,,31.101589,74.70226,synthetic_envelope,SRC_VB_SYNTHETIC,,True,0.0,,v0.1,False
LOC_EB13069A8576,village,Nangla Kalan (21),नंगला कलां,Punjab,PB,Ferozepur,VB-PB-FEROZEPUR,,,Nangla Kalan (21),,,30.984592,74.798931,synthetic_envelope,SRC_VB_SYNTHETIC,,True,0.0,,v0.1,False
LOC_1628FFF3D3B1,village,Umarpur Khurd (22),उमरपुर खुर्द,Punjab,PB,Ferozepur,VB-PB-FEROZEPUR,,,Umarpur Khurd (22),,,30.940665,74.89124,synthetic_envelope,SRC_VB_SYNTHETIC,,True,0.0,,v0.1,False
LOC_D09FFF270654,village,Chandpur Khera (23),चांदपुर खेड़ा,Punjab,PB,Ferozepur,VB-PB-FEROZEPUR,,,Chandpur Khera (23),,,30.981003,74.846114,synthetic_envelope,SRC_VB_SYNTHETIC,,True,0.0,,v0.1,False
LOC_FBD09FA8D1C7,village,Nangla Majra (24),नंगला माजरा,Punjab,PB,Ferozepur,VB-PB-FEROZEPUR,,,Nangla Majra (24),,,30.915138,74.836737,synthetic_envelope,SRC_VB_SYNTHETIC,,True,0.0,,v0.1,False
LOC_5928BC81EFDA,village,Gopalpur Khurd (25),गोपालपुर खुर्द,Punjab,PB,Ferozepur,VB-PB-FEROZEPUR,,,Gopalpur Khurd (25),,,31.071578,74.697692,synthetic_envelope,SRC_VB_SYNTHETIC,,True,0.0,,v0.1,False
LOC_5D1973382CD2,village,Basantpur Khurd (26),बसंतपुर खुर्द,Punjab,PB,Ferozepur,VB-PB-FEROZEPUR,,,Basantpur Khurd (26),,,30.794372,74.512975,synthetic_envelope,SRC_VB_SYNTHETIC,,True,0.0,,v0.1,False
LOC_32ADF0295524,village,Nathupur Majra (27),नत्थूपुर माजरा,Punjab,PB,Ferozepur,VB-PB-FEROZEPUR,,,Nathupur Majra (27),,,31.079219,74.698772,synthetic_envelope,SRC_VB_SYNTHETIC,,True,0.0,,v0.1,False
LOC_46341CAE4293,village,Manakpur Nagar (28),मानकपुर नगर,Punjab,PB,Ferozepur,VB-PB-FEROZEPUR,,,Manakpur Nagar (28),,,31.093828,74.714647,synthetic_envelope,SRC_VB_SYNTHETIC,,True,0.0,,v0.1,False
LOC_B8873786CB3F,village,Fatehpur Kalan (29),फतेहपुर कलां,Punjab,PB,Ferozepur,VB-PB-FEROZEPUR,,,Fatehpur Kalan (29),,,31.073728,74.650535,synthetic_envelope,SRC_VB_SYNTHETIC,,True,0.0,,v0.1,False
LOC_CCB1D0E4269F,village,Sikandarpur Khurd (30),सिकंदरपुर खुर्द,Punjab,PB,Ferozepur,VB-PB-FEROZEPUR,,,Sikandarpur Khurd (30),,,30.787714,74.558,synthetic_envelope,SRC_VB_SYNTHETIC,,True,0.0,,v0.1,False
LOC_7EF62433DDF6,village,Rampur Khera (31),रामपुर खेड़ा,Punjab,PB,Ferozepur,VB-PB-FEROZEPUR,,,Rampur Khera (31),,,31.147935,74.648518,synthetic_envelope,SRC_VB_SYNTHETIC,,True,0.0,,v0.1,False
LOC_B19469DEF061,village,Barwala Nagar (32),बरवाला नगर,Punjab,PB,Ferozepur,VB-PB-FEROZEPUR,,,Barwala Nagar (32),,,30.930031,74.866206,synthetic_envelope,SRC_VB_SYNTHETIC,,True,0.0,,v0.1,False
LOC_1CF21C2F7259,village,Rasulpur Kalan (33),रसूलपुर कलां,Punjab,PB,Ferozepur,VB-PB-FEROZEPUR,,,Rasulpur Kalan (33),,,30.744237,74.595811,synthetic_envelope,SRC_VB_SYNTHETIC,,True,0.0,,v0.1,False
LOC_A55EAE6CC449,village,Todarpur (34),तोदड़पुर,Punjab,PB,Ferozepur,VB-PB-FEROZEPUR,,,Todarpur (34),,,30.793346,74.565882,synthetic_envelope,SRC_VB_SYNTHETIC,,True,0.0,,v0.1,False
LOC_F44108614E49,village,Devipur Khurd (1),देवीपुर खुर्द,Punjab,PB,Faridkot,VB-PB-FARIDKOT,,,Devipur Khurd (1),,,30.501588,74.838907,synthetic_envelope,SRC_VB_SYNTHETIC,,True,0.0,,v0.1,False
LOC_F300C0C87036,village,Nangla Khera (2),नंगला खेड़ा,Punjab,PB,Faridkot,VB-PB-FARIDKOT,,,Nangla Khera (2),,,30.540115,74.678015,synthetic_envelope,SRC_VB_SYNTHETIC,,True,0.0,,v0.1,False
LOC_56159443603B,village,Gopalpur Khurd (3),गोपालपुर खुर्द,Punjab,PB,Faridkot,VB-PB-FARIDKOT,,,Gopalpur Khurd (3),,,30.560888,74.820458,synthetic_envelope,SRC_VB_SYNTHETIC,,True,0.0,,v0.1,False
LOC_98D420530AE0,village,Umarpur Nagar (4),उमरपुर नगर,Punjab,PB,Faridkot,VB-PB-FARIDKOT,,,Umarpur Nagar (4),,,30.598483,74.555925,synthetic_envelope,SRC_VB_SYNTHETIC,,True,0.0,,v0.1,False
LOC_D478107D01EF,village,Alipur Khurd (5),अलीपुर खुर्द,Punjab,PB,Faridkot,VB-PB-FARIDKOT,,,Alipur Khurd (5),,,30.493126,74.72305,synthetic_envelope,SRC_VB_SYNTHETIC,,True,0.0,,v0.1,False
LOC_C0EB4478F6F3,village,Rasulpur Kalan (6),रसूलपुर कलां,Punjab,PB,Faridkot,VB-PB-FARIDKOT,,,Rasulpur Kalan (6),,,30.608337,74.644621,synthetic_envelope,SRC_VB_SYNTHETIC,,True,0.0,,v0.1,False
LOC_2C8A8981F482,village,Salempur (7),सलेमपुर,Punjab,PB,Faridkot,VB-PB-FARIDKOT,,,Salempur (7),,,30.54815,74.876347,synthetic_envelope,SRC_VB_SYNTHETIC,,True,0.0,,v0.1,False
LOC_5B51952EDA6A,village,Chandpur (8),चांदपुर,Punjab,PB,Faridkot,VB-PB-FARIDKOT,,,Chandpur (8),,,30.493126,74.666586,synthetic_envelope,SRC_VB_SYNTHETIC,,True,0.0,,v0.1,False
LOC_67A24FE843A8,village,Gopalpur Majra (9),गोपालपुर माजरा,Punjab,PB,Faridkot,VB-PB-FARIDKOT,,,Gopalpur Majra (9),,,30.527673,74.67941,synthetic_envelope,SRC_VB_SYNTHETIC,,True,0.0,,v0.1,False
LOC_5CDDE1454007,village,Sultanpur Nagar (10),सुल्तानपुर नगर,Punjab,PB,Faridkot,VB-PB-FARIDKOT,,,Sultanpur Nagar (10),,,30.582559,74.779598,synthetic_envelope,SRC_VB_SYNTHETIC,,True,0.0,,v0.1,False
LOC_E561CC0C15EA,village,Fatehpur Nagar (11),फतेहपुर नगर,Punjab,PB,Faridkot,VB-PB-FARIDKOT,,,Fatehpur Nagar (11),,,30.517385,74.704372,synthetic_envelope,SRC_VB_SYNTHETIC,,True,0.0,,v0.1,False
LOC_80AF5B2819D8,village,Fatehpur Khurd (12),फतेहपुर खुर्द,Punjab,PB,Faridkot,VB-PB-FARIDKOT,,,Fatehpur Khurd (12),,,30.506419,74.861453,synthetic_envelope,SRC_VB_SYNTHETIC,,True,0.0,,v0.1,False
LOC_0231DDAF91C5,village,Kheri Khera (13),खेड़ी खेड़ा,Punjab,PB,Faridkot,VB-PB-FARIDKOT,,,Kheri Khera (13),,,30.538887,74.655129,synthetic_envelope,SRC_VB_SYNTHETIC,,True,0.0,,v0.1,False
LOC_0E65947C46EA,village,Barwala (14),बरवाला,Punjab,PB,Faridkot,VB-PB-FARIDKOT,,,Barwala (14),,,30.624723,74.669451,synthetic_envelope,SRC_VB_SYNTHETIC,,True,0.0,,v0.1,False
LOC_D9FC9B723342,village,Bhojpur (15),भोजपुर,Punjab,PB,Faridkot,VB-PB-FARIDKOT,,,Bhojpur (15),,,30.526188,74.826902,synthetic_envelope,SRC_VB_SYNTHETIC,,True,0.0,,v0.1,False
LOC_BE24BF9B3339,village,Jamalpur (16),जमालपुर,Punjab,PB,Faridkot,VB-PB-FARIDKOT,,,Jamalpur (16),,,30.508616,74.852235,synthetic_envelope,SRC_VB_SYNTHETIC,,True,0.0,,v0.1,False
LOC_E8F4B3A165CE,village,Kishanpur Khurd (17),किशनपुर खुर्द,Punjab,PB,Faridkot,VB-PB-FARIDKOT,,,Kishanpur Khurd (17),,,30.496217,74.691094,synthetic_envelope,SRC_VB_SYNTHETIC,,True,0.0,,v0.1,False
LOC_14E72392D8A2,village,Bhojpur (18),भोजपुर,Punjab,PB,Faridkot,VB-PB-FARIDKOT,,,Bhojpur (18),,,30.536921,74.863058,synthetic_envelope,SRC_VB_SYNTHETIC,,True,0.0,,v0.1,False
LOC_BB6E38196D61,village,Nathupur Nagar (19),नत्थूपुर नगर,Punjab,PB,Faridkot,VB-PB-FARIDKOT,,,Nathupur Nagar (19),,,30.51473,74.632813,synthetic_envelope,SRC_VB_SYNTHETIC,,True,0.0,,v0.1,False
LOC_C838B431906B,village,Manakpur (20),मानकपुर,Punjab,PB,Faridkot,VB-PB-FARIDKOT,,,Manakpur (20),,,30.515041,74.822918,synthetic_envelope,SRC_VB_SYNTHETIC,,True,0.0,,v0.1,False
LOC_3BE1C315A5F3,village,Chandpur Khurd (21),चांदपुर खुर्द,Punjab,PB,Faridkot,VB-PB-FARIDKOT,,,Chandpur Khurd (21),,,30.535865,74.827028,synthetic_envelope,SRC_VB_SYNTHETIC,,True,0.0,,v0.1,False
LOC_67795D4D4D29,village,Harjipur Khera (22),हरजीपुर खेड़ा,Punjab,PB,Faridkot,VB-PB-FARIDKOT,,,Harjipur Khera (22),,,30.566802,74.851528,synthetic_envelope,SRC_VB_SYNTHETIC,,True,0.0,,v0.1,False
LOC_99235E34344C,village,Mubarikpur Khurd (23),मुबारिकपुर खुर्द,Punjab,PB,Faridkot,VB-PB-FARIDKOT,,,Mubarikpur Khurd (23),,,30.561408,74.87321,synthetic_envelope,SRC_VB_SYNTHETIC,,True,0.0,,v0.1,False
LOC_A7F7F4FA5EA5,village,Nathupur Khurd (24),नत्थूपुर खुर्द,Punjab,PB,Faridkot,VB-PB-FARIDKOT,,,Nathupur Khurd (24),,,30.552701,74.546111,synthetic_envelope,SRC_VB_SYNTHETIC,,True,0.0,,v0.1,False
LOC_1D42774DFC42,village,Harjipur Khera (25),हरजीपुर खेड़ा,Punjab,PB,Faridkot,VB-PB-FARIDKOT,,,Harjipur Khera (25),,,30.493126,74.681619,synthetic_envelope,SRC_VB_SYNTHETIC,,True,0.0,,v0.1,False
LOC_235731141E04,village,Nangla Khurd (26),नंगला खुर्द,Punjab,PB,Faridkot,VB-PB-FARIDKOT,,,Nangla Khurd (26),,,30.562754,74.884384,synthetic_envelope,SRC_VB_SYNTHETIC,,True,0.0,,v0.1,False
LOC_2AA770554CAE,village,Nathupur Khurd (27),नत्थूपुर खुर्द,Punjab,PB,Faridkot,VB-PB-FARIDKOT,,,Nathupur Khurd (27),,,30.55319,74.82142,synthetic_envelope,SRC_VB_SYNTHETIC,,True,0.0,,v0.1,False
LOC_3C334810BD0A,village,Manakpur Kalan (28),मानकपुर कलां,Punjab,PB,Faridkot,VB-PB-FARIDKOT,,,Manakpur Kalan (28),,,30.552849,74.627852,synthetic_envelope,SRC_VB_SYNTHETIC,,True,0.0,,v0.1,False
LOC_2B719AA7A6AC,village,Todarpur Khera (29),तोदड़पुर खेड़ा,Punjab,PB,Faridkot,VB-PB-FARIDKOT,,,Todarpur Khera (29),,,30.500882,74.728218,synthetic_envelope,SRC_VB_SYNTHETIC,,True,0.0,,v0.1,False
LOC_3D86C96973B6,village,Rasulpur Khurd (30),रसूलपुर खुर्द,Punjab,PB,Faridkot,VB-PB-FARIDKOT,,,Rasulpur Khurd (30),,,30.583127,74.844665,synthetic_envelope,SRC_VB_SYNTHETIC,,True,0.0,,v0.1,False
LOC_7E9C973CE0B6,village,Gopalpur Khurd (31),गोपालपुर खुर्द,Punjab,PB,Faridkot,VB-PB-FARIDKOT,,,Gopalpur Khurd (31),,,30.539069,74.662351,synthetic_envelope,SRC_VB_SYNTHETIC,,True,0.0,,v0.1,False
LOC_25E35274B6FF,village,Devipur Khera (32),देवीपुर खेड़ा,Punjab,PB,Faridkot,VB-PB-FARIDKOT,,,Devipur Khera (32),,,30.557851,74.664493,synthetic_envelope,SRC_VB_SYNTHETIC,,True,0.0,,v0.1,False
LOC_EFAF91B2FAC8,village,Harjipur Khurd (33),हरजीपुर खुर्द,Punjab,PB,Faridkot,VB-PB-FARIDKOT,,,Harjipur Khurd (33),,,30.568022,74.635741,synthetic_envelope,SRC_VB_SYNTHETIC,,True,0.0,,v0.1,False
LOC_418959D5D5D1,village,Bahadurpur Majra (34),बहादुरपुर माजरा,Punjab,PB,Faridkot,VB-PB-FARIDKOT,,,Bahadurpur Majra (34),,,30.584153,74.632155,synthetic_envelope,SRC_VB_SYNTHETIC,,True,0.0,,v0.1,False
LOC_378B9AEE096D,village,Chandpur Khurd (1),चांदपुर खुर्द,Punjab,PB,Muktsar,VB-PB-MUKTSAR,,,Chandpur Khurd (1),,,30.591962,74.635578,synthetic_envelope,SRC_VB_SYNTHETIC,,True,0.0,,v0.1,False
LOC_B86D1B22E1CF,village,Sikandarpur (2),सिकंदरपुर,Punjab,PB,Muktsar,VB-PB-MUKTSAR,,,Sikandarpur (2),,,30.269275,74.473183,synthetic_envelope,SRC_VB_SYNTHETIC,,True,0.0,,v0.1,False
LOC_E576CF89C195,village,Nangla Majra (3),नंगला माजरा,Punjab,PB,Muktsar,VB-PB-MUKTSAR,,,Nangla Majra (3),,,30.271711,74.505012,synthetic_envelope,SRC_VB_SYNTHETIC,,True,0.0,,v0.1,False
LOC_4B8818DD435C,village,Nangla Khurd (4),नंगला खुर्द,Punjab,PB,Muktsar,VB-PB-MUKTSAR,,,Nangla Khurd (4),,,30.58208,74.579612,synthetic_envelope,SRC_VB_SYNTHETIC,,True,0.0,,v0.1,False
LOC_A7BF3BFDEA26,village,Shahpur Majra (5),शाहपुर माजरा,Punjab,PB,Muktsar,VB-PB-MUKTSAR,,,Shahpur Majra (5),,,30.307913,74.547101,synthetic_envelope,SRC_VB_SYNTHETIC,,True,0.0,,v0.1,False
LOC_619EAAC70BA2,village,Shahpur Khurd (6),शाहपुर खुर्द,Punjab,PB,Muktsar,VB-PB-MUKTSAR,,,Shahpur Khurd (6),,,30.488291,74.711462,synthetic_envelope,SRC_VB_SYNTHETIC,,True,0.0,,v0.1,False
LOC_735BFC1760E1,village,Gopalpur Kalan (7),गोपालपुर कलां,Punjab,PB,Muktsar,VB-PB-MUKTSAR,,,Gopalpur Kalan (7),,,30.251118,74.458827,synthetic_envelope,SRC_VB_SYNTHETIC,,True,0.0,,v0.1,False
LOC_C7285E40D13B,village,Kheri Khurd (8),खेड़ी खुर्द,Punjab,PB,Muktsar,VB-PB-MUKTSAR,,,Kheri Khurd (8),,,30.582618,74.673796,synthetic_envelope,SRC_VB_SYNTHETIC,,True,0.0,,v0.1,False
LOC_C4EF0D18E59A,village,Kheri (9),खेड़ी,Punjab,PB,Muktsar,VB-PB-MUKTSAR,,,Kheri (9),,,30.573866,74.645281,synthetic_envelope,SRC_VB_SYNTHETIC,,True,0.0,,v0.1,False
LOC_7B79184A8AB1,village,Sikandarpur Khera (10),सिकंदरपुर खेड़ा,Punjab,PB,Muktsar,VB-PB-MUKTSAR,,,Sikandarpur Khera (10),,,30.494459,74.626288,synthetic_envelope,SRC_VB_SYNTHETIC,,True,0.0,,v0.1,False
LOC_B62EED3DC772,village,Nangla Khera (11),नंगला खेड़ा,Punjab,PB,Muktsar,VB-PB-MUKTSAR,,,Nangla Khera (11),,,30.240863,74.434746,synthetic_envelope,SRC_VB_SYNTHETIC,,True,0.0,,v0.1,False
LOC_B8ACEF59B8E6,village,Rasulpur Khera (12),रसूलपुर खेड़ा,Punjab,PB,Muktsar,VB-PB-MUKTSAR,,,Rasulpur Khera (12),,,30.553407,74.725624,synthetic_envelope,SRC_VB_SYNTHETIC,,True,0.0,,v0.1,False
LOC_2B15D2E2DA5A,village,Harjipur Khurd (13),हरजीपुर खुर्द,Punjab,PB,Muktsar,VB-PB-MUKTSAR,,,Harjipur Khurd (13),,,30.619596,74.752019,synthetic_envelope,SRC_VB_SYNTHETIC,,True,0.0,,v0.1,False
LOC_150FE071A7BA,village,Ladwa Majra (14),लाडवा माजरा,Punjab,PB,Muktsar,VB-PB-MUKTSAR,,,Ladwa Majra (14),,,30.479449,74.714957,synthetic_envelope,SRC_VB_SYNTHETIC,,True,0.0,,v0.1,False
LOC_0C6ABC6C69B2,village,Rasulpur (15),रसूलपुर,Punjab,PB,Muktsar,VB-PB-MUKTSAR,,,Rasulpur (15),,,30.585397,74.638318,synthetic_envelope,SRC_VB_SYNTHETIC,,True,0.0,,v0.1,False
LOC_EB25A27C8E63,village,Sikandarpur Khurd (16),सिकंदरपुर खुर्द,Punjab,PB,Muktsar,VB-PB-MUKTSAR,,,Sikandarpur Khurd (16),,,30.552814,74.69337,synthetic_envelope,SRC_VB_SYNTHETIC,,True,0.0,,v0.1,False
LOC_241DA091A28B,village,Kishanpur Nagar (17),किशनपुर नगर,Punjab,PB,Muktsar,VB-PB-MUKTSAR,,,Kishanpur Nagar (17),,,30.253106,74.401579,synthetic_envelope,SRC_VB_SYNTHETIC,,True,0.0,,v0.1,False
LOC_543B72BED05E,village,Naurangpur Khurd (18),नौरंगपुर खुर्द,Punjab,PB,Muktsar,VB-PB-MUKTSAR,,,Naurangpur Khurd (18),,,30.298003,74.431113,synthetic_envelope,SRC_VB_SYNTHETIC,,True,0.0,,v0.1,False
LOC_21FD7D4E72BA,village,Bahadurpur (19),बहादुरपुर,Punjab,PB,Muktsar,VB-PB-MUKTSAR,,,Bahadurpur (19),,,30.544086,74.721781,synthetic_envelope,SRC_VB_SYNTHETIC,,True,0.0,,v0.1,False
LOC_E4B36CB68703,village,Alipur (20),अलीपुर,Punjab,PB,Muktsar,VB-PB-MUKTSAR,,,Alipur (20),,,30.613195,74.727268,synthetic_envelope,SRC_VB_SYNTHETIC,,True,0.0,,v0.1,False
LOC_C293748EBCAB,village,Fatehpur Khurd (21),फतेहपुर खुर्द,Punjab,PB,Muktsar,VB-PB-MUKTSAR,,,Fatehpur Khurd (21),,,30.554448,74.634131,synthetic_envelope,SRC_VB_SYNTHETIC,,True,0.0,,v0.1,False
LOC_8F7AE0D22660,village,Rasulpur Khera (22),रसूलपुर खेड़ा,Punjab,PB,Muktsar,VB-PB-MUKTSAR,,,Rasulpur Khera (22),,,30.25243,74.544246,synthetic_envelope,SRC_VB_SYNTHETIC,,True,0.0,,v0.1,False
LOC_4AAC2B51A1FA,village,Dhanaura (23),धनौरा,Punjab,PB,Muktsar,VB-PB-MUKTSAR,,,Dhanaura (23),,,30.325078,74.545805,synthetic_envelope,SRC_VB_SYNTHETIC,,True,0.0,,v0.1,False
LOC_93CC119E4169,village,Fatehpur Majra (24),फतेहपुर माजरा,Punjab,PB,Muktsar,VB-PB-MUKTSAR,,,Fatehpur Majra (24),,,30.540518,74.657081,synthetic_envelope,SRC_VB_SYNTHETIC,,True,0.0,,v0.1,False
LOC_841ACAFE0A13,village,Jamalpur Nagar (25),जमालपुर नगर,Punjab,PB,Muktsar,VB-PB-MUKTSAR,,,Jamalpur Nagar (25),,,30.534306,74.742266,synthetic_envelope,SRC_VB_SYNTHETIC,,True,0.0,,v0.1,False
LOC_61E69982F6D6,village,Ladwa (26),लाडवा,Punjab,PB,Muktsar,VB-PB-MUKTSAR,,,Ladwa (26),,,30.626606,74.574577,synthetic_envelope,SRC_VB_SYNTHETIC,,True,0.0,,v0.1,False
LOC_6E5437ECF9D5,village,Dhanaura (27),धनौरा,Punjab,PB,Muktsar,VB-PB-MUKTSAR,,,Dhanaura (27),,,30.614829,74.679392,synthetic_envelope,SRC_VB_SYNTHETIC,,True,0.0,,v0.1,False
LOC_E434EAF408B9,village,Chandpur Khurd (28),चांदपुर खुर्द,Punjab,PB,Muktsar,VB-PB-MUKTSAR,,,Chandpur Khurd (28),,,30.560406,74.595345,synthetic_envelope,SRC_VB_SYNTHETIC,,True,0.0,,v0.1,False
LOC_22F8A745FF6F,village,Harjipur Nagar (29),हरजीपुर नगर,Punjab,PB,Muktsar,VB-PB-MUKTSAR,,,Harjipur Nagar (29),,,30.568709,74.681079,synthetic_envelope,SRC_VB_SYNTHETIC,,True,0.0,,v0.1,False
LOC_F84EF44FEAEB,village,Naurangpur (30),नौरंगपुर,Punjab,PB,Muktsar,VB-PB-MUKTSAR,,,Naurangpur (30),,,30.534375,74.7176,synthetic_envelope,SRC_VB_SYNTHETIC,,True,0.0,,v0.1,False
LOC_CBCED33C4AAF,village,Jhinjhana Kalan (31),झिंझाना कलां,Punjab,PB,Muktsar,VB-PB-MUKTSAR,,,Jhinjhana Kalan (31),,,30.285232,74.499242,synthetic_envelope,SRC_VB_SYNTHETIC,,True,0.0,,v0.1,False
LOC_3897CFB3DA14,village,Dhanaura (32),धनौरा,Punjab,PB,Muktsar,VB-PB-MUKTSAR,,,Dhanaura (32),,,30.246707,74.435826,synthetic_envelope,SRC_VB_SYNTHETIC,,True,0.0,,v0.1,False
LOC_4B334C12B083,village,Barwala Nagar (33),बरवाला नगर,Punjab,PB,Muktsar,VB-PB-MUKTSAR,,,Barwala Nagar (33),,,30.513114,74.542929,synthetic_envelope,SRC_VB_SYNTHETIC,,True,0.0,,v0.1,False
LOC_D0E60D9B3376,village,Rasulpur Kalan (34),रसूलपुर कलां,Punjab,PB,Muktsar,VB-PB-MUKTSAR,,,Rasulpur Kalan (34),,,30.241626,74.500816,synthetic_envelope,SRC_VB_SYNTHETIC,,True,0.0,,v0.1,False
LOC_53511BD60F92,village,Basantpur (1),बसंतपुर,Punjab,PB,Sangrur,VB-PB-SANGRUR,,,Basantpur (1),,,30.27841,75.566229,synthetic_envelope,SRC_VB_SYNTHETIC,,True,0.0,,v0.1,False
LOC_CB675B70B03E,village,Shahpur Kalan (2),शाहपुर कलां,Punjab,PB,Sangrur,VB-PB-SANGRUR,,,Shahpur Kalan (2),,,30.241276,75.53014,synthetic_envelope,SRC_VB_SYNTHETIC,,True,0.0,,v0.1,False
LOC_531E694560AA,village,Barwala Khurd (3),बरवाला खुर्द,Punjab,PB,Sangrur,VB-PB-SANGRUR,,,Barwala Khurd (3),,,30.333337,75.57214,synthetic_envelope,SRC_VB_SYNTHETIC,,True,0.0,,v0.1,False
LOC_559364B1B1E4,village,Devipur Kalan (4),देवीपुर कलां,Punjab,PB,Sangrur,VB-PB-SANGRUR,,,Devipur Kalan (4),,,30.353629,75.53014,synthetic_envelope,SRC_VB_SYNTHETIC,,True,0.0,,v0.1,False
LOC_4FAD10BD768B,village,Bahadurpur Kalan (5),बहादुरपुर कलां,Punjab,PB,Sangrur,VB-PB-SANGRUR,,,Bahadurpur Kalan (5),,,30.196164,75.571631,synthetic_envelope,SRC_VB_SYNTHETIC,,True,0.0,,v0.1,False
LOC_82BA3A145BB1,village,Harjipur Nagar (6),हरजीपुर नगर,Punjab,PB,Sangrur,VB-PB-SANGRUR,,,Harjipur Nagar (6),,,30.329578,76.064159,synthetic_envelope,SRC_VB_SYNTHETIC,,True,0.0,,v0.1,False
LOC_190E470FB60E,village,Devipur Khurd (7),देवीपुर खुर्द,Punjab,PB,Sangrur,VB-PB-SANGRUR,,,Devipur Khurd (7),,,30.40278,76.128236,synthetic_envelope,SRC_VB_SYNTHETIC,,True,0.0,,v0.1,False
LOC_6A8ABEE8308D,village,Umarpur Majra (8),उमरपुर माजरा,Punjab,PB,Sangrur,VB-PB-SANGRUR,,,Umarpur Majra (8),,,30.352576,75.577998,synthetic_envelope,SRC_VB_SYNTHETIC,,True,0.0,,v0.1,False
LOC_BF4D51D77FFE,village,Sultanpur Majra (9),सुल्तानपुर माजरा,Punjab,PB,Sangrur,VB-PB-SANGRUR,,,Sultanpur Majra (9),,,30.335136,75.993814,synthetic_envelope,SRC_VB_SYNTHETIC,,True,0.0,,v0.1,False
LOC_E6F3DB6387CC,village,Chandpur Nagar (10),चांदपुर नगर,Punjab,PB,Sangrur,VB-PB-SANGRUR,,,Chandpur Nagar (10),,,30.317093,76.029451,synthetic_envelope,SRC_VB_SYNTHETIC,,True,0.0,,v0.1,False
LOC_7A62F3E60108,village,Sultanpur Nagar (11),सुल्तानपुर नगर,Punjab,PB,Sangrur,VB-PB-SANGRUR,,,Sultanpur Nagar (11),,,30.271116,76.15406,synthetic_envelope,SRC_VB_SYNTHETIC,,True,0.0,,v0.1,False
LOC_2629397517B5,village,Harjipur Khera (12),हरजीपुर खेड़ा,Punjab,PB,Sangrur,VB-PB-SANGRUR,,,Harjipur Khera (12),,,30.312689,75.53014,synthetic_envelope,SRC_VB_SYNTHETIC,,True,0.0,,v0.1,False
LOC_5395C90463A5,village,Jhinjhana (13),झिंझाना,Punjab,PB,Sangrur,VB-PB-SANGRUR,,,Jhinjhana (13),,,30.379129,75.546981,synthetic_envelope,SRC_VB_SYNTHETIC,,True,0.0,,v0.1,False
LOC_784F769B8DEF,village,Mubarikpur Khera (14),मुबारिकपुर खेड़ा,Punjab,PB,Sangrur,VB-PB-SANGRUR,,,Mubarikpur Khera (14),,,30.32122,75.640694,synthetic_envelope,SRC_VB_SYNTHETIC,,True,0.0,,v0.1,False
LOC_887D920E1514,village,Bahadurpur Majra (15),बहादुरपुर माजरा,Punjab,PB,Sangrur,VB-PB-SANGRUR,,,Bahadurpur Majra (15),,,30.391001,75.546716,synthetic_envelope,SRC_VB_SYNTHETIC,,True,0.0,,v0.1,False
LOC_665C24FBE88D,village,Fatehpur Kalan (16),फतेहपुर कलां,Punjab,PB,Sangrur,VB-PB-SANGRUR,,,Fatehpur Kalan (16),,,30.361397,75.54291,synthetic_envelope,SRC_VB_SYNTHETIC,,True,0.0,,v0.1,False
LOC_3B94B2F45C8D,village,Kheri Khurd (17),खेड़ी खुर्द,Punjab,PB,Sangrur,VB-PB-SANGRUR,,,Kheri Khurd (17),,,30.315655,76.076769,synthetic_envelope,SRC_VB_SYNTHETIC,,True,0.0,,v0.1,False
LOC_042BCF953814,village,Naurangpur Khera (18),नौरंगपुर खेड़ा,Punjab,PB,Sangrur,VB-PB-SANGRUR,,,Naurangpur Khera (18),,,30.276678,75.563296,synthetic_envelope,SRC_VB_SYNTHETIC,,True,0.0,,v0.1,False
LOC_548FE98DDB58,village,Nathupur (19),नत्थूपुर,Punjab,PB,Sangrur,VB-PB-SANGRUR,,,Nathupur (19),,,30.346193,75.587565,synthetic_envelope,SRC_VB_SYNTHETIC,,True,0.0,,v0.1,False
LOC_1AA2A40FC3EA,village,Naurangpur Khurd (20),नौरंगपुर खुर्द,Punjab,PB,Sangrur,VB-PB-SANGRUR,,,Naurangpur Khurd (20),,,30.311137,75.53014,synthetic_envelope,SRC_VB_SYNTHETIC,,True,0.0,,v0.1,False
LOC_F60F1D7DD8B7,village,Fatehpur Khera (21),फतेहपुर खेड़ा,Punjab,PB,Sangrur,VB-PB-SANGRUR,,,Fatehpur Khera (21),,,30.29915,75.655833,synthetic_envelope,SRC_VB_SYNTHETIC,,True,0.0,,v0.1,False
LOC_7036847809B3,village,Chandpur (22),चांदपुर,Punjab,PB,Sangrur,VB-PB-SANGRUR,,,Chandpur (22),,,30.400219,75.559673,synthetic_envelope,SRC_VB_SYNTHETIC,,True,0.0,,v0.1,False
LOC_DCE26016CB7F,village,Shahpur Khurd (23),शाहपुर खुर्द,Punjab,PB,Sangrur,VB-PB-SANGRUR,,,Shahpur Khurd (23),,,30.33323,75.61607,synthetic_envelope,SRC_VB_SYNTHETIC,,True,0.0,,v0.1,False
LOC_8565D51E71D1,village,Salempur Kalan (24),सलेमपुर कलां,Punjab,PB,Sangrur,VB-PB-SANGRUR,,,Salempur Kalan (24),,,30.373952,75.53014,synthetic_envelope,SRC_VB_SYNTHETIC,,True,0.0,,v0.1,False
LOC_7FABE930A841,village,Nathupur Khurd (25),नत्थूपुर खुर्द,Punjab,PB,Sangrur,VB-PB-SANGRUR,,,Nathupur Khurd (25),,,30.299874,75.54792,synthetic_envelope,SRC_VB_SYNTHETIC,,True,0.0,,v0.1,False
LOC_ABC7B0C7E43E,village,Bhojpur Majra (26),भोजपुर माजरा,Punjab,PB,Sangrur,VB-PB-SANGRUR,,,Bhojpur Majra (26),,,30.356286,75.56854,synthetic_envelope,SRC_VB_SYNTHETIC,,True,0.0,,v0.1,False
LOC_D27C5DD7A184,village,Sikandarpur Majra (27),सिकंदरपुर माजरा,Punjab,PB,Sangrur,VB-PB-SANGRUR,,,Sikandarpur Majra (27),,,30.290238,75.541951,synthetic_envelope,SRC_VB_SYNTHETIC,,True,0.0,,v0.1,False
LOC_44483700BB3A,village,Naurangpur Khurd (28),नौरंगपुर खुर्द,Punjab,PB,Sangrur,VB-PB-SANGRUR,,,Naurangpur Khurd (28),,,30.382725,75.680472,synthetic_envelope,SRC_VB_SYNTHETIC,,True,0.0,,v0.1,False
LOC_336543A9F35E,village,Bhojpur Majra (29),भोजपुर माजरा,Punjab,PB,Sangrur,VB-PB-SANGRUR,,,Bhojpur Majra (29),,,30.284226,75.582392,synthetic_envelope,SRC_VB_SYNTHETIC,,True,0.0,,v0.1,False
LOC_DFDF67D49C6B,village,Basantpur Khurd (30),बसंतपुर खुर्द,Punjab,PB,Sangrur,VB-PB-SANGRUR,,,Basantpur Khurd (30),,,30.414418,75.578173,synthetic_envelope,SRC_VB_SYNTHETIC,,True,0.0,,v0.1,False
LOC_108AD7D83E77,village,Alipur Khera (31),अलीपुर खेड़ा,Punjab,PB,Sangrur,VB-PB-SANGRUR,,,Alipur Khera (31),,,30.318604,76.131385,synthetic_envelope,SRC_VB_SYNTHETIC,,True,0.0,,v0.1,False
LOC_D879F644CD06,village,Rampur Kalan (32),रामपुर कलां,Punjab,PB,Sangrur,VB-PB-SANGRUR,,,Rampur Kalan (32),,,30.293028,75.535663,synthetic_envelope,SRC_VB_SYNTHETIC,,True,0.0,,v0.1,False
LOC_B1F2E3AD4E81,village,Jhinjhana Kalan (33),झिंझाना कलां,Punjab,PB,Sangrur,VB-PB-SANGRUR,,,Jhinjhana Kalan (33),,,30.230092,75.53014,synthetic_envelope,SRC_VB_SYNTHETIC,,True,0.0,,v0.1,False
LOC_95720C134418,village,Umarpur Kalan (34),उमरपुर कलां,Punjab,PB,Sangrur,VB-PB-SANGRUR,,,Umarpur Kalan (34),,,30.227608,75.643714,synthetic_envelope,SRC_VB_SYNTHETIC,,True,0.0,,v0.1,False
LOC_A9137167DC0E,village,Nangla Majra (35),नंगला माजरा,Punjab,PB,Sangrur,VB-PB-SANGRUR,,,Nangla Majra (35),,,30.304572,75.552218,synthetic_envelope,SRC_VB_SYNTHETIC,,True,0.0,,v0.1,False
LOC_9496AC96F036,village,Fatehpur (1),फतेहपुर,Punjab,PB,Barnala,VB-PB-BARNALA,,,Fatehpur (1),,,30.329648,75.580016,synthetic_envelope,SRC_VB_SYNTHETIC,,True,0.0,,v0.1,False
LOC_CB41E8CF8336,village,Umarpur Kalan (2),उमरपुर कलां,Punjab,PB,Barnala,VB-PB-BARNALA,,,Umarpur Kalan (2),,,30.351783,75.570544,synthetic_envelope,SRC_VB_SYNTHETIC,,True,0.0,,v0.1,False
LOC_95F45E3D0D30,village,Dhanaura Nagar (3),धनौरा नगर,Punjab,PB,Barnala,VB-PB-BARNALA,,,Dhanaura Nagar (3),,,30.226402,75.511593,synthetic_envelope,SRC_VB_SYNTHETIC,,True,0.0,,v0.1,False
LOC_43D732824B5A,village,Fatehpur Majra (4),फतेहपुर माजरा,Punjab,PB,Barnala,VB-PB-BARNALA,,,Fatehpur Majra (4),,,30.441379,75.601968,synthetic_envelope,SRC_VB_SYNTHETIC,,True,0.0,,v0.1,False
LOC_43BC8E83F94E,village,Kheri Khurd (5),खेड़ी खुर्द,Punjab,PB,Barnala,VB-PB-BARNALA,,,Kheri Khurd (5),,,30.451646,75.583059,synthetic_envelope,SRC_VB_SYNTHETIC,,True,0.0,,v0.1,False
LOC_D70FD83E6443,village,Nathupur Khurd (6),नत्थूपुर खुर्द,Punjab,PB,Barnala,VB-PB-BARNALA,,,Nathupur Khurd (6),,,30.444579,75.533576,synthetic_envelope,SRC_VB_SYNTHETIC,,True,0.0,,v0.1,False
LOC_18895808BEC6,village,Nathupur (7),नत्थूपुर,Punjab,PB,Barnala,VB-PB-BARNALA,,,Nathupur (7),,,30.348555,75.439924,synthetic_envelope,SRC_VB_SYNTHETIC,,True,0.0,,v0.1,False
LOC_F9DAA5A672BA,village,Basantpur Nagar (8),बसंतपुर नगर,Punjab,PB,Barnala,VB-PB-BARNALA,,,Basantpur Nagar (8),,,30.351237,75.424559,synthetic_envelope,SRC_VB_SYNTHETIC,,True,0.0,,v0.1,False
LOC_27D0F9F4D953,village,Barwala Khurd (9),बरवाला खुर्द,Punjab,PB,Barnala,VB-PB-BARNALA,,,Barwala Khurd (9),,,30.365511,75.525893,synthetic_envelope,SRC_VB_SYNTHETIC,,True,0.0,,v0.1,False
LOC_330D543C284A,village,Manakpur Khurd (10),मानकपुर खुर्द,Punjab,PB,Barnala,VB-PB-BARNALA,,,Manakpur Khurd (10),,,30.34315,75.510573,synthetic_envelope,SRC_VB_SYNTHETIC,,True,0.0,,v0.1,False
LOC_BA7599A100BB,village,Mubarikpur Kalan (11),मुबारिकपुर कलां,Punjab,PB,Barnala,VB-PB-BARNALA,,,Mubarikpur Kalan (11),,,30.423892,75.536704,synthetic_envelope,SRC_VB_SYNTHETIC,,True,0.0,,v0.1,False
LOC_3A229DEAA8B7,village,Sikandarpur Khurd (12),सिकंदरपुर खुर्द,Punjab,PB,Barnala,VB-PB-BARNALA,,,Sikandarpur Khurd (12),,,30.23325,75.5573,synthetic_envelope,SRC_VB_SYNTHETIC,,True,0.0,,v0.1,False
LOC_AC6D4A709631,village,Ladwa Majra (13),लाडवा माजरा,Punjab,PB,Barnala,VB-PB-BARNALA,,,Ladwa Majra (13),,,30.223523,75.506404,synthetic_envelope,SRC_VB_SYNTHETIC,,True,0.0,,v0.1,False
LOC_1A58D9C44DDE,village,Naurangpur Khurd (14),नौरंगपुर खुर्द,Punjab,PB,Barnala,VB-PB-BARNALA,,,Naurangpur Khurd (14),,,30.244358,75.56734,synthetic_envelope,SRC_VB_SYNTHETIC,,True,0.0,,v0.1,False
LOC_85D7C8042A3F,village,Salempur Majra (15),सलेमपुर माजरा,Punjab,PB,Barnala,VB-PB-BARNALA,,,Salempur Majra (15),,,30.417586,75.552801,synthetic_envelope,SRC_VB_SYNTHETIC,,True,0.0,,v0.1,False
LOC_AA2960E68555,village,Sultanpur Majra (16),सुल्तानपुर माजरा,Punjab,PB,Barnala,VB-PB-BARNALA,,,Sultanpur Majra (16),,,30.331967,75.485955,synthetic_envelope,SRC_VB_SYNTHETIC,,True,0.0,,v0.1,False
LOC_5D4A78030A10,village,Manakpur Kalan (17),मानकपुर कलां,Punjab,PB,Barnala,VB-PB-BARNALA,,,Manakpur Kalan (17),,,30.359347,75.473125,synthetic_envelope,SRC_VB_SYNTHETIC,,True,0.0,,v0.1,False
LOC_21E0A74FFA69,village,Barwala Nagar (18),बरवाला नगर,Punjab,PB,Barnala,VB-PB-BARNALA,,,Barwala Nagar (18),,,30.36258,75.454645,synthetic_envelope,SRC_VB_SYNTHETIC,,True,0.0,,v0.1,False
LOC_5CF0D970F58A,village,Bahadurpur Kalan (19),बहादुरपुर कलां,Punjab,PB,Barnala,VB-PB-BARNALA,,,Bahadurpur Kalan (19),,,30.279653,75.542385,synthetic_envelope,SRC_VB_SYNTHETIC,,True,0.0,,v0.1,False
LOC_495A235C9171,village,Todarpur Kalan (20),तोदड़पुर कलां,Punjab,PB,Barnala,VB-PB-BARNALA,,,Todarpur Kalan (20),,,30.403262,75.520694,synthetic_envelope,SRC_VB_SYNTHETIC,,True,0.0,,v0.1,False
LOC_1CD7BA973B28,village,Ladwa Kalan (21),लाडवा कलां,Punjab,PB,Barnala,VB-PB-BARNALA,,,Ladwa Kalan (21),,,30.437969,75.566144,synthetic_envelope,SRC_VB_SYNTHETIC,,True,0.0,,v0.1,False
LOC_086E72F86DD4,village,Jamalpur (22),जमालपुर,Punjab,PB,Barnala,VB-PB-BARNALA,,,Jamalpur (22),,,30.443592,75.64907,synthetic_envelope,SRC_VB_SYNTHETIC,,True,0.0,,v0.1,False
LOC_0163623C3753,village,Manakpur (23),मानकपुर,Punjab,PB,Barnala,VB-PB-BARNALA,,,Manakpur (23),,,30.246497,75.530267,synthetic_envelope,SRC_VB_SYNTHETIC,,True,0.0,,v0.1,False
LOC_23AC7DA9CC89,village,Bhagwanpur Majra (24),भगवानपुर माजरा,Punjab,PB,Barnala,VB-PB-BARNALA,,,Bhagwanpur Majra (24),,,30.442288,75.535789,synthetic_envelope,SRC_VB_SYNTHETIC,,True,0.0,,v0.1,False
LOC_576B498C0805,village,Naurangpur Kalan (25),नौरंगपुर कलां,Punjab,PB,Barnala,VB-PB-BARNALA,,,Naurangpur Kalan (25),,,30.221452,75.583692,synthetic_envelope,SRC_VB_SYNTHETIC,,True,0.0,,v0.1,False
LOC_BBCB747221D3,village,Umarpur (26),उमरपुर,Punjab,PB,Barnala,VB-PB-BARNALA,,,Umarpur (26),,,30.392287,75.543189,synthetic_envelope,SRC_VB_SYNTHETIC,,True,0.0,,v0.1,False
LOC_3703F19B8295,village,Devipur (27),देवीपुर,Punjab,PB,Barnala,VB-PB-BARNALA,,,Devipur (27),,,30.419755,75.583445,synthetic_envelope,SRC_VB_SYNTHETIC,,True,0.0,,v0.1,False
LOC_A98DECCF2B8C,village,Alipur Khurd (28),अलीपुर खुर्द,Punjab,PB,Barnala,VB-PB-BARNALA,,,Alipur Khurd (28),,,30.439045,75.56063,synthetic_envelope,SRC_VB_SYNTHETIC,,True,0.0,,v0.1,False
LOC_CD07F16F2EAD,village,Dhanaura (29),धनौरा,Punjab,PB,Barnala,VB-PB-BARNALA,,,Dhanaura (29),,,30.286136,75.504029,synthetic_envelope,SRC_VB_SYNTHETIC,,True,0.0,,v0.1,False
LOC_5D4E37C6A752,village,Harjipur Khurd (30),हरजीपुर खुर्द,Punjab,PB,Barnala,VB-PB-BARNALA,,,Harjipur Khurd (30),,,30.398117,75.525202,synthetic_envelope,SRC_VB_SYNTHETIC,,True,0.0,,v0.1,False
LOC_B49CB8319323,village,Bhagwanpur (31),भगवानपुर,Punjab,PB,Barnala,VB-PB-BARNALA,,,Bhagwanpur (31),,,30.247065,75.518487,synthetic_envelope,SRC_VB_SYNTHETIC,,True,0.0,,v0.1,False
LOC_8036E0A9DAAD,village,Bhagwanpur Nagar (32),भगवानपुर नगर,Punjab,PB,Barnala,VB-PB-BARNALA,,,Bhagwanpur Nagar (32),,,30.454971,75.570158,synthetic_envelope,SRC_VB_SYNTHETIC,,True,0.0,,v0.1,False
LOC_D6D7122BFBF6,village,Harjipur Khurd (33),हरजीपुर खुर्द,Punjab,PB,Barnala,VB-PB-BARNALA,,,Harjipur Khurd (33),,,30.413869,75.51947,synthetic_envelope,SRC_VB_SYNTHETIC,,True,0.0,,v0.1,False
LOC_83786973573A,village,Sikandarpur (34),सिकंदरपुर,Punjab,PB,Barnala,VB-PB-BARNALA,,,Sikandarpur (34),,,30.418108,75.555595,synthetic_envelope,SRC_VB_SYNTHETIC,,True,0.0,,v0.1,False
LOC_056061B30C21,village,Shahpur (1),शाहपुर,Punjab,PB,Mansa,VB-PB-MANSA,,,Shahpur (1),,,29.837322,75.463623,synthetic_envelope,SRC_VB_SYNTHETIC,,True,0.0,,v0.1,False
LOC_3FF9E1A58965,village,Naurangpur Khurd (2),नौरंगपुर खुर्द,Punjab,PB,Mansa,VB-PB-MANSA,,,Naurangpur Khurd (2),,,29.840564,75.490548,synthetic_envelope,SRC_VB_SYNTHETIC,,True,0.0,,v0.1,False
LOC_6572BA118284,village,Mubarikpur Khurd (3),मुबारिकपुर खुर्द,Punjab,PB,Mansa,VB-PB-MANSA,,,Mubarikpur Khurd (3),,,29.970727,75.241906,synthetic_envelope,SRC_VB_SYNTHETIC,,True,0.0,,v0.1,False
LOC_0C9E1A3B3D06,village,Alipur Khurd (4),अलीपुर खुर्द,Punjab,PB,Mansa,VB-PB-MANSA,,,Alipur Khurd (4),,,29.976864,75.257198,synthetic_envelope,SRC_VB_SYNTHETIC,,True,0.0,,v0.1,False
LOC_C6C7F5E19B5F,village,Naurangpur Khera (5),नौरंगपुर खेड़ा,Punjab,PB,Mansa,VB-PB-MANSA,,,Naurangpur Khera (5),,,29.96566,75.288066,synthetic_envelope,SRC_VB_SYNTHETIC,,True,0.0,,v0.1,False
LOC_19B13F9C1A9A,village,Umarpur Majra (6),उमरपुर माजरा,Punjab,PB,Mansa,VB-PB-MANSA,,,Umarpur Majra (6),,,29.917934,75.315365,synthetic_envelope,SRC_VB_SYNTHETIC,,True,0.0,,v0.1,False
LOC_5FB975BC5811,village,Kishanpur Majra (7),किशनपुर माजरा,Punjab,PB,Mansa,VB-PB-MANSA,,,Kishanpur Majra (7),,,29.861954,75.299757,synthetic_envelope,SRC_VB_SYNTHETIC,,True,0.0,,v0.1,False
LOC_248C48CA3A2F,village,Harjipur Kalan (8),हरजीपुर कलां,Punjab,PB,Mansa,VB-PB-MANSA,,,Harjipur Kalan (8),,,29.968358,75.170075,synthetic_envelope,SRC_VB_SYNTHETIC,,True,0.0,,v0.1,False
LOC_ED9D9FF6B603,village,Dhanaura Kalan (9),धनौरा कलां,Punjab,PB,Mansa,VB-PB-MANSA,,,Dhanaura Kalan (9),,,29.876418,75.331578,synthetic_envelope,SRC_VB_SYNTHETIC,,True,0.0,,v0.1,False
LOC_1EFC6D3A16E5,village,Manakpur Khera (10),मानकपुर खेड़ा,Punjab,PB,Mansa,VB-PB-MANSA,,,Manakpur Khera (10),,,29.939181,75.273573,synthetic_envelope,SRC_VB_SYNTHETIC,,True,0.0,,v0.1,False
LOC_086C266904D4,village,Sikandarpur Khera (11),सिकंदरपुर खेड़ा,Punjab,PB,Mansa,VB-PB-MANSA,,,Sikandarpur Khera (11),,,29.963627,75.254512,synthetic_envelope,SRC_VB_SYNTHETIC,,True,0.0,,v0.1,False
LOC_94C5F18C34D8,village,Bhagwanpur Khurd (12),भगवानपुर खुर्द,Punjab,PB,Mansa,VB-PB-MANSA,,,Bhagwanpur Khurd (12),,,30.038443,75.272324,synthetic_envelope,SRC_VB_SYNTHETIC,,True,0.0,,v0.1,False
LOC_E8A74856EC67,village,Nangla Kalan (13),नंगला कलां,Punjab,PB,Mansa,VB-PB-MANSA,,,Nangla Kalan (13),,,29.942053,75.266107,synthetic_envelope,SRC_VB_SYNTHETIC,,True,0.0,,v0.1,False
LOC_485F77893FA9,village,Bhojpur (14),भोजपुर,Punjab,PB,Mansa,VB-PB-MANSA,,,Bhojpur (14),,,29.91926,75.316932,synthetic_envelope,SRC_VB_SYNTHETIC,,True,0.0,,v0.1,False
LOC_3384EC8553F8,village,Shahpur Khurd (15),शाहपुर खुर्द,Punjab,PB,Mansa,VB-PB-MANSA,,,Shahpur Khurd (15),,,29.98711,75.252024,synthetic_envelope,SRC_VB_SYNTHETIC,,True,0.0,,v0.1,False
LOC_6F5C0AC579A6,village,Nathupur Khera (16),नत्थूपुर खेड़ा,Punjab,PB,Mansa,VB-PB-MANSA,,,Nathupur Khera (16),,,29.874512,75.25038,synthetic_envelope,SRC_VB_SYNTHETIC,,True,0.0,,v0.1,False
LOC_F48DBE1A3175,village,Kheri Khurd (17),खेड़ी खुर्द,Punjab,PB,Mansa,VB-PB-MANSA,,,Kheri Khurd (17),,,29.842553,75.372174,synthetic_envelope,SRC_VB_SYNTHETIC,,True,0.0,,v0.1,False
LOC_2F506269F632,village,Chandpur Kalan (18),चांदपुर कलां,Punjab,PB,Mansa,VB-PB-MANSA,,,Chandpur Kalan (18),,,29.899947,75.299924,synthetic_envelope,SRC_VB_SYNTHETIC,,True,0.0,,v0.1,False
LOC_2A551C1CBADB,village,Dhanaura Khera (19),धनौरा खेड़ा,Punjab,PB,Mansa,VB-PB-MANSA,,,Dhanaura Khera (19),,,29.975577,75.344807,synthetic_envelope,SRC_VB_SYNTHETIC,,True,0.0,,v0.1,False
LOC_A488B3AB9711,village,Naurangpur Khera (20),नौरंगपुर खेड़ा,Punjab,PB,Mansa,VB-PB-MANSA,,,Naurangpur Khera (20),,,29.890211,75.288485,synthetic_envelope,SRC_VB_SYNTHETIC,,True,0.0,,v0.1,False
LOC_7D1E2ED19033,village,Basantpur (21),बसंतपुर,Punjab,PB,Mansa,VB-PB-MANSA,,,Basantpur (21),,,30.051948,75.269286,synthetic_envelope,SRC_VB_SYNTHETIC,,True,0.0,,v0.1,False
LOC_A0B55FE88FB9,village,Alipur Khera (22),अलीपुर खेड़ा,Punjab,PB,Mansa,VB-PB-MANSA,,,Alipur Khera (22),,,29.928416,75.358996,synthetic_envelope,SRC_VB_SYNTHETIC,,True,0.0,,v0.1,False
LOC_1270665EF100,village,Alipur Khera (23),अलीपुर खेड़ा,Punjab,PB,Mansa,VB-PB-MANSA,,,Alipur Khera (23),,,29.778515,75.49068,synthetic_envelope,SRC_VB_SYNTHETIC,,True,0.0,,v0.1,False
LOC_75BA3B2EBEB3,village,Fatehpur Khurd (24),फतेहपुर खुर्द,Punjab,PB,Mansa,VB-PB-MANSA,,,Fatehpur Khurd (24),,,29.795487,75.399876,synthetic_envelope,SRC_VB_SYNTHETIC,,True,0.0,,v0.1,False
LOC_7643F5D973AA,village,Rampur Majra (25),रामपुर माजरा,Punjab,PB,Mansa,VB-PB-MANSA,,,Rampur Majra (25),,,29.876811,75.432542,synthetic_envelope,SRC_VB_SYNTHETIC,,True,0.0,,v0.1,False
LOC_84BB2E935325,village,Fatehpur Khera (26),फतेहपुर खेड़ा,Punjab,PB,Mansa,VB-PB-MANSA,,,Fatehpur Khera (26),,,29.808808,75.438999,synthetic_envelope,SRC_VB_SYNTHETIC,,True,0.0,,v0.1,False
LOC_1A76FDD60A5B,village,Umarpur (27),उमरपुर,Punjab,PB,Mansa,VB-PB-MANSA,,,Umarpur (27),,,29.977564,75.301465,synthetic_envelope,SRC_VB_SYNTHETIC,,True,0.0,,v0.1,False
LOC_7F3B2EA85BA2,village,Shahpur Majra (28),शाहपुर माजरा,Punjab,PB,Mansa,VB-PB-MANSA,,,Shahpur Majra (28),,,30.011891,75.262957,synthetic_envelope,SRC_VB_SYNTHETIC,,True,0.0,,v0.1,False
LOC_C4D83712DD54,village,Basantpur Nagar (29),बसंतपुर नगर,Punjab,PB,Mansa,VB-PB-MANSA,,,Basantpur Nagar (29),,,29.813789,75.405832,synthetic_envelope,SRC_VB_SYNTHETIC,,True,0.0,,v0.1,False
LOC_02345F768CF6,village,Mubarikpur Nagar (30),मुबारिकपुर नगर,Punjab,PB,Mansa,VB-PB-MANSA,,,Mubarikpur Nagar (30),,,30.04871,75.281386,synthetic_envelope,SRC_VB_SYNTHETIC,,True,0.0,,v0.1,False
LOC_2581D21F4839,village,Sikandarpur Nagar (31),सिकंदरपुर नगर,Punjab,PB,Mansa,VB-PB-MANSA,,,Sikandarpur Nagar (31),,,30.016376,75.275681,synthetic_envelope,SRC_VB_SYNTHETIC,,True,0.0,,v0.1,False
LOC_1F88B891DFEC,village,Chandpur Nagar (32),चांदपुर नगर,Punjab,PB,Mansa,VB-PB-MANSA,,,Chandpur Nagar (32),,,30.055135,75.324766,synthetic_envelope,SRC_VB_SYNTHETIC,,True,0.0,,v0.1,False
LOC_444F8D8DF90C,village,Kishanpur Khera (33),किशनपुर खेड़ा,Punjab,PB,Mansa,VB-PB-MANSA,,,Kishanpur Khera (33),,,30.002585,75.271519,synthetic_envelope,SRC_VB_SYNTHETIC,,True,0.0,,v0.1,False
LOC_AC4BDC94B47D,village,Kheri Majra (34),खेड़ी माजरा,Punjab,PB,Mansa,VB-PB-MANSA,,,Kheri Majra (34),,,29.867537,75.296346,synthetic_envelope,SRC_VB_SYNTHETIC,,True,0.0,,v0.1,False
LOC_B94D0B476AED,village,Sikandarpur Majra (35),सिकंदरपुर माजरा,Punjab,PB,Mansa,VB-PB-MANSA,,,Sikandarpur Majra (35),,,29.898666,75.268796,synthetic_envelope,SRC_VB_SYNTHETIC,,True,0.0,,v0.1,False
LOC_5025104D4CBD,village,Salempur Kalan (1),सलेमपुर कलां,Punjab,PB,Kapurthala,VB-PB-KAPURTHALA,,,Salempur Kalan (1),,,31.469118,75.499768,synthetic_envelope,SRC_VB_SYNTHETIC,,True,0.0,,v0.1,False
LOC_1B5F12B9B9FD,village,Bahadurpur Majra (2),बहादुरपुर माजरा,Punjab,PB,Kapurthala,VB-PB-KAPURTHALA,,,Bahadurpur Majra (2),,,31.374082,75.58593,synthetic_envelope,SRC_VB_SYNTHETIC,,True,0.0,,v0.1,False
LOC_F19979E4B738,village,Shahpur Khurd (3),शाहपुर खुर्द,Punjab,PB,Kapurthala,VB-PB-KAPURTHALA,,,Shahpur Khurd (3),,,31.464037,75.552941,synthetic_envelope,SRC_VB_SYNTHETIC,,True,0.0,,v0.1,False
LOC_29B8715362AE,village,Sultanpur (4),सुल्तानपुर,Punjab,PB,Kapurthala,VB-PB-KAPURTHALA,,,Sultanpur (4),,,31.479617,75.553043,synthetic_envelope,SRC_VB_SYNTHETIC,,True,0.0,,v0.1,False
LOC_9E49EE31D5CE,village,Nathupur Kalan (5),नत्थूपुर कलां,Punjab,PB,Kapurthala,VB-PB-KAPURTHALA,,,Nathupur Kalan (5),,,31.374285,75.560598,synthetic_envelope,SRC_VB_SYNTHETIC,,True,0.0,,v0.1,False
LOC_BA55EE2CA23A,village,Basantpur Khurd (6),बसंतपुर खुर्द,Punjab,PB,Kapurthala,VB-PB-KAPURTHALA,,,Basantpur Khurd (6),,,31.408265,75.611488,synthetic_envelope,SRC_VB_SYNTHETIC,,True,0.0,,v0.1,False
LOC_EAA4794EA80C,village,Salempur Khera (7),सलेमपुर खेड़ा,Punjab,PB,Kapurthala,VB-PB-KAPURTHALA,,,Salempur Khera (7),,,31.377085,75.611488,synthetic_envelope,SRC_VB_SYNTHETIC,,True,0.0,,v0.1,False
LOC_238618949F12,village,Salempur Nagar (8),सलेमपुर नगर,Punjab,PB,Kapurthala,VB-PB-KAPURTHALA,,,Salempur Nagar (8),,,31.517075,75.579174,synthetic_envelope,SRC_VB_SYNTHETIC,,True,0.0,,v0.1,False
LOC_DE39896A420B,village,Basantpur Khurd (9),बसंतपुर खुर्द,Punjab,PB,Kapurthala,VB-PB-KAPURTHALA,,,Basantpur Khurd (9),,,31.217914,75.506711,synthetic_envelope,SRC_VB_SYNTHETIC,,True,0.0,,v0.1,False
LOC_3F3FE3682CCE,village,Sultanpur Nagar (10),सुल्तानपुर नगर,Punjab,PB,Kapurthala,VB-PB-KAPURTHALA,,,Sultanpur Nagar (10),,,31.420108,75.570884,synthetic_envelope,SRC_VB_SYNTHETIC,,True,0.0,,v0.1,False
LOC_B2D018D3C259,village,Jhinjhana Khurd (11),झिंझाना खुर्द,Punjab,PB,Kapurthala,VB-PB-KAPURTHALA,,,Jhinjhana Khurd (11),,,31.43515,75.476291,synthetic_envelope,SRC_VB_SYNTHETIC,,True,0.0,,v0.1,False
LOC_512D4202B292,village,Mubarikpur Khera (12),मुबारिकपुर खेड़ा,Punjab,PB,Kapurthala,VB-PB-KAPURTHALA,,,Mubarikpur Khera (12),,,31.253429,75.522551,synthetic_envelope,SRC_VB_SYNTHETIC,,True,0.0,,v0.1,False
LOC_C81750DC0718,village,Chandpur Nagar (13),चांदपुर नगर,Punjab,PB,Kapurthala,VB-PB-KAPURTHALA,,,Chandpur Nagar (13),,,31.508246,75.450742,synthetic_envelope,SRC_VB_SYNTHETIC,,True,0.0,,v0.1,False
LOC_616479F5D72D,village,Basantpur (14),बसंतपुर,Punjab,PB,Kapurthala,VB-PB-KAPURTHALA,,,Basantpur (14),,,31.236457,75.488458,synthetic_envelope,SRC_VB_SYNTHETIC,,True,0.0,,v0.1,False
LOC_6705EF282C00,village,Umarpur Khurd (15),उमरपुर खुर्द,Punjab,PB,Kapurthala,VB-PB-KAPURTHALA,,,Umarpur Khurd (15),,,31.470344,75.507611,synthetic_envelope,SRC_VB_SYNTHETIC,,True,0.0,,v0.1,False
LOC_25888B14BB8A,village,Chandpur Khera (16),चांदपुर खेड़ा,Punjab,PB,Kapurthala,VB-PB-KAPURTHALA,,,Chandpur Khera (16),,,31.217421,75.504015,synthetic_envelope,SRC_VB_SYNTHETIC,,True,0.0,,v0.1,False
LOC_31664C058BD1,village,Kishanpur Khurd (17),किशनपुर खुर्द,Punjab,PB,Kapurthala,VB-PB-KAPURTHALA,,,Kishanpur Khurd (17),,,31.256098,75.486301,synthetic_envelope,SRC_VB_SYNTHETIC,,True,0.0,,v0.1,False
LOC_7B7D3499A855,village,Bahadurpur Khera (18),बहादुरपुर खेड़ा,Punjab,PB,Kapurthala,VB-PB-KAPURTHALA,,,Bahadurpur Khera (18),,,31.237743,75.541698,synthetic_envelope,SRC_VB_SYNTHETIC,,True,0.0,,v0.1,False
LOC_950504156180,village,Naurangpur Khurd (19),नौरंगपुर खुर्द,Punjab,PB,Kapurthala,VB-PB-KAPURTHALA,,,Naurangpur Khurd (19),,,31.356256,75.541595,synthetic_envelope,SRC_VB_SYNTHETIC,,True,0.0,,v0.1,False
LOC_50D1E771C07F,village,Umarpur Khera (20),उमरपुर खेड़ा,Punjab,PB,Kapurthala,VB-PB-KAPURTHALA,,,Umarpur Khera (20),,,31.342835,75.569407,synthetic_envelope,SRC_VB_SYNTHETIC,,True,0.0,,v0.1,False
LOC_FA66FF6DBAFC,village,Rasulpur Khera (21),रसूलपुर खेड़ा,Punjab,PB,Kapurthala,VB-PB-KAPURTHALA,,,Rasulpur Khera (21),,,31.242385,75.526229,synthetic_envelope,SRC_VB_SYNTHETIC,,True,0.0,,v0.1,False
LOC_C50EE8B2EDD2,village,Sultanpur Nagar (22),सुल्तानपुर नगर,Punjab,PB,Kapurthala,VB-PB-KAPURTHALA,,,Sultanpur Nagar (22),,,31.480115,75.548065,synthetic_envelope,SRC_VB_SYNTHETIC,,True,0.0,,v0.1,False
LOC_6B1A5215ED91,village,Bhojpur (23),भोजपुर,Punjab,PB,Kapurthala,VB-PB-KAPURTHALA,,,Bhojpur (23),,,31.359767,75.611488,synthetic_envelope,SRC_VB_SYNTHETIC,,True,0.0,,v0.1,False
LOC_16EA8191B67E,village,Todarpur Kalan (24),तोदड़पुर कलां,Punjab,PB,Kapurthala,VB-PB-KAPURTHALA,,,Todarpur Kalan (24),,,31.351062,75.598892,synthetic_envelope,SRC_VB_SYNTHETIC,,True,0.0,,v0.1,False
LOC_21956C23E979,village,Umarpur Nagar (25),उमरपुर नगर,Punjab,PB,Kapurthala,VB-PB-KAPURTHALA,,,Umarpur Nagar (25),,,31.490049,75.522389,synthetic_envelope,SRC_VB_SYNTHETIC,,True,0.0,,v0.1,False
LOC_DCC88743E716,village,Gopalpur Khera (26),गोपालपुर खेड़ा,Punjab,PB,Kapurthala,VB-PB-KAPURTHALA,,,Gopalpur Khera (26),,,31.470223,75.526867,synthetic_envelope,SRC_VB_SYNTHETIC,,True,0.0,,v0.1,False
LOC_41832E75456E,village,Basantpur Nagar (27),बसंतपुर नगर,Punjab,PB,Kapurthala,VB-PB-KAPURTHALA,,,Basantpur Nagar (27),,,31.482945,75.525654,synthetic_envelope,SRC_VB_SYNTHETIC,,True,0.0,,v0.1,False
LOC_13EA26A2DB59,village,Shahpur Kalan (28),शाहपुर कलां,Punjab,PB,Kapurthala,VB-PB-KAPURTHALA,,,Shahpur Kalan (28),,,31.426043,75.579228,synthetic_envelope,SRC_VB_SYNTHETIC,,True,0.0,,v0.1,False
LOC_B7817FE007CD,village,Bhagwanpur Khurd (29),भगवानपुर खुर्द,Punjab,PB,Kapurthala,VB-PB-KAPURTHALA,,,Bhagwanpur Khurd (29),,,31.47342,75.55429,synthetic_envelope,SRC_VB_SYNTHETIC,,True,0.0,,v0.1,False
LOC_3172C2ABF73A,village,Shahpur Majra (30),शाहपुर माजरा,Punjab,PB,Kapurthala,VB-PB-KAPURTHALA,,,Shahpur Majra (30),,,31.262607,75.453131,synthetic_envelope,SRC_VB_SYNTHETIC,,True,0.0,,v0.1,False
LOC_ED8AB31B77A5,village,Chandpur Kalan (31),चांदपुर कलां,Punjab,PB,Kapurthala,VB-PB-KAPURTHALA,,,Chandpur Kalan (31),,,31.263258,75.50699,synthetic_envelope,SRC_VB_SYNTHETIC,,True,0.0,,v0.1,False
LOC_35ECB8CCB2E1,village,Bahadurpur Kalan (32),बहादुरपुर कलां,Punjab,PB,Kapurthala,VB-PB-KAPURTHALA,,,Bahadurpur Kalan (32),,,31.399884,75.547707,synthetic_envelope,SRC_VB_SYNTHETIC,,True,0.0,,v0.1,False
LOC_5DB57DC33CDC,village,Gopalpur Nagar,गोपालपुर नगर,Punjab,PB,Hoshiarpur,VB-PB-HOSHIARPUR,,,Gopalpur Nagar,,,31.581041,75.728202,synthetic_envelope,SRC_VB_SYNTHETIC,,True,0.0,,v0.1,False
LOC_D85E261A0101,village,Naurangpur Majra,नौरंगपुर माजरा,Punjab,PB,Hoshiarpur,VB-PB-HOSHIARPUR,,,Naurangpur Majra,,,31.431251,75.829126,synthetic_envelope,SRC_VB_SYNTHETIC,,True,0.0,,v0.1,False
LOC_5B468398184F,village,Basantpur Nagar,बसंतपुर नगर,Punjab,PB,Hoshiarpur,VB-PB-HOSHIARPUR,,,Basantpur Nagar,,,31.444297,75.882129,synthetic_envelope,SRC_VB_SYNTHETIC,,True,0.0,,v0.1,False
LOC_D8695AC9DA12,village,Basantpur Nagar,बसंतपुर नगर,Punjab,PB,Hoshiarpur,VB-PB-HOSHIARPUR,,,Basantpur Nagar,,,31.599244,75.707533,synthetic_envelope,SRC_VB_SYNTHETIC,,True,0.0,,v0.1,False
LOC_2D11231DDA67,village,Naurangpur,नौरंगपुर,Punjab,PB,Hoshiarpur,VB-PB-HOSHIARPUR,,,Naurangpur,,,31.434361,75.850562,synthetic_envelope,SRC_VB_SYNTHETIC,,True,0.0,,v0.1,False
LOC_F1FA54305894,village,Nathupur Kalan,नत्थूपुर कलां,Punjab,PB,Hoshiarpur,VB-PB-HOSHIARPUR,,,Nathupur Kalan,,,31.399397,75.877003,synthetic_envelope,SRC_VB_SYNTHETIC,,True,0.0,,v0.1,False
LOC_45297F477DF7,village,Sikandarpur Nagar,सिकंदरपुर नगर,Punjab,PB,Hoshiarpur,VB-PB-HOSHIARPUR,,,Sikandarpur Nagar,,,31.396234,75.818331,synthetic_envelope,SRC_VB_SYNTHETIC,,True,0.0,,v0.1,False
LOC_0F33B1909839,village,Dhanaura Kalan,धनौरा कलां,Punjab,PB,Hoshiarpur,VB-PB-HOSHIARPUR,,,Dhanaura Kalan,,,31.386933,75.830892,synthetic_envelope,SRC_VB_SYNTHETIC,,True,0.0,,v0.1,False
LOC_B72569509022,village,Jhinjhana Kalan,झिंझाना कलां,Punjab,PB,Hoshiarpur,VB-PB-HOSHIARPUR,,,Jhinjhana Kalan,,,31.431974,75.86031,synthetic_envelope,SRC_VB_SYNTHETIC,,True,0.0,,v0.1,False
LOC_0E2342298CF3,village,Fatehpur Kalan,फतेहपुर कलां,Punjab,PB,Hoshiarpur,VB-PB-HOSHIARPUR,,,Fatehpur Kalan,,,31.61443,75.735988,synthetic_envelope,SRC_VB_SYNTHETIC,,True,0.0,,v0.1,False
LOC_CB530FA863B4,village,Rampur Kalan,रामपुर कलां,Punjab,PB,Hoshiarpur,VB-PB-HOSHIARPUR,,,Rampur Kalan,,,31.511672,75.733436,synthetic_envelope,SRC_VB_SYNTHETIC,,True,0.0,,v0.1,False
LOC_033B1554ECBE,village,Fatehpur Khurd,फतेहपुर खुर्द,Punjab,PB,Hoshiarpur,VB-PB-HOSHIARPUR,,,Fatehpur Khurd,,,31.494384,75.719638,synthetic_envelope,SRC_VB_SYNTHETIC,,True,0.0,,v0.1,False
LOC_09462D324C11,village,Bhojpur Majra,भोजपुर माजरा,Punjab,PB,Hoshiarpur,VB-PB-HOSHIARPUR,,,Bhojpur Majra,,,31.588619,75.760765,synthetic_envelope,SRC_VB_SYNTHETIC,,True,0.0,,v0.1,False
LOC_D00B951CCFB0,village,Jamalpur Khera,जमालपुर खेड़ा,Punjab,PB,Hoshiarpur,VB-PB-HOSHIARPUR,,,Jamalpur Khera,,,31.372852,75.83268,synthetic_envelope,SRC_VB_SYNTHETIC,,True,0.0,,v0.1,False
LOC_A2F6D50759BC,village,Umarpur Kalan,उमरपुर कलां,Punjab,PB,Hoshiarpur,VB-PB-HOSHIARPUR,,,Umarpur Kalan,,,31.477216,75.893994,synthetic_envelope,SRC_VB_SYNTHETIC,,True,0.0,,v0.1,False
LOC_F70DC1DEA014,village,Chandpur Nagar,चांदपुर नगर,Punjab,PB,Hoshiarpur,VB-PB-HOSHIARPUR,,,Chandpur Nagar,,,31.380749,75.786054,synthetic_envelope,SRC_VB_SYNTHETIC,,True,0.0,,v0.1,False
LOC_1C45156BD4BD,village,Umarpur,उमरपुर,Punjab,PB,Hoshiarpur,VB-PB-HOSHIARPUR,,,Umarpur,,,31.614117,75.714388,synthetic_envelope,SRC_VB_SYNTHETIC,,True,0.0,,v0.1,False
LOC_6ECB487D5CF7,village,Nangla Kalan,नंगला कलां,Punjab,PB,Hoshiarpur,VB-PB-HOSHIARPUR,,,Nangla Kalan,,,31.495188,75.719834,synthetic_envelope,SRC_VB_SYNTHETIC,,True,0.0,,v0.1,False
LOC_CA35D8231FCB,village,Jamalpur Kalan,जमालपुर कलां,Punjab,PB,Hoshiarpur,VB-PB-HOSHIARPUR,,,Jamalpur Kalan,,,31.631619,75.781778,synthetic_envelope,SRC_VB_SYNTHETIC,,True,0.0,,v0.1,False
LOC_AD00C6CF3909,village,Todarpur Kalan,तोदड़पुर कलां,Punjab,PB,Hoshiarpur,VB-PB-HOSHIARPUR,,,Todarpur Kalan,,,31.593707,75.735293,synthetic_envelope,SRC_VB_SYNTHETIC,,True,0.0,,v0.1,False
LOC_2DFF7BAB7631,village,Umarpur Nagar,उमरपुर नगर,Punjab,PB,Hoshiarpur,VB-PB-HOSHIARPUR,,,Umarpur Nagar,,,31.440416,75.898622,synthetic_envelope,SRC_VB_SYNTHETIC,,True,0.0,,v0.1,False
LOC_B9EBB30E4855,village,Bhagwanpur Kalan,भगवानपुर कलां,Punjab,PB,Hoshiarpur,VB-PB-HOSHIARPUR,,,Bhagwanpur Kalan,,,31.533054,75.719724,synthetic_envelope,SRC_VB_SYNTHETIC,,True,0.0,,v0.1,False
LOC_931013C05157,village,Sultanpur Khera,सुल्तानपुर खेड़ा,Punjab,PB,Hoshiarpur,VB-PB-HOSHIARPUR,,,Sultanpur Khera,,,31.528622,75.724065,synthetic_envelope,SRC_VB_SYNTHETIC,,True,0.0,,v0.1,False
LOC_6E25CC53C928,village,Jhinjhana Majra,झिंझाना माजरा,Punjab,PB,Hoshiarpur,VB-PB-HOSHIARPUR,,,Jhinjhana Majra,,,31.590626,75.609328,synthetic_envelope,SRC_VB_SYNTHETIC,,True,0.0,,v0.1,False
LOC_BFF4464E7439,village,Manakpur Khera,मानकपुर खेड़ा,Punjab,PB,Hoshiarpur,VB-PB-HOSHIARPUR,,,Manakpur Khera,,,31.582626,75.740727,synthetic_envelope,SRC_VB_SYNTHETIC,,True,0.0,,v0.1,False
LOC_830A85CC3641,village,Rasulpur Khurd,रसूलपुर खुर्द,Punjab,PB,Hoshiarpur,VB-PB-HOSHIARPUR,,,Rasulpur Khurd,,,31.635434,75.7318,synthetic_envelope,SRC_VB_SYNTHETIC,,True,0.0,,v0.1,False
LOC_EE442C9CCBA8,village,Mubarikpur,मुबारिकपुर,Punjab,PB,Gurdaspur,VB-PB-GURDASPUR,,,Mubarikpur,,,32.071091,75.407155,synthetic_envelope,SRC_VB_SYNTHETIC,,True,0.0,,v0.1,False
LOC_726E320832DD,village,Basantpur Khera,बसंतपुर खेड़ा,Punjab,PB,Gurdaspur,VB-PB-GURDASPUR,,,Basantpur Khera,,,32.25425,75.223327,synthetic_envelope,SRC_VB_SYNTHETIC,,True,0.0,,v0.1,False
LOC_FA6B155AABA3,village,Dhanaura,धनौरा,Punjab,PB,Gurdaspur,VB-PB-GURDASPUR,,,Dhanaura,,,32.266904,75.221527,synthetic_envelope,SRC_VB_SYNTHETIC,,True,0.0,,v0.1,False
LOC_4CCEAE0CFD1C,village,Alipur Kalan,अलीपुर कलां,Punjab,PB,Gurdaspur,VB-PB-GURDASPUR,,,Alipur Kalan,,,32.094999,75.387682,synthetic_envelope,SRC_VB_SYNTHETIC,,True,0.0,,v0.1,False
LOC_525F2399D750,village,Naurangpur Kalan,नौरंगपुर कलां,Punjab,PB,Gurdaspur,VB-PB-GURDASPUR,,,Naurangpur Kalan,,,32.102942,75.362142,synthetic_envelope,SRC_VB_SYNTHETIC,,True,0.0,,v0.1,False
LOC_2E9834F07D72,village,Ladwa Khurd,लाडवा खुर्द,Punjab,PB,Gurdaspur,VB-PB-GURDASPUR,,,Ladwa Khurd,,,31.826275,75.454366,synthetic_envelope,SRC_VB_SYNTHETIC,,True,0.0,,v0.1,False
LOC_E786975193B8,village,Rasulpur,रसूलपुर,Punjab,PB,Gurdaspur,VB-PB-GURDASPUR,,,Rasulpur,,,31.827406,75.511076,synthetic_envelope,SRC_VB_SYNTHETIC,,True,0.0,,v0.1,False
LOC_89681CCF25FD,village,Ladwa Khera,लाडवा खेड़ा,Punjab,PB,Gurdaspur,VB-PB-GURDASPUR,,,Ladwa Khera,,,32.171725,75.251675,synthetic_envelope,SRC_VB_SYNTHETIC,,True,0.0,,v0.1,False
LOC_1BD13709A53C,village,Salempur Khera,सलेमपुर खेड़ा,Punjab,PB,Gurdaspur,VB-PB-GURDASPUR,,,Salempur Khera,,,32.220549,75.254506,synthetic_envelope,SRC_VB_SYNTHETIC,,True,0.0,,v0.1,False
LOC_B4A0755BE041,village,Todarpur Majra,तोदड़पुर माजरा,Punjab,PB,Gurdaspur,VB-PB-GURDASPUR,,,Todarpur Majra,,,32.01248,75.39199,synthetic_envelope,SRC_VB_SYNTHETIC,,True,0.0,,v0.1,False
LOC_E1B8AC8352BF,village,Kheri Kalan,खेड़ी कलां,Punjab,PB,Gurdaspur,VB-PB-GURDASPUR,,,Kheri Kalan,,,32.108794,75.302895,synthetic_envelope,SRC_VB_SYNTHETIC,,True,0.0,,v0.1,False
LOC_00028EB3DC7A,village,Nangla Kalan,नंगला कलां,Punjab,PB,Gurdaspur,VB-PB-GURDASPUR,,,Nangla Kalan,,,31.851113,75.467898,synthetic_envelope,SRC_VB_SYNTHETIC,,True,0.0,,v0.1,False
LOC_C61852FCD06C,village,Sikandarpur Majra,सिकंदरपुर माजरा,Punjab,PB,Gurdaspur,VB-PB-GURDASPUR,,,Sikandarpur Majra,,,31.901271,75.507462,synthetic_envelope,SRC_VB_SYNTHETIC,,True,0.0,,v0.1,False
LOC_2322186071F7,village,Dhanaura Khera,धनौरा खेड़ा,Punjab,PB,Gurdaspur,VB-PB-GURDASPUR,,,Dhanaura Khera,,,32.280554,75.132632,synthetic_envelope,SRC_VB_SYNTHETIC,,True,0.0,,v0.1,False
LOC_71CBAF565B86,village,Basantpur Khurd,बसंतपुर खुर्द,Punjab,PB,Gurdaspur,VB-PB-GURDASPUR,,,Basantpur Khurd,,,31.780925,75.449355,synthetic_envelope,SRC_VB_SYNTHETIC,,True,0.0,,v0.1,False
LOC_E54855C85779,village,Sultanpur Nagar,सुल्तानपुर नगर,Punjab,PB,Gurdaspur,VB-PB-GURDASPUR,,,Sultanpur Nagar,,,32.112372,75.351695,synthetic_envelope,SRC_VB_SYNTHETIC,,True,0.0,,v0.1,False
LOC_CB4DC5D8B868,village,Fatehpur Khera,फतेहपुर खेड़ा,Punjab,PB,Gurdaspur,VB-PB-GURDASPUR,,,Fatehpur Khera,,,32.096556,75.354118,synthetic_envelope,SRC_VB_SYNTHETIC,,True,0.0,,v0.1,False
LOC_76305DA4F6A8,village,Kheri Nagar,खेड़ी नगर,Punjab,PB,Gurdaspur,VB-PB-GURDASPUR,,,Kheri Nagar,,,32.141573,75.455526,synthetic_envelope,SRC_VB_SYNTHETIC,,True,0.0,,v0.1,False
LOC_CDA88C8D2303,village,Rampur Khera,रामपुर खेड़ा,Punjab,PB,Gurdaspur,VB-PB-GURDASPUR,,,Rampur Khera,,,31.99351,75.309626,synthetic_envelope,SRC_VB_SYNTHETIC,,True,0.0,,v0.1,False
LOC_F6244EF457E4,village,Basantpur Nagar,बसंतपुर नगर,Punjab,PB,Gurdaspur,VB-PB-GURDASPUR,,,Basantpur Nagar,,,31.908674,75.440414,synthetic_envelope,SRC_VB_SYNTHETIC,,True,0.0,,v0.1,False
LOC_D1611EA8FDAB,village,Bhojpur Majra,भोजपुर माजरा,Punjab,PB,Gurdaspur,VB-PB-GURDASPUR,,,Bhojpur Majra,,,32.257605,75.253407,synthetic_envelope,SRC_VB_SYNTHETIC,,True,0.0,,v0.1,False
LOC_EF03B4FD18F9,village,Jhinjhana,झिंझाना,Punjab,PB,Gurdaspur,VB-PB-GURDASPUR,,,Jhinjhana,,,31.794163,75.458088,synthetic_envelope,SRC_VB_SYNTHETIC,,True,0.0,,v0.1,False
LOC_D0E3A91F2EB5,village,Shahpur Khera,शाहपुर खेड़ा,Punjab,PB,Gurdaspur,VB-PB-GURDASPUR,,,Shahpur Khera,,,32.057744,75.28878,synthetic_envelope,SRC_VB_SYNTHETIC,,True,0.0,,v0.1,False
LOC_694B59223BCA,village,Rasulpur Kalan,रसूलपुर कलां,Punjab,PB,Gurdaspur,VB-PB-GURDASPUR,,,Rasulpur Kalan,,,31.810958,75.48223,synthetic_envelope,SRC_VB_SYNTHETIC,,True,0.0,,v0.1,False
LOC_5B66C7437C97,village,Devipur,देवीपुर,Punjab,PB,Gurdaspur,VB-PB-GURDASPUR,,,Devipur,,,32.036394,75.267617,synthetic_envelope,SRC_VB_SYNTHETIC,,True,0.0,,v0.1,False
LOC_42CF58B57B65,village,Rampur Majra,रामपुर माजरा,Punjab,PB,Gurdaspur,VB-PB-GURDASPUR,,,Rampur Majra,,,32.135739,75.168687,synthetic_envelope,SRC_VB_SYNTHETIC,,True,0.0,,v0.1,False
LOC_8C8673767E4D,village,Umarpur Kalan,उमरपुर कलां,Punjab,PB,Gurdaspur,VB-PB-GURDASPUR,,,Umarpur Kalan,,,32.04272,75.498233,synthetic_envelope,SRC_VB_SYNTHETIC,,True,0.0,,v0.1,False
LOC_77602F9108D6,village,Dhanaura,धनौरा,Punjab,PB,Gurdaspur,VB-PB-GURDASPUR,,,Dhanaura,,,32.120402,75.264212,synthetic_envelope,SRC_VB_SYNTHETIC,,True,0.0,,v0.1,False
LOC_40D5E20209C0,village,Rasulpur,रसूलपुर,Punjab,PB,Gurdaspur,VB-PB-GURDASPUR,,,Rasulpur,,,32.039605,75.259321,synthetic_envelope,SRC_VB_SYNTHETIC,,True,0.0,,v0.1,False
LOC_83AF496708C5,village,Basantpur Nagar,बसंतपुर नगर,Punjab,PB,Pathankot,VB-PB-PATHANKOT,,,Basantpur Nagar,,,32.121462,75.565446,synthetic_envelope,SRC_VB_SYNTHETIC,,True,0.0,,v0.1,False
LOC_AF692DCAFEC9,village,Jamalpur Khurd,जमालपुर खुर्द,Punjab,PB,Pathankot,VB-PB-PATHANKOT,,,Jamalpur Khurd,,,32.398553,75.730972,synthetic_envelope,SRC_VB_SYNTHETIC,,True,0.0,,v0.1,False
LOC_512D3D5FDED1,village,Barwala,बरवाला,Punjab,PB,Pathankot,VB-PB-PATHANKOT,,,Barwala,,,32.124921,75.549608,synthetic_envelope,SRC_VB_SYNTHETIC,,True,0.0,,v0.1,False
LOC_7F88BC933A20,village,Devipur Nagar,देवीपुर नगर,Punjab,PB,Pathankot,VB-PB-PATHANKOT,,,Devipur Nagar,,,32.385532,75.720392,synthetic_envelope,SRC_VB_SYNTHETIC,,True,0.0,,v0.1,False
LOC_ED91BC826E60,village,Naurangpur,नौरंगपुर,Punjab,PB,Pathankot,VB-PB-PATHANKOT,,,Naurangpur,,,32.172802,75.582164,synthetic_envelope,SRC_VB_SYNTHETIC,,True,0.0,,v0.1,False
LOC_84120EC52A80,village,Sultanpur Khera,सुल्तानपुर खेड़ा,Punjab,PB,Pathankot,VB-PB-PATHANKOT,,,Sultanpur Khera,,,32.336914,75.75175,synthetic_envelope,SRC_VB_SYNTHETIC,,True,0.0,,v0.1,False
LOC_61F233714B29,village,Kheri Khurd,खेड़ी खुर्द,Punjab,PB,Pathankot,VB-PB-PATHANKOT,,,Kheri Khurd,,,32.110606,75.588292,synthetic_envelope,SRC_VB_SYNTHETIC,,True,0.0,,v0.1,False
LOC_6F124F42499B,village,Harjipur,हरजीपुर,Punjab,PB,Pathankot,VB-PB-PATHANKOT,,,Harjipur,,,32.412639,75.716905,synthetic_envelope,SRC_VB_SYNTHETIC,,True,0.0,,v0.1,False
LOC_280B93663523,village,Shahpur Kalan,शाहपुर कलां,Punjab,PB,Pathankot,VB-PB-PATHANKOT,,,Shahpur Kalan,,,32.137813,75.555466,synthetic_envelope,SRC_VB_SYNTHETIC,,True,0.0,,v0.1,False
LOC_6C56AEB615D5,village,Rasulpur Kalan,रसूलपुर कलां,Punjab,PB,Pathankot,VB-PB-PATHANKOT,,,Rasulpur Kalan,,,32.442855,75.678102,synthetic_envelope,SRC_VB_SYNTHETIC,,True,0.0,,v0.1,False
LOC_02DA40ED941A,village,Sikandarpur Kalan,सिकंदरपुर कलां,Punjab,PB,Pathankot,VB-PB-PATHANKOT,,,Sikandarpur Kalan,,,32.371737,75.668116,synthetic_envelope,SRC_VB_SYNTHETIC,,True,0.0,,v0.1,False
LOC_8B235FEDC1EB,village,Alipur Khera,अलीपुर खेड़ा,Punjab,PB,Pathankot,VB-PB-PATHANKOT,,,Alipur Khera,,,32.363861,75.725538,synthetic_envelope,SRC_VB_SYNTHETIC,,True,0.0,,v0.1,False
LOC_F3E4F1EEA810,village,Shahpur Majra,शाहपुर माजरा,Punjab,PB,Pathankot,VB-PB-PATHANKOT,,,Shahpur Majra,,,32.096276,75.519917,synthetic_envelope,SRC_VB_SYNTHETIC,,True,0.0,,v0.1,False
LOC_55A910C78E8E,village,Nangla Nagar,नंगला नगर,Punjab,PB,Pathankot,VB-PB-PATHANKOT,,,Nangla Nagar,,,32.387842,75.667429,synthetic_envelope,SRC_VB_SYNTHETIC,,True,0.0,,v0.1,False
LOC_2E2F056A6B91,village,Todarpur Nagar,तोदड़पुर नगर,Punjab,PB,Pathankot,VB-PB-PATHANKOT,,,Todarpur Nagar,,,32.448448,75.719188,synthetic_envelope,SRC_VB_SYNTHETIC,,True,0.0,,v0.1,False
LOC_369319F1FB64,village,Ladwa Majra,लाडवा माजरा,Punjab,PB,Pathankot,VB-PB-PATHANKOT,,,Ladwa Majra,,,32.318615,75.663818,synthetic_envelope,SRC_VB_SYNTHETIC,,True,0.0,,v0.1,False
LOC_265C9378D47F,village,Umarpur,उमरपुर,Punjab,PB,Pathankot,VB-PB-PATHANKOT,,,Umarpur,,,32.355854,75.688472,synthetic_envelope,SRC_VB_SYNTHETIC,,True,0.0,,v0.1,False
LOC_7DC7F0E5B524,village,Kheri Khurd,खेड़ी खुर्द,Punjab,PB,Pathankot,VB-PB-PATHANKOT,,,Kheri Khurd,,,32.387406,75.678093,synthetic_envelope,SRC_VB_SYNTHETIC,,True,0.0,,v0.1,False
LOC_36BC63866DEB,village,Kheri Nagar,खेड़ी नगर,Punjab,PB,Pathankot,VB-PB-PATHANKOT,,,Kheri Nagar,,,32.371861,75.71827,synthetic_envelope,SRC_VB_SYNTHETIC,,True,0.0,,v0.1,False
LOC_7A50161D9EDB,village,Harjipur Khurd,हरजीपुर खुर्द,Punjab,PB,Pathankot,VB-PB-PATHANKOT,,,Harjipur Khurd,,,32.398158,75.739053,synthetic_envelope,SRC_VB_SYNTHETIC,,True,0.0,,v0.1,False
LOC_E46CEB353B42,village,Bahadurpur Majra,बहादुरपुर माजरा,Punjab,PB,Pathankot,VB-PB-PATHANKOT,,,Bahadurpur Majra,,,32.454874,75.662541,synthetic_envelope,SRC_VB_SYNTHETIC,,True,0.0,,v0.1,False
LOC_AEBD136A15E4,village,Mubarikpur Kalan (1),मुबारिकपुर कलां,Punjab,PB,Tarn Taran,VB-PB-TARN-TARAN,,,Mubarikpur Kalan (1),,,31.491095,75.098433,synthetic_envelope,SRC_VB_SYNTHETIC,,True,0.0,,v0.1,False
LOC_838644D503B9,village,Nathupur Khurd (2),नत्थूपुर खुर्द,Punjab,PB,Tarn Taran,VB-PB-TARN-TARAN,,,Nathupur Khurd (2),,,31.471376,75.189446,synthetic_envelope,SRC_VB_SYNTHETIC,,True,0.0,,v0.1,False
LOC_7D808BE5A6E0,village,Alipur Nagar (3),अलीपुर नगर,Punjab,PB,Tarn Taran,VB-PB-TARN-TARAN,,,Alipur Nagar (3),,,31.49844,75.037636,synthetic_envelope,SRC_VB_SYNTHETIC,,True,0.0,,v0.1,False
LOC_5FD011858311,village,Fatehpur Majra (4),फतेहपुर माजरा,Punjab,PB,Tarn Taran,VB-PB-TARN-TARAN,,,Fatehpur Majra (4),,,31.52635,75.137936,synthetic_envelope,SRC_VB_SYNTHETIC,,True,0.0,,v0.1,False
LOC_162784D4B33A,village,Rasulpur Khera (5),रसूलपुर खेड़ा,Punjab,PB,Tarn Taran,VB-PB-TARN-TARAN,,,Rasulpur Khera (5),,,31.574421,74.888755,synthetic_envelope,SRC_VB_SYNTHETIC,,True,0.0,,v0.1,False
LOC_59855383ECDB,village,Mubarikpur Khera (6),मुबारिकपुर खेड़ा,Punjab,PB,Tarn Taran,VB-PB-TARN-TARAN,,,Mubarikpur Khera (6),,,31.548468,74.868291,synthetic_envelope,SRC_VB_SYNTHETIC,,True,0.0,,v0.1,False
LOC_D0B2FC1E0BA6,village,Alipur Kalan (7),अलीपुर कलां,Punjab,PB,Tarn Taran,VB-PB-TARN-TARAN,,,Alipur Kalan (7),,,31.550197,74.816921,synthetic_envelope,SRC_VB_SYNTHETIC,,True,0.0,,v0.1,False
LOC_EE3CF741667A,village,Basantpur Nagar (8),बसंतपुर नगर,Punjab,PB,Tarn Taran,VB-PB-TARN-TARAN,,,Basantpur Nagar (8),,,31.528549,75.13341,synthetic_envelope,SRC_VB_SYNTHETIC,,True,0.0,,v0.1,False
LOC_72E87FD0B89B,village,Sikandarpur Nagar (9),सिकंदरपुर नगर,Punjab,PB,Tarn Taran,VB-PB-TARN-TARAN,,,Sikandarpur Nagar (9),,,31.605868,74.87307,synthetic_envelope,SRC_VB_SYNTHETIC,,True,0.0,,v0.1,False
LOC_71AE97504249,village,Jamalpur Khera (10),जमालपुर खेड़ा,Punjab,PB,Tarn Taran,VB-PB-TARN-TARAN,,,Jamalpur Khera (10),,,31.529673,74.872604,synthetic_envelope,SRC_VB_SYNTHETIC,,True,0.0,,v0.1,False
LOC_36EF8E7EBDEA,village,Naurangpur Majra (11),नौरंगपुर माजरा,Punjab,PB,Tarn Taran,VB-PB-TARN-TARAN,,,Naurangpur Majra (11),,,31.586188,74.818587,synthetic_envelope,SRC_VB_SYNTHETIC,,True,0.0,,v0.1,False
LOC_BA3175B9D6D7,village,Bahadurpur Khurd (12),बहादुरपुर खुर्द,Punjab,PB,Tarn Taran,VB-PB-TARN-TARAN,,,Bahadurpur Khurd (12),,,31.50205,75.104245,synthetic_envelope,SRC_VB_SYNTHETIC,,True,0.0,,v0.1,False
LOC_A4ADDA9C3133,village,Bhojpur Kalan (13),भोजपुर कलां,Punjab,PB,Tarn Taran,VB-PB-TARN-TARAN,,,Bhojpur Kalan (13),,,31.484888,75.095327,synthetic_envelope,SRC_VB_SYNTHETIC,,True,0.0,,v0.1,False
LOC_6C27A02F4892,village,Nathupur Majra (14),नत्थूपुर माजरा,Punjab,PB,Tarn Taran,VB-PB-TARN-TARAN,,,Nathupur Majra (14),,,31.561296,74.852328,synthetic_envelope,SRC_VB_SYNTHETIC,,True,0.0,,v0.1,False
LOC_C5CFD055040F,village,Harjipur Khurd (15),हरजीपुर खुर्द,Punjab,PB,Tarn Taran,VB-PB-TARN-TARAN,,,Harjipur Khurd (15),,,31.458949,75.055116,synthetic_envelope,SRC_VB_SYNTHETIC,,True,0.0,,v0.1,False
LOC_538D5DA1DDA7,village,Naurangpur Khurd (16),नौरंगपुर खुर्द,Punjab,PB,Tarn Taran,VB-PB-TARN-TARAN,,,Naurangpur Khurd (16),,,31.587856,74.837353,synthetic_envelope,SRC_VB_SYNTHETIC,,True,0.0,,v0.1,False
LOC_BDAE42063E9E,village,Naurangpur (17),नौरंगपुर,Punjab,PB,Tarn Taran,VB-PB-TARN-TARAN,,,Naurangpur (17),,,31.601622,75.189045,synthetic_envelope,SRC_VB_SYNTHETIC,,True,0.0,,v0.1,False
LOC_889250495830,village,Fatehpur Nagar (18),फतेहपुर नगर,Punjab,PB,Tarn Taran,VB-PB-TARN-TARAN,,,Fatehpur Nagar (18),,,31.476015,75.05496,synthetic_envelope,SRC_VB_SYNTHETIC,,True,0.0,,v0.1,False
LOC_3A33A09235CF,village,Naurangpur Nagar (19),नौरंगपुर नगर,Punjab,PB,Tarn Taran,VB-PB-TARN-TARAN,,,Naurangpur Nagar (19),,,31.593605,75.119379,synthetic_envelope,SRC_VB_SYNTHETIC,,True,0.0,,v0.1,False
LOC_708CF9058F07,village,Basantpur Khera (20),बसंतपुर खेड़ा,Punjab,PB,Tarn Taran,VB-PB-TARN-TARAN,,,Basantpur Khera (20),,,31.4694,75.13895,synthetic_envelope,SRC_VB_SYNTHETIC,,True,0.0,,v0.1,False
LOC_57DF03471978,village,Barwala (21),बरवाला,Punjab,PB,Tarn Taran,VB-PB-TARN-TARAN,,,Barwala (21),,,31.535755,74.832463,synthetic_envelope,SRC_VB_SYNTHETIC,,True,0.0,,v0.1,False
LOC_D4870915FB3D,village,Shahpur (22),शाहपुर,Punjab,PB,Tarn Taran,VB-PB-TARN-TARAN,,,Shahpur (22),,,31.502712,75.123609,synthetic_envelope,SRC_VB_SYNTHETIC,,True,0.0,,v0.1,False
LOC_95A34B51261B,village,Mubarikpur Khurd (23),मुबारिकपुर खुर्द,Punjab,PB,Tarn Taran,VB-PB-TARN-TARAN,,,Mubarikpur Khurd (23),,,31.502251,75.111921,synthetic_envelope,SRC_VB_SYNTHETIC,,True,0.0,,v0.1,False
LOC_9245535FD361,village,Dhanaura Kalan (24),धनौरा कलां,Punjab,PB,Tarn Taran,VB-PB-TARN-TARAN,,,Dhanaura Kalan (24),,,31.519284,75.160087,synthetic_envelope,SRC_VB_SYNTHETIC,,True,0.0,,v0.1,False
LOC_8AF1F84F4BFF,village,Jhinjhana Nagar (25),झिंझाना नगर,Punjab,PB,Tarn Taran,VB-PB-TARN-TARAN,,,Jhinjhana Nagar (25),,,31.554122,75.090421,synthetic_envelope,SRC_VB_SYNTHETIC,,True,0.0,,v0.1,False
LOC_940CBD3F6CB6,village,Manakpur Khera (26),मानकपुर खेड़ा,Punjab,PB,Tarn Taran,VB-PB-TARN-TARAN,,,Manakpur Khera (26),,,31.573743,74.854229,synthetic_envelope,SRC_VB_SYNTHETIC,,True,0.0,,v0.1,False
LOC_45823E258E60,village,Naurangpur Kalan (27),नौरंगपुर कलां,Punjab,PB,Tarn Taran,VB-PB-TARN-TARAN,,,Naurangpur Kalan (27),,,31.580033,74.877326,synthetic_envelope,SRC_VB_SYNTHETIC,,True,0.0,,v0.1,False
LOC_24994F2BB6C1,village,Harjipur Khera (28),हरजीपुर खेड़ा,Punjab,PB,Tarn Taran,VB-PB-TARN-TARAN,,,Harjipur Khera (28),,,31.550825,74.77894,synthetic_envelope,SRC_VB_SYNTHETIC,,True,0.0,,v0.1,False
LOC_4218D86B3EE4,village,Kheri Nagar (29),खेड़ी नगर,Punjab,PB,Tarn Taran,VB-PB-TARN-TARAN,,,Kheri Nagar (29),,,31.580105,74.871105,synthetic_envelope,SRC_VB_SYNTHETIC,,True,0.0,,v0.1,False
LOC_4B9EEE500C14,village,Jhinjhana (30),झिंझाना,Punjab,PB,Tarn Taran,VB-PB-TARN-TARAN,,,Jhinjhana (30),,,31.559329,75.099673,synthetic_envelope,SRC_VB_SYNTHETIC,,True,0.0,,v0.1,False
LOC_528933135E52,village,Chandpur Nagar (31),चांदपुर नगर,Punjab,PB,Tarn Taran,VB-PB-TARN-TARAN,,,Chandpur Nagar (31),,,31.492394,75.201786,synthetic_envelope,SRC_VB_SYNTHETIC,,True,0.0,,v0.1,False
LOC_4D876D470038,village,Sikandarpur Khera (32),सिकंदरपुर खेड़ा,Punjab,PB,Tarn Taran,VB-PB-TARN-TARAN,,,Sikandarpur Khera (32),,,31.517811,74.885789,synthetic_envelope,SRC_VB_SYNTHETIC,,True,0.0,,v0.1,False
LOC_569350BA5587,village,Chandpur Kalan (33),चांदपुर कलां,Punjab,PB,Tarn Taran,VB-PB-TARN-TARAN,,,Chandpur Kalan (33),,,31.493926,74.946549,synthetic_envelope,SRC_VB_SYNTHETIC,,True,0.0,,v0.1,False
LOC_362B6BCAD4A1,village,Bahadurpur Kalan (34),बहादुरपुर कलां,Punjab,PB,Tarn Taran,VB-PB-TARN-TARAN,,,Bahadurpur Kalan (34),,,31.532679,74.889054,synthetic_envelope,SRC_VB_SYNTHETIC,,True,0.0,,v0.1,False
LOC_EBE306F7F94A,village,Shahpur Majra (1),शाहपुर माजरा,Punjab,PB,Fatehgarh Sahib,VB-PB-FATEHGARH-SA,,,Shahpur Majra (1),,,30.70471,76.524313,synthetic_envelope,SRC_VB_SYNTHETIC,,True,0.0,,v0.1,False
LOC_98C928E10151,village,Sultanpur Khera (2),सुल्तानपुर खेड़ा,Punjab,PB,Fatehgarh Sahib,VB-PB-FATEHGARH-SA,,,Sultanpur Khera (2),,,30.655604,76.579942,synthetic_envelope,SRC_VB_SYNTHETIC,,True,0.0,,v0.1,False
LOC_442F1B5F07DA,village,Nathupur Nagar (3),नत्थूपुर नगर,Punjab,PB,Fatehgarh Sahib,VB-PB-FATEHGARH-SA,,,Nathupur Nagar (3),,,30.653055,76.504985,synthetic_envelope,SRC_VB_SYNTHETIC,,True,0.0,,v0.1,False
LOC_DB7BA98EBE95,village,Harjipur Majra (4),हरजीपुर माजरा,Punjab,PB,Fatehgarh Sahib,VB-PB-FATEHGARH-SA,,,Harjipur Majra (4),,,30.608305,76.533114,synthetic_envelope,SRC_VB_SYNTHETIC,,True,0.0,,v0.1,False
LOC_885C7EED763F,village,Bahadurpur Kalan (5),बहादुरपुर कलां,Punjab,PB,Fatehgarh Sahib,VB-PB-FATEHGARH-SA,,,Bahadurpur Kalan (5),,,30.703194,76.52552,synthetic_envelope,SRC_VB_SYNTHETIC,,True,0.0,,v0.1,False
LOC_9447DA7C958A,village,Kishanpur Kalan (6),किशनपुर कलां,Punjab,PB,Fatehgarh Sahib,VB-PB-FATEHGARH-SA,,,Kishanpur Kalan (6),,,30.680043,76.509576,synthetic_envelope,SRC_VB_SYNTHETIC,,True,0.0,,v0.1,False
LOC_319DFE2AC735,village,Alipur Kalan (7),अलीपुर कलां,Punjab,PB,Fatehgarh Sahib,VB-PB-FATEHGARH-SA,,,Alipur Kalan (7),,,30.618816,76.543496,synthetic_envelope,SRC_VB_SYNTHETIC,,True,0.0,,v0.1,False
LOC_029F6A57815C,village,Mubarikpur Nagar (8),मुबारिकपुर नगर,Punjab,PB,Fatehgarh Sahib,VB-PB-FATEHGARH-SA,,,Mubarikpur Nagar (8),,,30.655867,76.491939,synthetic_envelope,SRC_VB_SYNTHETIC,,True,0.0,,v0.1,False
LOC_E67CDEDEFC90,village,Alipur Kalan (9),अलीपुर कलां,Punjab,PB,Fatehgarh Sahib,VB-PB-FATEHGARH-SA,,,Alipur Kalan (9),,,30.631382,76.579942,synthetic_envelope,SRC_VB_SYNTHETIC,,True,0.0,,v0.1,False
LOC_B1647DE3A112,village,Alipur Majra (10),अलीपुर माजरा,Punjab,PB,Fatehgarh Sahib,VB-PB-FATEHGARH-SA,,,Alipur Majra (10),,,30.632918,76.509591,synthetic_envelope,SRC_VB_SYNTHETIC,,True,0.0,,v0.1,False
LOC_82002516DA32,village,Shahpur Majra (11),शाहपुर माजरा,Punjab,PB,Fatehgarh Sahib,VB-PB-FATEHGARH-SA,,,Shahpur Majra (11),,,30.725013,76.294209,synthetic_envelope,SRC_VB_SYNTHETIC,,True,0.0,,v0.1,False
LOC_629E410620A6,village,Rasulpur Majra (12),रसूलपुर माजरा,Punjab,PB,Fatehgarh Sahib,VB-PB-FATEHGARH-SA,,,Rasulpur Majra (12),,,30.69235,76.351243,synthetic_envelope,SRC_VB_SYNTHETIC,,True,0.0,,v0.1,False
LOC_005F29923764,village,Basantpur Nagar (13),बसंतपुर नगर,Punjab,PB,Fatehgarh Sahib,VB-PB-FATEHGARH-SA,,,Basantpur Nagar (13),,,30.635037,76.574707,synthetic_envelope,SRC_VB_SYNTHETIC,,True,0.0,,v0.1,False
LOC_D93A28C5FEEA,village,Nangla Khera (14),नंगला खेड़ा,Punjab,PB,Fatehgarh Sahib,VB-PB-FATEHGARH-SA,,,Nangla Khera (14),,,30.729374,76.457682,synthetic_envelope,SRC_VB_SYNTHETIC,,True,0.0,,v0.1,False
LOC_649ED2125909,village,Rasulpur Nagar (15),रसूलपुर नगर,Punjab,PB,Fatehgarh Sahib,VB-PB-FATEHGARH-SA,,,Rasulpur Nagar (15),,,30.705927,76.385373,synthetic_envelope,SRC_VB_SYNTHETIC,,True,0.0,,v0.1,False
LOC_E098EA9B8EDC,village,Bhojpur Kalan (16),भोजपुर कलां,Punjab,PB,Fatehgarh Sahib,VB-PB-FATEHGARH-SA,,,Bhojpur Kalan (16),,,30.656701,76.579942,synthetic_envelope,SRC_VB_SYNTHETIC,,True,0.0,,v0.1,False
LOC_F460A03D4757,village,Bahadurpur Nagar (17),बहादुरपुर नगर,Punjab,PB,Fatehgarh Sahib,VB-PB-FATEHGARH-SA,,,Bahadurpur Nagar (17),,,30.700097,76.545968,synthetic_envelope,SRC_VB_SYNTHETIC,,True,0.0,,v0.1,False
LOC_24E9AC410EDF,village,Dhanaura Khera (18),धनौरा खेड़ा,Punjab,PB,Fatehgarh Sahib,VB-PB-FATEHGARH-SA,,,Dhanaura Khera (18),,,30.710712,76.53363,synthetic_envelope,SRC_VB_SYNTHETIC,,True,0.0,,v0.1,False
LOC_B0E8B30AABC1,village,Ladwa Nagar (19),लाडवा नगर,Punjab,PB,Fatehgarh Sahib,VB-PB-FATEHGARH-SA,,,Ladwa Nagar (19),,,30.653059,76.577168,synthetic_envelope,SRC_VB_SYNTHETIC,,True,0.0,,v0.1,False
LOC_0E9E7CFFD208,village,Alipur (20),अलीपुर,Punjab,PB,Fatehgarh Sahib,VB-PB-FATEHGARH-SA,,,Alipur (20),,,30.65635,76.2819,synthetic_envelope,SRC_VB_SYNTHETIC,,True,0.0,,v0.1,False
LOC_07F78FBEC108,village,Dhanaura (21),धनौरा,Punjab,PB,Fatehgarh Sahib,VB-PB-FATEHGARH-SA,,,Dhanaura (21),,,30.736135,76.574977,synthetic_envelope,SRC_VB_SYNTHETIC,,True,0.0,,v0.1,False
LOC_3F8F6E27EE7D,village,Devipur Majra (22),देवीपुर माजरा,Punjab,PB,Fatehgarh Sahib,VB-PB-FATEHGARH-SA,,,Devipur Majra (22),,,30.738898,76.522939,synthetic_envelope,SRC_VB_SYNTHETIC,,True,0.0,,v0.1,False
LOC_E5776B97D477,village,Fatehpur Khurd (23),फतेहपुर खुर्द,Punjab,PB,Fatehgarh Sahib,VB-PB-FATEHGARH-SA,,,Fatehpur Khurd (23),,,30.641801,76.245101,synthetic_envelope,SRC_VB_SYNTHETIC,,True,0.0,,v0.1,False
LOC_E9BAA09DBDE9,village,Basantpur (24),बसंतपुर,Punjab,PB,Fatehgarh Sahib,VB-PB-FATEHGARH-SA,,,Basantpur (24),,,30.705284,76.545129,synthetic_envelope,SRC_VB_SYNTHETIC,,True,0.0,,v0.1,False
LOC_719EE7AE9AD6,village,Dhanaura Nagar (25),धनौरा नगर,Punjab,PB,Fatehgarh Sahib,VB-PB-FATEHGARH-SA,,,Dhanaura Nagar (25),,,30.674034,76.518787,synthetic_envelope,SRC_VB_SYNTHETIC,,True,0.0,,v0.1,False
LOC_A4AFA7905D4F,village,Jhinjhana Nagar (26),झिंझाना नगर,Punjab,PB,Fatehgarh Sahib,VB-PB-FATEHGARH-SA,,,Jhinjhana Nagar (26),,,30.673608,76.458476,synthetic_envelope,SRC_VB_SYNTHETIC,,True,0.0,,v0.1,False
LOC_47F01FF23019,village,Ladwa (27),लाडवा,Punjab,PB,Fatehgarh Sahib,VB-PB-FATEHGARH-SA,,,Ladwa (27),,,30.751402,76.514971,synthetic_envelope,SRC_VB_SYNTHETIC,,True,0.0,,v0.1,False
LOC_A61C1D57E0E6,village,Jhinjhana Khera (28),झिंझाना खेड़ा,Punjab,PB,Fatehgarh Sahib,VB-PB-FATEHGARH-SA,,,Jhinjhana Khera (28),,,30.647529,76.546021,synthetic_envelope,SRC_VB_SYNTHETIC,,True,0.0,,v0.1,False
LOC_04245F63D509,village,Sultanpur Khurd (29),सुल्तानपुर खुर्द,Punjab,PB,Fatehgarh Sahib,VB-PB-FATEHGARH-SA,,,Sultanpur Khurd (29),,,30.741415,76.503012,synthetic_envelope,SRC_VB_SYNTHETIC,,True,0.0,,v0.1,False
LOC_32AA346347C6,village,Sikandarpur Khurd (30),सिकंदरपुर खुर्द,Punjab,PB,Fatehgarh Sahib,VB-PB-FATEHGARH-SA,,,Sikandarpur Khurd (30),,,30.627269,76.444327,synthetic_envelope,SRC_VB_SYNTHETIC,,True,0.0,,v0.1,False
LOC_0785443D11C5,village,Jhinjhana Nagar (31),झिंझाना नगर,Punjab,PB,Fatehgarh Sahib,VB-PB-FATEHGARH-SA,,,Jhinjhana Nagar (31),,,30.738485,76.274561,synthetic_envelope,SRC_VB_SYNTHETIC,,True,0.0,,v0.1,False
LOC_48DD9162D36D,village,Harjipur (32),हरजीपुर,Punjab,PB,Fatehgarh Sahib,VB-PB-FATEHGARH-SA,,,Harjipur (32),,,30.662755,76.531623,synthetic_envelope,SRC_VB_SYNTHETIC,,True,0.0,,v0.1,False
LOC_1F57A5E6BB0E,village,Dhanaura Khurd (33),धनौरा खुर्द,Punjab,PB,Fatehgarh Sahib,VB-PB-FATEHGARH-SA,,,Dhanaura Khurd (33),,,30.637728,76.537994,synthetic_envelope,SRC_VB_SYNTHETIC,,True,0.0,,v0.1,False
LOC_49AD6E45E99A,village,Nathupur Khurd,नत्थूपुर खुर्द,Punjab,PB,Rupnagar,VB-PB-RUPNAGAR,,,Nathupur Khurd,,,30.954743,76.386109,synthetic_envelope,SRC_VB_SYNTHETIC,,True,0.0,,v0.1,False
LOC_D63051DA83A9,village,Mubarikpur Khurd,मुबारिकपुर खुर्द,Punjab,PB,Rupnagar,VB-PB-RUPNAGAR,,,Mubarikpur Khurd,,,31.121627,76.627466,synthetic_envelope,SRC_VB_SYNTHETIC,,True,0.0,,v0.1,False
LOC_EB35EE532C77,village,Dhanaura Khurd,धनौरा खुर्द,Punjab,PB,Rupnagar,VB-PB-RUPNAGAR,,,Dhanaura Khurd,,,31.118461,76.553267,synthetic_envelope,SRC_VB_SYNTHETIC,,True,0.0,,v0.1,False
LOC_1934C86A90C2,village,Nangla Nagar,नंगला नगर,Punjab,PB,Rupnagar,VB-PB-RUPNAGAR,,,Nangla Nagar,,,31.072272,76.315132,synthetic_envelope,SRC_VB_SYNTHETIC,,True,0.0,,v0.1,False
LOC_5C6E093BA2F7,village,Sultanpur Majra,सुल्तानपुर माजरा,Punjab,PB,Rupnagar,VB-PB-RUPNAGAR,,,Sultanpur Majra,,,30.930083,76.421628,synthetic_envelope,SRC_VB_SYNTHETIC,,True,0.0,,v0.1,False
LOC_6D10F6D87EF9,village,Nathupur Majra,नत्थूपुर माजरा,Punjab,PB,Rupnagar,VB-PB-RUPNAGAR,,,Nathupur Majra,,,31.038965,76.341534,synthetic_envelope,SRC_VB_SYNTHETIC,,True,0.0,,v0.1,False
LOC_EBBF8AA9CFFF,village,Nangla Khurd,नंगला खुर्द,Punjab,PB,Rupnagar,VB-PB-RUPNAGAR,,,Nangla Khurd,,,30.912684,76.371219,synthetic_envelope,SRC_VB_SYNTHETIC,,True,0.0,,v0.1,False
LOC_AED1D557D0E4,village,Basantpur,बसंतपुर,Punjab,PB,Rupnagar,VB-PB-RUPNAGAR,,,Basantpur,,,30.917889,76.412805,synthetic_envelope,SRC_VB_SYNTHETIC,,True,0.0,,v0.1,False
LOC_909BD119C596,village,Rasulpur Kalan,रसूलपुर कलां,Punjab,PB,Rupnagar,VB-PB-RUPNAGAR,,,Rasulpur Kalan,,,31.130876,76.666438,synthetic_envelope,SRC_VB_SYNTHETIC,,True,0.0,,v0.1,False
LOC_FC6CDC039A7A,village,Bhojpur Nagar,भोजपुर नगर,Punjab,PB,Rupnagar,VB-PB-RUPNAGAR,,,Bhojpur Nagar,,,30.963884,76.412541,synthetic_envelope,SRC_VB_SYNTHETIC,,True,0.0,,v0.1,False
LOC_E7CD350DD038,village,Sultanpur Nagar,सुल्तानपुर नगर,Punjab,PB,Rupnagar,VB-PB-RUPNAGAR,,,Sultanpur Nagar,,,31.027302,76.422989,synthetic_envelope,SRC_VB_SYNTHETIC,,True,0.0,,v0.1,False
LOC_BC67E3E509D3,village,Todarpur Nagar,तोदड़पुर नगर,Punjab,PB,Rupnagar,VB-PB-RUPNAGAR,,,Todarpur Nagar,,,30.894296,76.358177,synthetic_envelope,SRC_VB_SYNTHETIC,,True,0.0,,v0.1,False
LOC_BDED58800258,village,Devipur Nagar,देवीपुर नगर,Punjab,PB,Rupnagar,VB-PB-RUPNAGAR,,,Devipur Nagar,,,30.945348,76.45759,synthetic_envelope,SRC_VB_SYNTHETIC,,True,0.0,,v0.1,False
LOC_31958BF5BA17,village,Sikandarpur,सिकंदरपुर,Punjab,PB,Rupnagar,VB-PB-RUPNAGAR,,,Sikandarpur,,,30.980326,76.371482,synthetic_envelope,SRC_VB_SYNTHETIC,,True,0.0,,v0.1,False
LOC_34DDEAD8ED87,village,Jamalpur Nagar,जमालपुर नगर,Punjab,PB,Rupnagar,VB-PB-RUPNAGAR,,,Jamalpur Nagar,,,31.039424,76.296522,synthetic_envelope,SRC_VB_SYNTHETIC,,True,0.0,,v0.1,False
LOC_0838A7958991,village,Harjipur Kalan,हरजीपुर कलां,Punjab,PB,Rupnagar,VB-PB-RUPNAGAR,,,Harjipur Kalan,,,30.991814,76.419785,synthetic_envelope,SRC_VB_SYNTHETIC,,True,0.0,,v0.1,False
LOC_4172DACF5DE2,village,Nathupur Khera,नत्थूपुर खेड़ा,Punjab,PB,Rupnagar,VB-PB-RUPNAGAR,,,Nathupur Khera,,,31.090321,76.695668,synthetic_envelope,SRC_VB_SYNTHETIC,,True,0.0,,v0.1,False
LOC_C94D117BD1C8,village,Bhojpur Khera,भोजपुर खेड़ा,Punjab,PB,Rupnagar,VB-PB-RUPNAGAR,,,Bhojpur Khera,,,31.094021,76.639499,synthetic_envelope,SRC_VB_SYNTHETIC,,True,0.0,,v0.1,False
LOC_426BDD4B66BD,village,Devipur Kalan,देवीपुर कलां,Punjab,PB,Rupnagar,VB-PB-RUPNAGAR,,,Devipur Kalan,,,31.103201,76.296522,synthetic_envelope,SRC_VB_SYNTHETIC,,True,0.0,,v0.1,False
LOC_1CCA19C35616,village,Fatehpur Kalan,फतेहपुर कलां,Punjab,PB,Rupnagar,VB-PB-RUPNAGAR,,,Fatehpur Kalan,,,31.139353,76.654188,synthetic_envelope,SRC_VB_SYNTHETIC,,True,0.0,,v0.1,False
LOC_1C4A4354CA3C,village,Gopalpur Kalan,गोपालपुर कलां,Punjab,PB,Rupnagar,VB-PB-RUPNAGAR,,,Gopalpur Kalan,,,31.082273,76.611646,synthetic_envelope,SRC_VB_SYNTHETIC,,True,0.0,,v0.1,False
LOC_85E33C6ED339,village,Umarpur Kalan,उमरपुर कलां,Punjab,PB,Rupnagar,VB-PB-RUPNAGAR,,,Umarpur Kalan,,,31.048824,76.297916,synthetic_envelope,SRC_VB_SYNTHETIC,,True,0.0,,v0.1,False
LOC_1DF0E63EFA3F,village,Harjipur Khera,हरजीपुर खेड़ा,Punjab,PB,Rupnagar,VB-PB-RUPNAGAR,,,Harjipur Khera,,,31.123607,76.63298,synthetic_envelope,SRC_VB_SYNTHETIC,,True,0.0,,v0.1,False
LOC_5942342520EE,village,Fatehpur Khera,फतेहपुर खेड़ा,Punjab,PB,Rupnagar,VB-PB-RUPNAGAR,,,Fatehpur Khera,,,31.13685,76.61859,synthetic_envelope,SRC_VB_SYNTHETIC,,True,0.0,,v0.1,False
LOC_C2E80D28D22B,village,Naurangpur,नौरंगपुर,Punjab,PB,SAS Nagar,VB-PB-SAS-NAGAR,,,Naurangpur,,,30.633723,76.58766,synthetic_envelope,SRC_VB_SYNTHETIC,,True,0.0,,v0.1,False
LOC_D1E55A5DB01A,village,Devipur Majra,देवीपुर माजरा,Punjab,PB,SAS Nagar,VB-PB-SAS-NAGAR,,,Devipur Majra,,,30.600617,76.8358,synthetic_envelope,SRC_VB_SYNTHETIC,,True,0.0,,v0.1,False
LOC_E47991868B7D,village,Rasulpur Nagar,रसूलपुर नगर,Punjab,PB,SAS Nagar,VB-PB-SAS-NAGAR,,,Rasulpur Nagar,,,30.866337,76.765091,synthetic_envelope,SRC_VB_SYNTHETIC,,True,0.0,,v0.1,False
LOC_348BE6165DEB,village,Todarpur Khera,तोदड़पुर खेड़ा,Punjab,PB,SAS Nagar,VB-PB-SAS-NAGAR,,,Todarpur Khera,,,30.667033,76.604725,synthetic_envelope,SRC_VB_SYNTHETIC,,True,0.0,,v0.1,False
LOC_59D1E785F0FD,village,Sultanpur,सुल्तानपुर,Punjab,PB,SAS Nagar,VB-PB-SAS-NAGAR,,,Sultanpur,,,30.845717,76.719087,synthetic_envelope,SRC_VB_SYNTHETIC,,True,0.0,,v0.1,False
LOC_1B48BE203127,village,Bhojpur Kalan,भोजपुर कलां,Punjab,PB,SAS Nagar,VB-PB-SAS-NAGAR,,,Bhojpur Kalan,,,30.832713,76.668962,synthetic_envelope,SRC_VB_SYNTHETIC,,True,0.0,,v0.1,False
LOC_0CD9D0714C55,village,Barwala Majra,बरवाला माजरा,Punjab,PB,SAS Nagar,VB-PB-SAS-NAGAR,,,Barwala Majra,,,30.810026,76.671104,synthetic_envelope,SRC_VB_SYNTHETIC,,True,0.0,,v0.1,False
LOC_9C51FF28324C,village,Barwala Kalan,बरवाला कलां,Punjab,PB,SAS Nagar,VB-PB-SAS-NAGAR,,,Barwala Kalan,,,30.648541,76.650416,synthetic_envelope,SRC_VB_SYNTHETIC,,True,0.0,,v0.1,False
LOC_C2EA360751D8,village,Sultanpur Khera,सुल्तानपुर खेड़ा,Punjab,PB,SAS Nagar,VB-PB-SAS-NAGAR,,,Sultanpur Khera,,,30.61103,76.853521,synthetic_envelope,SRC_VB_SYNTHETIC,,True,0.0,,v0.1,False
LOC_95300E222756,village,Todarpur Nagar,तोदड़पुर नगर,Punjab,PB,SAS Nagar,VB-PB-SAS-NAGAR,,,Todarpur Nagar,,,30.525573,76.859291,synthetic_envelope,SRC_VB_SYNTHETIC,,True,0.0,,v0.1,False
LOC_05E4008E5F63,village,Todarpur Majra,तोदड़पुर माजरा,Punjab,PB,SAS Nagar,VB-PB-SAS-NAGAR,,,Todarpur Majra,,,30.631838,76.592295,synthetic_envelope,SRC_VB_SYNTHETIC,,True,0.0,,v0.1,False
LOC_3432CD8E9CB2,village,Bhojpur Majra,भोजपुर माजरा,Punjab,PB,SAS Nagar,VB-PB-SAS-NAGAR,,,Bhojpur Majra,,,30.591328,76.868367,synthetic_envelope,SRC_VB_SYNTHETIC,,True,0.0,,v0.1,False
LOC_1B8B2830889B,village,Bahadurpur Kalan,बहादुरपुर कलां,Punjab,PB,SAS Nagar,VB-PB-SAS-NAGAR,,,Bahadurpur Kalan,,,30.885874,76.75235,synthetic_envelope,SRC_VB_SYNTHETIC,,True,0.0,,v0.1,False
LOC_030AA820EDCB,village,Umarpur Kalan,उमरपुर कलां,Punjab,PB,SAS Nagar,VB-PB-SAS-NAGAR,,,Umarpur Kalan,,,30.563763,76.84806,synthetic_envelope,SRC_VB_SYNTHETIC,,True,0.0,,v0.1,False
LOC_816929A67EB2,village,Salempur Kalan,सलेमपुर कलां,Punjab,PB,SAS Nagar,VB-PB-SAS-NAGAR,,,Salempur Kalan,,,30.659262,76.525008,synthetic_envelope,SRC_VB_SYNTHETIC,,True,0.0,,v0.1,False
LOC_6659C606ED2B,village,Basantpur Nagar,बसंतपुर नगर,Punjab,PB,SAS Nagar,VB-PB-SAS-NAGAR,,,Basantpur Nagar,,,30.816739,76.672246,synthetic_envelope,SRC_VB_SYNTHETIC,,True,0.0,,v0.1,False
LOC_87972046C792,village,Barwala Majra,बरवाला माजरा,Punjab,PB,SAS Nagar,VB-PB-SAS-NAGAR,,,Barwala Majra,,,30.562037,76.893596,synthetic_envelope,SRC_VB_SYNTHETIC,,True,0.0,,v0.1,False
LOC_B724AB61C012,village,Manakpur Khurd,मानकपुर खुर्द,Punjab,PB,SAS Nagar,VB-PB-SAS-NAGAR,,,Manakpur Khurd,,,30.64578,76.520835,synthetic_envelope,SRC_VB_SYNTHETIC,,True,0.0,,v0.1,False
LOC_43AD467C0E68,village,Rasulpur Khera,रसूलपुर खेड़ा,Punjab,PB,SAS Nagar,VB-PB-SAS-NAGAR,,,Rasulpur Khera,,,30.840422,76.694779,synthetic_envelope,SRC_VB_SYNTHETIC,,True,0.0,,v0.1,False
LOC_927B3558E364,village,Sultanpur Khera (1),सुल्तानपुर खेड़ा,Punjab,PB,Nawanshahr,VB-PB-NAWANSHAHR,,,Sultanpur Khera (1),,,30.981482,76.215947,synthetic_envelope,SRC_VB_SYNTHETIC,,True,0.0,,v0.1,False
LOC_AD89DD55D476,village,Jamalpur Khera (2),जमालपुर खेड़ा,Punjab,PB,Nawanshahr,VB-PB-NAWANSHAHR,,,Jamalpur Khera (2),,,31.187766,76.032107,synthetic_envelope,SRC_VB_SYNTHETIC,,True,0.0,,v0.1,False
LOC_5CB9CCF990C7,village,Basantpur Nagar (3),बसंतपुर नगर,Punjab,PB,Nawanshahr,VB-PB-NAWANSHAHR,,,Basantpur Nagar (3),,,31.277973,75.998312,synthetic_envelope,SRC_VB_SYNTHETIC,,True,0.0,,v0.1,False
LOC_E700C82A0CEB,village,Alipur Khera (4),अलीपुर खेड़ा,Punjab,PB,Nawanshahr,VB-PB-NAWANSHAHR,,,Alipur Khera (4),,,31.219112,75.967749,synthetic_envelope,SRC_VB_SYNTHETIC,,True,0.0,,v0.1,False
LOC_05BBB44F679B,village,Umarpur Khera (5),उमरपुर खेड़ा,Punjab,PB,Nawanshahr,VB-PB-NAWANSHAHR,,,Umarpur Khera (5),,,31.072457,76.146535,synthetic_envelope,SRC_VB_SYNTHETIC,,True,0.0,,v0.1,False
LOC_B602D8E8A5B5,village,Dhanaura Kalan (6),धनौरा कलां,Punjab,PB,Nawanshahr,VB-PB-NAWANSHAHR,,,Dhanaura Kalan (6),,,31.286614,76.020796,synthetic_envelope,SRC_VB_SYNTHETIC,,True,0.0,,v0.1,False
LOC_13BE96588413,village,Harjipur Khurd (7),हरजीपुर खुर्द,Punjab,PB,Nawanshahr,VB-PB-NAWANSHAHR,,,Harjipur Khurd (7),,,31.268959,75.964986,synthetic_envelope,SRC_VB_SYNTHETIC,,True,0.0,,v0.1,False
LOC_46E27B90C480,village,Fatehpur Nagar (8),फतेहपुर नगर,Punjab,PB,Nawanshahr,VB-PB-NAWANSHAHR,,,Fatehpur Nagar (8),,,31.031395,76.19546,synthetic_envelope,SRC_VB_SYNTHETIC,,True,0.0,,v0.1,False
LOC_2008DB0FACEB,village,Alipur Khera (9),अलीपुर खेड़ा,Punjab,PB,Nawanshahr,VB-PB-NAWANSHAHR,,,Alipur Khera (9),,,31.232002,75.969282,synthetic_envelope,SRC_VB_SYNTHETIC,,True,0.0,,v0.1,False
LOC_B49F0E4BFB10,village,Devipur (10),देवीपुर,Punjab,PB,Nawanshahr,VB-PB-NAWANSHAHR,,,Devipur (10),,,31.056294,76.235714,synthetic_envelope,SRC_VB_SYNTHETIC,,True,0.0,,v0.1,False
LOC_4F5C4100BBAD,village,Umarpur (11),उमरपुर,Punjab,PB,Nawanshahr,VB-PB-NAWANSHAHR,,,Umarpur (11),,,31.256814,75.999753,synthetic_envelope,SRC_VB_SYNTHETIC,,True,0.0,,v0.1,False
LOC_17F877CC9C85,village,Nangla Kalan (12),नंगला कलां,Punjab,PB,Nawanshahr,VB-PB-NAWANSHAHR,,,Nangla Kalan (12),,,31.084311,76.171921,synthetic_envelope,SRC_VB_SYNTHETIC,,True,0.0,,v0.1,False
LOC_65CACA742B86,village,Bhojpur Khurd (13),भोजपुर खुर्द,Punjab,PB,Nawanshahr,VB-PB-NAWANSHAHR,,,Bhojpur Khurd (13),,,30.955162,76.245464,synthetic_envelope,SRC_VB_SYNTHETIC,,True,0.0,,v0.1,False
LOC_EE7829F6C88D,village,Ladwa Majra (14),लाडवा माजरा,Punjab,PB,Nawanshahr,VB-PB-NAWANSHAHR,,,Ladwa Majra (14),,,31.037758,76.226619,synthetic_envelope,SRC_VB_SYNTHETIC,,True,0.0,,v0.1,False
LOC_4070FA2E3B2C,village,Rampur Khurd (15),रामपुर खुर्द,Punjab,PB,Nawanshahr,VB-PB-NAWANSHAHR,,,Rampur Khurd (15),,,30.944126,76.202661,synthetic_envelope,SRC_VB_SYNTHETIC,,True,0.0,,v0.1,False
LOC_2F11200FCBE5,village,Gopalpur Kalan (16),गोपालपुर कलां,Punjab,PB,Nawanshahr,VB-PB-NAWANSHAHR,,,Gopalpur Kalan (16),,,30.980588,76.273138,synthetic_envelope,SRC_VB_SYNTHETIC,,True,0.0,,v0.1,False
LOC_66D4CC9C6055,village,Salempur Khurd (17),सलेमपुर खुर्द,Punjab,PB,Nawanshahr,VB-PB-NAWANSHAHR,,,Salempur Khurd (17),,,31.21839,75.964604,synthetic_envelope,SRC_VB_SYNTHETIC,,True,0.0,,v0.1,False
LOC_60F4705FC202,village,Manakpur Nagar (18),मानकपुर नगर,Punjab,PB,Nawanshahr,VB-PB-NAWANSHAHR,,,Manakpur Nagar (18),,,31.27447,75.936828,synthetic_envelope,SRC_VB_SYNTHETIC,,True,0.0,,v0.1,False
LOC_A32946422DEF,village,Harjipur Kalan (19),हरजीपुर कलां,Punjab,PB,Nawanshahr,VB-PB-NAWANSHAHR,,,Harjipur Kalan (19),,,30.993546,76.232145,synthetic_envelope,SRC_VB_SYNTHETIC,,True,0.0,,v0.1,False
LOC_5C7FEDD56BD3,village,Umarpur Kalan (20),उमरपुर कलां,Punjab,PB,Nawanshahr,VB-PB-NAWANSHAHR,,,Umarpur Kalan (20),,,31.074675,76.193579,synthetic_envelope,SRC_VB_SYNTHETIC,,True,0.0,,v0.1,False
LOC_ECA5236C065A,village,Todarpur Nagar (21),तोदड़पुर नगर,Punjab,PB,Nawanshahr,VB-PB-NAWANSHAHR,,,Todarpur Nagar (21),,,30.957435,76.243787,synthetic_envelope,SRC_VB_SYNTHETIC,,True,0.0,,v0.1,False
LOC_09356C6B58C9,village,Dhanaura Khurd (22),धनौरा खुर्द,Punjab,PB,Nawanshahr,VB-PB-NAWANSHAHR,,,Dhanaura Khurd (22),,,30.944126,76.230576,synthetic_envelope,SRC_VB_SYNTHETIC,,True,0.0,,v0.1,False
LOC_A5020F210CCB,village,Alipur Majra (23),अलीपुर माजरा,Punjab,PB,Nawanshahr,VB-PB-NAWANSHAHR,,,Alipur Majra (23),,,30.975272,76.214579,synthetic_envelope,SRC_VB_SYNTHETIC,,True,0.0,,v0.1,False
LOC_9D42CBEB8139,village,Harjipur Majra (24),हरजीपुर माजरा,Punjab,PB,Nawanshahr,VB-PB-NAWANSHAHR,,,Harjipur Majra (24),,,31.091677,76.18093,synthetic_envelope,SRC_VB_SYNTHETIC,,True,0.0,,v0.1,False
LOC_A0A013E6E4B6,village,Umarpur Nagar (25),उमरपुर नगर,Punjab,PB,Nawanshahr,VB-PB-NAWANSHAHR,,,Umarpur Nagar (25),,,31.081541,76.191547,synthetic_envelope,SRC_VB_SYNTHETIC,,True,0.0,,v0.1,False
LOC_C1F96540A31E,village,Harjipur (26),हरजीपुर,Punjab,PB,Nawanshahr,VB-PB-NAWANSHAHR,,,Harjipur (26),,,31.243231,75.97473,synthetic_envelope,SRC_VB_SYNTHETIC,,True,0.0,,v0.1,False
LOC_33BDD2F354F4,village,Naurangpur Majra (27),नौरंगपुर माजरा,Punjab,PB,Nawanshahr,VB-PB-NAWANSHAHR,,,Naurangpur Majra (27),,,31.214748,75.984607,synthetic_envelope,SRC_VB_SYNTHETIC,,True,0.0,,v0.1,False
LOC_CA1347BCF32E,village,Manakpur Kalan (28),मानकपुर कलां,Punjab,PB,Nawanshahr,VB-PB-NAWANSHAHR,,,Manakpur Kalan (28),,,31.067922,76.237172,synthetic_envelope,SRC_VB_SYNTHETIC,,True,0.0,,v0.1,False
LOC_0EEBA9EB178D,village,Harjipur Khurd (29),हरजीपुर खुर्द,Punjab,PB,Nawanshahr,VB-PB-NAWANSHAHR,,,Harjipur Khurd (29),,,30.964872,76.282112,synthetic_envelope,SRC_VB_SYNTHETIC,,True,0.0,,v0.1,False
LOC_F4059846806D,village,Bahadurpur Khera (30),बहादुरपुर खेड़ा,Punjab,PB,Nawanshahr,VB-PB-NAWANSHAHR,,,Bahadurpur Khera (30),,,31.206047,75.96022,synthetic_envelope,SRC_VB_SYNTHETIC,,True,0.0,,v0.1,False
LOC_1470BE7F135A,village,Manakpur Khera (31),मानकपुर खेड़ा,Punjab,PB,Nawanshahr,VB-PB-NAWANSHAHR,,,Manakpur Khera (31),,,30.968142,76.251599,synthetic_envelope,SRC_VB_SYNTHETIC,,True,0.0,,v0.1,False
LOC_B33B8C92C25F,village,Bhagwanpur Khera (1),भगवानपुर खेड़ा,Punjab,PB,Fazilka,VB-PB-FAZILKA,,,Bhagwanpur Khera (1),,,30.234883,74.036575,synthetic_envelope,SRC_VB_SYNTHETIC,,True,0.0,,v0.1,False
LOC_88DE3D9E72BE,village,Shahpur Majra (2),शाहपुर माजरा,Punjab,PB,Fazilka,VB-PB-FAZILKA,,,Shahpur Majra (2),,,30.236006,74.018033,synthetic_envelope,SRC_VB_SYNTHETIC,,True,0.0,,v0.1,False
LOC_64431EF2D873,village,Devipur Khurd (3),देवीपुर खुर्द,Punjab,PB,Fazilka,VB-PB-FAZILKA,,,Devipur Khurd (3),,,30.198082,73.997485,synthetic_envelope,SRC_VB_SYNTHETIC,,True,0.0,,v0.1,False
LOC_0C111571CB4C,village,Bhagwanpur Khera (4),भगवानपुर खेड़ा,Punjab,PB,Fazilka,VB-PB-FAZILKA,,,Bhagwanpur Khera (4),,,30.184248,73.921913,synthetic_envelope,SRC_VB_SYNTHETIC,,True,0.0,,v0.1,False
LOC_C041BC20DE45,village,Mubarikpur Khera (5),मुबारिकपुर खेड़ा,Punjab,PB,Fazilka,VB-PB-FAZILKA,,,Mubarikpur Khera (5),,,30.186306,73.970603,synthetic_envelope,SRC_VB_SYNTHETIC,,True,0.0,,v0.1,False
LOC_C316917DFFED,village,Kheri Khera (6),खेड़ी खेड़ा,Punjab,PB,Fazilka,VB-PB-FAZILKA,,,Kheri Khera (6),,,30.234138,74.167352,synthetic_envelope,SRC_VB_SYNTHETIC,,True,0.0,,v0.1,False
LOC_7EEE025B0C2B,village,Harjipur Khurd (7),हरजीपुर खुर्द,Punjab,PB,Fazilka,VB-PB-FAZILKA,,,Harjipur Khurd (7),,,30.291457,73.966836,synthetic_envelope,SRC_VB_SYNTHETIC,,True,0.0,,v0.1,False
LOC_066CDDC6B651,village,Kheri Khurd (8),खेड़ी खुर्द,Punjab,PB,Fazilka,VB-PB-FAZILKA,,,Kheri Khurd (8),,,30.218886,74.113518,synthetic_envelope,SRC_VB_SYNTHETIC,,True,0.0,,v0.1,False
LOC_1DCE8D81B91E,village,Barwala Nagar (9),बरवाला नगर,Punjab,PB,Fazilka,VB-PB-FAZILKA,,,Barwala Nagar (9),,,30.175042,74.017034,synthetic_envelope,SRC_VB_SYNTHETIC,,True,0.0,,v0.1,False
LOC_099DA3942A2D,village,Bahadurpur Khera (10),बहादुरपुर खेड़ा,Punjab,PB,Fazilka,VB-PB-FAZILKA,,,Bahadurpur Khera (10),,,30.206349,73.9878,synthetic_envelope,SRC_VB_SYNTHETIC,,True,0.0,,v0.1,False
LOC_726959C345DF,village,Basantpur Khera (11),बसंतपुर खेड़ा,Punjab,PB,Fazilka,VB-PB-FAZILKA,,,Basantpur Khera (11),,,30.265643,73.950671,synthetic_envelope,SRC_VB_SYNTHETIC,,True,0.0,,v0.1,False
LOC_ED792703519C,village,Jamalpur Khurd (12),जमालपुर खुर्द,Punjab,PB,Fazilka,VB-PB-FAZILKA,,,Jamalpur Khurd (12),,,30.230707,73.91045,synthetic_envelope,SRC_VB_SYNTHETIC,,True,0.0,,v0.1,False
LOC_97164D86F22A,village,Barwala Nagar (13),बरवाला नगर,Punjab,PB,Fazilka,VB-PB-FAZILKA,,,Barwala Nagar (13),,,30.237613,73.952127,synthetic_envelope,SRC_VB_SYNTHETIC,,True,0.0,,v0.1,False
LOC_5040031D2042,village,Sikandarpur Kalan (14),सिकंदरपुर कलां,Punjab,PB,Fazilka,VB-PB-FAZILKA,,,Sikandarpur Kalan (14),,,30.238004,73.948187,synthetic_envelope,SRC_VB_SYNTHETIC,,True,0.0,,v0.1,False
LOC_7B7D2DCAFD7D,village,Sultanpur Khera (15),सुल्तानपुर खेड़ा,Punjab,PB,Fazilka,VB-PB-FAZILKA,,,Sultanpur Khera (15),,,30.168574,73.969011,synthetic_envelope,SRC_VB_SYNTHETIC,,True,0.0,,v0.1,False
LOC_473538DB2B53,village,Kishanpur Khurd (16),किशनपुर खुर्द,Punjab,PB,Fazilka,VB-PB-FAZILKA,,,Kishanpur Khurd (16),,,30.231031,74.112988,synthetic_envelope,SRC_VB_SYNTHETIC,,True,0.0,,v0.1,False
LOC_049C90B32A0D,village,Jhinjhana Khera (17),झिंझाना खेड़ा,Punjab,PB,Fazilka,VB-PB-FAZILKA,,,Jhinjhana Khera (17),,,30.185147,73.989049,synthetic_envelope,SRC_VB_SYNTHETIC,,True,0.0,,v0.1,False
LOC_02373B4FE0D3,village,Naurangpur Khera (18),नौरंगपुर खेड़ा,Punjab,PB,Fazilka,VB-PB-FAZILKA,,,Naurangpur Khera (18),,,30.261103,74.102147,synthetic_envelope,SRC_VB_SYNTHETIC,,True,0.0,,v0.1,False
LOC_B4734FB555E6,village,Chandpur Nagar (19),चांदपुर नगर,Punjab,PB,Fazilka,VB-PB-FAZILKA,,,Chandpur Nagar (19),,,30.151705,74.013315,synthetic_envelope,SRC_VB_SYNTHETIC,,True,0.0,,v0.1,False
LOC_8E2A4D590469,village,Basantpur (20),बसंतपुर,Punjab,PB,Fazilka,VB-PB-FAZILKA,,,Basantpur (20),,,30.248276,74.083486,synthetic_envelope,SRC_VB_SYNTHETIC,,True,0.0,,v0.1,False
LOC_FB0B71726FDD,village,Chandpur Khurd (21),चांदपुर खुर्द,Punjab,PB,Fazilka,VB-PB-FAZILKA,,,Chandpur Khurd (21),,,30.188816,73.948224,synthetic_envelope,SRC_VB_SYNTHETIC,,True,0.0,,v0.1,False
LOC_1E96754F1B7E,village,Alipur Khurd (22),अलीपुर खुर्द,Punjab,PB,Fazilka,VB-PB-FAZILKA,,,Alipur Khurd (22),,,30.176795,73.997407,synthetic_envelope,SRC_VB_SYNTHETIC,,True,0.0,,v0.1,False
LOC_16FEC806D3F5,village,Rampur Khurd (23),रामपुर खुर्द,Punjab,PB,Fazilka,VB-PB-FAZILKA,,,Rampur Khurd (23),,,30.216286,73.999925,synthetic_envelope,SRC_VB_SYNTHETIC,,True,0.0,,v0.1,False
LOC_562458163AAE,village,Devipur Majra (24),देवीपुर माजरा,Punjab,PB,Fazilka,VB-PB-FAZILKA,,,Devipur Majra (24),,,30.2334,73.931437,synthetic_envelope,SRC_VB_SYNTHETIC,,True,0.0,,v0.1,False
LOC_6640E16001FC,village,Jhinjhana Majra (25),झिंझाना माजरा,Punjab,PB,Fazilka,VB-PB-FAZILKA,,,Jhinjhana Majra (25),,,30.244564,74.092418,synthetic_envelope,SRC_VB_SYNTHETIC,,True,0.0,,v0.1,False
LOC_08926CA20379,village,Kishanpur Kalan (26),किशनपुर कलां,Punjab,PB,Fazilka,VB-PB-FAZILKA,,,Kishanpur Kalan (26),,,30.192893,73.932104,synthetic_envelope,SRC_VB_SYNTHETIC,,True,0.0,,v0.1,False
LOC_040EEB1012DF,village,Dhanaura Khurd (27),धनौरा खुर्द,Punjab,PB,Fazilka,VB-PB-FAZILKA,,,Dhanaura Khurd (27),,,30.187872,74.000007,synthetic_envelope,SRC_VB_SYNTHETIC,,True,0.0,,v0.1,False
LOC_F2FAE7A11F22,village,Chandpur Khurd (28),चांदपुर खुर्द,Punjab,PB,Fazilka,VB-PB-FAZILKA,,,Chandpur Khurd (28),,,30.167274,73.976001,synthetic_envelope,SRC_VB_SYNTHETIC,,True,0.0,,v0.1,False
LOC_FCB5B4C7EF20,village,Rasulpur Khera (29),रसूलपुर खेड़ा,Punjab,PB,Fazilka,VB-PB-FAZILKA,,,Rasulpur Khera (29),,,30.202681,73.978116,synthetic_envelope,SRC_VB_SYNTHETIC,,True,0.0,,v0.1,False
LOC_BE390EADBF18,village,Naurangpur Khurd (30),नौरंगपुर खुर्द,Punjab,PB,Fazilka,VB-PB-FAZILKA,,,Naurangpur Khurd (30),,,30.2198,74.095224,synthetic_envelope,SRC_VB_SYNTHETIC,,True,0.0,,v0.1,False
LOC_F8B8EA8FE391,village,Sultanpur Khera (31),सुल्तानपुर खेड़ा,Punjab,PB,Fazilka,VB-PB-FAZILKA,,,Sultanpur Khera (31),,,30.262473,73.990629,synthetic_envelope,SRC_VB_SYNTHETIC,,True,0.0,,v0.1,False
LOC_A6EF33DFC1A1,village,Sultanpur Kalan (32),सुल्तानपुर कलां,Punjab,PB,Fazilka,VB-PB-FAZILKA,,,Sultanpur Kalan (32),,,30.172516,73.995724,synthetic_envelope,SRC_VB_SYNTHETIC,,True,0.0,,v0.1,False
LOC_CC4B55ECC75E,village,Nathupur Kalan (33),नत्थूपुर कलां,Punjab,PB,Fazilka,VB-PB-FAZILKA,,,Nathupur Kalan (33),,,30.194508,74.041823,synthetic_envelope,SRC_VB_SYNTHETIC,,True,0.0,,v0.1,False
LOC_FB78B1ECE4B2,village,Alipur Nagar (1),अलीपुर नगर,Punjab,PB,Malerkotla,VB-PB-MALERKOTLA,,,Alipur Nagar (1),,,30.594598,75.786219,synthetic_envelope,SRC_VB_SYNTHETIC,,True,0.0,,v0.1,False
LOC_D989CC15D622,village,Sikandarpur Nagar (2),सिकंदरपुर नगर,Punjab,PB,Malerkotla,VB-PB-MALERKOTLA,,,Sikandarpur Nagar (2),,,30.427072,75.975239,synthetic_envelope,SRC_VB_SYNTHETIC,,True,0.0,,v0.1,False
LOC_E29F26A33385,village,Devipur Khera (3),देवीपुर खेड़ा,Punjab,PB,Malerkotla,VB-PB-MALERKOTLA,,,Devipur Khera (3),,,30.424112,75.958701,synthetic_envelope,SRC_VB_SYNTHETIC,,True,0.0,,v0.1,False
LOC_4DF28344DC93,village,Nathupur Khurd (4),नत्थूपुर खुर्द,Punjab,PB,Malerkotla,VB-PB-MALERKOTLA,,,Nathupur Khurd (4),,,30.580739,75.769967,synthetic_envelope,SRC_VB_SYNTHETIC,,True,0.0,,v0.1,False
LOC_ABB96472483F,village,Sultanpur Kalan (5),सुल्तानपुर कलां,Punjab,PB,Malerkotla,VB-PB-MALERKOTLA,,,Sultanpur Kalan (5),,,30.547876,75.807507,synthetic_envelope,SRC_VB_SYNTHETIC,,True,0.0,,v0.1,False
LOC_4565935152EF,village,Basantpur Khera (6),बसंतपुर खेड़ा,Punjab,PB,Malerkotla,VB-PB-MALERKOTLA,,,Basantpur Khera (6),,,30.480914,76.011068,synthetic_envelope,SRC_VB_SYNTHETIC,,True,0.0,,v0.1,False
LOC_ECD992717731,village,Naurangpur Khurd (7),नौरंगपुर खुर्द,Punjab,PB,Malerkotla,VB-PB-MALERKOTLA,,,Naurangpur Khurd (7),,,30.448153,75.997775,synthetic_envelope,SRC_VB_SYNTHETIC,,True,0.0,,v0.1,False
LOC_FACB58C304DD,village,Kheri Majra (8),खेड़ी माजरा,Punjab,PB,Malerkotla,VB-PB-MALERKOTLA,,,Kheri Majra (8),,,30.418662,76.020185,synthetic_envelope,SRC_VB_SYNTHETIC,,True,0.0,,v0.1,False
LOC_FC72ED93FCA6,village,Devipur Khurd (9),देवीपुर खुर्द,Punjab,PB,Malerkotla,VB-PB-MALERKOTLA,,,Devipur Khurd (9),,,30.56045,75.798881,synthetic_envelope,SRC_VB_SYNTHETIC,,True,0.0,,v0.1,False
LOC_A53A6E236EA7,village,Nathupur Khurd (10),नत्थूपुर खुर्द,Punjab,PB,Malerkotla,VB-PB-MALERKOTLA,,,Nathupur Khurd (10),,,30.568346,75.818665,synthetic_envelope,SRC_VB_SYNTHETIC,,True,0.0,,v0.1,False
LOC_4881818765B6,village,Kheri Khurd (11),खेड़ी खुर्द,Punjab,PB,Malerkotla,VB-PB-MALERKOTLA,,,Kheri Khurd (11),,,30.424965,75.994038,synthetic_envelope,SRC_VB_SYNTHETIC,,True,0.0,,v0.1,False
LOC_B955071BAFE3,village,Salempur Khurd (12),सलेमपुर खुर्द,Punjab,PB,Malerkotla,VB-PB-MALERKOTLA,,,Salempur Khurd (12),,,30.563309,75.829621,synthetic_envelope,SRC_VB_SYNTHETIC,,True,0.0,,v0.1,False
LOC_BE2CCAB75CBA,village,Naurangpur Khera (13),नौरंगपुर खेड़ा,Punjab,PB,Malerkotla,VB-PB-MALERKOTLA,,,Naurangpur Khera (13),,,30.449329,75.991826,synthetic_envelope,SRC_VB_SYNTHETIC,,True,0.0,,v0.1,False
LOC_30BB59578D81,village,Bahadurpur Majra (14),बहादुरपुर माजरा,Punjab,PB,Malerkotla,VB-PB-MALERKOTLA,,,Bahadurpur Majra (14),,,30.563117,75.715962,synthetic_envelope,SRC_VB_SYNTHETIC,,True,0.0,,v0.1,False
LOC_C31C45115AD8,village,Mubarikpur Khera (15),मुबारिकपुर खेड़ा,Punjab,PB,Malerkotla,VB-PB-MALERKOTLA,,,Mubarikpur Khera (15),,,30.380301,75.948168,synthetic_envelope,SRC_VB_SYNTHETIC,,True,0.0,,v0.1,False
LOC_6A3EF9972F34,village,Rasulpur Majra (16),रसूलपुर माजरा,Punjab,PB,Malerkotla,VB-PB-MALERKOTLA,,,Rasulpur Majra (16),,,30.515557,75.767076,synthetic_envelope,SRC_VB_SYNTHETIC,,True,0.0,,v0.1,False
LOC_B6FF5DEFE6BE,village,Kheri Nagar (17),खेड़ी नगर,Punjab,PB,Malerkotla,VB-PB-MALERKOTLA,,,Kheri Nagar (17),,,30.45734,75.99862,synthetic_envelope,SRC_VB_SYNTHETIC,,True,0.0,,v0.1,False
LOC_1093FE201E50,village,Jamalpur Majra (18),जमालपुर माजरा,Punjab,PB,Malerkotla,VB-PB-MALERKOTLA,,,Jamalpur Majra (18),,,30.559946,75.834664,synthetic_envelope,SRC_VB_SYNTHETIC,,True,0.0,,v0.1,False
LOC_FBD8B8C69D2E,village,Jamalpur Khurd (19),जमालपुर खुर्द,Punjab,PB,Malerkotla,VB-PB-MALERKOTLA,,,Jamalpur Khurd (19),,,30.392886,75.995706,synthetic_envelope,SRC_VB_SYNTHETIC,,True,0.0,,v0.1,False
LOC_C818BF441C42,village,Bahadurpur Khera (20),बहादुरपुर खेड़ा,Punjab,PB,Malerkotla,VB-PB-MALERKOTLA,,,Bahadurpur Khera (20),,,30.433318,76.046855,synthetic_envelope,SRC_VB_SYNTHETIC,,True,0.0,,v0.1,False
LOC_504C4E6BB184,village,Salempur Khurd (21),सलेमपुर खुर्द,Punjab,PB,Malerkotla,VB-PB-MALERKOTLA,,,Salempur Khurd (21),,,30.418182,75.924593,synthetic_envelope,SRC_VB_SYNTHETIC,,True,0.0,,v0.1,False
LOC_AC213AC2099E,village,Rampur Kalan (22),रामपुर कलां,Punjab,PB,Malerkotla,VB-PB-MALERKOTLA,,,Rampur Kalan (22),,,30.426618,76.006766,synthetic_envelope,SRC_VB_SYNTHETIC,,True,0.0,,v0.1,False
LOC_D250432EEAE6,village,Nathupur Majra (23),नत्थूपुर माजरा,Punjab,PB,Malerkotla,VB-PB-MALERKOTLA,,,Nathupur Majra (23),,,30.571194,75.802351,synthetic_envelope,SRC_VB_SYNTHETIC,,True,0.0,,v0.1,False
LOC_77D86F9F987B,village,Dhanaura Majra (24),धनौरा माजरा,Punjab,PB,Malerkotla,VB-PB-MALERKOTLA,,,Dhanaura Majra (24),,,30.410678,75.984246,synthetic_envelope,SRC_VB_SYNTHETIC,,True,0.0,,v0.1,False
LOC_D44466489892,village,Umarpur Majra (25),उमरपुर माजरा,Punjab,PB,Malerkotla,VB-PB-MALERKOTLA,,,Umarpur Majra (25),,,30.405126,76.004936,synthetic_envelope,SRC_VB_SYNTHETIC,,True,0.0,,v0.1,False
LOC_5E9B4E531A3D,village,Jhinjhana Khurd (26),झिंझाना खुर्द,Punjab,PB,Malerkotla,VB-PB-MALERKOTLA,,,Jhinjhana Khurd (26),,,30.467038,75.962358,synthetic_envelope,SRC_VB_SYNTHETIC,,True,0.0,,v0.1,False
LOC_707935AB7B63,village,Todarpur (27),तोदड़पुर,Punjab,PB,Malerkotla,VB-PB-MALERKOTLA,,,Todarpur (27),,,30.446808,76.046855,synthetic_envelope,SRC_VB_SYNTHETIC,,True,0.0,,v0.1,False
LOC_5E017854FF56,village,Bahadurpur Kalan (28),बहादुरपुर कलां,Punjab,PB,Malerkotla,VB-PB-MALERKOTLA,,,Bahadurpur Kalan (28),,,30.406831,75.988783,synthetic_envelope,SRC_VB_SYNTHETIC,,True,0.0,,v0.1,False
LOC_7F990C6BE303,village,Basantpur Nagar (29),बसंतपुर नगर,Punjab,PB,Malerkotla,VB-PB-MALERKOTLA,,,Basantpur Nagar (29),,,30.531512,75.859389,synthetic_envelope,SRC_VB_SYNTHETIC,,True,0.0,,v0.1,False
LOC_6409C57595F5,village,Rampur Khera (30),रामपुर खेड़ा,Punjab,PB,Malerkotla,VB-PB-MALERKOTLA,,,Rampur Khera (30),,,30.446479,75.977043,synthetic_envelope,SRC_VB_SYNTHETIC,,True,0.0,,v0.1,False
LOC_DAFDB50E24FE,village,Harjipur (31),हरजीपुर,Punjab,PB,Malerkotla,VB-PB-MALERKOTLA,,,Harjipur (31),,,30.438029,76.028474,synthetic_envelope,SRC_VB_SYNTHETIC,,True,0.0,,v0.1,False
LOC_592B67FBE329,village,Dhanaura Khera (32),धनौरा खेड़ा,Punjab,PB,Malerkotla,VB-PB-MALERKOTLA,,,Dhanaura Khera (32),,,30.444912,76.005413,synthetic_envelope,SRC_VB_SYNTHETIC,,True,0.0,,v0.1,False
LOC_421508D39ECF,village,Barwala Khurd (33),बरवाला खुर्द,Punjab,PB,Malerkotla,VB-PB-MALERKOTLA,,,Barwala Khurd (33),,,30.539699,75.773463,synthetic_envelope,SRC_VB_SYNTHETIC,,True,0.0,,v0.1,False
LOC_27A0FC8354D9,village,Devipur,देवीपुर,Uttar Pradesh,UP,Gautam Buddha Nagar,VB-UP-GAUTAM-BUDDH,,,Devipur,,,28.657561,77.310266,synthetic_envelope,SRC_VB_SYNTHETIC,,True,0.0,,v0.1,True
LOC_36371066B7AA,village,Manakpur Khera,मानकपुर खेड़ा,Uttar Pradesh,UP,Gautam Buddha Nagar,VB-UP-GAUTAM-BUDDH,,,Manakpur Khera,,,28.685902,77.367945,synthetic_envelope,SRC_VB_SYNTHETIC,,True,0.0,,v0.1,True
LOC_02740F0CB1AC,village,Dhanaura Khurd,धनौरा खुर्द,Uttar Pradesh,UP,Gautam Buddha Nagar,VB-UP-GAUTAM-BUDDH,,,Dhanaura Khurd,,,28.647026,77.20048,synthetic_envelope,SRC_VB_SYNTHETIC,,True,0.0,,v0.1,True
LOC_52C8E6FCB791,village,Kishanpur,किशनपुर,Uttar Pradesh,UP,Gautam Buddha Nagar,VB-UP-GAUTAM-BUDDH,,,Kishanpur,,,28.63716,77.394704,synthetic_envelope,SRC_VB_SYNTHETIC,,True,0.0,,v0.1,True
LOC_6D459A9434CB,village,Dhanaura Khera,धनौरा खेड़ा,Uttar Pradesh,UP,Gautam Buddha Nagar,VB-UP-GAUTAM-BUDDH,,,Dhanaura Khera,,,28.68468,77.34504,synthetic_envelope,SRC_VB_SYNTHETIC,,True,0.0,,v0.1,True
LOC_4E5FDFED78C8,village,Harjipur Nagar,हरजीपुर नगर,Uttar Pradesh,UP,Gautam Buddha Nagar,VB-UP-GAUTAM-BUDDH,,,Harjipur Nagar,,,28.601337,77.398865,synthetic_envelope,SRC_VB_SYNTHETIC,,True,0.0,,v0.1,True
LOC_4AC08CDA0A96,village,Fatehpur Khera,फतेहपुर खेड़ा,Uttar Pradesh,UP,Gautam Buddha Nagar,VB-UP-GAUTAM-BUDDH,,,Fatehpur Khera,,,28.336538,77.324985,synthetic_envelope,SRC_VB_SYNTHETIC,,True,0.0,,v0.1,True
LOC_806555C04829,village,Ladwa Khera,लाडवा खेड़ा,Uttar Pradesh,UP,Gautam Buddha Nagar,VB-UP-GAUTAM-BUDDH,,,Ladwa Khera,,,28.579208,77.279355,synthetic_envelope,SRC_VB_SYNTHETIC,,True,0.0,,v0.1,True
LOC_E68E72128707,village,Kheri Khera,खेड़ी खेड़ा,Uttar Pradesh,UP,Gautam Buddha Nagar,VB-UP-GAUTAM-BUDDH,,,Kheri Khera,,,28.361828,77.365206,synthetic_envelope,SRC_VB_SYNTHETIC,,True,0.0,,v0.1,True
LOC_403346FE6B58,village,Rasulpur Nagar,रसूलपुर नगर,Uttar Pradesh,UP,Gautam Buddha Nagar,VB-UP-GAUTAM-BUDDH,,,Rasulpur Nagar,,,28.592813,77.261126,synthetic_envelope,SRC_VB_SYNTHETIC,,True,0.0,,v0.1,True
LOC_BCD4C4BB2299,village,Nathupur Kalan,नत्थूपुर कलां,Uttar Pradesh,UP,Gautam Buddha Nagar,VB-UP-GAUTAM-BUDDH,,,Nathupur Kalan,,,28.422444,77.432115,synthetic_envelope,SRC_VB_SYNTHETIC,,True,0.0,,v0.1,True
LOC_DC952F4A362E,village,Rampur Kalan,रामपुर कलां,Uttar Pradesh,UP,Gautam Buddha Nagar,VB-UP-GAUTAM-BUDDH,,,Rampur Kalan,,,28.646176,77.415889,synthetic_envelope,SRC_VB_SYNTHETIC,,True,0.0,,v0.1,True
LOC_582F50D128F7,village,Nathupur Khera,नत्थूपुर खेड़ा,Uttar Pradesh,UP,Gautam Buddha Nagar,VB-UP-GAUTAM-BUDDH,,,Nathupur Khera,,,28.382996,77.375682,synthetic_envelope,SRC_VB_SYNTHETIC,,True,0.0,,v0.1,True
LOC_FBC5CD6B1070,village,Devipur Kalan,देवीपुर कलां,Uttar Pradesh,UP,Gautam Buddha Nagar,VB-UP-GAUTAM-BUDDH,,,Devipur Kalan,,,28.367233,77.341226,synthetic_envelope,SRC_VB_SYNTHETIC,,True,0.0,,v0.1,True
LOC_F13DC7145786,village,Rampur Khera,रामपुर खेड़ा,Uttar Pradesh,UP,Ghaziabad,VB-UP-GHAZIABAD,,,Rampur Khera,,,28.720202,77.579897,synthetic_envelope,SRC_VB_SYNTHETIC,,True,0.0,,v0.1,True
LOC_1A87B5984DEB,village,Sikandarpur,सिकंदरपुर,Uttar Pradesh,UP,Ghaziabad,VB-UP-GHAZIABAD,,,Sikandarpur,,,28.69795,77.491053,synthetic_envelope,SRC_VB_SYNTHETIC,,True,0.0,,v0.1,True
LOC_8544EFAE4BB1,village,Fatehpur Majra,फतेहपुर माजरा,Uttar Pradesh,UP,Ghaziabad,VB-UP-GHAZIABAD,,,Fatehpur Majra,,,28.762713,77.461625,synthetic_envelope,SRC_VB_SYNTHETIC,,True,0.0,,v0.1,True
LOC_17DD40DC65BB,village,Basantpur Majra,बसंतपुर माजरा,Uttar Pradesh,UP,Ghaziabad,VB-UP-GHAZIABAD,,,Basantpur Majra,,,28.709076,77.455442,synthetic_envelope,SRC_VB_SYNTHETIC,,True,0.0,,v0.1,True
LOC_D723ABF17440,village,Todarpur Nagar,तोदड़पुर नगर,Uttar Pradesh,UP,Ghaziabad,VB-UP-GHAZIABAD,,,Todarpur Nagar,,,28.638584,77.42914,synthetic_envelope,SRC_VB_SYNTHETIC,,True,0.0,,v0.1,True
LOC_BA204B65F1E1,village,Bhojpur Nagar,भोजपुर नगर,Uttar Pradesh,UP,Ghaziabad,VB-UP-GHAZIABAD,,,Bhojpur Nagar,,,28.780902,77.557886,synthetic_envelope,SRC_VB_SYNTHETIC,,True,0.0,,v0.1,True
LOC_4D6EB688DA38,village,Chandpur Khurd,चांदपुर खुर्द,Uttar Pradesh,UP,Ghaziabad,VB-UP-GHAZIABAD,,,Chandpur Khurd,,,28.779639,77.422851,synthetic_envelope,SRC_VB_SYNTHETIC,,True,0.0,,v0.1,True
LOC_5B77958BA695,village,Manakpur Nagar,मानकपुर नगर,Uttar Pradesh,UP,Ghaziabad,VB-UP-GHAZIABAD,,,Manakpur Nagar,,,28.7133,77.434644,synthetic_envelope,SRC_VB_SYNTHETIC,,True,0.0,,v0.1,True
LOC_37368744CAC8,village,Alipur,अलीपुर,Uttar Pradesh,UP,Ghaziabad,VB-UP-GHAZIABAD,,,Alipur,,,28.705809,77.616139,synthetic_envelope,SRC_VB_SYNTHETIC,,True,0.0,,v0.1,True
LOC_74FF7DD861AF,village,Jhinjhana Kalan,झिंझाना कलां,Uttar Pradesh,UP,Ghaziabad,VB-UP-GHAZIABAD,,,Jhinjhana Kalan,,,28.748186,77.55911,synthetic_envelope,SRC_VB_SYNTHETIC,,True,0.0,,v0.1,True
LOC_31EBF97D2162,village,Sultanpur Kalan,सुल्तानपुर कलां,Uttar Pradesh,UP,Ghaziabad,VB-UP-GHAZIABAD,,,Sultanpur Kalan,,,28.699915,77.54455,synthetic_envelope,SRC_VB_SYNTHETIC,,True,0.0,,v0.1,True
LOC_3075C7EE322A,village,Shahpur,शाहपुर,Uttar Pradesh,UP,Ghaziabad,VB-UP-GHAZIABAD,,,Shahpur,,,28.719706,77.369007,synthetic_envelope,SRC_VB_SYNTHETIC,,True,0.0,,v0.1,True
LOC_19680B724544,village,Naurangpur Nagar,नौरंगपुर नगर,Uttar Pradesh,UP,Ghaziabad,VB-UP-GHAZIABAD,,,Naurangpur Nagar,,,28.701419,77.478791,synthetic_envelope,SRC_VB_SYNTHETIC,,True,0.0,,v0.1,True
LOC_87340AB22C11,village,Manakpur Kalan,मानकपुर कलां,Uttar Pradesh,UP,Meerut,VB-UP-MEERUT,,,Manakpur Kalan,,,29.038874,77.927418,synthetic_envelope,SRC_VB_SYNTHETIC,,True,0.0,,v0.1,True
LOC_86614932C37F,village,Salempur Khurd,सलेमपुर खुर्द,Uttar Pradesh,UP,Meerut,VB-UP-MEERUT,,,Salempur Khurd,,,29.179635,77.636806,synthetic_envelope,SRC_VB_SYNTHETIC,,True,0.0,,v0.1,True
LOC_82CFEB5BE86C,village,Alipur Khera,अलीपुर खेड़ा,Uttar Pradesh,UP,Meerut,VB-UP-MEERUT,,,Alipur Khera,,,29.167234,77.675674,synthetic_envelope,SRC_VB_SYNTHETIC,,True,0.0,,v0.1,True
LOC_57F7E5B491AE,village,Umarpur Majra,उमरपुर माजरा,Uttar Pradesh,UP,Meerut,VB-UP-MEERUT,,,Umarpur Majra,,,28.749363,77.755598,synthetic_envelope,SRC_VB_SYNTHETIC,,True,0.0,,v0.1,True
LOC_F6B8994BD0B7,village,Salempur,सलेमपुर,Uttar Pradesh,UP,Meerut,VB-UP-MEERUT,,,Salempur,,,29.168116,77.588185,synthetic_envelope,SRC_VB_SYNTHETIC,,True,0.0,,v0.1,True
LOC_48435DBBF2BB,village,Jhinjhana Khera,झिंझाना खेड़ा,Uttar Pradesh,UP,Meerut,VB-UP-MEERUT,,,Jhinjhana Khera,,,28.773755,77.796432,synthetic_envelope,SRC_VB_SYNTHETIC,,True,0.0,,v0.1,True
LOC_DE1337784827,village,Alipur Majra,अलीपुर माजरा,Uttar Pradesh,UP,Meerut,VB-UP-MEERUT,,,Alipur Majra,,,28.96963,77.878144,synthetic_envelope,SRC_VB_SYNTHETIC,,True,0.0,,v0.1,True
LOC_2E4B88D46D30,village,Umarpur Majra,उमरपुर माजरा,Uttar Pradesh,UP,Meerut,VB-UP-MEERUT,,,Umarpur Majra,,,29.002917,77.886172,synthetic_envelope,SRC_VB_SYNTHETIC,,True,0.0,,v0.1,True
LOC_7AFAEA7E1C39,village,Bhojpur Khurd,भोजपुर खुर्द,Uttar Pradesh,UP,Meerut,VB-UP-MEERUT,,,Bhojpur Khurd,,,29.163321,77.611726,synthetic_envelope,SRC_VB_SYNTHETIC,,True,0.0,,v0.1,True
LOC_6EA8FE521F90,village,Todarpur Majra,तोदड़पुर माजरा,Uttar Pradesh,UP,Meerut,VB-UP-MEERUT,,,Todarpur Majra,,,29.129803,77.690773,synthetic_envelope,SRC_VB_SYNTHETIC,,True,0.0,,v0.1,True
LOC_4336203858D1,village,Dhanaura,धनौरा,Uttar Pradesh,UP,Meerut,VB-UP-MEERUT,,,Dhanaura,,,28.773354,77.750538,synthetic_envelope,SRC_VB_SYNTHETIC,,True,0.0,,v0.1,True
LOC_F2720701A610,village,Basantpur Majra,बसंतपुर माजरा,Uttar Pradesh,UP,Meerut,VB-UP-MEERUT,,,Basantpur Majra,,,28.918887,77.942288,synthetic_envelope,SRC_VB_SYNTHETIC,,True,0.0,,v0.1,True
LOC_AF1F8BB5A7AA,village,Fatehpur,फतेहपुर,Uttar Pradesh,UP,Meerut,VB-UP-MEERUT,,,Fatehpur,,,29.149689,77.59878,synthetic_envelope,SRC_VB_SYNTHETIC,,True,0.0,,v0.1,True
LOC_E9E991D04B95,village,Rampur Khurd,रामपुर खुर्द,Uttar Pradesh,UP,Meerut,VB-UP-MEERUT,,,Rampur Khurd,,,28.901518,77.973403,synthetic_envelope,SRC_VB_SYNTHETIC,,True,0.0,,v0.1,True
LOC_AF2961E3CA07,village,Rampur Khurd,रामपुर खुर्द,Uttar Pradesh,UP,Meerut,VB-UP-MEERUT,,,Rampur Khurd,,,28.962324,77.869837,synthetic_envelope,SRC_VB_SYNTHETIC,,True,0.0,,v0.1,True
LOC_C7644A1909EB,village,Dhanaura,धनौरा,Uttar Pradesh,UP,Meerut,VB-UP-MEERUT,,,Dhanaura,,,28.786462,77.756383,synthetic_envelope,SRC_VB_SYNTHETIC,,True,0.0,,v0.1,True
LOC_631E27ACD73F,village,Manakpur Khera,मानकपुर खेड़ा,Uttar Pradesh,UP,Meerut,VB-UP-MEERUT,,,Manakpur Khera,,,29.121245,77.557496,synthetic_envelope,SRC_VB_SYNTHETIC,,True,0.0,,v0.1,True
LOC_2BEDBDC933E1,village,Rampur Kalan,रामपुर कलां,Uttar Pradesh,UP,Meerut,VB-UP-MEERUT,,,Rampur Kalan,,,28.749363,77.718466,synthetic_envelope,SRC_VB_SYNTHETIC,,True,0.0,,v0.1,True
LOC_185A866D793C,village,Kishanpur,किशनपुर,Uttar Pradesh,UP,Meerut,VB-UP-MEERUT,,,Kishanpur,,,28.934774,77.896336,synthetic_envelope,SRC_VB_SYNTHETIC,,True,0.0,,v0.1,True
LOC_45A1302593E1,village,Rasulpur Khera,रसूलपुर खेड़ा,Uttar Pradesh,UP,Meerut,VB-UP-MEERUT,,,Rasulpur Khera,,,29.123213,77.728905,synthetic_envelope,SRC_VB_SYNTHETIC,,True,0.0,,v0.1,True
LOC_C3B5427ED41A,village,Nathupur Nagar,नत्थूपुर नगर,Uttar Pradesh,UP,Meerut,VB-UP-MEERUT,,,Nathupur Nagar,,,28.750176,77.785679,synthetic_envelope,SRC_VB_SYNTHETIC,,True,0.0,,v0.1,True
LOC_723BB5D4156F,village,Bhojpur Khera,भोजपुर खेड़ा,Uttar Pradesh,UP,Meerut,VB-UP-MEERUT,,,Bhojpur Khera,,,28.801469,77.783324,synthetic_envelope,SRC_VB_SYNTHETIC,,True,0.0,,v0.1,True
LOC_F14DD3AF5316,village,Sultanpur Khera,सुल्तानपुर खेड़ा,Uttar Pradesh,UP,Meerut,VB-UP-MEERUT,,,Sultanpur Khera,,,28.952479,77.973403,synthetic_envelope,SRC_VB_SYNTHETIC,,True,0.0,,v0.1,True
LOC_B6247C3078AC,village,Nangla Khera,नंगला खेड़ा,Uttar Pradesh,UP,Meerut,VB-UP-MEERUT,,,Nangla Khera,,,28.780085,77.766386,synthetic_envelope,SRC_VB_SYNTHETIC,,True,0.0,,v0.1,True
LOC_715C8352E2F5,village,Devipur Majra,देवीपुर माजरा,Uttar Pradesh,UP,Meerut,VB-UP-MEERUT,,,Devipur Majra,,,28.751768,77.789066,synthetic_envelope,SRC_VB_SYNTHETIC,,True,0.0,,v0.1,True
LOC_05372D17068E,village,Bhojpur,भोजपुर,Uttar Pradesh,UP,Meerut,VB-UP-MEERUT,,,Bhojpur,,,28.966979,77.942129,synthetic_envelope,SRC_VB_SYNTHETIC,,True,0.0,,v0.1,True
LOC_380003739F28,village,Basantpur Nagar,बसंतपुर नगर,Uttar Pradesh,UP,Meerut,VB-UP-MEERUT,,,Basantpur Nagar,,,28.811403,77.851924,synthetic_envelope,SRC_VB_SYNTHETIC,,True,0.0,,v0.1,True
LOC_419A0571574F,village,Salempur,सलेमपुर,Uttar Pradesh,UP,Meerut,VB-UP-MEERUT,,,Salempur,,,29.152477,77.692198,synthetic_envelope,SRC_VB_SYNTHETIC,,True,0.0,,v0.1,True
LOC_89FF3E5626BA,village,Nathupur Kalan (1),नत्थूपुर कलां,Uttar Pradesh,UP,Baghpat,VB-UP-BAGHPAT,,,Nathupur Kalan (1),,,28.88438,77.151977,synthetic_envelope,SRC_VB_SYNTHETIC,,True,0.0,,v0.1,True
LOC_9DB11A399615,village,Mubarikpur Khera (2),मुबारिकपुर खेड़ा,Uttar Pradesh,UP,Baghpat,VB-UP-BAGHPAT,,,Mubarikpur Khera (2),,,28.906721,77.425306,synthetic_envelope,SRC_VB_SYNTHETIC,,True,0.0,,v0.1,True
LOC_1FAF8385C411,village,Devipur Nagar (3),देवीपुर नगर,Uttar Pradesh,UP,Baghpat,VB-UP-BAGHPAT,,,Devipur Nagar (3),,,28.846596,77.155365,synthetic_envelope,SRC_VB_SYNTHETIC,,True,0.0,,v0.1,True
LOC_91F466A75BFF,village,Chandpur Kalan (4),चांदपुर कलां,Uttar Pradesh,UP,Baghpat,VB-UP-BAGHPAT,,,Chandpur Kalan (4),,,28.910119,77.183898,synthetic_envelope,SRC_VB_SYNTHETIC,,True,0.0,,v0.1,True
LOC_3875C58D4908,village,Nangla Nagar (5),नंगला नगर,Uttar Pradesh,UP,Baghpat,VB-UP-BAGHPAT,,,Nangla Nagar (5),,,29.088739,77.101347,synthetic_envelope,SRC_VB_SYNTHETIC,,True,0.0,,v0.1,True
LOC_F6C339335892,village,Gopalpur Kalan (6),गोपालपुर कलां,Uttar Pradesh,UP,Baghpat,VB-UP-BAGHPAT,,,Gopalpur Kalan (6),,,28.929823,77.425306,synthetic_envelope,SRC_VB_SYNTHETIC,,True,0.0,,v0.1,True
LOC_8AC3B97CF7CA,village,Bahadurpur Nagar (7),बहादुरपुर नगर,Uttar Pradesh,UP,Baghpat,VB-UP-BAGHPAT,,,Bahadurpur Nagar (7),,,29.088521,77.138094,synthetic_envelope,SRC_VB_SYNTHETIC,,True,0.0,,v0.1,True
LOC_69133F922644,village,Nathupur (8),नत्थूपुर,Uttar Pradesh,UP,Baghpat,VB-UP-BAGHPAT,,,Nathupur (8),,,29.092741,77.159734,synthetic_envelope,SRC_VB_SYNTHETIC,,True,0.0,,v0.1,True
LOC_EE0E16DAC749,village,Devipur (9),देवीपुर,Uttar Pradesh,UP,Baghpat,VB-UP-BAGHPAT,,,Devipur (9),,,28.987541,77.154209,synthetic_envelope,SRC_VB_SYNTHETIC,,True,0.0,,v0.1,True
LOC_29C222D4352C,village,Rampur (10),रामपुर,Uttar Pradesh,UP,Baghpat,VB-UP-BAGHPAT,,,Rampur (10),,,28.841641,77.150602,synthetic_envelope,SRC_VB_SYNTHETIC,,True,0.0,,v0.1,True
LOC_93D7355C3904,village,Salempur Khurd (11),सलेमपुर खुर्द,Uttar Pradesh,UP,Baghpat,VB-UP-BAGHPAT,,,Salempur Khurd (11),,,28.860722,77.17879,synthetic_envelope,SRC_VB_SYNTHETIC,,True,0.0,,v0.1,True
LOC_B1B626896EAB,village,Mubarikpur Majra (12),मुबारिकपुर माजरा,Uttar Pradesh,UP,Baghpat,VB-UP-BAGHPAT,,,Mubarikpur Majra (12),,,29.084707,77.050855,synthetic_envelope,SRC_VB_SYNTHETIC,,True,0.0,,v0.1,True
LOC_4E589DD68591,village,Kishanpur Khurd (13),किशनपुर खुर्द,Uttar Pradesh,UP,Baghpat,VB-UP-BAGHPAT,,,Kishanpur Khurd (13),,,28.930002,77.390865,synthetic_envelope,SRC_VB_SYNTHETIC,,True,0.0,,v0.1,True
LOC_827933FB3966,village,Sikandarpur Kalan (14),सिकंदरपुर कलां,Uttar Pradesh,UP,Baghpat,VB-UP-BAGHPAT,,,Sikandarpur Kalan (14),,,29.066187,77.131666,synthetic_envelope,SRC_VB_SYNTHETIC,,True,0.0,,v0.1,True
LOC_679EA7BE4A16,village,Jhinjhana Kalan (15),झिंझाना कलां,Uttar Pradesh,UP,Baghpat,VB-UP-BAGHPAT,,,Jhinjhana Kalan (15),,,28.89814,77.374619,synthetic_envelope,SRC_VB_SYNTHETIC,,True,0.0,,v0.1,True
LOC_79569E9A257F,village,Ladwa Kalan (16),लाडवा कलां,Uttar Pradesh,UP,Baghpat,VB-UP-BAGHPAT,,,Ladwa Kalan (16),,,29.078819,77.114059,synthetic_envelope,SRC_VB_SYNTHETIC,,True,0.0,,v0.1,True
LOC_D057C020B2D2,village,Naurangpur Kalan (17),नौरंगपुर कलां,Uttar Pradesh,UP,Baghpat,VB-UP-BAGHPAT,,,Naurangpur Kalan (17),,,28.902393,77.415188,synthetic_envelope,SRC_VB_SYNTHETIC,,True,0.0,,v0.1,True
LOC_5A121ABD68FC,village,Nangla Khurd (18),नंगला खुर्द,Uttar Pradesh,UP,Baghpat,VB-UP-BAGHPAT,,,Nangla Khurd (18),,,28.961947,77.425306,synthetic_envelope,SRC_VB_SYNTHETIC,,True,0.0,,v0.1,True
LOC_FA337FD6164D,village,Shahpur Nagar (19),शाहपुर नगर,Uttar Pradesh,UP,Baghpat,VB-UP-BAGHPAT,,,Shahpur Nagar (19),,,28.866627,77.173207,synthetic_envelope,SRC_VB_SYNTHETIC,,True,0.0,,v0.1,True
LOC_D5EBC064DA8C,village,Salempur (20),सलेमपुर,Uttar Pradesh,UP,Baghpat,VB-UP-BAGHPAT,,,Salempur (20),,,29.007839,77.141313,synthetic_envelope,SRC_VB_SYNTHETIC,,True,0.0,,v0.1,True
LOC_CAC8BC05AE16,village,Nathupur Khera (21),नत्थूपुर खेड़ा,Uttar Pradesh,UP,Baghpat,VB-UP-BAGHPAT,,,Nathupur Khera (21),,,28.806118,77.15485,synthetic_envelope,SRC_VB_SYNTHETIC,,True,0.0,,v0.1,True
LOC_D80A69309810,village,Ladwa (22),लाडवा,Uttar Pradesh,UP,Baghpat,VB-UP-BAGHPAT,,,Ladwa (22),,,28.917441,77.322679,synthetic_envelope,SRC_VB_SYNTHETIC,,True,0.0,,v0.1,True
LOC_D4201B854D92,village,Jamalpur Khurd (23),जमालपुर खुर्द,Uttar Pradesh,UP,Baghpat,VB-UP-BAGHPAT,,,Jamalpur Khurd (23),,,29.109214,77.12261,synthetic_envelope,SRC_VB_SYNTHETIC,,True,0.0,,v0.1,True
LOC_3A4533B938C2,village,Sikandarpur Khurd (24),सिकंदरपुर खुर्द,Uttar Pradesh,UP,Baghpat,VB-UP-BAGHPAT,,,Sikandarpur Khurd (24),,,29.028204,77.104215,synthetic_envelope,SRC_VB_SYNTHETIC,,True,0.0,,v0.1,True
LOC_71A0C74FD1A2,village,Kheri Khera (25),खेड़ी खेड़ा,Uttar Pradesh,UP,Baghpat,VB-UP-BAGHPAT,,,Kheri Khera (25),,,28.882363,77.104317,synthetic_envelope,SRC_VB_SYNTHETIC,,True,0.0,,v0.1,True
LOC_5ED96B91B910,village,Bhagwanpur Kalan (26),भगवानपुर कलां,Uttar Pradesh,UP,Baghpat,VB-UP-BAGHPAT,,,Bhagwanpur Kalan (26),,,29.104914,77.132016,synthetic_envelope,SRC_VB_SYNTHETIC,,True,0.0,,v0.1,True
LOC_B8AC160EA77D,village,Rampur Kalan (27),रामपुर कलां,Uttar Pradesh,UP,Baghpat,VB-UP-BAGHPAT,,,Rampur Kalan (27),,,28.823574,77.184926,synthetic_envelope,SRC_VB_SYNTHETIC,,True,0.0,,v0.1,True
LOC_CDA4520EDAE3,village,Jamalpur Kalan (28),जमालपुर कलां,Uttar Pradesh,UP,Baghpat,VB-UP-BAGHPAT,,,Jamalpur Kalan (28),,,28.92571,77.357958,synthetic_envelope,SRC_VB_SYNTHETIC,,True,0.0,,v0.1,True
LOC_FC9A13F4D6DD,village,Todarpur Kalan (29),तोदड़पुर कलां,Uttar Pradesh,UP,Baghpat,VB-UP-BAGHPAT,,,Todarpur Kalan (29),,,28.975395,77.420987,synthetic_envelope,SRC_VB_SYNTHETIC,,True,0.0,,v0.1,True
LOC_DF95B0B92665,village,Harjipur Kalan (30),हरजीपुर कलां,Uttar Pradesh,UP,Baghpat,VB-UP-BAGHPAT,,,Harjipur Kalan (30),,,29.116593,77.105936,synthetic_envelope,SRC_VB_SYNTHETIC,,True,0.0,,v0.1,True
LOC_54C728412132,village,Naurangpur Majra (31),नौरंगपुर माजरा,Uttar Pradesh,UP,Baghpat,VB-UP-BAGHPAT,,,Naurangpur Majra (31),,,28.926938,77.425306,synthetic_envelope,SRC_VB_SYNTHETIC,,True,0.0,,v0.1,True
LOC_82EDDF761FC2,village,Jhinjhana (32),झिंझाना,Uttar Pradesh,UP,Baghpat,VB-UP-BAGHPAT,,,Jhinjhana (32),,,28.974485,77.416832,synthetic_envelope,SRC_VB_SYNTHETIC,,True,0.0,,v0.1,True
LOC_E5F47B021290,village,Devipur Kalan (1),देवीपुर कलां,Uttar Pradesh,UP,Hapur,VB-UP-HAPUR,,,Devipur Kalan (1),,,28.610301,77.885554,synthetic_envelope,SRC_VB_SYNTHETIC,,True,0.0,,v0.1,True
LOC_E745ED35A1D1,village,Kishanpur Majra (2),किशनपुर माजरा,Uttar Pradesh,UP,Hapur,VB-UP-HAPUR,,,Kishanpur Majra (2),,,28.840863,77.700823,synthetic_envelope,SRC_VB_SYNTHETIC,,True,0.0,,v0.1,True
LOC_BFD440A61BFC,village,Manakpur Khera (3),मानकपुर खेड़ा,Uttar Pradesh,UP,Hapur,VB-UP-HAPUR,,,Manakpur Khera (3),,,28.588097,77.930328,synthetic_envelope,SRC_VB_SYNTHETIC,,True,0.0,,v0.1,True
LOC_AE785D86B874,village,Fatehpur Khurd (4),फतेहपुर खुर्द,Uttar Pradesh,UP,Hapur,VB-UP-HAPUR,,,Fatehpur Khurd (4),,,28.656947,77.839677,synthetic_envelope,SRC_VB_SYNTHETIC,,True,0.0,,v0.1,True
LOC_6D90B5F176C8,village,Bhojpur Khera (5),भोजपुर खेड़ा,Uttar Pradesh,UP,Hapur,VB-UP-HAPUR,,,Bhojpur Khera (5),,,28.783184,77.911285,synthetic_envelope,SRC_VB_SYNTHETIC,,True,0.0,,v0.1,True
LOC_C3C9BF385AC9,village,Fatehpur Khera (6),फतेहपुर खेड़ा,Uttar Pradesh,UP,Hapur,VB-UP-HAPUR,,,Fatehpur Khera (6),,,28.623255,77.921158,synthetic_envelope,SRC_VB_SYNTHETIC,,True,0.0,,v0.1,True
LOC_78305416F9A2,village,Gopalpur Nagar (7),गोपालपुर नगर,Uttar Pradesh,UP,Hapur,VB-UP-HAPUR,,,Gopalpur Nagar (7),,,28.597243,77.908945,synthetic_envelope,SRC_VB_SYNTHETIC,,True,0.0,,v0.1,True
LOC_61B42E796235,village,Harjipur Majra (8),हरजीपुर माजरा,Uttar Pradesh,UP,Hapur,VB-UP-HAPUR,,,Harjipur Majra (8),,,28.765809,77.925079,synthetic_envelope,SRC_VB_SYNTHETIC,,True,0.0,,v0.1,True
LOC_828B31D129B9,village,Alipur Nagar (9),अलीपुर नगर,Uttar Pradesh,UP,Hapur,VB-UP-HAPUR,,,Alipur Nagar (9),,,28.662569,77.908873,synthetic_envelope,SRC_VB_SYNTHETIC,,True,0.0,,v0.1,True
LOC_DAA98AD50040,village,Alipur (10),अलीपुर,Uttar Pradesh,UP,Hapur,VB-UP-HAPUR,,,Alipur (10),,,28.877497,77.676506,synthetic_envelope,SRC_VB_SYNTHETIC,,True,0.0,,v0.1,True
LOC_0BC53382B315,village,Kishanpur Khurd (11),किशनपुर खुर्द,Uttar Pradesh,UP,Hapur,VB-UP-HAPUR,,,Kishanpur Khurd (11),,,28.629487,77.920099,synthetic_envelope,SRC_VB_SYNTHETIC,,True,0.0,,v0.1,True
LOC_5BDD898D5110,village,Bahadurpur (12),बहादुरपुर,Uttar Pradesh,UP,Hapur,VB-UP-HAPUR,,,Bahadurpur (12),,,28.764393,77.905778,synthetic_envelope,SRC_VB_SYNTHETIC,,True,0.0,,v0.1,True
LOC_D7EAE1E1A4B2,village,Chandpur Kalan (13),चांदपुर कलां,Uttar Pradesh,UP,Hapur,VB-UP-HAPUR,,,Chandpur Kalan (13),,,28.827199,77.68063,synthetic_envelope,SRC_VB_SYNTHETIC,,True,0.0,,v0.1,True
LOC_E4750ED4564A,village,Shahpur Kalan (14),शाहपुर कलां,Uttar Pradesh,UP,Hapur,VB-UP-HAPUR,,,Shahpur Kalan (14),,,28.605408,77.87469,synthetic_envelope,SRC_VB_SYNTHETIC,,True,0.0,,v0.1,True
LOC_F601A596D94C,village,Sultanpur Nagar (15),सुल्तानपुर नगर,Uttar Pradesh,UP,Hapur,VB-UP-HAPUR,,,Sultanpur Nagar (15),,,28.786897,77.885888,synthetic_envelope,SRC_VB_SYNTHETIC,,True,0.0,,v0.1,True
LOC_B36189C08E92,village,Mubarikpur Nagar (16),मुबारिकपुर नगर,Uttar Pradesh,UP,Hapur,VB-UP-HAPUR,,,Mubarikpur Nagar (16),,,28.833073,77.712766,synthetic_envelope,SRC_VB_SYNTHETIC,,True,0.0,,v0.1,True
LOC_F772F85EB629,village,Bhojpur Majra (17),भोजपुर माजरा,Uttar Pradesh,UP,Hapur,VB-UP-HAPUR,,,Bhojpur Majra (17),,,28.793405,77.931203,synthetic_envelope,SRC_VB_SYNTHETIC,,True,0.0,,v0.1,True
LOC_0B480232AC75,village,Jhinjhana Nagar (18),झिंझाना नगर,Uttar Pradesh,UP,Hapur,VB-UP-HAPUR,,,Jhinjhana Nagar (18),,,28.623056,77.866343,synthetic_envelope,SRC_VB_SYNTHETIC,,True,0.0,,v0.1,True
LOC_12E2CEAA35E2,village,Umarpur Kalan (19),उमरपुर कलां,Uttar Pradesh,UP,Hapur,VB-UP-HAPUR,,,Umarpur Kalan (19),,,28.780659,77.681986,synthetic_envelope,SRC_VB_SYNTHETIC,,True,0.0,,v0.1,True
LOC_BA8D4D54E873,village,Bhagwanpur Kalan (20),भगवानपुर कलां,Uttar Pradesh,UP,Hapur,VB-UP-HAPUR,,,Bhagwanpur Kalan (20),,,28.663869,77.885792,synthetic_envelope,SRC_VB_SYNTHETIC,,True,0.0,,v0.1,True
LOC_E3C65AFE4C82,village,Gopalpur Kalan (21),गोपालपुर कलां,Uttar Pradesh,UP,Hapur,VB-UP-HAPUR,,,Gopalpur Kalan (21),,,28.757722,77.66073,synthetic_envelope,SRC_VB_SYNTHETIC,,True,0.0,,v0.1,True
LOC_C1127341BC3D,village,Devipur (22),देवीपुर,Uttar Pradesh,UP,Hapur,VB-UP-HAPUR,,,Devipur (22),,,28.577919,77.839485,synthetic_envelope,SRC_VB_SYNTHETIC,,True,0.0,,v0.1,True
LOC_E95938C45888,village,Kheri Khera (23),खेड़ी खेड़ा,Uttar Pradesh,UP,Hapur,VB-UP-HAPUR,,,Kheri Khera (23),,,28.614254,77.82707,synthetic_envelope,SRC_VB_SYNTHETIC,,True,0.0,,v0.1,True
LOC_EAF36901FAEB,village,Basantpur Majra (24),बसंतपुर माजरा,Uttar Pradesh,UP,Hapur,VB-UP-HAPUR,,,Basantpur Majra (24),,,28.79777,77.888097,synthetic_envelope,SRC_VB_SYNTHETIC,,True,0.0,,v0.1,True
LOC_AF5B064CEA79,village,Sultanpur Khera (25),सुल्तानपुर खेड़ा,Uttar Pradesh,UP,Hapur,VB-UP-HAPUR,,,Sultanpur Khera (25),,,28.825224,77.67943,synthetic_envelope,SRC_VB_SYNTHETIC,,True,0.0,,v0.1,True
LOC_322CAD126C2C,village,Gopalpur Khurd (26),गोपालपुर खुर्द,Uttar Pradesh,UP,Hapur,VB-UP-HAPUR,,,Gopalpur Khurd (26),,,28.761792,77.957391,synthetic_envelope,SRC_VB_SYNTHETIC,,True,0.0,,v0.1,True
LOC_CB327E2A8A7F,village,Bhagwanpur Khurd (27),भगवानपुर खुर्द,Uttar Pradesh,UP,Hapur,VB-UP-HAPUR,,,Bhagwanpur Khurd (27),,,28.798168,77.923242,synthetic_envelope,SRC_VB_SYNTHETIC,,True,0.0,,v0.1,True
LOC_0C644F4A1F8C,village,Todarpur Majra (28),तोदड़पुर माजरा,Uttar Pradesh,UP,Hapur,VB-UP-HAPUR,,,Todarpur Majra (28),,,28.625236,77.953082,synthetic_envelope,SRC_VB_SYNTHETIC,,True,0.0,,v0.1,True
LOC_80A8D38A7B19,village,Shahpur Majra (29),शाहपुर माजरा,Uttar Pradesh,UP,Hapur,VB-UP-HAPUR,,,Shahpur Majra (29),,,28.83816,77.684176,synthetic_envelope,SRC_VB_SYNTHETIC,,True,0.0,,v0.1,True
LOC_7BB90845546B,village,Jhinjhana Kalan (30),झिंझाना कलां,Uttar Pradesh,UP,Hapur,VB-UP-HAPUR,,,Jhinjhana Kalan (30),,,28.776422,77.902764,synthetic_envelope,SRC_VB_SYNTHETIC,,True,0.0,,v0.1,True
LOC_BFB4F31C8285,village,Jhinjhana (31),झिंझाना,Uttar Pradesh,UP,Hapur,VB-UP-HAPUR,,,Jhinjhana (31),,,28.757956,77.940277,synthetic_envelope,SRC_VB_SYNTHETIC,,True,0.0,,v0.1,True
LOC_08FC25E89648,village,Manakpur Khera (1),मानकपुर खेड़ा,Uttar Pradesh,UP,Bulandshahr,VB-UP-BULANDSHAHR,,,Manakpur Khera (1),,,28.326322,77.576904,synthetic_envelope,SRC_VB_SYNTHETIC,,True,0.0,,v0.1,True
LOC_F93C1B8B022C,village,Dhanaura Khera (2),धनौरा खेड़ा,Uttar Pradesh,UP,Bulandshahr,VB-UP-BULANDSHAHR,,,Dhanaura Khera (2),,,28.433762,77.986398,synthetic_envelope,SRC_VB_SYNTHETIC,,True,0.0,,v0.1,True
LOC_C173467DBECF,village,Gopalpur Khurd (3),गोपालपुर खुर्द,Uttar Pradesh,UP,Bulandshahr,VB-UP-BULANDSHAHR,,,Gopalpur Khurd (3),,,28.500388,77.868257,synthetic_envelope,SRC_VB_SYNTHETIC,,True,0.0,,v0.1,True
LOC_BE67611A99B4,village,Bahadurpur (4),बहादुरपुर,Uttar Pradesh,UP,Bulandshahr,VB-UP-BULANDSHAHR,,,Bahadurpur (4),,,28.45117,77.852456,synthetic_envelope,SRC_VB_SYNTHETIC,,True,0.0,,v0.1,True
LOC_B5412F333B08,village,Shahpur Khurd (5),शाहपुर खुर्द,Uttar Pradesh,UP,Bulandshahr,VB-UP-BULANDSHAHR,,,Shahpur Khurd (5),,,28.326056,77.68002,synthetic_envelope,SRC_VB_SYNTHETIC,,True,0.0,,v0.1,True
LOC_59355B66BAA9,village,Dhanaura Majra (6),धनौरा माजरा,Uttar Pradesh,UP,Bulandshahr,VB-UP-BULANDSHAHR,,,Dhanaura Majra (6),,,28.514059,77.844449,synthetic_envelope,SRC_VB_SYNTHETIC,,True,0.0,,v0.1,True
LOC_2DADF94C8D9B,village,Bhagwanpur Khurd (7),भगवानपुर खुर्द,Uttar Pradesh,UP,Bulandshahr,VB-UP-BULANDSHAHR,,,Bhagwanpur Khurd (7),,,28.435738,77.944686,synthetic_envelope,SRC_VB_SYNTHETIC,,True,0.0,,v0.1,True
LOC_73EC451C0DBA,village,Devipur Khurd (8),देवीपुर खुर्द,Uttar Pradesh,UP,Bulandshahr,VB-UP-BULANDSHAHR,,,Devipur Khurd (8),,,28.457477,77.884537,synthetic_envelope,SRC_VB_SYNTHETIC,,True,0.0,,v0.1,True
LOC_72D7B4523383,village,Nangla Nagar (9),नंगला नगर,Uttar Pradesh,UP,Bulandshahr,VB-UP-BULANDSHAHR,,,Nangla Nagar (9),,,28.298156,77.704363,synthetic_envelope,SRC_VB_SYNTHETIC,,True,0.0,,v0.1,True
LOC_A0E963362548,village,Naurangpur (10),नौरंगपुर,Uttar Pradesh,UP,Bulandshahr,VB-UP-BULANDSHAHR,,,Naurangpur (10),,,28.248086,77.711032,synthetic_envelope,SRC_VB_SYNTHETIC,,True,0.0,,v0.1,True
LOC_6F2815EA427C,village,Ladwa Khurd (11),लाडवा खुर्द,Uttar Pradesh,UP,Bulandshahr,VB-UP-BULANDSHAHR,,,Ladwa Khurd (11),,,28.519393,77.914518,synthetic_envelope,SRC_VB_SYNTHETIC,,True,0.0,,v0.1,True
LOC_44D173CACDCD,village,Salempur Kalan (12),सलेमपुर कलां,Uttar Pradesh,UP,Bulandshahr,VB-UP-BULANDSHAHR,,,Salempur Kalan (12),,,28.489073,77.912446,synthetic_envelope,SRC_VB_SYNTHETIC,,True,0.0,,v0.1,True
LOC_C4A5379A682E,village,Bahadurpur Nagar (13),बहादुरपुर नगर,Uttar Pradesh,UP,Bulandshahr,VB-UP-BULANDSHAHR,,,Bahadurpur Nagar (13),,,28.47811,77.810254,synthetic_envelope,SRC_VB_SYNTHETIC,,True,0.0,,v0.1,True
LOC_8A491AC9883E,village,Bhagwanpur Nagar (14),भगवानपुर नगर,Uttar Pradesh,UP,Bulandshahr,VB-UP-BULANDSHAHR,,,Bhagwanpur Nagar (14),,,28.466221,77.984481,synthetic_envelope,SRC_VB_SYNTHETIC,,True,0.0,,v0.1,True
LOC_F91C2367EED6,village,Nangla (15),नंगला,Uttar Pradesh,UP,Bulandshahr,VB-UP-BULANDSHAHR,,,Nangla (15),,,28.513365,77.927582,synthetic_envelope,SRC_VB_SYNTHETIC,,True,0.0,,v0.1,True
LOC_F4F317EDD01F,village,Gopalpur Majra (16),गोपालपुर माजरा,Uttar Pradesh,UP,Bulandshahr,VB-UP-BULANDSHAHR,,,Gopalpur Majra (16),,,28.488366,77.85699,synthetic_envelope,SRC_VB_SYNTHETIC,,True,0.0,,v0.1,True
LOC_FF55408EC230,village,Sikandarpur Kalan (17),सिकंदरपुर कलां,Uttar Pradesh,UP,Bulandshahr,VB-UP-BULANDSHAHR,,,Sikandarpur Kalan (17),,,28.417371,77.766071,synthetic_envelope,SRC_VB_SYNTHETIC,,True,0.0,,v0.1,True
LOC_A2B988052009,village,Gopalpur Majra (18),गोपालपुर माजरा,Uttar Pradesh,UP,Bulandshahr,VB-UP-BULANDSHAHR,,,Gopalpur Majra (18),,,28.502765,77.967827,synthetic_envelope,SRC_VB_SYNTHETIC,,True,0.0,,v0.1,True
LOC_52329AB40C61,village,Bhojpur (19),भोजपुर,Uttar Pradesh,UP,Bulandshahr,VB-UP-BULANDSHAHR,,,Bhojpur (19),,,28.325661,77.638995,synthetic_envelope,SRC_VB_SYNTHETIC,,True,0.0,,v0.1,True
LOC_4A71CB707B27,village,Sikandarpur Khurd (20),सिकंदरपुर खुर्द,Uttar Pradesh,UP,Bulandshahr,VB-UP-BULANDSHAHR,,,Sikandarpur Khurd (20),,,28.329633,77.613071,synthetic_envelope,SRC_VB_SYNTHETIC,,True,0.0,,v0.1,True
LOC_20ADFEE93F40,village,Fatehpur Khera (21),फतेहपुर खेड़ा,Uttar Pradesh,UP,Bulandshahr,VB-UP-BULANDSHAHR,,,Fatehpur Khera (21),,,28.481502,77.96083,synthetic_envelope,SRC_VB_SYNTHETIC,,True,0.0,,v0.1,True
LOC_0C41A97A630F,village,Jhinjhana Khera (22),झिंझाना खेड़ा,Uttar Pradesh,UP,Bulandshahr,VB-UP-BULANDSHAHR,,,Jhinjhana Khera (22),,,28.44604,77.849182,synthetic_envelope,SRC_VB_SYNTHETIC,,True,0.0,,v0.1,True
LOC_A795424BFC8C,village,Bhojpur Khurd (23),भोजपुर खुर्द,Uttar Pradesh,UP,Bulandshahr,VB-UP-BULANDSHAHR,,,Bhojpur Khurd (23),,,28.333339,77.655302,synthetic_envelope,SRC_VB_SYNTHETIC,,True,0.0,,v0.1,True
LOC_6F7A144A24EB,village,Naurangpur (24),नौरंगपुर,Uttar Pradesh,UP,Bulandshahr,VB-UP-BULANDSHAHR,,,Naurangpur (24),,,28.353582,77.687511,synthetic_envelope,SRC_VB_SYNTHETIC,,True,0.0,,v0.1,True
LOC_FB02B6D63A44,village,Ladwa (25),लाडवा,Uttar Pradesh,UP,Bulandshahr,VB-UP-BULANDSHAHR,,,Ladwa (25),,,28.480386,77.952229,synthetic_envelope,SRC_VB_SYNTHETIC,,True,0.0,,v0.1,True
LOC_0262CE773330,village,Jamalpur Khurd (26),जमालपुर खुर्द,Uttar Pradesh,UP,Bulandshahr,VB-UP-BULANDSHAHR,,,Jamalpur Khurd (26),,,28.324306,77.640432,synthetic_envelope,SRC_VB_SYNTHETIC,,True,0.0,,v0.1,True
LOC_29DA1444B82A,village,Basantpur Nagar (27),बसंतपुर नगर,Uttar Pradesh,UP,Bulandshahr,VB-UP-BULANDSHAHR,,,Basantpur Nagar (27),,,28.466242,77.860678,synthetic_envelope,SRC_VB_SYNTHETIC,,True,0.0,,v0.1,True
LOC_C50371EAA253,village,Rasulpur Majra (28),रसूलपुर माजरा,Uttar Pradesh,UP,Bulandshahr,VB-UP-BULANDSHAHR,,,Rasulpur Majra (28),,,28.453727,77.996699,synthetic_envelope,SRC_VB_SYNTHETIC,,True,0.0,,v0.1,True
LOC_6D67F9F28F55,village,Bhojpur Kalan (29),भोजपुर कलां,Uttar Pradesh,UP,Bulandshahr,VB-UP-BULANDSHAHR,,,Bhojpur Kalan (29),,,28.466585,77.854587,synthetic_envelope,SRC_VB_SYNTHETIC,,True,0.0,,v0.1,True
LOC_48E36ACEE1FB,village,Sultanpur (30),सुल्तानपुर,Uttar Pradesh,UP,Bulandshahr,VB-UP-BULANDSHAHR,,,Sultanpur (30),,,28.297808,77.695561,synthetic_envelope,SRC_VB_SYNTHETIC,,True,0.0,,v0.1,True
LOC_EA2B16BCE4EC,village,Alipur Kalan (31),अलीपुर कलां,Uttar Pradesh,UP,Bulandshahr,VB-UP-BULANDSHAHR,,,Alipur Kalan (31),,,28.280579,77.609035,synthetic_envelope,SRC_VB_SYNTHETIC,,True,0.0,,v0.1,True
LOC_71F580703079,village,Manakpur Khurd (32),मानकपुर खुर्द,Uttar Pradesh,UP,Bulandshahr,VB-UP-BULANDSHAHR,,,Manakpur Khurd (32),,,28.546325,77.886029,synthetic_envelope,SRC_VB_SYNTHETIC,,True,0.0,,v0.1,True
LOC_95F18D920EBF,village,Naurangpur Majra (1),नौरंगपुर माजरा,Uttar Pradesh,UP,Muzaffarnagar,VB-UP-MUZAFFARNAGA,,,Naurangpur Majra (1),,,29.531395,77.82592,synthetic_envelope,SRC_VB_SYNTHETIC,,True,0.0,,v0.1,True
LOC_6F089A5D5971,village,Bahadurpur Kalan (2),बहादुरपुर कलां,Uttar Pradesh,UP,Muzaffarnagar,VB-UP-MUZAFFARNAGA,,,Bahadurpur Kalan (2),,,29.467355,77.542773,synthetic_envelope,SRC_VB_SYNTHETIC,,True,0.0,,v0.1,True
LOC_0451FBD3A8E6,village,Bhojpur Khera (3),भोजपुर खेड़ा,Uttar Pradesh,UP,Muzaffarnagar,VB-UP-MUZAFFARNAGA,,,Bhojpur Khera (3),,,29.464021,77.636435,synthetic_envelope,SRC_VB_SYNTHETIC,,True,0.0,,v0.1,True
LOC_BF61E6A0A738,village,Rasulpur (4),रसूलपुर,Uttar Pradesh,UP,Muzaffarnagar,VB-UP-MUZAFFARNAGA,,,Rasulpur (4),,,29.583362,77.939689,synthetic_envelope,SRC_VB_SYNTHETIC,,True,0.0,,v0.1,True
LOC_87C6A42D3BE0,village,Nathupur (5),नत्थूपुर,Uttar Pradesh,UP,Muzaffarnagar,VB-UP-MUZAFFARNAGA,,,Nathupur (5),,,29.536742,77.58362,synthetic_envelope,SRC_VB_SYNTHETIC,,True,0.0,,v0.1,True
LOC_7DFE95B957B4,village,Chandpur Nagar (6),चांदपुर नगर,Uttar Pradesh,UP,Muzaffarnagar,VB-UP-MUZAFFARNAGA,,,Chandpur Nagar (6),,,29.634052,77.85259,synthetic_envelope,SRC_VB_SYNTHETIC,,True,0.0,,v0.1,True
LOC_D9A41AF6C3DB,village,Kheri Khurd (7),खेड़ी खुर्द,Uttar Pradesh,UP,Muzaffarnagar,VB-UP-MUZAFFARNAGA,,,Kheri Khurd (7),,,29.655352,77.712751,synthetic_envelope,SRC_VB_SYNTHETIC,,True,0.0,,v0.1,True
LOC_C9C325A9A4EC,village,Salempur Kalan (8),सलेमपुर कलां,Uttar Pradesh,UP,Muzaffarnagar,VB-UP-MUZAFFARNAGA,,,Salempur Kalan (8),,,29.498195,77.536942,synthetic_envelope,SRC_VB_SYNTHETIC,,True,0.0,,v0.1,True
LOC_EF4D70D46295,village,Sultanpur Nagar (9),सुल्तानपुर नगर,Uttar Pradesh,UP,Muzaffarnagar,VB-UP-MUZAFFARNAGA,,,Sultanpur Nagar (9),,,29.559202,77.88097,synthetic_envelope,SRC_VB_SYNTHETIC,,True,0.0,,v0.1,True
LOC_E1B6D6D863B7,village,Harjipur Majra (10),हरजीपुर माजरा,Uttar Pradesh,UP,Muzaffarnagar,VB-UP-MUZAFFARNAGA,,,Harjipur Majra (10),,,29.566864,77.80607,synthetic_envelope,SRC_VB_SYNTHETIC,,True,0.0,,v0.1,True
LOC_78469F902CAE,village,Mubarikpur Kalan (11),मुबारिकपुर कलां,Uttar Pradesh,UP,Muzaffarnagar,VB-UP-MUZAFFARNAGA,,,Mubarikpur Kalan (11),,,29.528785,77.546076,synthetic_envelope,SRC_VB_SYNTHETIC,,True,0.0,,v0.1,True
LOC_9BCB9EB86D4E,village,Dhanaura (12),धनौरा,Uttar Pradesh,UP,Muzaffarnagar,VB-UP-MUZAFFARNAGA,,,Dhanaura (12),,,29.442454,77.703376,synthetic_envelope,SRC_VB_SYNTHETIC,,True,0.0,,v0.1,True
LOC_BCCCA4F84270,village,Harjipur Nagar (13),हरजीपुर नगर,Uttar Pradesh,UP,Muzaffarnagar,VB-UP-MUZAFFARNAGA,,,Harjipur Nagar (13),,,29.58811,77.616455,synthetic_envelope,SRC_VB_SYNTHETIC,,True,0.0,,v0.1,True
LOC_814A9258F7AB,village,Nangla (14),नंगला,Uttar Pradesh,UP,Muzaffarnagar,VB-UP-MUZAFFARNAGA,,,Nangla (14),,,29.546367,77.808911,synthetic_envelope,SRC_VB_SYNTHETIC,,True,0.0,,v0.1,True
LOC_FC4D90459970,village,Jamalpur (15),जमालपुर,Uttar Pradesh,UP,Muzaffarnagar,VB-UP-MUZAFFARNAGA,,,Jamalpur (15),,,29.531255,77.862758,synthetic_envelope,SRC_VB_SYNTHETIC,,True,0.0,,v0.1,True
LOC_01A7F878FCE7,village,Basantpur Kalan (16),बसंतपुर कलां,Uttar Pradesh,UP,Muzaffarnagar,VB-UP-MUZAFFARNAGA,,,Basantpur Kalan (16),,,29.516773,77.912126,synthetic_envelope,SRC_VB_SYNTHETIC,,True,0.0,,v0.1,True
LOC_99C1743B88F7,village,Jhinjhana Majra (17),झिंझाना माजरा,Uttar Pradesh,UP,Muzaffarnagar,VB-UP-MUZAFFARNAGA,,,Jhinjhana Majra (17),,,29.565598,77.761638,synthetic_envelope,SRC_VB_SYNTHETIC,,True,0.0,,v0.1,True
LOC_8EDE96E856C3,village,Fatehpur Kalan (18),फतेहपुर कलां,Uttar Pradesh,UP,Muzaffarnagar,VB-UP-MUZAFFARNAGA,,,Fatehpur Kalan (18),,,29.588874,77.853485,synthetic_envelope,SRC_VB_SYNTHETIC,,True,0.0,,v0.1,True
LOC_DB5A54FF11E4,village,Bhagwanpur Khurd (19),भगवानपुर खुर्द,Uttar Pradesh,UP,Muzaffarnagar,VB-UP-MUZAFFARNAGA,,,Bhagwanpur Khurd (19),,,29.512843,77.719095,synthetic_envelope,SRC_VB_SYNTHETIC,,True,0.0,,v0.1,True
LOC_EE3A6866C497,village,Umarpur (20),उमरपुर,Uttar Pradesh,UP,Muzaffarnagar,VB-UP-MUZAFFARNAGA,,,Umarpur (20),,,29.603504,77.822781,synthetic_envelope,SRC_VB_SYNTHETIC,,True,0.0,,v0.1,True
LOC_08F4FDF47329,village,Basantpur Nagar (21),बसंतपुर नगर,Uttar Pradesh,UP,Muzaffarnagar,VB-UP-MUZAFFARNAGA,,,Basantpur Nagar (21),,,29.531897,77.928859,synthetic_envelope,SRC_VB_SYNTHETIC,,True,0.0,,v0.1,True
LOC_3BF9AD1E6204,village,Fatehpur (22),फतेहपुर,Uttar Pradesh,UP,Muzaffarnagar,VB-UP-MUZAFFARNAGA,,,Fatehpur (22),,,29.557334,77.909954,synthetic_envelope,SRC_VB_SYNTHETIC,,True,0.0,,v0.1,True
LOC_986C1150FF7F,village,Kishanpur Khera (23),किशनपुर खेड़ा,Uttar Pradesh,UP,Muzaffarnagar,VB-UP-MUZAFFARNAGA,,,Kishanpur Khera (23),,,29.610769,77.804291,synthetic_envelope,SRC_VB_SYNTHETIC,,True,0.0,,v0.1,True
LOC_ED1659E61382,village,Bhojpur Kalan (24),भोजपुर कलां,Uttar Pradesh,UP,Muzaffarnagar,VB-UP-MUZAFFARNAGA,,,Bhojpur Kalan (24),,,29.683478,77.793372,synthetic_envelope,SRC_VB_SYNTHETIC,,True,0.0,,v0.1,True
LOC_21D22EB8BAC2,village,Ladwa Majra (25),लाडवा माजरा,Uttar Pradesh,UP,Muzaffarnagar,VB-UP-MUZAFFARNAGA,,,Ladwa Majra (25),,,29.610505,77.732367,synthetic_envelope,SRC_VB_SYNTHETIC,,True,0.0,,v0.1,True
LOC_6AA8472A6CE1,village,Devipur Nagar (26),देवीपुर नगर,Uttar Pradesh,UP,Muzaffarnagar,VB-UP-MUZAFFARNAGA,,,Devipur Nagar (26),,,29.509501,77.616933,synthetic_envelope,SRC_VB_SYNTHETIC,,True,0.0,,v0.1,True
LOC_D3C1E848E0C7,village,Gopalpur Khurd (27),गोपालपुर खुर्द,Uttar Pradesh,UP,Muzaffarnagar,VB-UP-MUZAFFARNAGA,,,Gopalpur Khurd (27),,,29.522174,77.617124,synthetic_envelope,SRC_VB_SYNTHETIC,,True,0.0,,v0.1,True
LOC_DF1B395264F0,village,Sultanpur Khurd (28),सुल्तानपुर खुर्द,Uttar Pradesh,UP,Muzaffarnagar,VB-UP-MUZAFFARNAGA,,,Sultanpur Khurd (28),,,29.599537,77.652319,synthetic_envelope,SRC_VB_SYNTHETIC,,True,0.0,,v0.1,True
LOC_37CA9BF2D0F1,village,Mubarikpur Majra (29),मुबारिकपुर माजरा,Uttar Pradesh,UP,Muzaffarnagar,VB-UP-MUZAFFARNAGA,,,Mubarikpur Majra (29),,,29.655789,77.959325,synthetic_envelope,SRC_VB_SYNTHETIC,,True,0.0,,v0.1,True
LOC_82A119A3337D,village,Harjipur Majra (30),हरजीपुर माजरा,Uttar Pradesh,UP,Muzaffarnagar,VB-UP-MUZAFFARNAGA,,,Harjipur Majra (30),,,29.524559,77.927424,synthetic_envelope,SRC_VB_SYNTHETIC,,True,0.0,,v0.1,True
LOC_0FB268C4D76D,village,Rampur Nagar (31),रामपुर नगर,Uttar Pradesh,UP,Muzaffarnagar,VB-UP-MUZAFFARNAGA,,,Rampur Nagar (31),,,29.5196,77.623732,synthetic_envelope,SRC_VB_SYNTHETIC,,True,0.0,,v0.1,True
LOC_F4F316761118,village,Manakpur Khurd (32),मानकपुर खुर्द,Uttar Pradesh,UP,Muzaffarnagar,VB-UP-MUZAFFARNAGA,,,Manakpur Khurd (32),,,29.557684,77.820938,synthetic_envelope,SRC_VB_SYNTHETIC,,True,0.0,,v0.1,True
LOC_1DB481FF142A,village,Basantpur Majra (33),बसंतपुर माजरा,Uttar Pradesh,UP,Muzaffarnagar,VB-UP-MUZAFFARNAGA,,,Basantpur Majra (33),,,29.523233,77.667447,synthetic_envelope,SRC_VB_SYNTHETIC,,True,0.0,,v0.1,True
LOC_5914FD6F96F9,village,Kheri Majra (1),खेड़ी माजरा,Uttar Pradesh,UP,Shamli,VB-UP-SHAMLI,,,Kheri Majra (1),,,29.426599,77.37255,synthetic_envelope,SRC_VB_SYNTHETIC,,True,0.0,,v0.1,True
LOC_B9ED7FE101CA,village,Sikandarpur Nagar (2),सिकंदरपुर नगर,Uttar Pradesh,UP,Shamli,VB-UP-SHAMLI,,,Sikandarpur Nagar (2),,,29.415672,77.409047,synthetic_envelope,SRC_VB_SYNTHETIC,,True,0.0,,v0.1,True
LOC_A2AB001A3DF1,village,Rasulpur (3),रसूलपुर,Uttar Pradesh,UP,Shamli,VB-UP-SHAMLI,,,Rasulpur (3),,,29.385517,77.46834,synthetic_envelope,SRC_VB_SYNTHETIC,,True,0.0,,v0.1,True
LOC_445F7473702F,village,Kheri Khurd (4),खेड़ी खुर्द,Uttar Pradesh,UP,Shamli,VB-UP-SHAMLI,,,Kheri Khurd (4),,,29.407966,77.385768,synthetic_envelope,SRC_VB_SYNTHETIC,,True,0.0,,v0.1,True
LOC_CE8D08564AC7,village,Sikandarpur Khurd (5),सिकंदरपुर खुर्द,Uttar Pradesh,UP,Shamli,VB-UP-SHAMLI,,,Sikandarpur Khurd (5),,,29.39118,77.480455,synthetic_envelope,SRC_VB_SYNTHETIC,,True,0.0,,v0.1,True
LOC_755E69FE5840,village,Chandpur Khera (6),चांदपुर खेड़ा,Uttar Pradesh,UP,Shamli,VB-UP-SHAMLI,,,Chandpur Khera (6),,,29.396174,77.388688,synthetic_envelope,SRC_VB_SYNTHETIC,,True,0.0,,v0.1,True
LOC_8070B7083866,village,Todarpur Khurd (7),तोदड़पुर खुर्द,Uttar Pradesh,UP,Shamli,VB-UP-SHAMLI,,,Todarpur Khurd (7),,,29.377609,77.351964,synthetic_envelope,SRC_VB_SYNTHETIC,,True,0.0,,v0.1,True
LOC_7B278DE72848,village,Sultanpur Kalan (8),सुल्तानपुर कलां,Uttar Pradesh,UP,Shamli,VB-UP-SHAMLI,,,Sultanpur Kalan (8),,,29.347474,77.360892,synthetic_envelope,SRC_VB_SYNTHETIC,,True,0.0,,v0.1,True
LOC_65D451C3D840,village,Devipur Khurd (9),देवीपुर खुर्द,Uttar Pradesh,UP,Shamli,VB-UP-SHAMLI,,,Devipur Khurd (9),,,29.402054,77.437468,synthetic_envelope,SRC_VB_SYNTHETIC,,True,0.0,,v0.1,True
LOC_0F171667397F,village,Devipur Nagar (10),देवीपुर नगर,Uttar Pradesh,UP,Shamli,VB-UP-SHAMLI,,,Devipur Nagar (10),,,29.393618,77.435783,synthetic_envelope,SRC_VB_SYNTHETIC,,True,0.0,,v0.1,True
LOC_E2017A42C14A,village,Manakpur Nagar (11),मानकपुर नगर,Uttar Pradesh,UP,Shamli,VB-UP-SHAMLI,,,Manakpur Nagar (11),,,29.375647,77.395151,synthetic_envelope,SRC_VB_SYNTHETIC,,True,0.0,,v0.1,True
LOC_9D2F8358A79A,village,Umarpur Majra (12),उमरपुर माजरा,Uttar Pradesh,UP,Shamli,VB-UP-SHAMLI,,,Umarpur Majra (12),,,29.401461,77.297049,synthetic_envelope,SRC_VB_SYNTHETIC,,True,0.0,,v0.1,True
LOC_3FA7C10B9B0D,village,Rampur Khurd (13),रामपुर खुर्द,Uttar Pradesh,UP,Shamli,VB-UP-SHAMLI,,,Rampur Khurd (13),,,29.394208,77.39371,synthetic_envelope,SRC_VB_SYNTHETIC,,True,0.0,,v0.1,True
LOC_D24294F70C96,village,Devipur Kalan (14),देवीपुर कलां,Uttar Pradesh,UP,Shamli,VB-UP-SHAMLI,,,Devipur Kalan (14),,,29.424596,77.402727,synthetic_envelope,SRC_VB_SYNTHETIC,,True,0.0,,v0.1,True
LOC_9071F4ACC81C,village,Rasulpur Kalan (15),रसूलपुर कलां,Uttar Pradesh,UP,Shamli,VB-UP-SHAMLI,,,Rasulpur Kalan (15),,,29.379008,77.449567,synthetic_envelope,SRC_VB_SYNTHETIC,,True,0.0,,v0.1,True
LOC_F268A161941B,village,Jamalpur Nagar (16),जमालपुर नगर,Uttar Pradesh,UP,Shamli,VB-UP-SHAMLI,,,Jamalpur Nagar (16),,,29.402725,77.347422,synthetic_envelope,SRC_VB_SYNTHETIC,,True,0.0,,v0.1,True
LOC_E82DB40AE668,village,Jhinjhana Majra (17),झिंझाना माजरा,Uttar Pradesh,UP,Shamli,VB-UP-SHAMLI,,,Jhinjhana Majra (17),,,29.339224,77.443849,synthetic_envelope,SRC_VB_SYNTHETIC,,True,0.0,,v0.1,True
LOC_000CD7D8A346,village,Mubarikpur (18),मुबारिकपुर,Uttar Pradesh,UP,Shamli,VB-UP-SHAMLI,,,Mubarikpur (18),,,29.395153,77.373564,synthetic_envelope,SRC_VB_SYNTHETIC,,True,0.0,,v0.1,True
LOC_0428C1C48B71,village,Nathupur Khera (19),नत्थूपुर खेड़ा,Uttar Pradesh,UP,Shamli,VB-UP-SHAMLI,,,Nathupur Khera (19),,,29.368886,77.404043,synthetic_envelope,SRC_VB_SYNTHETIC,,True,0.0,,v0.1,True
LOC_929E628A07B7,village,Shahpur Majra (20),शाहपुर माजरा,Uttar Pradesh,UP,Shamli,VB-UP-SHAMLI,,,Shahpur Majra (20),,,29.385462,77.371454,synthetic_envelope,SRC_VB_SYNTHETIC,,True,0.0,,v0.1,True
LOC_24FE0E7C1080,village,Kishanpur Nagar (21),किशनपुर नगर,Uttar Pradesh,UP,Shamli,VB-UP-SHAMLI,,,Kishanpur Nagar (21),,,29.427703,77.339734,synthetic_envelope,SRC_VB_SYNTHETIC,,True,0.0,,v0.1,True
LOC_634A449D1004,village,Ladwa Khurd (22),लाडवा खुर्द,Uttar Pradesh,UP,Shamli,VB-UP-SHAMLI,,,Ladwa Khurd (22),,,29.41704,77.415482,synthetic_envelope,SRC_VB_SYNTHETIC,,True,0.0,,v0.1,True
LOC_0989FC1292A0,village,Manakpur Khurd (23),मानकपुर खुर्द,Uttar Pradesh,UP,Shamli,VB-UP-SHAMLI,,,Manakpur Khurd (23),,,29.376092,77.429702,synthetic_envelope,SRC_VB_SYNTHETIC,,True,0.0,,v0.1,True
LOC_B2DB7246C54A,village,Todarpur Khera (24),तोदड़पुर खेड़ा,Uttar Pradesh,UP,Shamli,VB-UP-SHAMLI,,,Todarpur Khera (24),,,29.381231,77.382517,synthetic_envelope,SRC_VB_SYNTHETIC,,True,0.0,,v0.1,True
LOC_A47C82E45B86,village,Bahadurpur Majra (25),बहादुरपुर माजरा,Uttar Pradesh,UP,Shamli,VB-UP-SHAMLI,,,Bahadurpur Majra (25),,,29.366234,77.365108,synthetic_envelope,SRC_VB_SYNTHETIC,,True,0.0,,v0.1,True
LOC_05B0782F1F1F,village,Bhojpur (26),भोजपुर,Uttar Pradesh,UP,Shamli,VB-UP-SHAMLI,,,Bhojpur (26),,,29.380836,77.425109,synthetic_envelope,SRC_VB_SYNTHETIC,,True,0.0,,v0.1,True
LOC_E53A7EE2D6C8,village,Chandpur Khera (27),चांदपुर खेड़ा,Uttar Pradesh,UP,Shamli,VB-UP-SHAMLI,,,Chandpur Khera (27),,,29.388336,77.323194,synthetic_envelope,SRC_VB_SYNTHETIC,,True,0.0,,v0.1,True
LOC_2B0003E5538F,village,Jamalpur Kalan (28),जमालपुर कलां,Uttar Pradesh,UP,Shamli,VB-UP-SHAMLI,,,Jamalpur Kalan (28),,,29.419182,77.413323,synthetic_envelope,SRC_VB_SYNTHETIC,,True,0.0,,v0.1,True
LOC_6DE0122ECD75,village,Harjipur Khera (29),हरजीपुर खेड़ा,Uttar Pradesh,UP,Shamli,VB-UP-SHAMLI,,,Harjipur Khera (29),,,29.434808,77.462664,synthetic_envelope,SRC_VB_SYNTHETIC,,True,0.0,,v0.1,True
LOC_8D8ECF02FD31,village,Jhinjhana Nagar (30),झिंझाना नगर,Uttar Pradesh,UP,Shamli,VB-UP-SHAMLI,,,Jhinjhana Nagar (30),,,29.386999,77.392616,synthetic_envelope,SRC_VB_SYNTHETIC,,True,0.0,,v0.1,True
LOC_D20714F99D30,village,Todarpur Nagar (31),तोदड़पुर नगर,Uttar Pradesh,UP,Shamli,VB-UP-SHAMLI,,,Todarpur Nagar (31),,,29.423016,77.503335,synthetic_envelope,SRC_VB_SYNTHETIC,,True,0.0,,v0.1,True
LOC_FBF4E0BA1E48,village,Basantpur Khera (32),बसंतपुर खेड़ा,Uttar Pradesh,UP,Shamli,VB-UP-SHAMLI,,,Basantpur Khera (32),,,29.416565,77.367248,synthetic_envelope,SRC_VB_SYNTHETIC,,True,0.0,,v0.1,True
LOC_8B1E5643F85C,village,Kishanpur Khurd (33),किशनपुर खुर्द,Uttar Pradesh,UP,Shamli,VB-UP-SHAMLI,,,Kishanpur Khurd (33),,,29.41553,77.437484,synthetic_envelope,SRC_VB_SYNTHETIC,,True,0.0,,v0.1,True
LOC_4C065BE96530,village,Jhinjhana Majra,झिंझाना माजरा,Uttar Pradesh,UP,Saharanpur,VB-UP-SAHARANPUR,,,Jhinjhana Majra,,,29.930805,77.815216,synthetic_envelope,SRC_VB_SYNTHETIC,,True,0.0,,v0.1,False
LOC_0A00A0765F74,village,Devipur Majra,देवीपुर माजरा,Uttar Pradesh,UP,Saharanpur,VB-UP-SAHARANPUR,,,Devipur Majra,,,29.824506,77.722805,synthetic_envelope,SRC_VB_SYNTHETIC,,True,0.0,,v0.1,False
LOC_CB66245203A1,village,Umarpur Kalan,उमरपुर कलां,Uttar Pradesh,UP,Saharanpur,VB-UP-SAHARANPUR,,,Umarpur Kalan,,,29.899122,77.762725,synthetic_envelope,SRC_VB_SYNTHETIC,,True,0.0,,v0.1,False
LOC_67F581E2C57B,village,Devipur Nagar,देवीपुर नगर,Uttar Pradesh,UP,Saharanpur,VB-UP-SAHARANPUR,,,Devipur Nagar,,,29.714776,77.504095,synthetic_envelope,SRC_VB_SYNTHETIC,,True,0.0,,v0.1,False
LOC_3D99EE742F2F,village,Devipur Khera,देवीपुर खेड़ा,Uttar Pradesh,UP,Saharanpur,VB-UP-SAHARANPUR,,,Devipur Khera,,,29.850048,77.765429,synthetic_envelope,SRC_VB_SYNTHETIC,,True,0.0,,v0.1,False
LOC_CBA86EEF5446,village,Shahpur Khurd,शाहपुर खुर्द,Uttar Pradesh,UP,Saharanpur,VB-UP-SAHARANPUR,,,Shahpur Khurd,,,29.719104,77.61907,synthetic_envelope,SRC_VB_SYNTHETIC,,True,0.0,,v0.1,False
LOC_497D78230B90,village,Fatehpur Nagar,फतेहपुर नगर,Uttar Pradesh,UP,Saharanpur,VB-UP-SAHARANPUR,,,Fatehpur Nagar,,,29.868701,77.836345,synthetic_envelope,SRC_VB_SYNTHETIC,,True,0.0,,v0.1,False
LOC_30D26F203C3E,village,Gopalpur Khurd,गोपालपुर खुर्द,Uttar Pradesh,UP,Saharanpur,VB-UP-SAHARANPUR,,,Gopalpur Khurd,,,29.986748,77.770672,synthetic_envelope,SRC_VB_SYNTHETIC,,True,0.0,,v0.1,False
LOC_6B7DC105EC2C,village,Nathupur,नत्थूपुर,Uttar Pradesh,UP,Saharanpur,VB-UP-SAHARANPUR,,,Nathupur,,,29.906361,77.732771,synthetic_envelope,SRC_VB_SYNTHETIC,,True,0.0,,v0.1,False
LOC_78A3FE181985,village,Jhinjhana Khera,झिंझाना खेड़ा,Uttar Pradesh,UP,Saharanpur,VB-UP-SAHARANPUR,,,Jhinjhana Khera,,,29.749193,77.53092,synthetic_envelope,SRC_VB_SYNTHETIC,,True,0.0,,v0.1,False
LOC_13393DA1C27D,village,Rasulpur Kalan,रसूलपुर कलां,Uttar Pradesh,UP,Saharanpur,VB-UP-SAHARANPUR,,,Rasulpur Kalan,,,29.842745,77.790331,synthetic_envelope,SRC_VB_SYNTHETIC,,True,0.0,,v0.1,False
LOC_5052CEEFA15C,village,Ladwa Khurd,लाडवा खुर्द,Uttar Pradesh,UP,Saharanpur,VB-UP-SAHARANPUR,,,Ladwa Khurd,,,29.8602,77.757046,synthetic_envelope,SRC_VB_SYNTHETIC,,True,0.0,,v0.1,False
LOC_5B535D3DF88E,village,Alipur Majra,अलीपुर माजरा,Uttar Pradesh,UP,Saharanpur,VB-UP-SAHARANPUR,,,Alipur Majra,,,29.714776,77.531438,synthetic_envelope,SRC_VB_SYNTHETIC,,True,0.0,,v0.1,False
LOC_1A9C7ACA9394,village,Todarpur Kalan,तोदड़पुर कलां,Uttar Pradesh,UP,Saharanpur,VB-UP-SAHARANPUR,,,Todarpur Kalan,,,29.901211,77.820093,synthetic_envelope,SRC_VB_SYNTHETIC,,True,0.0,,v0.1,False
LOC_3D987BE0DBAB,village,Gopalpur Khera,गोपालपुर खेड़ा,Uttar Pradesh,UP,Saharanpur,VB-UP-SAHARANPUR,,,Gopalpur Khera,,,29.89472,77.62445,synthetic_envelope,SRC_VB_SYNTHETIC,,True,0.0,,v0.1,False
LOC_C036D7ED9E5C,village,Bhagwanpur Khurd,भगवानपुर खुर्द,Uttar Pradesh,UP,Saharanpur,VB-UP-SAHARANPUR,,,Bhagwanpur Khurd,,,29.766343,77.60868,synthetic_envelope,SRC_VB_SYNTHETIC,,True,0.0,,v0.1,False
LOC_EFE471A52B73,village,Sikandarpur Khera,सिकंदरपुर खेड़ा,Uttar Pradesh,UP,Saharanpur,VB-UP-SAHARANPUR,,,Sikandarpur Khera,,,29.862792,77.764212,synthetic_envelope,SRC_VB_SYNTHETIC,,True,0.0,,v0.1,False
LOC_B8BAC5965827,village,Naurangpur Majra,नौरंगपुर माजरा,Uttar Pradesh,UP,Saharanpur,VB-UP-SAHARANPUR,,,Naurangpur Majra,,,29.733758,77.675687,synthetic_envelope,SRC_VB_SYNTHETIC,,True,0.0,,v0.1,False
LOC_7284B813B9C8,village,Alipur Kalan,अलीपुर कलां,Uttar Pradesh,UP,Saharanpur,VB-UP-SAHARANPUR,,,Alipur Kalan,,,29.850997,77.797151,synthetic_envelope,SRC_VB_SYNTHETIC,,True,0.0,,v0.1,False
LOC_F91E8E82C9D6,village,Sultanpur Majra,सुल्तानपुर माजरा,Uttar Pradesh,UP,Saharanpur,VB-UP-SAHARANPUR,,,Sultanpur Majra,,,29.833331,77.832612,synthetic_envelope,SRC_VB_SYNTHETIC,,True,0.0,,v0.1,False
LOC_4D67309C07C9,village,Basantpur Kalan,बसंतपुर कलां,Uttar Pradesh,UP,Saharanpur,VB-UP-SAHARANPUR,,,Basantpur Kalan,,,29.864417,77.792236,synthetic_envelope,SRC_VB_SYNTHETIC,,True,0.0,,v0.1,False
LOC_1E57D480FB62,village,Todarpur Majra,तोदड़पुर माजरा,Uttar Pradesh,UP,Saharanpur,VB-UP-SAHARANPUR,,,Todarpur Majra,,,29.895026,77.830914,synthetic_envelope,SRC_VB_SYNTHETIC,,True,0.0,,v0.1,False
LOC_6085E97F04DB,village,Todarpur Nagar,तोदड़पुर नगर,Uttar Pradesh,UP,Saharanpur,VB-UP-SAHARANPUR,,,Todarpur Nagar,,,29.837006,77.76328,synthetic_envelope,SRC_VB_SYNTHETIC,,True,0.0,,v0.1,False
LOC_F68A5AD0F129,village,Shahpur Khurd,शाहपुर खुर्द,Uttar Pradesh,UP,Saharanpur,VB-UP-SAHARANPUR,,,Shahpur Khurd,,,29.861646,77.76298,synthetic_envelope,SRC_VB_SYNTHETIC,,True,0.0,,v0.1,False
LOC_1BE3F5D82211,village,Jamalpur Nagar,जमालपुर नगर,Uttar Pradesh,UP,Saharanpur,VB-UP-SAHARANPUR,,,Jamalpur Nagar,,,29.905234,77.826003,synthetic_envelope,SRC_VB_SYNTHETIC,,True,0.0,,v0.1,False
LOC_B5B55259ED5A,village,Fatehpur Khurd,फतेहपुर खुर्द,Uttar Pradesh,UP,Saharanpur,VB-UP-SAHARANPUR,,,Fatehpur Khurd,,,29.830151,77.836345,synthetic_envelope,SRC_VB_SYNTHETIC,,True,0.0,,v0.1,False
LOC_DA3AC9FA5933,village,Devipur Nagar,देवीपुर नगर,Uttar Pradesh,UP,Saharanpur,VB-UP-SAHARANPUR,,,Devipur Nagar,,,29.852384,77.751442,synthetic_envelope,SRC_VB_SYNTHETIC,,True,0.0,,v0.1,False
LOC_6B8957344869,village,Rasulpur Nagar,रसूलपुर नगर,Uttar Pradesh,UP,Saharanpur,VB-UP-SAHARANPUR,,,Rasulpur Nagar,,,29.767984,77.568868,synthetic_envelope,SRC_VB_SYNTHETIC,,True,0.0,,v0.1,False
LOC_6452B3A5A282,village,Dhanaura Nagar,धनौरा नगर,Uttar Pradesh,UP,Saharanpur,VB-UP-SAHARANPUR,,,Dhanaura Nagar,,,29.932147,77.787034,synthetic_envelope,SRC_VB_SYNTHETIC,,True,0.0,,v0.1,False
LOC_C792E4632A85,village,Bhojpur Nagar,भोजपुर नगर,Uttar Pradesh,UP,Saharanpur,VB-UP-SAHARANPUR,,,Bhojpur Nagar,,,29.937437,77.794056,synthetic_envelope,SRC_VB_SYNTHETIC,,True,0.0,,v0.1,False
LOC_6584A055F4E2,village,Salempur Majra (1),सलेमपुर माजरा,Uttar Pradesh,UP,Bijnor,VB-UP-BIJNOR,,,Salempur Majra (1),,,29.226749,78.27718,synthetic_envelope,SRC_VB_SYNTHETIC,,True,0.0,,v0.1,False
LOC_3395CE8CE3F9,village,Bahadurpur Nagar (2),बहादुरपुर नगर,Uttar Pradesh,UP,Bijnor,VB-UP-BIJNOR,,,Bahadurpur Nagar (2),,,29.252313,78.359664,synthetic_envelope,SRC_VB_SYNTHETIC,,True,0.0,,v0.1,False
LOC_0996F6BD75B6,village,Alipur Nagar (3),अलीपुर नगर,Uttar Pradesh,UP,Bijnor,VB-UP-BIJNOR,,,Alipur Nagar (3),,,29.355489,78.135532,synthetic_envelope,SRC_VB_SYNTHETIC,,True,0.0,,v0.1,False
LOC_00B07327CAAC,village,Fatehpur Majra (4),फतेहपुर माजरा,Uttar Pradesh,UP,Bijnor,VB-UP-BIJNOR,,,Fatehpur Majra (4),,,29.309997,77.972407,synthetic_envelope,SRC_VB_SYNTHETIC,,True,0.0,,v0.1,False
LOC_985FEC6EAB25,village,Rampur Khera (5),रामपुर खेड़ा,Uttar Pradesh,UP,Bijnor,VB-UP-BIJNOR,,,Rampur Khera (5),,,29.258454,78.258051,synthetic_envelope,SRC_VB_SYNTHETIC,,True,0.0,,v0.1,False
LOC_02566E3112A8,village,Manakpur Khera (6),मानकपुर खेड़ा,Uttar Pradesh,UP,Bijnor,VB-UP-BIJNOR,,,Manakpur Khera (6),,,29.269678,78.171166,synthetic_envelope,SRC_VB_SYNTHETIC,,True,0.0,,v0.1,False
LOC_4A1C12FAA7FF,village,Umarpur (7),उमरपुर,Uttar Pradesh,UP,Bijnor,VB-UP-BIJNOR,,,Umarpur (7),,,29.303456,78.313999,synthetic_envelope,SRC_VB_SYNTHETIC,,True,0.0,,v0.1,False
LOC_961D6AA87CCC,village,Sultanpur Khera (8),सुल्तानपुर खेड़ा,Uttar Pradesh,UP,Bijnor,VB-UP-BIJNOR,,,Sultanpur Khera (8),,,29.208403,78.167526,synthetic_envelope,SRC_VB_SYNTHETIC,,True,0.0,,v0.1,False
LOC_8152F562A8D3,village,Bhagwanpur Khera (9),भगवानपुर खेड़ा,Uttar Pradesh,UP,Bijnor,VB-UP-BIJNOR,,,Bhagwanpur Khera (9),,,29.282007,78.369735,synthetic_envelope,SRC_VB_SYNTHETIC,,True,0.0,,v0.1,False
LOC_2BC9207C671F,village,Jhinjhana Majra (10),झिंझाना माजरा,Uttar Pradesh,UP,Bijnor,VB-UP-BIJNOR,,,Jhinjhana Majra (10),,,29.238522,78.202022,synthetic_envelope,SRC_VB_SYNTHETIC,,True,0.0,,v0.1,False
LOC_ABD1D854D3A6,village,Alipur Majra (11),अलीपुर माजरा,Uttar Pradesh,UP,Bijnor,VB-UP-BIJNOR,,,Alipur Majra (11),,,29.307046,77.990518,synthetic_envelope,SRC_VB_SYNTHETIC,,True,0.0,,v0.1,False
LOC_30DB022483EF,village,Dhanaura Nagar (12),धनौरा नगर,Uttar Pradesh,UP,Bijnor,VB-UP-BIJNOR,,,Dhanaura Nagar (12),,,29.350455,78.253871,synthetic_envelope,SRC_VB_SYNTHETIC,,True,0.0,,v0.1,False
LOC_57A479C7F18F,village,Jhinjhana Khera (13),झिंझाना खेड़ा,Uttar Pradesh,UP,Bijnor,VB-UP-BIJNOR,,,Jhinjhana Khera (13),,,29.265622,78.055314,synthetic_envelope,SRC_VB_SYNTHETIC,,True,0.0,,v0.1,False
LOC_0F61DD691102,village,Shahpur Khurd (14),शाहपुर खुर्द,Uttar Pradesh,UP,Bijnor,VB-UP-BIJNOR,,,Shahpur Khurd (14),,,29.33184,77.996308,synthetic_envelope,SRC_VB_SYNTHETIC,,True,0.0,,v0.1,False
LOC_80F9F25C0AE5,village,Bahadurpur Khurd (15),बहादुरपुर खुर्द,Uttar Pradesh,UP,Bijnor,VB-UP-BIJNOR,,,Bahadurpur Khurd (15),,,29.237685,78.244107,synthetic_envelope,SRC_VB_SYNTHETIC,,True,0.0,,v0.1,False
LOC_119EF8D3FD54,village,Mubarikpur (16),मुबारिकपुर,Uttar Pradesh,UP,Bijnor,VB-UP-BIJNOR,,,Mubarikpur (16),,,29.250833,78.297745,synthetic_envelope,SRC_VB_SYNTHETIC,,True,0.0,,v0.1,False
LOC_529AF2E14966,village,Shahpur Khurd (17),शाहपुर खुर्द,Uttar Pradesh,UP,Bijnor,VB-UP-BIJNOR,,,Shahpur Khurd (17),,,29.313535,78.068975,synthetic_envelope,SRC_VB_SYNTHETIC,,True,0.0,,v0.1,False
LOC_A7CBF2650B02,village,Bahadurpur Khera (18),बहादुरपुर खेड़ा,Uttar Pradesh,UP,Bijnor,VB-UP-BIJNOR,,,Bahadurpur Khera (18),,,29.254352,78.061233,synthetic_envelope,SRC_VB_SYNTHETIC,,True,0.0,,v0.1,False
LOC_10E1266D4416,village,Rasulpur Kalan (19),रसूलपुर कलां,Uttar Pradesh,UP,Bijnor,VB-UP-BIJNOR,,,Rasulpur Kalan (19),,,29.270576,77.992759,synthetic_envelope,SRC_VB_SYNTHETIC,,True,0.0,,v0.1,False
LOC_248E5AE33698,village,Gopalpur Kalan (20),गोपालपुर कलां,Uttar Pradesh,UP,Bijnor,VB-UP-BIJNOR,,,Gopalpur Kalan (20),,,29.28663,78.029228,synthetic_envelope,SRC_VB_SYNTHETIC,,True,0.0,,v0.1,False
LOC_D6F4489A1C80,village,Fatehpur Kalan (21),फतेहपुर कलां,Uttar Pradesh,UP,Bijnor,VB-UP-BIJNOR,,,Fatehpur Kalan (21),,,29.229187,78.369262,synthetic_envelope,SRC_VB_SYNTHETIC,,True,0.0,,v0.1,False
LOC_5C46FB987CC3,village,Chandpur Kalan (22),चांदपुर कलां,Uttar Pradesh,UP,Bijnor,VB-UP-BIJNOR,,,Chandpur Kalan (22),,,29.310647,78.104071,synthetic_envelope,SRC_VB_SYNTHETIC,,True,0.0,,v0.1,False
LOC_5364D404BBCE,village,Bhojpur Nagar (23),भोजपुर नगर,Uttar Pradesh,UP,Bijnor,VB-UP-BIJNOR,,,Bhojpur Nagar (23),,,29.284823,77.87268,synthetic_envelope,SRC_VB_SYNTHETIC,,True,0.0,,v0.1,False
LOC_C032B7595774,village,Todarpur Khurd (24),तोदड़पुर खुर्द,Uttar Pradesh,UP,Bijnor,VB-UP-BIJNOR,,,Todarpur Khurd (24),,,29.398454,78.062183,synthetic_envelope,SRC_VB_SYNTHETIC,,True,0.0,,v0.1,False
LOC_F3097DD168BF,village,Naurangpur Majra (25),नौरंगपुर माजरा,Uttar Pradesh,UP,Bijnor,VB-UP-BIJNOR,,,Naurangpur Majra (25),,,29.257184,78.367805,synthetic_envelope,SRC_VB_SYNTHETIC,,True,0.0,,v0.1,False
LOC_FD5867C01160,village,Chandpur Khurd (26),चांदपुर खुर्द,Uttar Pradesh,UP,Bijnor,VB-UP-BIJNOR,,,Chandpur Khurd (26),,,29.316001,78.09041,synthetic_envelope,SRC_VB_SYNTHETIC,,True,0.0,,v0.1,False
LOC_14BC232346A6,village,Umarpur Khera (27),उमरपुर खेड़ा,Uttar Pradesh,UP,Bijnor,VB-UP-BIJNOR,,,Umarpur Khera (27),,,29.262116,78.049275,synthetic_envelope,SRC_VB_SYNTHETIC,,True,0.0,,v0.1,False
LOC_0BABB20C4F51,village,Rampur Nagar (28),रामपुर नगर,Uttar Pradesh,UP,Bijnor,VB-UP-BIJNOR,,,Rampur Nagar (28),,,29.356293,78.039492,synthetic_envelope,SRC_VB_SYNTHETIC,,True,0.0,,v0.1,False
LOC_89D4972AA215,village,Manakpur Khera (29),मानकपुर खेड़ा,Uttar Pradesh,UP,Bijnor,VB-UP-BIJNOR,,,Manakpur Khera (29),,,29.270173,78.186178,synthetic_envelope,SRC_VB_SYNTHETIC,,True,0.0,,v0.1,False
LOC_416CD56DA334,village,Sikandarpur Nagar (30),सिकंदरपुर नगर,Uttar Pradesh,UP,Bijnor,VB-UP-BIJNOR,,,Sikandarpur Nagar (30),,,29.360438,78.037955,synthetic_envelope,SRC_VB_SYNTHETIC,,True,0.0,,v0.1,False
LOC_7500039E3F80,village,Umarpur Khera (31),उमरपुर खेड़ा,Uttar Pradesh,UP,Bijnor,VB-UP-BIJNOR,,,Umarpur Khera (31),,,29.242987,77.985396,synthetic_envelope,SRC_VB_SYNTHETIC,,True,0.0,,v0.1,False
LOC_D3534BEC8C98,village,Salempur Khurd (32),सलेमपुर खुर्द,Uttar Pradesh,UP,Bijnor,VB-UP-BIJNOR,,,Salempur Khurd (32),,,29.229409,78.216712,synthetic_envelope,SRC_VB_SYNTHETIC,,True,0.0,,v0.1,False
LOC_D711C0E0D1E8,village,Nangla Khurd,नंगला खुर्द,Uttar Pradesh,UP,Moradabad,VB-UP-MORADABAD,,,Nangla Khurd,,,28.801392,78.63443,synthetic_envelope,SRC_VB_SYNTHETIC,,True,0.0,,v0.1,False
LOC_31B5EAF9358E,village,Mubarikpur Majra,मुबारिकपुर माजरा,Uttar Pradesh,UP,Moradabad,VB-UP-MORADABAD,,,Mubarikpur Majra,,,28.818225,78.622593,synthetic_envelope,SRC_VB_SYNTHETIC,,True,0.0,,v0.1,False
LOC_07E22EFB0EAF,village,Bhagwanpur Kalan,भगवानपुर कलां,Uttar Pradesh,UP,Moradabad,VB-UP-MORADABAD,,,Bhagwanpur Kalan,,,28.774492,78.635789,synthetic_envelope,SRC_VB_SYNTHETIC,,True,0.0,,v0.1,False
LOC_FE429B5A57E5,village,Bhagwanpur Kalan,भगवानपुर कलां,Uttar Pradesh,UP,Moradabad,VB-UP-MORADABAD,,,Bhagwanpur Kalan,,,28.726278,78.656848,synthetic_envelope,SRC_VB_SYNTHETIC,,True,0.0,,v0.1,False
LOC_DA3E837A923D,village,Rampur Khera,रामपुर खेड़ा,Uttar Pradesh,UP,Moradabad,VB-UP-MORADABAD,,,Rampur Khera,,,28.824184,78.687222,synthetic_envelope,SRC_VB_SYNTHETIC,,True,0.0,,v0.1,False
LOC_D6E69D55A8E5,village,Nangla Kalan,नंगला कलां,Uttar Pradesh,UP,Moradabad,VB-UP-MORADABAD,,,Nangla Kalan,,,28.828508,78.750219,synthetic_envelope,SRC_VB_SYNTHETIC,,True,0.0,,v0.1,False
LOC_723F2B435339,village,Jamalpur Kalan,जमालपुर कलां,Uttar Pradesh,UP,Moradabad,VB-UP-MORADABAD,,,Jamalpur Kalan,,,28.825275,78.605633,synthetic_envelope,SRC_VB_SYNTHETIC,,True,0.0,,v0.1,False
LOC_B018087DED50,village,Bhojpur,भोजपुर,Uttar Pradesh,UP,Moradabad,VB-UP-MORADABAD,,,Bhojpur,,,28.790691,78.623213,synthetic_envelope,SRC_VB_SYNTHETIC,,True,0.0,,v0.1,False
LOC_20B6E71B2D86,village,Kishanpur Khurd,किशनपुर खुर्द,Uttar Pradesh,UP,Moradabad,VB-UP-MORADABAD,,,Kishanpur Khurd,,,28.761035,78.785894,synthetic_envelope,SRC_VB_SYNTHETIC,,True,0.0,,v0.1,False
LOC_E436575AC59E,village,Harjipur Khurd,हरजीपुर खुर्द,Uttar Pradesh,UP,Moradabad,VB-UP-MORADABAD,,,Harjipur Khurd,,,28.790548,78.670596,synthetic_envelope,SRC_VB_SYNTHETIC,,True,0.0,,v0.1,False
LOC_17A958B42A73,village,Mubarikpur Khera,मुबारिकपुर खेड़ा,Uttar Pradesh,UP,Moradabad,VB-UP-MORADABAD,,,Mubarikpur Khera,,,28.782102,78.703023,synthetic_envelope,SRC_VB_SYNTHETIC,,True,0.0,,v0.1,False
LOC_80B293CEBF6D,village,Manakpur Khera,मानकपुर खेड़ा,Uttar Pradesh,UP,Moradabad,VB-UP-MORADABAD,,,Manakpur Khera,,,28.802198,78.729017,synthetic_envelope,SRC_VB_SYNTHETIC,,True,0.0,,v0.1,False
LOC_9A0C6551CF2B,village,Todarpur Nagar,तोदड़पुर नगर,Uttar Pradesh,UP,Moradabad,VB-UP-MORADABAD,,,Todarpur Nagar,,,28.80272,78.769189,synthetic_envelope,SRC_VB_SYNTHETIC,,True,0.0,,v0.1,False
LOC_D567BCC79B79,village,Kheri Kalan,खेड़ी कलां,Uttar Pradesh,UP,Moradabad,VB-UP-MORADABAD,,,Kheri Kalan,,,28.752021,78.67421,synthetic_envelope,SRC_VB_SYNTHETIC,,True,0.0,,v0.1,False
LOC_700A9055E4E7,village,Todarpur Nagar,तोदड़पुर नगर,Uttar Pradesh,UP,Moradabad,VB-UP-MORADABAD,,,Todarpur Nagar,,,28.852835,78.71584,synthetic_envelope,SRC_VB_SYNTHETIC,,True,0.0,,v0.1,False
LOC_4888A21F1EBF,village,Manakpur Majra,मानकपुर माजरा,Uttar Pradesh,UP,Moradabad,VB-UP-MORADABAD,,,Manakpur Majra,,,28.726769,78.777865,synthetic_envelope,SRC_VB_SYNTHETIC,,True,0.0,,v0.1,False
LOC_DDF0352BA664,village,Umarpur,उमरपुर,Uttar Pradesh,UP,Moradabad,VB-UP-MORADABAD,,,Umarpur,,,28.753864,78.649737,synthetic_envelope,SRC_VB_SYNTHETIC,,True,0.0,,v0.1,False
LOC_D8300EA32274,village,Jhinjhana Khurd,झिंझाना खुर्द,Uttar Pradesh,UP,Moradabad,VB-UP-MORADABAD,,,Jhinjhana Khurd,,,28.839133,78.638317,synthetic_envelope,SRC_VB_SYNTHETIC,,True,0.0,,v0.1,False
LOC_4A66F8162887,village,Bhojpur Khurd,भोजपुर खुर्द,Uttar Pradesh,UP,Moradabad,VB-UP-MORADABAD,,,Bhojpur Khurd,,,28.79973,78.658288,synthetic_envelope,SRC_VB_SYNTHETIC,,True,0.0,,v0.1,False
LOC_AC92D38E7D4C,village,Mubarikpur Khurd,मुबारिकपुर खुर्द,Uttar Pradesh,UP,Moradabad,VB-UP-MORADABAD,,,Mubarikpur Khurd,,,28.787929,78.623658,synthetic_envelope,SRC_VB_SYNTHETIC,,True,0.0,,v0.1,False
LOC_3B5C4946FCBF,village,Mubarikpur,मुबारिकपुर,Uttar Pradesh,UP,Moradabad,VB-UP-MORADABAD,,,Mubarikpur,,,28.75172,78.707628,synthetic_envelope,SRC_VB_SYNTHETIC,,True,0.0,,v0.1,False
LOC_C35754D8A6D1,village,Rasulpur Kalan,रसूलपुर कलां,Uttar Pradesh,UP,Moradabad,VB-UP-MORADABAD,,,Rasulpur Kalan,,,28.727442,78.636357,synthetic_envelope,SRC_VB_SYNTHETIC,,True,0.0,,v0.1,False
LOC_851C12CF8CC6,village,Kishanpur Khurd,किशनपुर खुर्द,Uttar Pradesh,UP,Moradabad,VB-UP-MORADABAD,,,Kishanpur Khurd,,,28.819382,78.784125,synthetic_envelope,SRC_VB_SYNTHETIC,,True,0.0,,v0.1,False
LOC_1B8EE30BBB15,village,Bhojpur Kalan,भोजपुर कलां,Uttar Pradesh,UP,Moradabad,VB-UP-MORADABAD,,,Bhojpur Kalan,,,28.80346,78.746375,synthetic_envelope,SRC_VB_SYNTHETIC,,True,0.0,,v0.1,False
LOC_5FBBA6643E25,village,Sikandarpur Kalan,सिकंदरपुर कलां,Uttar Pradesh,UP,Moradabad,VB-UP-MORADABAD,,,Sikandarpur Kalan,,,28.895872,78.770111,synthetic_envelope,SRC_VB_SYNTHETIC,,True,0.0,,v0.1,False
LOC_3634ADFB610B,village,Devipur Khera,देवीपुर खेड़ा,Uttar Pradesh,UP,Moradabad,VB-UP-MORADABAD,,,Devipur Khera,,,28.762244,78.782938,synthetic_envelope,SRC_VB_SYNTHETIC,,True,0.0,,v0.1,False
LOC_6B62822E95E7,village,Fatehpur Khera,फतेहपुर खेड़ा,Uttar Pradesh,UP,Moradabad,VB-UP-MORADABAD,,,Fatehpur Khera,,,28.759684,78.669412,synthetic_envelope,SRC_VB_SYNTHETIC,,True,0.0,,v0.1,False
LOC_33C6C128254B,village,Ladwa Nagar,लाडवा नगर,Uttar Pradesh,UP,Moradabad,VB-UP-MORADABAD,,,Ladwa Nagar,,,28.766449,78.607075,synthetic_envelope,SRC_VB_SYNTHETIC,,True,0.0,,v0.1,False
LOC_B08B6CB2D3E2,village,Rampur Kalan,रामपुर कलां,Uttar Pradesh,UP,Moradabad,VB-UP-MORADABAD,,,Rampur Kalan,,,28.779677,78.729614,synthetic_envelope,SRC_VB_SYNTHETIC,,True,0.0,,v0.1,False
LOC_AC6933B1EBA9,village,Sikandarpur,सिकंदरपुर,Uttar Pradesh,UP,Moradabad,VB-UP-MORADABAD,,,Sikandarpur,,,28.846366,78.722357,synthetic_envelope,SRC_VB_SYNTHETIC,,True,0.0,,v0.1,False
LOC_694ACC065B19,village,Kishanpur Kalan (1),किशनपुर कलां,Uttar Pradesh,UP,Rampur,VB-UP-RAMPUR,,,Kishanpur Kalan (1),,,28.681178,79.014894,synthetic_envelope,SRC_VB_SYNTHETIC,,True,0.0,,v0.1,False
LOC_952CB15CD231,village,Dhanaura Nagar (2),धनौरा नगर,Uttar Pradesh,UP,Rampur,VB-UP-RAMPUR,,,Dhanaura Nagar (2),,,28.645653,78.958041,synthetic_envelope,SRC_VB_SYNTHETIC,,True,0.0,,v0.1,False
LOC_A9E61941B248,village,Kheri Khurd (3),खेड़ी खुर्द,Uttar Pradesh,UP,Rampur,VB-UP-RAMPUR,,,Kheri Khurd (3),,,28.674184,78.897428,synthetic_envelope,SRC_VB_SYNTHETIC,,True,0.0,,v0.1,False
LOC_2B6C4495963A,village,Chandpur Majra (4),चांदपुर माजरा,Uttar Pradesh,UP,Rampur,VB-UP-RAMPUR,,,Chandpur Majra (4),,,28.694008,79.018328,synthetic_envelope,SRC_VB_SYNTHETIC,,True,0.0,,v0.1,False
LOC_81360F6D916F,village,Gopalpur Khera (5),गोपालपुर खेड़ा,Uttar Pradesh,UP,Rampur,VB-UP-RAMPUR,,,Gopalpur Khera (5),,,28.691642,78.977785,synthetic_envelope,SRC_VB_SYNTHETIC,,True,0.0,,v0.1,False
LOC_330BA6426F41,village,Rasulpur Khurd (6),रसूलपुर खुर्द,Uttar Pradesh,UP,Rampur,VB-UP-RAMPUR,,,Rasulpur Khurd (6),,,28.809006,79.259452,synthetic_envelope,SRC_VB_SYNTHETIC,,True,0.0,,v0.1,False
LOC_0F9BDECB35FC,village,Harjipur Kalan (7),हरजीपुर कलां,Uttar Pradesh,UP,Rampur,VB-UP-RAMPUR,,,Harjipur Kalan (7),,,28.796822,79.271027,synthetic_envelope,SRC_VB_SYNTHETIC,,True,0.0,,v0.1,False
LOC_6C8CB2018F48,village,Jhinjhana Majra (8),झिंझाना माजरा,Uttar Pradesh,UP,Rampur,VB-UP-RAMPUR,,,Jhinjhana Majra (8),,,28.664505,79.045011,synthetic_envelope,SRC_VB_SYNTHETIC,,True,0.0,,v0.1,False
LOC_EA4ED645767C,village,Mubarikpur Kalan (9),मुबारिकपुर कलां,Uttar Pradesh,UP,Rampur,VB-UP-RAMPUR,,,Mubarikpur Kalan (9),,,28.662459,79.057514,synthetic_envelope,SRC_VB_SYNTHETIC,,True,0.0,,v0.1,False
LOC_E961B1A580B4,village,Chandpur Nagar (10),चांदपुर नगर,Uttar Pradesh,UP,Rampur,VB-UP-RAMPUR,,,Chandpur Nagar (10),,,28.672582,79.026061,synthetic_envelope,SRC_VB_SYNTHETIC,,True,0.0,,v0.1,False
LOC_4AC8B3E2CC6B,village,Kishanpur Khurd (11),किशनपुर खुर्द,Uttar Pradesh,UP,Rampur,VB-UP-RAMPUR,,,Kishanpur Khurd (11),,,28.722903,79.069728,synthetic_envelope,SRC_VB_SYNTHETIC,,True,0.0,,v0.1,False
LOC_87D840C573BE,village,Dhanaura Majra (12),धनौरा माजरा,Uttar Pradesh,UP,Rampur,VB-UP-RAMPUR,,,Dhanaura Majra (12),,,28.785713,79.26407,synthetic_envelope,SRC_VB_SYNTHETIC,,True,0.0,,v0.1,False
LOC_07FEF2623DCA,village,Umarpur Khera (13),उमरपुर खेड़ा,Uttar Pradesh,UP,Rampur,VB-UP-RAMPUR,,,Umarpur Khera (13),,,28.628491,79.032609,synthetic_envelope,SRC_VB_SYNTHETIC,,True,0.0,,v0.1,False
LOC_6452C31ADE0D,village,Manakpur (14),मानकपुर,Uttar Pradesh,UP,Rampur,VB-UP-RAMPUR,,,Manakpur (14),,,28.666528,79.070058,synthetic_envelope,SRC_VB_SYNTHETIC,,True,0.0,,v0.1,False
LOC_168B3E5E6DBE,village,Rasulpur Kalan (15),रसूलपुर कलां,Uttar Pradesh,UP,Rampur,VB-UP-RAMPUR,,,Rasulpur Kalan (15),,,28.730457,79.201208,synthetic_envelope,SRC_VB_SYNTHETIC,,True,0.0,,v0.1,False
LOC_8237320224E8,village,Ladwa (16),लाडवा,Uttar Pradesh,UP,Rampur,VB-UP-RAMPUR,,,Ladwa (16),,,28.680597,79.055396,synthetic_envelope,SRC_VB_SYNTHETIC,,True,0.0,,v0.1,False
LOC_80F96B8B277C,village,Salempur (17),सलेमपुर,Uttar Pradesh,UP,Rampur,VB-UP-RAMPUR,,,Salempur (17),,,28.665942,78.988262,synthetic_envelope,SRC_VB_SYNTHETIC,,True,0.0,,v0.1,False
LOC_75570D70F724,village,Rampur Nagar (18),रामपुर नगर,Uttar Pradesh,UP,Rampur,VB-UP-RAMPUR,,,Rampur Nagar (18),,,28.758671,79.030937,synthetic_envelope,SRC_VB_SYNTHETIC,,True,0.0,,v0.1,False
LOC_BC729B3423C4,village,Shahpur Khurd (19),शाहपुर खुर्द,Uttar Pradesh,UP,Rampur,VB-UP-RAMPUR,,,Shahpur Khurd (19),,,28.692913,78.98681,synthetic_envelope,SRC_VB_SYNTHETIC,,True,0.0,,v0.1,False
LOC_03E63A3BE090,village,Salempur (20),सलेमपुर,Uttar Pradesh,UP,Rampur,VB-UP-RAMPUR,,,Salempur (20),,,28.694401,79.028215,synthetic_envelope,SRC_VB_SYNTHETIC,,True,0.0,,v0.1,False
LOC_6EBBD818C031,village,Rasulpur Majra (21),रसूलपुर माजरा,Uttar Pradesh,UP,Rampur,VB-UP-RAMPUR,,,Rasulpur Majra (21),,,28.733669,78.988362,synthetic_envelope,SRC_VB_SYNTHETIC,,True,0.0,,v0.1,False
LOC_DCADE9F0FB74,village,Basantpur Khurd (22),बसंतपुर खुर्द,Uttar Pradesh,UP,Rampur,VB-UP-RAMPUR,,,Basantpur Khurd (22),,,28.752159,79.271027,synthetic_envelope,SRC_VB_SYNTHETIC,,True,0.0,,v0.1,False
LOC_40C7F46E7A8A,village,Kishanpur Nagar (23),किशनपुर नगर,Uttar Pradesh,UP,Rampur,VB-UP-RAMPUR,,,Kishanpur Nagar (23),,,28.634486,79.038383,synthetic_envelope,SRC_VB_SYNTHETIC,,True,0.0,,v0.1,False
LOC_C5AC55126456,village,Devipur Majra (24),देवीपुर माजरा,Uttar Pradesh,UP,Rampur,VB-UP-RAMPUR,,,Devipur Majra (24),,,28.673757,79.065569,synthetic_envelope,SRC_VB_SYNTHETIC,,True,0.0,,v0.1,False
LOC_ADF7F7989424,village,Manakpur Nagar (25),मानकपुर नगर,Uttar Pradesh,UP,Rampur,VB-UP-RAMPUR,,,Manakpur Nagar (25),,,28.662139,79.003605,synthetic_envelope,SRC_VB_SYNTHETIC,,True,0.0,,v0.1,False
LOC_816FDD694E1C,village,Salempur (26),सलेमपुर,Uttar Pradesh,UP,Rampur,VB-UP-RAMPUR,,,Salempur (26),,,28.725912,79.031326,synthetic_envelope,SRC_VB_SYNTHETIC,,True,0.0,,v0.1,False
LOC_8DAD3274F197,village,Todarpur Kalan (27),तोदड़पुर कलां,Uttar Pradesh,UP,Rampur,VB-UP-RAMPUR,,,Todarpur Kalan (27),,,28.725741,79.066246,synthetic_envelope,SRC_VB_SYNTHETIC,,True,0.0,,v0.1,False
LOC_1D34D0127EDB,village,Harjipur (28),हरजीपुर,Uttar Pradesh,UP,Rampur,VB-UP-RAMPUR,,,Harjipur (28),,,28.747193,78.932272,synthetic_envelope,SRC_VB_SYNTHETIC,,True,0.0,,v0.1,False
LOC_B98392EDE105,village,Shahpur Nagar (29),शाहपुर नगर,Uttar Pradesh,UP,Rampur,VB-UP-RAMPUR,,,Shahpur Nagar (29),,,28.629951,79.061814,synthetic_envelope,SRC_VB_SYNTHETIC,,True,0.0,,v0.1,False
LOC_CD4EC9C00EF3,village,Manakpur Majra (30),मानकपुर माजरा,Uttar Pradesh,UP,Rampur,VB-UP-RAMPUR,,,Manakpur Majra (30),,,28.751762,79.271027,synthetic_envelope,SRC_VB_SYNTHETIC,,True,0.0,,v0.1,False
LOC_620C0151BCE4,village,Basantpur Nagar (31),बसंतपुर नगर,Uttar Pradesh,UP,Rampur,VB-UP-RAMPUR,,,Basantpur Nagar (31),,,28.641361,79.048281,synthetic_envelope,SRC_VB_SYNTHETIC,,True,0.0,,v0.1,False
LOC_7E91BD499B3C,village,Barwala Khera (32),बरवाला खेड़ा,Uttar Pradesh,UP,Rampur,VB-UP-RAMPUR,,,Barwala Khera (32),,,28.725305,79.10334,synthetic_envelope,SRC_VB_SYNTHETIC,,True,0.0,,v0.1,False
LOC_A29B8120BD22,village,Mubarikpur Majra (1),मुबारिकपुर माजरा,Uttar Pradesh,UP,Amroha,VB-UP-AMROHA,,,Mubarikpur Majra (1),,,28.990367,78.337737,synthetic_envelope,SRC_VB_SYNTHETIC,,True,0.0,,v0.1,False
LOC_5F788EA64841,village,Sikandarpur (2),सिकंदरपुर,Uttar Pradesh,UP,Amroha,VB-UP-AMROHA,,,Sikandarpur (2),,,28.949416,78.322183,synthetic_envelope,SRC_VB_SYNTHETIC,,True,0.0,,v0.1,False
LOC_3A109BE3742F,village,Fatehpur (3),फतेहपुर,Uttar Pradesh,UP,Amroha,VB-UP-AMROHA,,,Fatehpur (3),,,28.914643,78.317555,synthetic_envelope,SRC_VB_SYNTHETIC,,True,0.0,,v0.1,False
LOC_948C8BCAF3E1,village,Kishanpur Majra (4),किशनपुर माजरा,Uttar Pradesh,UP,Amroha,VB-UP-AMROHA,,,Kishanpur Majra (4),,,28.924977,78.3346,synthetic_envelope,SRC_VB_SYNTHETIC,,True,0.0,,v0.1,False
LOC_7AD62F7D1DFE,village,Bhojpur Khurd (5),भोजपुर खुर्द,Uttar Pradesh,UP,Amroha,VB-UP-AMROHA,,,Bhojpur Khurd (5),,,28.986027,78.378973,synthetic_envelope,SRC_VB_SYNTHETIC,,True,0.0,,v0.1,False
LOC_EEA67502EFC7,village,Alipur Khera (6),अलीपुर खेड़ा,Uttar Pradesh,UP,Amroha,VB-UP-AMROHA,,,Alipur Khera (6),,,28.933528,78.442382,synthetic_envelope,SRC_VB_SYNTHETIC,,True,0.0,,v0.1,False
LOC_E4901F87FB92,village,Manakpur Nagar (7),मानकपुर नगर,Uttar Pradesh,UP,Amroha,VB-UP-AMROHA,,,Manakpur Nagar (7),,,28.896482,78.389009,synthetic_envelope,SRC_VB_SYNTHETIC,,True,0.0,,v0.1,False
LOC_87F13CC7447F,village,Sikandarpur (8),सिकंदरपुर,Uttar Pradesh,UP,Amroha,VB-UP-AMROHA,,,Sikandarpur (8),,,28.944332,78.401953,synthetic_envelope,SRC_VB_SYNTHETIC,,True,0.0,,v0.1,False
LOC_D7FFF0355121,village,Sikandarpur Khurd (9),सिकंदरपुर खुर्द,Uttar Pradesh,UP,Amroha,VB-UP-AMROHA,,,Sikandarpur Khurd (9),,,29.023049,78.302937,synthetic_envelope,SRC_VB_SYNTHETIC,,True,0.0,,v0.1,False
LOC_7FA8A22CF6CC,village,Naurangpur Majra (10),नौरंगपुर माजरा,Uttar Pradesh,UP,Amroha,VB-UP-AMROHA,,,Naurangpur Majra (10),,,28.95105,78.286143,synthetic_envelope,SRC_VB_SYNTHETIC,,True,0.0,,v0.1,False
LOC_DADC33C71EAB,village,Nathupur Kalan (11),नत्थूपुर कलां,Uttar Pradesh,UP,Amroha,VB-UP-AMROHA,,,Nathupur Kalan (11),,,28.969257,78.305893,synthetic_envelope,SRC_VB_SYNTHETIC,,True,0.0,,v0.1,False
LOC_EB21C95B1427,village,Bhojpur Khurd (12),भोजपुर खुर्द,Uttar Pradesh,UP,Amroha,VB-UP-AMROHA,,,Bhojpur Khurd (12),,,28.970986,78.332546,synthetic_envelope,SRC_VB_SYNTHETIC,,True,0.0,,v0.1,False
LOC_7097342BE77C,village,Jhinjhana Majra (13),झिंझाना माजरा,Uttar Pradesh,UP,Amroha,VB-UP-AMROHA,,,Jhinjhana Majra (13),,,28.953957,78.366056,synthetic_envelope,SRC_VB_SYNTHETIC,,True,0.0,,v0.1,False
LOC_79461DFF0240,village,Bahadurpur Khera (14),बहादुरपुर खेड़ा,Uttar Pradesh,UP,Amroha,VB-UP-AMROHA,,,Bahadurpur Khera (14),,,28.930786,78.319875,synthetic_envelope,SRC_VB_SYNTHETIC,,True,0.0,,v0.1,False
LOC_3FF7AAD78447,village,Manakpur Kalan (15),मानकपुर कलां,Uttar Pradesh,UP,Amroha,VB-UP-AMROHA,,,Manakpur Kalan (15),,,28.978335,78.375962,synthetic_envelope,SRC_VB_SYNTHETIC,,True,0.0,,v0.1,False
LOC_0D64E31BCFDF,village,Basantpur Majra (16),बसंतपुर माजरा,Uttar Pradesh,UP,Amroha,VB-UP-AMROHA,,,Basantpur Majra (16),,,29.008519,78.322298,synthetic_envelope,SRC_VB_SYNTHETIC,,True,0.0,,v0.1,False
LOC_4C97252AD1A6,village,Shahpur (17),शाहपुर,Uttar Pradesh,UP,Amroha,VB-UP-AMROHA,,,Shahpur (17),,,28.974618,78.34007,synthetic_envelope,SRC_VB_SYNTHETIC,,True,0.0,,v0.1,False
LOC_4497579CAA9C,village,Rampur (18),रामपुर,Uttar Pradesh,UP,Amroha,VB-UP-AMROHA,,,Rampur (18),,,28.961061,78.326292,synthetic_envelope,SRC_VB_SYNTHETIC,,True,0.0,,v0.1,False
LOC_F7F340E57101,village,Barwala (19),बरवाला,Uttar Pradesh,UP,Amroha,VB-UP-AMROHA,,,Barwala (19),,,28.923461,78.328149,synthetic_envelope,SRC_VB_SYNTHETIC,,True,0.0,,v0.1,False
LOC_2E9FCC598F13,village,Mubarikpur (20),मुबारिकपुर,Uttar Pradesh,UP,Amroha,VB-UP-AMROHA,,,Mubarikpur (20),,,28.975612,78.337668,synthetic_envelope,SRC_VB_SYNTHETIC,,True,0.0,,v0.1,False
LOC_C68C86F3C32A,village,Mubarikpur Majra (21),मुबारिकपुर माजरा,Uttar Pradesh,UP,Amroha,VB-UP-AMROHA,,,Mubarikpur Majra (21),,,28.899903,78.340559,synthetic_envelope,SRC_VB_SYNTHETIC,,True,0.0,,v0.1,False
LOC_1A4F5E9C9C8C,village,Barwala Nagar (22),बरवाला नगर,Uttar Pradesh,UP,Amroha,VB-UP-AMROHA,,,Barwala Nagar (22),,,28.945355,78.404292,synthetic_envelope,SRC_VB_SYNTHETIC,,True,0.0,,v0.1,False
LOC_826B93BA1ED4,village,Jamalpur Khurd (23),जमालपुर खुर्द,Uttar Pradesh,UP,Amroha,VB-UP-AMROHA,,,Jamalpur Khurd (23),,,28.97532,78.300877,synthetic_envelope,SRC_VB_SYNTHETIC,,True,0.0,,v0.1,False
LOC_E49B1DC2DBB5,village,Shahpur (24),शाहपुर,Uttar Pradesh,UP,Amroha,VB-UP-AMROHA,,,Shahpur (24),,,28.882341,78.276217,synthetic_envelope,SRC_VB_SYNTHETIC,,True,0.0,,v0.1,False
LOC_21EC5E71D117,village,Devipur (25),देवीपुर,Uttar Pradesh,UP,Amroha,VB-UP-AMROHA,,,Devipur (25),,,28.96465,78.277587,synthetic_envelope,SRC_VB_SYNTHETIC,,True,0.0,,v0.1,False
LOC_693BDAFE2EB8,village,Bhojpur Nagar (26),भोजपुर नगर,Uttar Pradesh,UP,Amroha,VB-UP-AMROHA,,,Bhojpur Nagar (26),,,28.968096,78.338414,synthetic_envelope,SRC_VB_SYNTHETIC,,True,0.0,,v0.1,False
LOC_77366C2C3301,village,Dhanaura Khera (27),धनौरा खेड़ा,Uttar Pradesh,UP,Amroha,VB-UP-AMROHA,,,Dhanaura Khera (27),,,28.914377,78.343868,synthetic_envelope,SRC_VB_SYNTHETIC,,True,0.0,,v0.1,False
LOC_E69E8484FBC3,village,Todarpur (28),तोदड़पुर,Uttar Pradesh,UP,Amroha,VB-UP-AMROHA,,,Todarpur (28),,,28.94916,78.335631,synthetic_envelope,SRC_VB_SYNTHETIC,,True,0.0,,v0.1,False
LOC_C657CA04C134,village,Bhojpur Khera (29),भोजपुर खेड़ा,Uttar Pradesh,UP,Amroha,VB-UP-AMROHA,,,Bhojpur Khera (29),,,28.910512,78.356619,synthetic_envelope,SRC_VB_SYNTHETIC,,True,0.0,,v0.1,False
LOC_31491A7FB7EB,village,Kheri (30),खेड़ी,Uttar Pradesh,UP,Amroha,VB-UP-AMROHA,,,Kheri (30),,,28.906912,78.327174,synthetic_envelope,SRC_VB_SYNTHETIC,,True,0.0,,v0.1,False
LOC_77D27FAE082D,village,Rampur Majra (31),रामपुर माजरा,Uttar Pradesh,UP,Amroha,VB-UP-AMROHA,,,Rampur Majra (31),,,28.971281,78.358588,synthetic_envelope,SRC_VB_SYNTHETIC,,True,0.0,,v0.1,False
LOC_B0FB9EE766FF,village,Mubarikpur Nagar (32),मुबारिकपुर नगर,Uttar Pradesh,UP,Amroha,VB-UP-AMROHA,,,Mubarikpur Nagar (32),,,28.963172,78.352243,synthetic_envelope,SRC_VB_SYNTHETIC,,True,0.0,,v0.1,False
LOC_C91136F7DA2D,village,Naurangpur Majra (1),नौरंगपुर माजरा,Uttar Pradesh,UP,Sambhal,VB-UP-SAMBHAL,,,Naurangpur Majra (1),,,28.415696,78.498521,synthetic_envelope,SRC_VB_SYNTHETIC,,True,0.0,,v0.1,False
LOC_B8164C94EAB8,village,Rampur Nagar (2),रामपुर नगर,Uttar Pradesh,UP,Sambhal,VB-UP-SAMBHAL,,,Rampur Nagar (2),,,28.595866,78.624873,synthetic_envelope,SRC_VB_SYNTHETIC,,True,0.0,,v0.1,False
LOC_1AC0B06D5346,village,Kheri Nagar (3),खेड़ी नगर,Uttar Pradesh,UP,Sambhal,VB-UP-SAMBHAL,,,Kheri Nagar (3),,,28.507742,78.384126,synthetic_envelope,SRC_VB_SYNTHETIC,,True,0.0,,v0.1,False
LOC_A272EF326AD0,village,Nangla Khera (4),नंगला खेड़ा,Uttar Pradesh,UP,Sambhal,VB-UP-SAMBHAL,,,Nangla Khera (4),,,28.50029,78.363871,synthetic_envelope,SRC_VB_SYNTHETIC,,True,0.0,,v0.1,False
LOC_1D4362D32EE1,village,Umarpur Khera (5),उमरपुर खेड़ा,Uttar Pradesh,UP,Sambhal,VB-UP-SAMBHAL,,,Umarpur Khera (5),,,28.568536,78.692165,synthetic_envelope,SRC_VB_SYNTHETIC,,True,0.0,,v0.1,False
LOC_62490A6BA2B3,village,Naurangpur Kalan (6),नौरंगपुर कलां,Uttar Pradesh,UP,Sambhal,VB-UP-SAMBHAL,,,Naurangpur Kalan (6),,,28.644209,78.651857,synthetic_envelope,SRC_VB_SYNTHETIC,,True,0.0,,v0.1,False
LOC_6512259678DF,village,Todarpur Nagar (7),तोदड़पुर नगर,Uttar Pradesh,UP,Sambhal,VB-UP-SAMBHAL,,,Todarpur Nagar (7),,,28.621678,78.639566,synthetic_envelope,SRC_VB_SYNTHETIC,,True,0.0,,v0.1,False
LOC_4C6786010384,village,Rampur Khera (8),रामपुर खेड़ा,Uttar Pradesh,UP,Sambhal,VB-UP-SAMBHAL,,,Rampur Khera (8),,,28.673401,78.643925,synthetic_envelope,SRC_VB_SYNTHETIC,,True,0.0,,v0.1,False
LOC_DAE219ED312F,village,Fatehpur (9),फतेहपुर,Uttar Pradesh,UP,Sambhal,VB-UP-SAMBHAL,,,Fatehpur (9),,,28.631548,78.666805,synthetic_envelope,SRC_VB_SYNTHETIC,,True,0.0,,v0.1,False
LOC_9D1F99D631F7,village,Shahpur Nagar (10),शाहपुर नगर,Uttar Pradesh,UP,Sambhal,VB-UP-SAMBHAL,,,Shahpur Nagar (10),,,28.547353,78.415802,synthetic_envelope,SRC_VB_SYNTHETIC,,True,0.0,,v0.1,False
LOC_1AF5327CB11F,village,Fatehpur (11),फतेहपुर,Uttar Pradesh,UP,Sambhal,VB-UP-SAMBHAL,,,Fatehpur (11),,,28.594806,78.614574,synthetic_envelope,SRC_VB_SYNTHETIC,,True,0.0,,v0.1,False
LOC_D38DE7604201,village,Shahpur Khera (12),शाहपुर खेड़ा,Uttar Pradesh,UP,Sambhal,VB-UP-SAMBHAL,,,Shahpur Khera (12),,,28.376335,78.560679,synthetic_envelope,SRC_VB_SYNTHETIC,,True,0.0,,v0.1,False
LOC_F500BD6E89EC,village,Harjipur Majra (13),हरजीपुर माजरा,Uttar Pradesh,UP,Sambhal,VB-UP-SAMBHAL,,,Harjipur Majra (13),,,28.566784,78.367848,synthetic_envelope,SRC_VB_SYNTHETIC,,True,0.0,,v0.1,False
LOC_78A46033D360,village,Nangla (14),नंगला,Uttar Pradesh,UP,Sambhal,VB-UP-SAMBHAL,,,Nangla (14),,,28.630032,78.684911,synthetic_envelope,SRC_VB_SYNTHETIC,,True,0.0,,v0.1,False
LOC_9B3FB2D0B676,village,Barwala Nagar (15),बरवाला नगर,Uttar Pradesh,UP,Sambhal,VB-UP-SAMBHAL,,,Barwala Nagar (15),,,28.367951,78.540665,synthetic_envelope,SRC_VB_SYNTHETIC,,True,0.0,,v0.1,False
LOC_D746F78D184F,village,Umarpur Kalan (16),उमरपुर कलां,Uttar Pradesh,UP,Sambhal,VB-UP-SAMBHAL,,,Umarpur Kalan (16),,,28.587114,78.654046,synthetic_envelope,SRC_VB_SYNTHETIC,,True,0.0,,v0.1,False
LOC_B88A522D349A,village,Alipur Kalan (17),अलीपुर कलां,Uttar Pradesh,UP,Sambhal,VB-UP-SAMBHAL,,,Alipur Kalan (17),,,28.512855,78.42185,synthetic_envelope,SRC_VB_SYNTHETIC,,True,0.0,,v0.1,False
LOC_778A396C4CF5,village,Dhanaura Majra (18),धनौरा माजरा,Uttar Pradesh,UP,Sambhal,VB-UP-SAMBHAL,,,Dhanaura Majra (18),,,28.63935,78.713444,synthetic_envelope,SRC_VB_SYNTHETIC,,True,0.0,,v0.1,False
LOC_4A19E3CBF101,village,Jhinjhana Nagar (19),झिंझाना नगर,Uttar Pradesh,UP,Sambhal,VB-UP-SAMBHAL,,,Jhinjhana Nagar (19),,,28.68614,78.597638,synthetic_envelope,SRC_VB_SYNTHETIC,,True,0.0,,v0.1,False
LOC_03D50B66DB93,village,Salempur Khera (20),सलेमपुर खेड़ा,Uttar Pradesh,UP,Sambhal,VB-UP-SAMBHAL,,,Salempur Khera (20),,,28.630018,78.600815,synthetic_envelope,SRC_VB_SYNTHETIC,,True,0.0,,v0.1,False
LOC_BD7EEDBF067D,village,Nangla (21),नंगला,Uttar Pradesh,UP,Sambhal,VB-UP-SAMBHAL,,,Nangla (21),,,28.677236,78.694396,synthetic_envelope,SRC_VB_SYNTHETIC,,True,0.0,,v0.1,False
LOC_2FCD9B22D02E,village,Kishanpur Nagar (22),किशनपुर नगर,Uttar Pradesh,UP,Sambhal,VB-UP-SAMBHAL,,,Kishanpur Nagar (22),,,28.596325,78.703272,synthetic_envelope,SRC_VB_SYNTHETIC,,True,0.0,,v0.1,False
LOC_5FB089BF088D,village,Nathupur Kalan (23),नत्थूपुर कलां,Uttar Pradesh,UP,Sambhal,VB-UP-SAMBHAL,,,Nathupur Kalan (23),,,28.638944,78.70382,synthetic_envelope,SRC_VB_SYNTHETIC,,True,0.0,,v0.1,False
LOC_DD83E3C5FB5A,village,Basantpur Nagar (24),बसंतपुर नगर,Uttar Pradesh,UP,Sambhal,VB-UP-SAMBHAL,,,Basantpur Nagar (24),,,28.665942,78.624745,synthetic_envelope,SRC_VB_SYNTHETIC,,True,0.0,,v0.1,False
LOC_670E890B68C5,village,Ladwa Majra (25),लाडवा माजरा,Uttar Pradesh,UP,Sambhal,VB-UP-SAMBHAL,,,Ladwa Majra (25),,,28.56481,78.654571,synthetic_envelope,SRC_VB_SYNTHETIC,,True,0.0,,v0.1,False
LOC_1BA556DD8934,village,Jamalpur Nagar (26),जमालपुर नगर,Uttar Pradesh,UP,Sambhal,VB-UP-SAMBHAL,,,Jamalpur Nagar (26),,,28.549667,78.349164,synthetic_envelope,SRC_VB_SYNTHETIC,,True,0.0,,v0.1,False
LOC_77E494A02B31,village,Ladwa Khera (27),लाडवा खेड़ा,Uttar Pradesh,UP,Sambhal,VB-UP-SAMBHAL,,,Ladwa Khera (27),,,28.369328,78.540313,synthetic_envelope,SRC_VB_SYNTHETIC,,True,0.0,,v0.1,False
LOC_DE5296EF074D,village,Barwala (28),बरवाला,Uttar Pradesh,UP,Sambhal,VB-UP-SAMBHAL,,,Barwala (28),,,28.568065,78.653105,synthetic_envelope,SRC_VB_SYNTHETIC,,True,0.0,,v0.1,False
LOC_9E5B49766FD3,village,Sultanpur Kalan (29),सुल्तानपुर कलां,Uttar Pradesh,UP,Sambhal,VB-UP-SAMBHAL,,,Sultanpur Kalan (29),,,28.476089,78.322802,synthetic_envelope,SRC_VB_SYNTHETIC,,True,0.0,,v0.1,False
LOC_55F9B34C658A,village,Bahadurpur Nagar (30),बहादुरपुर नगर,Uttar Pradesh,UP,Sambhal,VB-UP-SAMBHAL,,,Bahadurpur Nagar (30),,,28.512291,78.359701,synthetic_envelope,SRC_VB_SYNTHETIC,,True,0.0,,v0.1,False
LOC_017ADF8693CF,village,Chandpur (31),चांदपुर,Uttar Pradesh,UP,Sambhal,VB-UP-SAMBHAL,,,Chandpur (31),,,28.397693,78.613661,synthetic_envelope,SRC_VB_SYNTHETIC,,True,0.0,,v0.1,False
LOC_552D5130E0F9,village,Basantpur (32),बसंतपुर,Uttar Pradesh,UP,Sambhal,VB-UP-SAMBHAL,,,Basantpur (32),,,28.39558,78.480005,synthetic_envelope,SRC_VB_SYNTHETIC,,True,0.0,,v0.1,False
LOC_8B0A2F8E8B84,village,Harjipur Kalan (1),हरजीपुर कलां,Uttar Pradesh,UP,Aligarh,VB-UP-ALIGARH,,,Harjipur Kalan (1),,,27.897632,78.005572,synthetic_envelope,SRC_VB_SYNTHETIC,,True,0.0,,v0.1,False
LOC_037355D1EAC0,village,Rasulpur Khurd (2),रसूलपुर खुर्द,Uttar Pradesh,UP,Aligarh,VB-UP-ALIGARH,,,Rasulpur Khurd (2),,,28.056681,78.122501,synthetic_envelope,SRC_VB_SYNTHETIC,,True,0.0,,v0.1,False
LOC_6FFCB43B01C3,village,Naurangpur Khera (3),नौरंगपुर खेड़ा,Uttar Pradesh,UP,Aligarh,VB-UP-ALIGARH,,,Naurangpur Khera (3),,,27.917784,78.011916,synthetic_envelope,SRC_VB_SYNTHETIC,,True,0.0,,v0.1,False
LOC_694B2170FB6D,village,Shahpur Khurd (4),शाहपुर खुर्द,Uttar Pradesh,UP,Aligarh,VB-UP-ALIGARH,,,Shahpur Khurd (4),,,27.886641,77.947345,synthetic_envelope,SRC_VB_SYNTHETIC,,True,0.0,,v0.1,False
LOC_700486D84480,village,Alipur Khera (5),अलीपुर खेड़ा,Uttar Pradesh,UP,Aligarh,VB-UP-ALIGARH,,,Alipur Khera (5),,,27.832353,77.948646,synthetic_envelope,SRC_VB_SYNTHETIC,,True,0.0,,v0.1,False
LOC_AAB754A2B63F,village,Devipur Khera (6),देवीपुर खेड़ा,Uttar Pradesh,UP,Aligarh,VB-UP-ALIGARH,,,Devipur Khera (6),,,27.916837,78.011631,synthetic_envelope,SRC_VB_SYNTHETIC,,True,0.0,,v0.1,False
LOC_19213ACDF995,village,Rasulpur (7),रसूलपुर,Uttar Pradesh,UP,Aligarh,VB-UP-ALIGARH,,,Rasulpur (7),,,27.888154,77.994425,synthetic_envelope,SRC_VB_SYNTHETIC,,True,0.0,,v0.1,False
LOC_0C933AAAD38B,village,Todarpur Khera (8),तोदड़पुर खेड़ा,Uttar Pradesh,UP,Aligarh,VB-UP-ALIGARH,,,Todarpur Khera (8),,,28.022255,78.033786,synthetic_envelope,SRC_VB_SYNTHETIC,,True,0.0,,v0.1,False
LOC_7B927B0EEEAF,village,Barwala (9),बरवाला,Uttar Pradesh,UP,Aligarh,VB-UP-ALIGARH,,,Barwala (9),,,27.996575,78.069163,synthetic_envelope,SRC_VB_SYNTHETIC,,True,0.0,,v0.1,False
LOC_E01FBB4F1226,village,Devipur Khurd (10),देवीपुर खुर्द,Uttar Pradesh,UP,Aligarh,VB-UP-ALIGARH,,,Devipur Khurd (10),,,28.033206,78.088061,synthetic_envelope,SRC_VB_SYNTHETIC,,True,0.0,,v0.1,False
LOC_543B83A77B17,village,Ladwa Khurd (11),लाडवा खुर्द,Uttar Pradesh,UP,Aligarh,VB-UP-ALIGARH,,,Ladwa Khurd (11),,,28.014798,78.065963,synthetic_envelope,SRC_VB_SYNTHETIC,,True,0.0,,v0.1,False
LOC_32EE61326FE9,village,Basantpur Khera (12),बसंतपुर खेड़ा,Uttar Pradesh,UP,Aligarh,VB-UP-ALIGARH,,,Basantpur Khera (12),,,27.857746,78.015613,synthetic_envelope,SRC_VB_SYNTHETIC,,True,0.0,,v0.1,False
LOC_D0F5B8325999,village,Jhinjhana Khurd (13),झिंझाना खुर्द,Uttar Pradesh,UP,Aligarh,VB-UP-ALIGARH,,,Jhinjhana Khurd (13),,,27.956201,77.890376,synthetic_envelope,SRC_VB_SYNTHETIC,,True,0.0,,v0.1,False
LOC_DE76EB799D8D,village,Basantpur Khera (14),बसंतपुर खेड़ा,Uttar Pradesh,UP,Aligarh,VB-UP-ALIGARH,,,Basantpur Khera (14),,,27.976099,78.023654,synthetic_envelope,SRC_VB_SYNTHETIC,,True,0.0,,v0.1,False
LOC_DEF8F401CD13,village,Nathupur Kalan (15),नत्थूपुर कलां,Uttar Pradesh,UP,Aligarh,VB-UP-ALIGARH,,,Nathupur Kalan (15),,,27.905403,77.913686,synthetic_envelope,SRC_VB_SYNTHETIC,,True,0.0,,v0.1,False
LOC_7DAD98DBE848,village,Basantpur Majra (16),बसंतपुर माजरा,Uttar Pradesh,UP,Aligarh,VB-UP-ALIGARH,,,Basantpur Majra (16),,,28.093083,78.184673,synthetic_envelope,SRC_VB_SYNTHETIC,,True,0.0,,v0.1,False
LOC_8599588CADA4,village,Todarpur Kalan (17),तोदड़पुर कलां,Uttar Pradesh,UP,Aligarh,VB-UP-ALIGARH,,,Todarpur Kalan (17),,,27.922945,78.085542,synthetic_envelope,SRC_VB_SYNTHETIC,,True,0.0,,v0.1,False
LOC_AF123B98333F,village,Nangla Khera (18),नंगला खेड़ा,Uttar Pradesh,UP,Aligarh,VB-UP-ALIGARH,,,Nangla Khera (18),,,28.07543,78.106135,synthetic_envelope,SRC_VB_SYNTHETIC,,True,0.0,,v0.1,False
LOC_E1194CD745A2,village,Jamalpur Kalan (19),जमालपुर कलां,Uttar Pradesh,UP,Aligarh,VB-UP-ALIGARH,,,Jamalpur Kalan (19),,,27.920437,78.014011,synthetic_envelope,SRC_VB_SYNTHETIC,,True,0.0,,v0.1,False
LOC_96F82F873161,village,Sikandarpur (20),सिकंदरपुर,Uttar Pradesh,UP,Aligarh,VB-UP-ALIGARH,,,Sikandarpur (20),,,28.009338,78.017061,synthetic_envelope,SRC_VB_SYNTHETIC,,True,0.0,,v0.1,False
LOC_6D3A58BF9883,village,Ladwa Khurd (21),लाडवा खुर्द,Uttar Pradesh,UP,Aligarh,VB-UP-ALIGARH,,,Ladwa Khurd (21),,,28.00491,78.1766,synthetic_envelope,SRC_VB_SYNTHETIC,,True,0.0,,v0.1,False
LOC_CDA68219EB34,village,Rampur Khurd (22),रामपुर खुर्द,Uttar Pradesh,UP,Aligarh,VB-UP-ALIGARH,,,Rampur Khurd (22),,,27.95604,78.096203,synthetic_envelope,SRC_VB_SYNTHETIC,,True,0.0,,v0.1,False
LOC_85483EC6AE14,village,Alipur Nagar (23),अलीपुर नगर,Uttar Pradesh,UP,Aligarh,VB-UP-ALIGARH,,,Alipur Nagar (23),,,27.795707,77.986849,synthetic_envelope,SRC_VB_SYNTHETIC,,True,0.0,,v0.1,False
LOC_B180371A26BB,village,Umarpur Kalan (24),उमरपुर कलां,Uttar Pradesh,UP,Aligarh,VB-UP-ALIGARH,,,Umarpur Kalan (24),,,28.005855,78.113776,synthetic_envelope,SRC_VB_SYNTHETIC,,True,0.0,,v0.1,False
LOC_CE92EE4FB2A6,village,Naurangpur (25),नौरंगपुर,Uttar Pradesh,UP,Aligarh,VB-UP-ALIGARH,,,Naurangpur (25),,,27.881427,78.012388,synthetic_envelope,SRC_VB_SYNTHETIC,,True,0.0,,v0.1,False
LOC_F657DDB12031,village,Sultanpur Khurd (26),सुल्तानपुर खुर्द,Uttar Pradesh,UP,Aligarh,VB-UP-ALIGARH,,,Sultanpur Khurd (26),,,28.013796,78.180958,synthetic_envelope,SRC_VB_SYNTHETIC,,True,0.0,,v0.1,False
LOC_399E19B485DB,village,Bahadurpur Nagar (27),बहादुरपुर नगर,Uttar Pradesh,UP,Aligarh,VB-UP-ALIGARH,,,Bahadurpur Nagar (27),,,27.998486,78.043644,synthetic_envelope,SRC_VB_SYNTHETIC,,True,0.0,,v0.1,False
LOC_CE0B385F8D9A,village,Ladwa Khurd (28),लाडवा खुर्द,Uttar Pradesh,UP,Aligarh,VB-UP-ALIGARH,,,Ladwa Khurd (28),,,27.952613,77.900177,synthetic_envelope,SRC_VB_SYNTHETIC,,True,0.0,,v0.1,False
LOC_B630E2FA2D98,village,Bahadurpur Nagar (29),बहादुरपुर नगर,Uttar Pradesh,UP,Aligarh,VB-UP-ALIGARH,,,Bahadurpur Nagar (29),,,28.05168,78.212396,synthetic_envelope,SRC_VB_SYNTHETIC,,True,0.0,,v0.1,False
LOC_797C1E025AC1,village,Shahpur Khurd (30),शाहपुर खुर्द,Uttar Pradesh,UP,Aligarh,VB-UP-ALIGARH,,,Shahpur Khurd (30),,,27.950744,78.014999,synthetic_envelope,SRC_VB_SYNTHETIC,,True,0.0,,v0.1,False
LOC_0C0D782E8777,village,Kishanpur Majra (31),किशनपुर माजरा,Uttar Pradesh,UP,Aligarh,VB-UP-ALIGARH,,,Kishanpur Majra (31),,,27.985257,78.012801,synthetic_envelope,SRC_VB_SYNTHETIC,,True,0.0,,v0.1,False
LOC_6B41C27B6749,village,Jamalpur Khurd (32),जमालपुर खुर्द,Uttar Pradesh,UP,Aligarh,VB-UP-ALIGARH,,,Jamalpur Khurd (32),,,27.902977,78.033111,synthetic_envelope,SRC_VB_SYNTHETIC,,True,0.0,,v0.1,False
LOC_F9DAD14D407F,village,Jhinjhana (1),झिंझाना,Uttar Pradesh,UP,Hathras,VB-UP-HATHRAS,,,Jhinjhana (1),,,27.476796,78.085949,synthetic_envelope,SRC_VB_SYNTHETIC,,True,0.0,,v0.1,False
LOC_9A426A8031FF,village,Umarpur (2),उमरपुर,Uttar Pradesh,UP,Hathras,VB-UP-HATHRAS,,,Umarpur (2),,,27.481057,78.204896,synthetic_envelope,SRC_VB_SYNTHETIC,,True,0.0,,v0.1,False
LOC_CADE191939C4,village,Mubarikpur Kalan (3),मुबारिकपुर कलां,Uttar Pradesh,UP,Hathras,VB-UP-HATHRAS,,,Mubarikpur Kalan (3),,,27.505813,78.149241,synthetic_envelope,SRC_VB_SYNTHETIC,,True,0.0,,v0.1,False
LOC_B02AE4BF2E65,village,Alipur Nagar (4),अलीपुर नगर,Uttar Pradesh,UP,Hathras,VB-UP-HATHRAS,,,Alipur Nagar (4),,,27.500412,78.144984,synthetic_envelope,SRC_VB_SYNTHETIC,,True,0.0,,v0.1,False
LOC_B53AE40A3709,village,Basantpur Nagar (5),बसंतपुर नगर,Uttar Pradesh,UP,Hathras,VB-UP-HATHRAS,,,Basantpur Nagar (5),,,27.60777,78.153529,synthetic_envelope,SRC_VB_SYNTHETIC,,True,0.0,,v0.1,False
LOC_463ADBE3F726,village,Rasulpur Majra (6),रसूलपुर माजरा,Uttar Pradesh,UP,Hathras,VB-UP-HATHRAS,,,Rasulpur Majra (6),,,27.611326,78.210686,synthetic_envelope,SRC_VB_SYNTHETIC,,True,0.0,,v0.1,False
LOC_8AD8413C3427,village,Naurangpur Majra (7),नौरंगपुर माजरा,Uttar Pradesh,UP,Hathras,VB-UP-HATHRAS,,,Naurangpur Majra (7),,,27.615243,78.123006,synthetic_envelope,SRC_VB_SYNTHETIC,,True,0.0,,v0.1,False
LOC_6741D1EF9483,village,Devipur Kalan (8),देवीपुर कलां,Uttar Pradesh,UP,Hathras,VB-UP-HATHRAS,,,Devipur Kalan (8),,,27.582478,78.199011,synthetic_envelope,SRC_VB_SYNTHETIC,,True,0.0,,v0.1,False
LOC_19B6C962BF20,village,Harjipur (9),हरजीपुर,Uttar Pradesh,UP,Hathras,VB-UP-HATHRAS,,,Harjipur (9),,,27.632124,78.173936,synthetic_envelope,SRC_VB_SYNTHETIC,,True,0.0,,v0.1,False
LOC_FF9957A0EA59,village,Dhanaura Khurd (10),धनौरा खुर्द,Uttar Pradesh,UP,Hathras,VB-UP-HATHRAS,,,Dhanaura Khurd (10),,,27.432115,78.088179,synthetic_envelope,SRC_VB_SYNTHETIC,,True,0.0,,v0.1,False
LOC_516D1F71B5A1,village,Kishanpur Majra (11),किशनपुर माजरा,Uttar Pradesh,UP,Hathras,VB-UP-HATHRAS,,,Kishanpur Majra (11),,,27.440069,78.088866,synthetic_envelope,SRC_VB_SYNTHETIC,,True,0.0,,v0.1,False
LOC_B5D539F0C6F4,village,Bhagwanpur Nagar (12),भगवानपुर नगर,Uttar Pradesh,UP,Hathras,VB-UP-HATHRAS,,,Bhagwanpur Nagar (12),,,27.441399,78.11385,synthetic_envelope,SRC_VB_SYNTHETIC,,True,0.0,,v0.1,False
LOC_D53251593698,village,Fatehpur Nagar (13),फतेहपुर नगर,Uttar Pradesh,UP,Hathras,VB-UP-HATHRAS,,,Fatehpur Nagar (13),,,27.463135,78.132418,synthetic_envelope,SRC_VB_SYNTHETIC,,True,0.0,,v0.1,False
LOC_0969D92F2289,village,Naurangpur Khurd (14),नौरंगपुर खुर्द,Uttar Pradesh,UP,Hathras,VB-UP-HATHRAS,,,Naurangpur Khurd (14),,,27.487807,78.112027,synthetic_envelope,SRC_VB_SYNTHETIC,,True,0.0,,v0.1,False
LOC_0CB8CD29C69F,village,Nangla Nagar (15),नंगला नगर,Uttar Pradesh,UP,Hathras,VB-UP-HATHRAS,,,Nangla Nagar (15),,,27.429229,78.165888,synthetic_envelope,SRC_VB_SYNTHETIC,,True,0.0,,v0.1,False
LOC_D69FA75EC75D,village,Ladwa Kalan (16),लाडवा कलां,Uttar Pradesh,UP,Hathras,VB-UP-HATHRAS,,,Ladwa Kalan (16),,,27.443721,78.131159,synthetic_envelope,SRC_VB_SYNTHETIC,,True,0.0,,v0.1,False
LOC_12DCA731B4BA,village,Nathupur (17),नत्थूपुर,Uttar Pradesh,UP,Hathras,VB-UP-HATHRAS,,,Nathupur (17),,,27.623441,78.181927,synthetic_envelope,SRC_VB_SYNTHETIC,,True,0.0,,v0.1,False
LOC_B703E932F726,village,Ladwa Khera (18),लाडवा खेड़ा,Uttar Pradesh,UP,Hathras,VB-UP-HATHRAS,,,Ladwa Khera (18),,,27.535586,78.202372,synthetic_envelope,SRC_VB_SYNTHETIC,,True,0.0,,v0.1,False
LOC_98866D75F5F8,village,Nathupur Kalan (19),नत्थूपुर कलां,Uttar Pradesh,UP,Hathras,VB-UP-HATHRAS,,,Nathupur Kalan (19),,,27.461308,78.078264,synthetic_envelope,SRC_VB_SYNTHETIC,,True,0.0,,v0.1,False
LOC_1253BE101B2C,village,Mubarikpur Khera (20),मुबारिकपुर खेड़ा,Uttar Pradesh,UP,Hathras,VB-UP-HATHRAS,,,Mubarikpur Khera (20),,,27.604953,78.164831,synthetic_envelope,SRC_VB_SYNTHETIC,,True,0.0,,v0.1,False
LOC_3C0C20D331FC,village,Mubarikpur Khurd (21),मुबारिकपुर खुर्द,Uttar Pradesh,UP,Hathras,VB-UP-HATHRAS,,,Mubarikpur Khurd (21),,,27.608456,78.177878,synthetic_envelope,SRC_VB_SYNTHETIC,,True,0.0,,v0.1,False
LOC_704AAFF1CF44,village,Bhojpur Khera (22),भोजपुर खेड़ा,Uttar Pradesh,UP,Hathras,VB-UP-HATHRAS,,,Bhojpur Khera (22),,,27.48109,78.173507,synthetic_envelope,SRC_VB_SYNTHETIC,,True,0.0,,v0.1,False
LOC_6E873ABA5A65,village,Rampur Khurd (23),रामपुर खुर्द,Uttar Pradesh,UP,Hathras,VB-UP-HATHRAS,,,Rampur Khurd (23),,,27.466933,78.179002,synthetic_envelope,SRC_VB_SYNTHETIC,,True,0.0,,v0.1,False
LOC_4EAC486BB450,village,Nathupur Nagar (24),नत्थूपुर नगर,Uttar Pradesh,UP,Hathras,VB-UP-HATHRAS,,,Nathupur Nagar (24),,,27.490639,78.13814,synthetic_envelope,SRC_VB_SYNTHETIC,,True,0.0,,v0.1,False
LOC_BC441C1982A8,village,Basantpur Nagar (25),बसंतपुर नगर,Uttar Pradesh,UP,Hathras,VB-UP-HATHRAS,,,Basantpur Nagar (25),,,27.506282,78.153663,synthetic_envelope,SRC_VB_SYNTHETIC,,True,0.0,,v0.1,False
LOC_97D7E7646A07,village,Jamalpur Nagar (26),जमालपुर नगर,Uttar Pradesh,UP,Hathras,VB-UP-HATHRAS,,,Jamalpur Nagar (26),,,27.504266,78.16849,synthetic_envelope,SRC_VB_SYNTHETIC,,True,0.0,,v0.1,False
LOC_FFEA987136C8,village,Todarpur Majra (27),तोदड़पुर माजरा,Uttar Pradesh,UP,Hathras,VB-UP-HATHRAS,,,Todarpur Majra (27),,,27.514772,78.203861,synthetic_envelope,SRC_VB_SYNTHETIC,,True,0.0,,v0.1,False
LOC_9FDC68C414A8,village,Harjipur Majra (28),हरजीपुर माजरा,Uttar Pradesh,UP,Hathras,VB-UP-HATHRAS,,,Harjipur Majra (28),,,27.645866,78.079382,synthetic_envelope,SRC_VB_SYNTHETIC,,True,0.0,,v0.1,False
LOC_6A9DA971EEB8,village,Barwala Khera (29),बरवाला खेड़ा,Uttar Pradesh,UP,Hathras,VB-UP-HATHRAS,,,Barwala Khera (29),,,27.501655,78.08305,synthetic_envelope,SRC_VB_SYNTHETIC,,True,0.0,,v0.1,False
LOC_15024FF9BCD2,village,Sultanpur Kalan (30),सुल्तानपुर कलां,Uttar Pradesh,UP,Hathras,VB-UP-HATHRAS,,,Sultanpur Kalan (30),,,27.494003,78.109521,synthetic_envelope,SRC_VB_SYNTHETIC,,True,0.0,,v0.1,False
LOC_EAB6D576BF82,village,Devipur Kalan (31),देवीपुर कलां,Uttar Pradesh,UP,Hathras,VB-UP-HATHRAS,,,Devipur Kalan (31),,,27.576955,78.138896,synthetic_envelope,SRC_VB_SYNTHETIC,,True,0.0,,v0.1,False
LOC_782A9DB3C01B,village,Naurangpur Khurd (32),नौरंगपुर खुर्द,Uttar Pradesh,UP,Hathras,VB-UP-HATHRAS,,,Naurangpur Khurd (32),,,27.496009,78.203348,synthetic_envelope,SRC_VB_SYNTHETIC,,True,0.0,,v0.1,False
LOC_FEC5BD2B582F,village,Shahpur Khera,शाहपुर खेड़ा,Uttar Pradesh,UP,Mathura,VB-UP-MATHURA,,,Shahpur Khera,,,27.549917,77.572372,synthetic_envelope,SRC_VB_SYNTHETIC,,True,0.0,,v0.1,False
LOC_F47AB8981742,village,Todarpur Khera,तोदड़पुर खेड़ा,Uttar Pradesh,UP,Mathura,VB-UP-MATHURA,,,Todarpur Khera,,,27.376988,77.678828,synthetic_envelope,SRC_VB_SYNTHETIC,,True,0.0,,v0.1,False
LOC_BAD659FFF6D2,village,Ladwa,लाडवा,Uttar Pradesh,UP,Mathura,VB-UP-MATHURA,,,Ladwa,,,27.390243,77.668647,synthetic_envelope,SRC_VB_SYNTHETIC,,True,0.0,,v0.1,False
LOC_98FD5A932B43,village,Nangla Nagar,नंगला नगर,Uttar Pradesh,UP,Mathura,VB-UP-MATHURA,,,Nangla Nagar,,,27.470187,77.431565,synthetic_envelope,SRC_VB_SYNTHETIC,,True,0.0,,v0.1,False
LOC_3993EB6855CE,village,Ladwa,लाडवा,Uttar Pradesh,UP,Mathura,VB-UP-MATHURA,,,Ladwa,,,27.574552,77.550157,synthetic_envelope,SRC_VB_SYNTHETIC,,True,0.0,,v0.1,False
LOC_85C6C10DF9B1,village,Jamalpur Nagar,जमालपुर नगर,Uttar Pradesh,UP,Mathura,VB-UP-MATHURA,,,Jamalpur Nagar,,,27.362518,77.684684,synthetic_envelope,SRC_VB_SYNTHETIC,,True,0.0,,v0.1,False
LOC_FB6DB114F83E,village,Sikandarpur Khera,सिकंदरपुर खेड़ा,Uttar Pradesh,UP,Mathura,VB-UP-MATHURA,,,Sikandarpur Khera,,,27.466138,77.473358,synthetic_envelope,SRC_VB_SYNTHETIC,,True,0.0,,v0.1,False
LOC_964989834B0C,village,Chandpur Nagar,चांदपुर नगर,Uttar Pradesh,UP,Mathura,VB-UP-MATHURA,,,Chandpur Nagar,,,27.500648,77.497663,synthetic_envelope,SRC_VB_SYNTHETIC,,True,0.0,,v0.1,False
LOC_FB4DA877B4E7,village,Manakpur Nagar,मानकपुर नगर,Uttar Pradesh,UP,Mathura,VB-UP-MATHURA,,,Manakpur Nagar,,,27.586321,77.524742,synthetic_envelope,SRC_VB_SYNTHETIC,,True,0.0,,v0.1,False
LOC_0E288B043E87,village,Chandpur,चांदपुर,Uttar Pradesh,UP,Mathura,VB-UP-MATHURA,,,Chandpur,,,27.490921,77.602753,synthetic_envelope,SRC_VB_SYNTHETIC,,True,0.0,,v0.1,False
LOC_865882560E30,village,Mubarikpur Khurd,मुबारिकपुर खुर्द,Uttar Pradesh,UP,Mathura,VB-UP-MATHURA,,,Mubarikpur Khurd,,,27.52844,77.617681,synthetic_envelope,SRC_VB_SYNTHETIC,,True,0.0,,v0.1,False
LOC_7FCD1FCF10BE,village,Jamalpur Nagar,जमालपुर नगर,Uttar Pradesh,UP,Mathura,VB-UP-MATHURA,,,Jamalpur Nagar,,,27.340092,77.617373,synthetic_envelope,SRC_VB_SYNTHETIC,,True,0.0,,v0.1,False
LOC_B3DE5D6E5C71,village,Shahpur Khera,शाहपुर खेड़ा,Uttar Pradesh,UP,Mathura,VB-UP-MATHURA,,,Shahpur Khera,,,27.513119,77.46086,synthetic_envelope,SRC_VB_SYNTHETIC,,True,0.0,,v0.1,False
LOC_86476C8CC5B0,village,Bhojpur,भोजपुर,Uttar Pradesh,UP,Mathura,VB-UP-MATHURA,,,Bhojpur,,,27.390396,77.687349,synthetic_envelope,SRC_VB_SYNTHETIC,,True,0.0,,v0.1,False
LOC_BC65FE28C4FF,village,Kishanpur Khera,किशनपुर खेड़ा,Uttar Pradesh,UP,Mathura,VB-UP-MATHURA,,,Kishanpur Khera,,,27.47969,77.518789,synthetic_envelope,SRC_VB_SYNTHETIC,,True,0.0,,v0.1,False
LOC_12709142C60F,village,Rampur,रामपुर,Uttar Pradesh,UP,Mathura,VB-UP-MATHURA,,,Rampur,,,27.512395,77.583847,synthetic_envelope,SRC_VB_SYNTHETIC,,True,0.0,,v0.1,False
LOC_7DBDA64EEB0E,village,Naurangpur Kalan,नौरंगपुर कलां,Uttar Pradesh,UP,Mathura,VB-UP-MATHURA,,,Naurangpur Kalan,,,27.558225,77.524569,synthetic_envelope,SRC_VB_SYNTHETIC,,True,0.0,,v0.1,False
LOC_A89E52C3682A,village,Bahadurpur Khurd,बहादुरपुर खुर्द,Uttar Pradesh,UP,Mathura,VB-UP-MATHURA,,,Bahadurpur Khurd,,,27.304382,77.671064,synthetic_envelope,SRC_VB_SYNTHETIC,,True,0.0,,v0.1,False
LOC_2D33B60F9FA3,village,Devipur Majra,देवीपुर माजरा,Uttar Pradesh,UP,Mathura,VB-UP-MATHURA,,,Devipur Majra,,,27.52428,77.512428,synthetic_envelope,SRC_VB_SYNTHETIC,,True,0.0,,v0.1,False
LOC_0D2CE6EEAEF0,village,Jamalpur,जमालपुर,Uttar Pradesh,UP,Mathura,VB-UP-MATHURA,,,Jamalpur,,,27.339987,77.696806,synthetic_envelope,SRC_VB_SYNTHETIC,,True,0.0,,v0.1,False
LOC_A20FC3B85285,village,Naurangpur Majra,नौरंगपुर माजरा,Uttar Pradesh,UP,Mathura,VB-UP-MATHURA,,,Naurangpur Majra,,,27.500498,77.599447,synthetic_envelope,SRC_VB_SYNTHETIC,,True,0.0,,v0.1,False
LOC_4D280F7825DC,village,Manakpur Khurd,मानकपुर खुर्द,Uttar Pradesh,UP,Mathura,VB-UP-MATHURA,,,Manakpur Khurd,,,27.389217,77.617238,synthetic_envelope,SRC_VB_SYNTHETIC,,True,0.0,,v0.1,False
LOC_E507FBAD2261,village,Harjipur Kalan,हरजीपुर कलां,Uttar Pradesh,UP,Mathura,VB-UP-MATHURA,,,Harjipur Kalan,,,27.409107,77.736808,synthetic_envelope,SRC_VB_SYNTHETIC,,True,0.0,,v0.1,False
LOC_EB24A15F1191,village,Devipur Khera,देवीपुर खेड़ा,Uttar Pradesh,UP,Mathura,VB-UP-MATHURA,,,Devipur Khera,,,27.552006,77.568599,synthetic_envelope,SRC_VB_SYNTHETIC,,True,0.0,,v0.1,False
LOC_E3717D82D7F8,village,Harjipur Khera,हरजीपुर खेड़ा,Uttar Pradesh,UP,Mathura,VB-UP-MATHURA,,,Harjipur Khera,,,27.528414,77.532445,synthetic_envelope,SRC_VB_SYNTHETIC,,True,0.0,,v0.1,False
LOC_AF9F50EF2ABB,village,Kishanpur Majra,किशनपुर माजरा,Uttar Pradesh,UP,Mathura,VB-UP-MATHURA,,,Kishanpur Majra,,,27.591541,77.517882,synthetic_envelope,SRC_VB_SYNTHETIC,,True,0.0,,v0.1,False
LOC_D49058073F22,village,Bhagwanpur Majra,भगवानपुर माजरा,Uttar Pradesh,UP,Mathura,VB-UP-MATHURA,,,Bhagwanpur Majra,,,27.507292,77.53939,synthetic_envelope,SRC_VB_SYNTHETIC,,True,0.0,,v0.1,False
LOC_548547266D4E,village,Bhagwanpur Nagar,भगवानपुर नगर,Uttar Pradesh,UP,Mathura,VB-UP-MATHURA,,,Bhagwanpur Nagar,,,27.534145,77.542229,synthetic_envelope,SRC_VB_SYNTHETIC,,True,0.0,,v0.1,False
LOC_3E5E684E8704,village,Barwala Majra,बरवाला माजरा,Uttar Pradesh,UP,Mathura,VB-UP-MATHURA,,,Barwala Majra,,,27.364375,77.66651,synthetic_envelope,SRC_VB_SYNTHETIC,,True,0.0,,v0.1,False
LOC_94890B312F05,village,Naurangpur Kalan,नौरंगपुर कलां,Uttar Pradesh,UP,Mathura,VB-UP-MATHURA,,,Naurangpur Kalan,,,27.324743,77.729739,synthetic_envelope,SRC_VB_SYNTHETIC,,True,0.0,,v0.1,False
LOC_E9EBF9CE0D4B,village,Salempur Khera,सलेमपुर खेड़ा,Uttar Pradesh,UP,Agra,VB-UP-AGRA,,,Salempur Khera,,,27.265971,77.86761,synthetic_envelope,SRC_VB_SYNTHETIC,,True,0.0,,v0.1,False
LOC_6B5A4CB9C136,village,Kheri,खेड़ी,Uttar Pradesh,UP,Agra,VB-UP-AGRA,,,Kheri,,,27.16835,77.965372,synthetic_envelope,SRC_VB_SYNTHETIC,,True,0.0,,v0.1,False
LOC_D9E386766B93,village,Kishanpur Majra,किशनपुर माजरा,Uttar Pradesh,UP,Agra,VB-UP-AGRA,,,Kishanpur Majra,,,27.004504,78.311037,synthetic_envelope,SRC_VB_SYNTHETIC,,True,0.0,,v0.1,False
LOC_303B982316A0,village,Jamalpur,जमालपुर,Uttar Pradesh,UP,Agra,VB-UP-AGRA,,,Jamalpur,,,27.019813,78.236801,synthetic_envelope,SRC_VB_SYNTHETIC,,True,0.0,,v0.1,False
LOC_E6674766C312,village,Nangla Kalan,नंगला कलां,Uttar Pradesh,UP,Agra,VB-UP-AGRA,,,Nangla Kalan,,,27.274763,77.843812,synthetic_envelope,SRC_VB_SYNTHETIC,,True,0.0,,v0.1,False
LOC_315AD9F88DC1,village,Gopalpur Kalan,गोपालपुर कलां,Uttar Pradesh,UP,Agra,VB-UP-AGRA,,,Gopalpur Kalan,,,27.061796,78.284845,synthetic_envelope,SRC_VB_SYNTHETIC,,True,0.0,,v0.1,False
LOC_E9FBEEDBB284,village,Devipur Nagar,देवीपुर नगर,Uttar Pradesh,UP,Agra,VB-UP-AGRA,,,Devipur Nagar,,,27.280842,77.90711,synthetic_envelope,SRC_VB_SYNTHETIC,,True,0.0,,v0.1,False
LOC_383B87198289,village,Ladwa,लाडवा,Uttar Pradesh,UP,Agra,VB-UP-AGRA,,,Ladwa,,,27.300063,77.772249,synthetic_envelope,SRC_VB_SYNTHETIC,,True,0.0,,v0.1,False
LOC_14EC08EF6699,village,Fatehpur Majra,फतेहपुर माजरा,Uttar Pradesh,UP,Agra,VB-UP-AGRA,,,Fatehpur Majra,,,27.250866,77.9063,synthetic_envelope,SRC_VB_SYNTHETIC,,True,0.0,,v0.1,False
LOC_937F81774CED,village,Basantpur Nagar,बसंतपुर नगर,Uttar Pradesh,UP,Agra,VB-UP-AGRA,,,Basantpur Nagar,,,27.043797,78.309039,synthetic_envelope,SRC_VB_SYNTHETIC,,True,0.0,,v0.1,False
LOC_EE114235BDA0,village,Sultanpur Kalan,सुल्तानपुर कलां,Uttar Pradesh,UP,Agra,VB-UP-AGRA,,,Sultanpur Kalan,,,27.295849,77.939865,synthetic_envelope,SRC_VB_SYNTHETIC,,True,0.0,,v0.1,False
LOC_85A1D27793EC,village,Alipur Majra,अलीपुर माजरा,Uttar Pradesh,UP,Agra,VB-UP-AGRA,,,Alipur Majra,,,27.186062,77.968792,synthetic_envelope,SRC_VB_SYNTHETIC,,True,0.0,,v0.1,False
LOC_E6C0AACC2A34,village,Nathupur Kalan,नत्थूपुर कलां,Uttar Pradesh,UP,Agra,VB-UP-AGRA,,,Nathupur Kalan,,,27.067648,78.172105,synthetic_envelope,SRC_VB_SYNTHETIC,,True,0.0,,v0.1,False
LOC_F004615E1056,village,Dhanaura Khurd,धनौरा खुर्द,Uttar Pradesh,UP,Agra,VB-UP-AGRA,,,Dhanaura Khurd,,,27.136562,77.968405,synthetic_envelope,SRC_VB_SYNTHETIC,,True,0.0,,v0.1,False
LOC_3F84DA7B7A98,village,Bahadurpur Khera,बहादुरपुर खेड़ा,Uttar Pradesh,UP,Agra,VB-UP-AGRA,,,Bahadurpur Khera,,,27.081527,78.308566,synthetic_envelope,SRC_VB_SYNTHETIC,,True,0.0,,v0.1,False
LOC_37802548517C,village,Shahpur,शाहपुर,Uttar Pradesh,UP,Agra,VB-UP-AGRA,,,Shahpur,,,27.16278,77.909789,synthetic_envelope,SRC_VB_SYNTHETIC,,True,0.0,,v0.1,False
LOC_6F57A4C6E834,village,Umarpur Khera,उमरपुर खेड़ा,Uttar Pradesh,UP,Agra,VB-UP-AGRA,,,Umarpur Khera,,,27.007583,78.290169,synthetic_envelope,SRC_VB_SYNTHETIC,,True,0.0,,v0.1,False
LOC_2357C4C47593,village,Nathupur,नत्थूपुर,Uttar Pradesh,UP,Agra,VB-UP-AGRA,,,Nathupur,,,27.011586,78.311037,synthetic_envelope,SRC_VB_SYNTHETIC,,True,0.0,,v0.1,False
LOC_97B81B797FBA,village,Fatehpur Khurd,फतेहपुर खुर्द,Uttar Pradesh,UP,Agra,VB-UP-AGRA,,,Fatehpur Khurd,,,27.022569,78.311037,synthetic_envelope,SRC_VB_SYNTHETIC,,True,0.0,,v0.1,False
LOC_2B9E62C3E8FC,village,Fatehpur Khera,फतेहपुर खेड़ा,Uttar Pradesh,UP,Agra,VB-UP-AGRA,,,Fatehpur Khera,,,27.205105,77.871005,synthetic_envelope,SRC_VB_SYNTHETIC,,True,0.0,,v0.1,False
LOC_E06ACAE374C4,village,Kishanpur Nagar,किशनपुर नगर,Uttar Pradesh,UP,Agra,VB-UP-AGRA,,,Kishanpur Nagar,,,27.282992,77.932223,synthetic_envelope,SRC_VB_SYNTHETIC,,True,0.0,,v0.1,False
LOC_C68BB575F181,village,Sultanpur,सुल्तानपुर,Uttar Pradesh,UP,Agra,VB-UP-AGRA,,,Sultanpur,,,27.253357,77.955602,synthetic_envelope,SRC_VB_SYNTHETIC,,True,0.0,,v0.1,False
LOC_53A0839750C8,village,Umarpur Majra,उमरपुर माजरा,Uttar Pradesh,UP,Agra,VB-UP-AGRA,,,Umarpur Majra,,,27.13814,77.907919,synthetic_envelope,SRC_VB_SYNTHETIC,,True,0.0,,v0.1,False
LOC_66DEE624DB86,village,Rasulpur Nagar,रसूलपुर नगर,Uttar Pradesh,UP,Agra,VB-UP-AGRA,,,Rasulpur Nagar,,,27.318576,77.707729,synthetic_envelope,SRC_VB_SYNTHETIC,,True,0.0,,v0.1,False
LOC_4930C469E163,village,Todarpur Khurd,तोदड़पुर खुर्द,Uttar Pradesh,UP,Agra,VB-UP-AGRA,,,Todarpur Khurd,,,27.202343,77.898241,synthetic_envelope,SRC_VB_SYNTHETIC,,True,0.0,,v0.1,False
LOC_B653FCB43810,village,Basantpur Majra,बसंतपुर माजरा,Uttar Pradesh,UP,Agra,VB-UP-AGRA,,,Basantpur Majra,,,27.171742,78.300653,synthetic_envelope,SRC_VB_SYNTHETIC,,True,0.0,,v0.1,False
LOC_F114ED9AAB5B,village,Bhagwanpur Khurd,भगवानपुर खुर्द,Uttar Pradesh,UP,Agra,VB-UP-AGRA,,,Bhagwanpur Khurd,,,27.19987,77.926015,synthetic_envelope,SRC_VB_SYNTHETIC,,True,0.0,,v0.1,False
LOC_18170CFEC117,village,Sultanpur,सुल्तानपुर,Uttar Pradesh,UP,Agra,VB-UP-AGRA,,,Sultanpur,,,27.112656,78.275344,synthetic_envelope,SRC_VB_SYNTHETIC,,True,0.0,,v0.1,False
LOC_5F1FB4642134,village,Nathupur,नत्थूपुर,Uttar Pradesh,UP,Firozabad,VB-UP-FIROZABAD,,,Nathupur,,,27.092624,78.290558,synthetic_envelope,SRC_VB_SYNTHETIC,,True,0.0,,v0.1,False
LOC_F2C2130633AC,village,Harjipur Nagar,हरजीपुर नगर,Uttar Pradesh,UP,Firozabad,VB-UP-FIROZABAD,,,Harjipur Nagar,,,27.30314,78.362953,synthetic_envelope,SRC_VB_SYNTHETIC,,True,0.0,,v0.1,False
LOC_9A17E769B2DD,village,Jhinjhana Majra,झिंझाना माजरा,Uttar Pradesh,UP,Firozabad,VB-UP-FIROZABAD,,,Jhinjhana Majra,,,27.056464,78.259263,synthetic_envelope,SRC_VB_SYNTHETIC,,True,0.0,,v0.1,False
LOC_1C30F5460065,village,Jhinjhana,झिंझाना,Uttar Pradesh,UP,Firozabad,VB-UP-FIROZABAD,,,Jhinjhana,,,27.068457,78.321906,synthetic_envelope,SRC_VB_SYNTHETIC,,True,0.0,,v0.1,False
LOC_284F3431EE39,village,Sultanpur,सुल्तानपुर,Uttar Pradesh,UP,Firozabad,VB-UP-FIROZABAD,,,Sultanpur,,,27.234474,78.353443,synthetic_envelope,SRC_VB_SYNTHETIC,,True,0.0,,v0.1,False
LOC_EA4BBC9E4F51,village,Bahadurpur Kalan,बहादुरपुर कलां,Uttar Pradesh,UP,Firozabad,VB-UP-FIROZABAD,,,Bahadurpur Kalan,,,27.228747,78.598569,synthetic_envelope,SRC_VB_SYNTHETIC,,True,0.0,,v0.1,False
LOC_86F3408F1C5D,village,Fatehpur Majra,फतेहपुर माजरा,Uttar Pradesh,UP,Firozabad,VB-UP-FIROZABAD,,,Fatehpur Majra,,,27.167894,78.617819,synthetic_envelope,SRC_VB_SYNTHETIC,,True,0.0,,v0.1,False
LOC_B7F801E6EB98,village,Salempur Khera,सलेमपुर खेड़ा,Uttar Pradesh,UP,Firozabad,VB-UP-FIROZABAD,,,Salempur Khera,,,27.058383,78.173581,synthetic_envelope,SRC_VB_SYNTHETIC,,True,0.0,,v0.1,False
LOC_44050292A817,village,Mubarikpur Khera,मुबारिकपुर खेड़ा,Uttar Pradesh,UP,Firozabad,VB-UP-FIROZABAD,,,Mubarikpur Khera,,,27.220351,78.425399,synthetic_envelope,SRC_VB_SYNTHETIC,,True,0.0,,v0.1,False
LOC_AB7C9714CAAE,village,Chandpur Nagar,चांदपुर नगर,Uttar Pradesh,UP,Firozabad,VB-UP-FIROZABAD,,,Chandpur Nagar,,,27.212882,78.584944,synthetic_envelope,SRC_VB_SYNTHETIC,,True,0.0,,v0.1,False
LOC_71C60AC9501D,village,Basantpur Majra,बसंतपुर माजरा,Uttar Pradesh,UP,Firozabad,VB-UP-FIROZABAD,,,Basantpur Majra,,,27.186095,78.421009,synthetic_envelope,SRC_VB_SYNTHETIC,,True,0.0,,v0.1,False
LOC_B94C3DB4DB74,village,Rasulpur,रसूलपुर,Uttar Pradesh,UP,Firozabad,VB-UP-FIROZABAD,,,Rasulpur,,,27.194539,78.574716,synthetic_envelope,SRC_VB_SYNTHETIC,,True,0.0,,v0.1,False
LOC_7D618F6A6A34,village,Nangla Kalan,नंगला कलां,Uttar Pradesh,UP,Firozabad,VB-UP-FIROZABAD,,,Nangla Kalan,,,27.021141,78.260077,synthetic_envelope,SRC_VB_SYNTHETIC,,True,0.0,,v0.1,False
LOC_0868E3BBC821,village,Fatehpur Kalan,फतेहपुर कलां,Uttar Pradesh,UP,Firozabad,VB-UP-FIROZABAD,,,Fatehpur Kalan,,,27.205161,78.574611,synthetic_envelope,SRC_VB_SYNTHETIC,,True,0.0,,v0.1,False
LOC_0A46BA39C083,village,Barwala Khurd,बरवाला खुर्द,Uttar Pradesh,UP,Firozabad,VB-UP-FIROZABAD,,,Barwala Khurd,,,27.185299,78.617819,synthetic_envelope,SRC_VB_SYNTHETIC,,True,0.0,,v0.1,False
LOC_608541980553,village,Bhagwanpur,भगवानपुर,Uttar Pradesh,UP,Firozabad,VB-UP-FIROZABAD,,,Bhagwanpur,,,26.986632,78.287512,synthetic_envelope,SRC_VB_SYNTHETIC,,True,0.0,,v0.1,False
LOC_679026FC302F,village,Salempur Khurd,सलेमपुर खुर्द,Uttar Pradesh,UP,Firozabad,VB-UP-FIROZABAD,,,Salempur Khurd,,,27.204273,78.398315,synthetic_envelope,SRC_VB_SYNTHETIC,,True,0.0,,v0.1,False
LOC_F63FD9F46366,village,Nangla Kalan,नंगला कलां,Uttar Pradesh,UP,Firozabad,VB-UP-FIROZABAD,,,Nangla Kalan,,,27.242122,78.38041,synthetic_envelope,SRC_VB_SYNTHETIC,,True,0.0,,v0.1,False
LOC_586F6E2C032D,village,Nangla Kalan,नंगला कलां,Uttar Pradesh,UP,Firozabad,VB-UP-FIROZABAD,,,Nangla Kalan,,,27.215045,78.589994,synthetic_envelope,SRC_VB_SYNTHETIC,,True,0.0,,v0.1,False
LOC_32535D5EBDA9,village,Rampur,रामपुर,Uttar Pradesh,UP,Firozabad,VB-UP-FIROZABAD,,,Rampur,,,27.275215,78.419415,synthetic_envelope,SRC_VB_SYNTHETIC,,True,0.0,,v0.1,False
LOC_4BDD76B0BBA5,village,Bhagwanpur Kalan,भगवानपुर कलां,Uttar Pradesh,UP,Firozabad,VB-UP-FIROZABAD,,,Bhagwanpur Kalan,,,27.204387,78.441771,synthetic_envelope,SRC_VB_SYNTHETIC,,True,0.0,,v0.1,False
LOC_CDD582D8226F,village,Ladwa Khera,लाडवा खेड़ा,Uttar Pradesh,UP,Firozabad,VB-UP-FIROZABAD,,,Ladwa Khera,,,27.190211,78.593636,synthetic_envelope,SRC_VB_SYNTHETIC,,True,0.0,,v0.1,False
LOC_71C8D991B449,village,Basantpur Kalan,बसंतपुर कलां,Uttar Pradesh,UP,Firozabad,VB-UP-FIROZABAD,,,Basantpur Kalan,,,27.027222,78.334052,synthetic_envelope,SRC_VB_SYNTHETIC,,True,0.0,,v0.1,False
LOC_86182C457EA5,village,Rampur Kalan,रामपुर कलां,Uttar Pradesh,UP,Firozabad,VB-UP-FIROZABAD,,,Rampur Kalan,,,27.061836,78.314553,synthetic_envelope,SRC_VB_SYNTHETIC,,True,0.0,,v0.1,False
LOC_16F9FB0F85B4,village,Harjipur Khurd,हरजीपुर खुर्द,Uttar Pradesh,UP,Firozabad,VB-UP-FIROZABAD,,,Harjipur Khurd,,,27.233592,78.398314,synthetic_envelope,SRC_VB_SYNTHETIC,,True,0.0,,v0.1,False
LOC_4756C7B2E608,village,Sultanpur Nagar,सुल्तानपुर नगर,Uttar Pradesh,UP,Firozabad,VB-UP-FIROZABAD,,,Sultanpur Nagar,,,27.26562,78.376911,synthetic_envelope,SRC_VB_SYNTHETIC,,True,0.0,,v0.1,False
LOC_362D5ACB51AC,village,Manakpur,मानकपुर,Uttar Pradesh,UP,Firozabad,VB-UP-FIROZABAD,,,Manakpur,,,27.048672,78.25774,synthetic_envelope,SRC_VB_SYNTHETIC,,True,0.0,,v0.1,False
LOC_2FAF50CCC210,village,Harjipur Khera,हरजीपुर खेड़ा,Uttar Pradesh,UP,Firozabad,VB-UP-FIROZABAD,,,Harjipur Khera,,,27.302897,78.421211,synthetic_envelope,SRC_VB_SYNTHETIC,,True,0.0,,v0.1,False
LOC_549503EB40A0,village,Jhinjhana Khera,झिंझाना खेड़ा,Uttar Pradesh,UP,Firozabad,VB-UP-FIROZABAD,,,Jhinjhana Khera,,,27.178819,78.583862,synthetic_envelope,SRC_VB_SYNTHETIC,,True,0.0,,v0.1,False
LOC_E9A8F616E4E1,village,Kishanpur,किशनपुर,Uttar Pradesh,UP,Firozabad,VB-UP-FIROZABAD,,,Kishanpur,,,27.239061,78.449172,synthetic_envelope,SRC_VB_SYNTHETIC,,True,0.0,,v0.1,False
LOC_D515132AD623,village,Manakpur Khurd (1),मानकपुर खुर्द,Uttar Pradesh,UP,Etah,VB-UP-ETAH,,,Manakpur Khurd (1),,,27.36521,78.616919,synthetic_envelope,SRC_VB_SYNTHETIC,,True,0.0,,v0.1,False
LOC_84586088B1B1,village,Ladwa Nagar (2),लाडवा नगर,Uttar Pradesh,UP,Etah,VB-UP-ETAH,,,Ladwa Nagar (2),,,27.465147,78.861202,synthetic_envelope,SRC_VB_SYNTHETIC,,True,0.0,,v0.1,False
LOC_F227FFAD1CFD,village,Salempur Nagar (3),सलेमपुर नगर,Uttar Pradesh,UP,Etah,VB-UP-ETAH,,,Salempur Nagar (3),,,27.340951,78.646698,synthetic_envelope,SRC_VB_SYNTHETIC,,True,0.0,,v0.1,False
LOC_E397785990D7,village,Mubarikpur Majra (4),मुबारिकपुर माजरा,Uttar Pradesh,UP,Etah,VB-UP-ETAH,,,Mubarikpur Majra (4),,,27.438479,78.853959,synthetic_envelope,SRC_VB_SYNTHETIC,,True,0.0,,v0.1,False
LOC_A2A2A301892F,village,Nangla Majra (5),नंगला माजरा,Uttar Pradesh,UP,Etah,VB-UP-ETAH,,,Nangla Majra (5),,,27.404439,78.663961,synthetic_envelope,SRC_VB_SYNTHETIC,,True,0.0,,v0.1,False
LOC_254343A2E586,village,Bhojpur Khera (6),भोजपुर खेड़ा,Uttar Pradesh,UP,Etah,VB-UP-ETAH,,,Bhojpur Khera (6),,,27.379214,78.595329,synthetic_envelope,SRC_VB_SYNTHETIC,,True,0.0,,v0.1,False
LOC_7561F45D21AD,village,Jhinjhana Nagar (7),झिंझाना नगर,Uttar Pradesh,UP,Etah,VB-UP-ETAH,,,Jhinjhana Nagar (7),,,27.457601,78.606938,synthetic_envelope,SRC_VB_SYNTHETIC,,True,0.0,,v0.1,False
LOC_CC6A5452A20E,village,Fatehpur Kalan (8),फतेहपुर कलां,Uttar Pradesh,UP,Etah,VB-UP-ETAH,,,Fatehpur Kalan (8),,,27.482266,78.608855,synthetic_envelope,SRC_VB_SYNTHETIC,,True,0.0,,v0.1,False
LOC_492C5F645C56,village,Chandpur Khurd (9),चांदपुर खुर्द,Uttar Pradesh,UP,Etah,VB-UP-ETAH,,,Chandpur Khurd (9),,,27.477546,78.64031,synthetic_envelope,SRC_VB_SYNTHETIC,,True,0.0,,v0.1,False
LOC_7761B970BF1F,village,Mubarikpur Khera (10),मुबारिकपुर खेड़ा,Uttar Pradesh,UP,Etah,VB-UP-ETAH,,,Mubarikpur Khera (10),,,27.544249,78.708168,synthetic_envelope,SRC_VB_SYNTHETIC,,True,0.0,,v0.1,False
LOC_DEBEA049D0B4,village,Kishanpur (11),किशनपुर,Uttar Pradesh,UP,Etah,VB-UP-ETAH,,,Kishanpur (11),,,27.501109,78.730028,synthetic_envelope,SRC_VB_SYNTHETIC,,True,0.0,,v0.1,False
LOC_A752FAFC72D6,village,Alipur Khera (12),अलीपुर खेड़ा,Uttar Pradesh,UP,Etah,VB-UP-ETAH,,,Alipur Khera (12),,,27.404695,78.623792,synthetic_envelope,SRC_VB_SYNTHETIC,,True,0.0,,v0.1,False
LOC_2CCC9838261F,village,Umarpur Nagar (13),उमरपुर नगर,Uttar Pradesh,UP,Etah,VB-UP-ETAH,,,Umarpur Nagar (13),,,27.479442,78.65664,synthetic_envelope,SRC_VB_SYNTHETIC,,True,0.0,,v0.1,False
LOC_177A48E15ED8,village,Bhojpur Nagar (14),भोजपुर नगर,Uttar Pradesh,UP,Etah,VB-UP-ETAH,,,Bhojpur Nagar (14),,,27.459819,78.859586,synthetic_envelope,SRC_VB_SYNTHETIC,,True,0.0,,v0.1,False
LOC_EB2359E1EB69,village,Sikandarpur (15),सिकंदरपुर,Uttar Pradesh,UP,Etah,VB-UP-ETAH,,,Sikandarpur (15),,,27.456198,78.867327,synthetic_envelope,SRC_VB_SYNTHETIC,,True,0.0,,v0.1,False
LOC_09994F0F183E,village,Nathupur Majra (16),नत्थूपुर माजरा,Uttar Pradesh,UP,Etah,VB-UP-ETAH,,,Nathupur Majra (16),,,27.381005,78.551446,synthetic_envelope,SRC_VB_SYNTHETIC,,True,0.0,,v0.1,False
LOC_F9BFC7F8D829,village,Alipur (17),अलीपुर,Uttar Pradesh,UP,Etah,VB-UP-ETAH,,,Alipur (17),,,27.492559,78.608134,synthetic_envelope,SRC_VB_SYNTHETIC,,True,0.0,,v0.1,False
LOC_A38F806D637F,village,Shahpur Khera (18),शाहपुर खेड़ा,Uttar Pradesh,UP,Etah,VB-UP-ETAH,,,Shahpur Khera (18),,,27.470126,78.649852,synthetic_envelope,SRC_VB_SYNTHETIC,,True,0.0,,v0.1,False
LOC_002EFF4D2F08,village,Chandpur Khurd (19),चांदपुर खुर्द,Uttar Pradesh,UP,Etah,VB-UP-ETAH,,,Chandpur Khurd (19),,,27.499201,78.709279,synthetic_envelope,SRC_VB_SYNTHETIC,,True,0.0,,v0.1,False
LOC_DB4067B66E8E,village,Todarpur Kalan (20),तोदड़पुर कलां,Uttar Pradesh,UP,Etah,VB-UP-ETAH,,,Todarpur Kalan (20),,,27.362898,78.571532,synthetic_envelope,SRC_VB_SYNTHETIC,,True,0.0,,v0.1,False
LOC_4E41CC84CCA6,village,Manakpur (21),मानकपुर,Uttar Pradesh,UP,Etah,VB-UP-ETAH,,,Manakpur (21),,,27.363884,78.584371,synthetic_envelope,SRC_VB_SYNTHETIC,,True,0.0,,v0.1,False
LOC_3AD1E6D328DB,village,Basantpur (22),बसंतपुर,Uttar Pradesh,UP,Etah,VB-UP-ETAH,,,Basantpur (22),,,27.548272,78.627372,synthetic_envelope,SRC_VB_SYNTHETIC,,True,0.0,,v0.1,False
LOC_2885F3CFFE81,village,Devipur Majra (23),देवीपुर माजरा,Uttar Pradesh,UP,Etah,VB-UP-ETAH,,,Devipur Majra (23),,,27.479424,78.724027,synthetic_envelope,SRC_VB_SYNTHETIC,,True,0.0,,v0.1,False
LOC_9EEB48185038,village,Bahadurpur Khurd (24),बहादुरपुर खुर्द,Uttar Pradesh,UP,Etah,VB-UP-ETAH,,,Bahadurpur Khurd (24),,,27.426188,78.524206,synthetic_envelope,SRC_VB_SYNTHETIC,,True,0.0,,v0.1,False
LOC_18374E6C9245,village,Jamalpur Nagar (25),जमालपुर नगर,Uttar Pradesh,UP,Etah,VB-UP-ETAH,,,Jamalpur Nagar (25),,,27.450736,78.834261,synthetic_envelope,SRC_VB_SYNTHETIC,,True,0.0,,v0.1,False
LOC_485B1F30296B,village,Gopalpur Khurd (26),गोपालपुर खुर्द,Uttar Pradesh,UP,Etah,VB-UP-ETAH,,,Gopalpur Khurd (26),,,27.487655,78.856531,synthetic_envelope,SRC_VB_SYNTHETIC,,True,0.0,,v0.1,False
LOC_EBB5BFB4ED0F,village,Sultanpur (27),सुल्तानपुर,Uttar Pradesh,UP,Etah,VB-UP-ETAH,,,Sultanpur (27),,,27.509365,78.604257,synthetic_envelope,SRC_VB_SYNTHETIC,,True,0.0,,v0.1,False
LOC_5692AC8C4F33,village,Rasulpur Majra (28),रसूलपुर माजरा,Uttar Pradesh,UP,Etah,VB-UP-ETAH,,,Rasulpur Majra (28),,,27.459417,78.806018,synthetic_envelope,SRC_VB_SYNTHETIC,,True,0.0,,v0.1,False
LOC_2350E75AB2F2,village,Bahadurpur Khurd (29),बहादुरपुर खुर्द,Uttar Pradesh,UP,Etah,VB-UP-ETAH,,,Bahadurpur Khurd (29),,,27.400239,78.684155,synthetic_envelope,SRC_VB_SYNTHETIC,,True,0.0,,v0.1,False
LOC_DD976A3C11CB,village,Gopalpur Khurd (30),गोपालपुर खुर्द,Uttar Pradesh,UP,Etah,VB-UP-ETAH,,,Gopalpur Khurd (30),,,27.457176,78.745028,synthetic_envelope,SRC_VB_SYNTHETIC,,True,0.0,,v0.1,False
LOC_7CA81F05F3A5,village,Bahadurpur Nagar (31),बहादुरपुर नगर,Uttar Pradesh,UP,Etah,VB-UP-ETAH,,,Bahadurpur Nagar (31),,,27.471764,78.823216,synthetic_envelope,SRC_VB_SYNTHETIC,,True,0.0,,v0.1,False
LOC_98A958FC9080,village,Kheri (32),खेड़ी,Uttar Pradesh,UP,Etah,VB-UP-ETAH,,,Kheri (32),,,27.414484,78.550145,synthetic_envelope,SRC_VB_SYNTHETIC,,True,0.0,,v0.1,False
LOC_9745039C450C,village,Manakpur Khurd (1),मानकपुर खुर्द,Uttar Pradesh,UP,Mainpuri,VB-UP-MAINPURI,,,Manakpur Khurd (1),,,27.265539,79.264832,synthetic_envelope,SRC_VB_SYNTHETIC,,True,0.0,,v0.1,False
LOC_60B1E3E77DDF,village,Basantpur (2),बसंतपुर,Uttar Pradesh,UP,Mainpuri,VB-UP-MAINPURI,,,Basantpur (2),,,27.034286,78.955285,synthetic_envelope,SRC_VB_SYNTHETIC,,True,0.0,,v0.1,False
LOC_14F49FDEE8CE,village,Nathupur Majra (3),नत्थूपुर माजरा,Uttar Pradesh,UP,Mainpuri,VB-UP-MAINPURI,,,Nathupur Majra (3),,,27.271478,79.21144,synthetic_envelope,SRC_VB_SYNTHETIC,,True,0.0,,v0.1,False
LOC_773A2A11EEDA,village,Chandpur (4),चांदपुर,Uttar Pradesh,UP,Mainpuri,VB-UP-MAINPURI,,,Chandpur (4),,,27.05556,79.001339,synthetic_envelope,SRC_VB_SYNTHETIC,,True,0.0,,v0.1,False
LOC_C2DF33543F22,village,Nathupur Majra (5),नत्थूपुर माजरा,Uttar Pradesh,UP,Mainpuri,VB-UP-MAINPURI,,,Nathupur Majra (5),,,27.306812,79.264921,synthetic_envelope,SRC_VB_SYNTHETIC,,True,0.0,,v0.1,False
LOC_7A752DDCDD53,village,Mubarikpur (6),मुबारिकपुर,Uttar Pradesh,UP,Mainpuri,VB-UP-MAINPURI,,,Mubarikpur (6),,,27.024278,78.958849,synthetic_envelope,SRC_VB_SYNTHETIC,,True,0.0,,v0.1,False
LOC_CA1A7FDDF361,village,Salempur Nagar (7),सलेमपुर नगर,Uttar Pradesh,UP,Mainpuri,VB-UP-MAINPURI,,,Salempur Nagar (7),,,27.046842,79.007575,synthetic_envelope,SRC_VB_SYNTHETIC,,True,0.0,,v0.1,False
LOC_F03C1F5E3C0A,village,Kheri Kalan (8),खेड़ी कलां,Uttar Pradesh,UP,Mainpuri,VB-UP-MAINPURI,,,Kheri Kalan (8),,,27.0529,78.962098,synthetic_envelope,SRC_VB_SYNTHETIC,,True,0.0,,v0.1,False
LOC_91D0045AC1F5,village,Chandpur Majra (9),चांदपुर माजरा,Uttar Pradesh,UP,Mainpuri,VB-UP-MAINPURI,,,Chandpur Majra (9),,,27.35154,79.240653,synthetic_envelope,SRC_VB_SYNTHETIC,,True,0.0,,v0.1,False
LOC_84F7CA3775BB,village,Bhojpur (10),भोजपुर,Uttar Pradesh,UP,Mainpuri,VB-UP-MAINPURI,,,Bhojpur (10),,,27.312716,79.269476,synthetic_envelope,SRC_VB_SYNTHETIC,,True,0.0,,v0.1,False
LOC_5F7EC88788CF,village,Manakpur Nagar (11),मानकपुर नगर,Uttar Pradesh,UP,Mainpuri,VB-UP-MAINPURI,,,Manakpur Nagar (11),,,27.381924,79.237134,synthetic_envelope,SRC_VB_SYNTHETIC,,True,0.0,,v0.1,False
LOC_F020158E8772,village,Basantpur Khera (12),बसंतपुर खेड़ा,Uttar Pradesh,UP,Mainpuri,VB-UP-MAINPURI,,,Basantpur Khera (12),,,27.017951,78.983324,synthetic_envelope,SRC_VB_SYNTHETIC,,True,0.0,,v0.1,False
LOC_67254955CFA5,village,Kishanpur Nagar (13),किशनपुर नगर,Uttar Pradesh,UP,Mainpuri,VB-UP-MAINPURI,,,Kishanpur Nagar (13),,,27.066083,79.01541,synthetic_envelope,SRC_VB_SYNTHETIC,,True,0.0,,v0.1,False
LOC_D8FAFFE04E64,village,Dhanaura Khera (14),धनौरा खेड़ा,Uttar Pradesh,UP,Mainpuri,VB-UP-MAINPURI,,,Dhanaura Khera (14),,,27.254933,79.26555,synthetic_envelope,SRC_VB_SYNTHETIC,,True,0.0,,v0.1,False
LOC_D697378AC6FF,village,Bhagwanpur Kalan (15),भगवानपुर कलां,Uttar Pradesh,UP,Mainpuri,VB-UP-MAINPURI,,,Bhagwanpur Kalan (15),,,27.113453,78.949725,synthetic_envelope,SRC_VB_SYNTHETIC,,True,0.0,,v0.1,False
LOC_60E09BBEAD47,village,Kishanpur Khurd (16),किशनपुर खुर्द,Uttar Pradesh,UP,Mainpuri,VB-UP-MAINPURI,,,Kishanpur Khurd (16),,,27.176924,78.888405,synthetic_envelope,SRC_VB_SYNTHETIC,,True,0.0,,v0.1,False
LOC_CB4762033209,village,Shahpur Nagar (17),शाहपुर नगर,Uttar Pradesh,UP,Mainpuri,VB-UP-MAINPURI,,,Shahpur Nagar (17),,,27.03088,78.940518,synthetic_envelope,SRC_VB_SYNTHETIC,,True,0.0,,v0.1,False
LOC_96D9724E2F71,village,Sikandarpur Majra (18),सिकंदरपुर माजरा,Uttar Pradesh,UP,Mainpuri,VB-UP-MAINPURI,,,Sikandarpur Majra (18),,,27.273301,79.225399,synthetic_envelope,SRC_VB_SYNTHETIC,,True,0.0,,v0.1,False
LOC_2A8DB111602C,village,Todarpur Khera (19),तोदड़पुर खेड़ा,Uttar Pradesh,UP,Mainpuri,VB-UP-MAINPURI,,,Todarpur Khera (19),,,27.285292,79.214089,synthetic_envelope,SRC_VB_SYNTHETIC,,True,0.0,,v0.1,False
LOC_C582AAED9843,village,Naurangpur Nagar (20),नौरंगपुर नगर,Uttar Pradesh,UP,Mainpuri,VB-UP-MAINPURI,,,Naurangpur Nagar (20),,,27.033608,78.970751,synthetic_envelope,SRC_VB_SYNTHETIC,,True,0.0,,v0.1,False
LOC_46C0EAC1C0D9,village,Jamalpur Khera (21),जमालपुर खेड़ा,Uttar Pradesh,UP,Mainpuri,VB-UP-MAINPURI,,,Jamalpur Khera (21),,,27.089603,78.929964,synthetic_envelope,SRC_VB_SYNTHETIC,,True,0.0,,v0.1,False
LOC_46732A2593F8,village,Naurangpur Khurd (22),नौरंगपुर खुर्द,Uttar Pradesh,UP,Mainpuri,VB-UP-MAINPURI,,,Naurangpur Khurd (22),,,27.1023,79.019972,synthetic_envelope,SRC_VB_SYNTHETIC,,True,0.0,,v0.1,False
LOC_5DE3DE37D4A2,village,Bahadurpur Majra (23),बहादुरपुर माजरा,Uttar Pradesh,UP,Mainpuri,VB-UP-MAINPURI,,,Bahadurpur Majra (23),,,27.033592,78.927026,synthetic_envelope,SRC_VB_SYNTHETIC,,True,0.0,,v0.1,False
LOC_0BAE24D6E0DE,village,Sikandarpur Majra (24),सिकंदरपुर माजरा,Uttar Pradesh,UP,Mainpuri,VB-UP-MAINPURI,,,Sikandarpur Majra (24),,,27.331484,79.230147,synthetic_envelope,SRC_VB_SYNTHETIC,,True,0.0,,v0.1,False
LOC_EEA297E34182,village,Bhojpur Khurd (25),भोजपुर खुर्द,Uttar Pradesh,UP,Mainpuri,VB-UP-MAINPURI,,,Bhojpur Khurd (25),,,27.063022,78.942167,synthetic_envelope,SRC_VB_SYNTHETIC,,True,0.0,,v0.1,False
LOC_28CACC07A144,village,Todarpur Majra (26),तोदड़पुर माजरा,Uttar Pradesh,UP,Mainpuri,VB-UP-MAINPURI,,,Todarpur Majra (26),,,27.020254,78.954801,synthetic_envelope,SRC_VB_SYNTHETIC,,True,0.0,,v0.1,False
LOC_62DA67B1668B,village,Devipur Nagar (27),देवीपुर नगर,Uttar Pradesh,UP,Mainpuri,VB-UP-MAINPURI,,,Devipur Nagar (27),,,27.299005,79.25126,synthetic_envelope,SRC_VB_SYNTHETIC,,True,0.0,,v0.1,False
LOC_393358344F45,village,Gopalpur Nagar (28),गोपालपुर नगर,Uttar Pradesh,UP,Mainpuri,VB-UP-MAINPURI,,,Gopalpur Nagar (28),,,27.144202,78.916384,synthetic_envelope,SRC_VB_SYNTHETIC,,True,0.0,,v0.1,False
LOC_F639901FB588,village,Naurangpur Majra (29),नौरंगपुर माजरा,Uttar Pradesh,UP,Mainpuri,VB-UP-MAINPURI,,,Naurangpur Majra (29),,,27.091745,78.956743,synthetic_envelope,SRC_VB_SYNTHETIC,,True,0.0,,v0.1,False
LOC_12468554C938,village,Ladwa Khurd (30),लाडवा खुर्द,Uttar Pradesh,UP,Mainpuri,VB-UP-MAINPURI,,,Ladwa Khurd (30),,,27.072715,78.949644,synthetic_envelope,SRC_VB_SYNTHETIC,,True,0.0,,v0.1,False
LOC_2217B5802CB2,village,Rampur (31),रामपुर,Uttar Pradesh,UP,Mainpuri,VB-UP-MAINPURI,,,Rampur (31),,,27.033287,79.024448,synthetic_envelope,SRC_VB_SYNTHETIC,,True,0.0,,v0.1,False
LOC_4DE83A6F2257,village,Gopalpur Kalan (32),गोपालपुर कलां,Uttar Pradesh,UP,Mainpuri,VB-UP-MAINPURI,,,Gopalpur Kalan (32),,,27.357468,79.245624,synthetic_envelope,SRC_VB_SYNTHETIC,,True,0.0,,v0.1,False
LOC_4E82B8600C74,village,Alipur Khera (33),अलीपुर खेड़ा,Uttar Pradesh,UP,Mainpuri,VB-UP-MAINPURI,,,Alipur Khera (33),,,27.035873,78.965918,synthetic_envelope,SRC_VB_SYNTHETIC,,True,0.0,,v0.1,False
LOC_8AF35417E797,village,Devipur Majra (1),देवीपुर माजरा,Uttar Pradesh,UP,Etawah,VB-UP-ETAWAH,,,Devipur Majra (1),,,26.873947,79.116631,synthetic_envelope,SRC_VB_SYNTHETIC,,True,0.0,,v0.1,False
LOC_9DF4CF85F973,village,Kishanpur Khera (2),किशनपुर खेड़ा,Uttar Pradesh,UP,Etawah,VB-UP-ETAWAH,,,Kishanpur Khera (2),,,26.964316,79.157562,synthetic_envelope,SRC_VB_SYNTHETIC,,True,0.0,,v0.1,False
LOC_109E57D81710,village,Jhinjhana Nagar (3),झिंझाना नगर,Uttar Pradesh,UP,Etawah,VB-UP-ETAWAH,,,Jhinjhana Nagar (3),,,26.968806,79.016382,synthetic_envelope,SRC_VB_SYNTHETIC,,True,0.0,,v0.1,False
LOC_219EA404CF4A,village,Sikandarpur Majra (4),सिकंदरपुर माजरा,Uttar Pradesh,UP,Etawah,VB-UP-ETAWAH,,,Sikandarpur Majra (4),,,26.929748,79.096513,synthetic_envelope,SRC_VB_SYNTHETIC,,True,0.0,,v0.1,False
LOC_18076DE60535,village,Ladwa Kalan (5),लाडवा कलां,Uttar Pradesh,UP,Etawah,VB-UP-ETAWAH,,,Ladwa Kalan (5),,,26.989088,79.124009,synthetic_envelope,SRC_VB_SYNTHETIC,,True,0.0,,v0.1,False
LOC_EB386041E523,village,Kishanpur Kalan (6),किशनपुर कलां,Uttar Pradesh,UP,Etawah,VB-UP-ETAWAH,,,Kishanpur Kalan (6),,,26.870262,79.083714,synthetic_envelope,SRC_VB_SYNTHETIC,,True,0.0,,v0.1,False
LOC_BF59BABCB062,village,Shahpur (7),शाहपुर,Uttar Pradesh,UP,Etawah,VB-UP-ETAWAH,,,Shahpur (7),,,26.988806,79.130033,synthetic_envelope,SRC_VB_SYNTHETIC,,True,0.0,,v0.1,False
LOC_4B1D48EDA859,village,Manakpur Khera (8),मानकपुर खेड़ा,Uttar Pradesh,UP,Etawah,VB-UP-ETAWAH,,,Manakpur Khera (8),,,26.843685,79.102278,synthetic_envelope,SRC_VB_SYNTHETIC,,True,0.0,,v0.1,False
LOC_913A9ED06E4A,village,Manakpur Khera (9),मानकपुर खेड़ा,Uttar Pradesh,UP,Etawah,VB-UP-ETAWAH,,,Manakpur Khera (9),,,26.863949,78.759385,synthetic_envelope,SRC_VB_SYNTHETIC,,True,0.0,,v0.1,False
LOC_8B5FE92E4137,village,Harjipur Kalan (10),हरजीपुर कलां,Uttar Pradesh,UP,Etawah,VB-UP-ETAWAH,,,Harjipur Kalan (10),,,27.012137,79.196442,synthetic_envelope,SRC_VB_SYNTHETIC,,True,0.0,,v0.1,False
LOC_5B054D05ADC7,village,Mubarikpur (11),मुबारिकपुर,Uttar Pradesh,UP,Etawah,VB-UP-ETAWAH,,,Mubarikpur (11),,,26.889588,78.802874,synthetic_envelope,SRC_VB_SYNTHETIC,,True,0.0,,v0.1,False
LOC_3A0D058CBD0B,village,Rasulpur Nagar (12),रसूलपुर नगर,Uttar Pradesh,UP,Etawah,VB-UP-ETAWAH,,,Rasulpur Nagar (12),,,26.876866,78.759385,synthetic_envelope,SRC_VB_SYNTHETIC,,True,0.0,,v0.1,False
LOC_DB6B5416B731,village,Nathupur Nagar (13),नत्थूपुर नगर,Uttar Pradesh,UP,Etawah,VB-UP-ETAWAH,,,Nathupur Nagar (13),,,26.824233,79.078996,synthetic_envelope,SRC_VB_SYNTHETIC,,True,0.0,,v0.1,False
LOC_69507DEB8BD2,village,Todarpur Majra (14),तोदड़पुर माजरा,Uttar Pradesh,UP,Etawah,VB-UP-ETAWAH,,,Todarpur Majra (14),,,26.994788,79.150129,synthetic_envelope,SRC_VB_SYNTHETIC,,True,0.0,,v0.1,False
LOC_DB612202CBB4,village,Shahpur Kalan (15),शाहपुर कलां,Uttar Pradesh,UP,Etawah,VB-UP-ETAWAH,,,Shahpur Kalan (15),,,26.831468,78.788615,synthetic_envelope,SRC_VB_SYNTHETIC,,True,0.0,,v0.1,False
LOC_644A2942E98C,village,Kheri Khurd (16),खेड़ी खुर्द,Uttar Pradesh,UP,Etawah,VB-UP-ETAWAH,,,Kheri Khurd (16),,,26.932369,79.239951,synthetic_envelope,SRC_VB_SYNTHETIC,,True,0.0,,v0.1,False
LOC_868E15DEF541,village,Kishanpur Majra (17),किशनपुर माजरा,Uttar Pradesh,UP,Etawah,VB-UP-ETAWAH,,,Kishanpur Majra (17),,,26.868014,79.055119,synthetic_envelope,SRC_VB_SYNTHETIC,,True,0.0,,v0.1,False
LOC_531465931DE5,village,Bahadurpur (18),बहादुरपुर,Uttar Pradesh,UP,Etawah,VB-UP-ETAWAH,,,Bahadurpur (18),,,26.861643,79.00757,synthetic_envelope,SRC_VB_SYNTHETIC,,True,0.0,,v0.1,False
LOC_A9C4C3E80725,village,Kheri (19),खेड़ी,Uttar Pradesh,UP,Etawah,VB-UP-ETAWAH,,,Kheri (19),,,26.86538,79.139194,synthetic_envelope,SRC_VB_SYNTHETIC,,True,0.0,,v0.1,False
LOC_61D258442C7C,village,Naurangpur Nagar (20),नौरंगपुर नगर,Uttar Pradesh,UP,Etawah,VB-UP-ETAWAH,,,Naurangpur Nagar (20),,,26.866969,79.036538,synthetic_envelope,SRC_VB_SYNTHETIC,,True,0.0,,v0.1,False
LOC_E3B488B91E72,village,Salempur Nagar (21),सलेमपुर नगर,Uttar Pradesh,UP,Etawah,VB-UP-ETAWAH,,,Salempur Nagar (21),,,26.878537,78.759385,synthetic_envelope,SRC_VB_SYNTHETIC,,True,0.0,,v0.1,False
LOC_5BDD62CEF436,village,Rampur Khurd (22),रामपुर खुर्द,Uttar Pradesh,UP,Etawah,VB-UP-ETAWAH,,,Rampur Khurd (22),,,26.876763,78.759385,synthetic_envelope,SRC_VB_SYNTHETIC,,True,0.0,,v0.1,False
LOC_70A6F73939F6,village,Rasulpur (23),रसूलपुर,Uttar Pradesh,UP,Etawah,VB-UP-ETAWAH,,,Rasulpur (23),,,26.829253,78.832386,synthetic_envelope,SRC_VB_SYNTHETIC,,True,0.0,,v0.1,False
LOC_E028EBFED81C,village,Naurangpur Khera (24),नौरंगपुर खेड़ा,Uttar Pradesh,UP,Etawah,VB-UP-ETAWAH,,,Naurangpur Khera (24),,,27.009903,79.19137,synthetic_envelope,SRC_VB_SYNTHETIC,,True,0.0,,v0.1,False
LOC_B5D7614D80EF,village,Gopalpur Nagar (25),गोपालपुर नगर,Uttar Pradesh,UP,Etawah,VB-UP-ETAWAH,,,Gopalpur Nagar (25),,,26.829086,78.759385,synthetic_envelope,SRC_VB_SYNTHETIC,,True,0.0,,v0.1,False
LOC_30566802A547,village,Ladwa Khurd (26),लाडवा खुर्द,Uttar Pradesh,UP,Etawah,VB-UP-ETAWAH,,,Ladwa Khurd (26),,,26.865299,78.773463,synthetic_envelope,SRC_VB_SYNTHETIC,,True,0.0,,v0.1,False
LOC_F135501E66F5,village,Shahpur (27),शाहपुर,Uttar Pradesh,UP,Etawah,VB-UP-ETAWAH,,,Shahpur (27),,,26.925311,78.782864,synthetic_envelope,SRC_VB_SYNTHETIC,,True,0.0,,v0.1,False
LOC_020D99834E76,village,Sikandarpur Khera (28),सिकंदरपुर खेड़ा,Uttar Pradesh,UP,Etawah,VB-UP-ETAWAH,,,Sikandarpur Khera (28),,,26.829719,79.058801,synthetic_envelope,SRC_VB_SYNTHETIC,,True,0.0,,v0.1,False
LOC_F691003C80DE,village,Jhinjhana Majra (29),झिंझाना माजरा,Uttar Pradesh,UP,Etawah,VB-UP-ETAWAH,,,Jhinjhana Majra (29),,,26.949865,79.082037,synthetic_envelope,SRC_VB_SYNTHETIC,,True,0.0,,v0.1,False
LOC_60889CC51F28,village,Devipur Khurd (30),देवीपुर खुर्द,Uttar Pradesh,UP,Etawah,VB-UP-ETAWAH,,,Devipur Khurd (30),,,26.966977,79.174957,synthetic_envelope,SRC_VB_SYNTHETIC,,True,0.0,,v0.1,False
LOC_C532B3716854,village,Dhanaura Majra (31),धनौरा माजरा,Uttar Pradesh,UP,Etawah,VB-UP-ETAWAH,,,Dhanaura Majra (31),,,26.938547,79.113709,synthetic_envelope,SRC_VB_SYNTHETIC,,True,0.0,,v0.1,False
LOC_5F861B2A1EB9,village,Naurangpur Kalan (32),नौरंगपुर कलां,Uttar Pradesh,UP,Etawah,VB-UP-ETAWAH,,,Naurangpur Kalan (32),,,26.888989,78.810113,synthetic_envelope,SRC_VB_SYNTHETIC,,True,0.0,,v0.1,False
LOC_295AB7B6EA4E,village,Gopalpur Khurd,गोपालपुर खुर्द,Uttar Pradesh,UP,Kanpur Nagar,VB-UP-KANPUR-NAGAR,,,Gopalpur Khurd,,,26.400153,80.422246,synthetic_envelope,SRC_VB_SYNTHETIC,,True,0.0,,v0.1,False
LOC_689CBCC7CFB6,village,Mubarikpur Nagar,मुबारिकपुर नगर,Uttar Pradesh,UP,Kanpur Nagar,VB-UP-KANPUR-NAGAR,,,Mubarikpur Nagar,,,26.520397,80.071033,synthetic_envelope,SRC_VB_SYNTHETIC,,True,0.0,,v0.1,False
LOC_B0F3390A1823,village,Todarpur Nagar,तोदड़पुर नगर,Uttar Pradesh,UP,Kanpur Nagar,VB-UP-KANPUR-NAGAR,,,Todarpur Nagar,,,26.379603,80.43425,synthetic_envelope,SRC_VB_SYNTHETIC,,True,0.0,,v0.1,False
LOC_4A882ABC98DC,village,Todarpur Kalan,तोदड़पुर कलां,Uttar Pradesh,UP,Kanpur Nagar,VB-UP-KANPUR-NAGAR,,,Todarpur Kalan,,,26.453459,80.11009,synthetic_envelope,SRC_VB_SYNTHETIC,,True,0.0,,v0.1,False
LOC_B884C8406818,village,Jamalpur,जमालपुर,Uttar Pradesh,UP,Kanpur Nagar,VB-UP-KANPUR-NAGAR,,,Jamalpur,,,26.507944,80.093988,synthetic_envelope,SRC_VB_SYNTHETIC,,True,0.0,,v0.1,False
LOC_7BEB738A5344,village,Devipur Khera,देवीपुर खेड़ा,Uttar Pradesh,UP,Kanpur Nagar,VB-UP-KANPUR-NAGAR,,,Devipur Khera,,,26.489926,80.154947,synthetic_envelope,SRC_VB_SYNTHETIC,,True,0.0,,v0.1,False
LOC_6A6522ECAF15,village,Todarpur Khurd,तोदड़पुर खुर्द,Uttar Pradesh,UP,Kanpur Nagar,VB-UP-KANPUR-NAGAR,,,Todarpur Khurd,,,26.498224,80.121155,synthetic_envelope,SRC_VB_SYNTHETIC,,True,0.0,,v0.1,False
LOC_0EE95FD81FBF,village,Dhanaura Khera,धनौरा खेड़ा,Uttar Pradesh,UP,Kanpur Nagar,VB-UP-KANPUR-NAGAR,,,Dhanaura Khera,,,26.505333,80.07906,synthetic_envelope,SRC_VB_SYNTHETIC,,True,0.0,,v0.1,False
LOC_6C4BBD5E4414,village,Kishanpur Khurd,किशनपुर खुर्द,Uttar Pradesh,UP,Kanpur Nagar,VB-UP-KANPUR-NAGAR,,,Kishanpur Khurd,,,26.524863,80.497189,synthetic_envelope,SRC_VB_SYNTHETIC,,True,0.0,,v0.1,False
LOC_912A89183701,village,Bhojpur Khera,भोजपुर खेड़ा,Uttar Pradesh,UP,Kanpur Nagar,VB-UP-KANPUR-NAGAR,,,Bhojpur Khera,,,26.514506,80.189507,synthetic_envelope,SRC_VB_SYNTHETIC,,True,0.0,,v0.1,False
LOC_FB2D51C37A39,village,Jhinjhana Majra,झिंझाना माजरा,Uttar Pradesh,UP,Kanpur Nagar,VB-UP-KANPUR-NAGAR,,,Jhinjhana Majra,,,26.487846,80.100459,synthetic_envelope,SRC_VB_SYNTHETIC,,True,0.0,,v0.1,False
LOC_B61B64E07C75,village,Alipur,अलीपुर,Uttar Pradesh,UP,Kanpur Nagar,VB-UP-KANPUR-NAGAR,,,Alipur,,,26.535589,80.090951,synthetic_envelope,SRC_VB_SYNTHETIC,,True,0.0,,v0.1,False
LOC_EDA877834A3E,village,Umarpur,उमरपुर,Uttar Pradesh,UP,Kanpur Nagar,VB-UP-KANPUR-NAGAR,,,Umarpur,,,26.509684,80.149116,synthetic_envelope,SRC_VB_SYNTHETIC,,True,0.0,,v0.1,False
LOC_585B0174299B,village,Rasulpur Majra,रसूलपुर माजरा,Uttar Pradesh,UP,Kanpur Nagar,VB-UP-KANPUR-NAGAR,,,Rasulpur Majra,,,26.469,80.159593,synthetic_envelope,SRC_VB_SYNTHETIC,,True,0.0,,v0.1,False
LOC_FB41072B1E30,village,Ladwa Kalan,लाडवा कलां,Uttar Pradesh,UP,Kanpur Nagar,VB-UP-KANPUR-NAGAR,,,Ladwa Kalan,,,26.375998,80.463529,synthetic_envelope,SRC_VB_SYNTHETIC,,True,0.0,,v0.1,False
LOC_C8250E20BC21,village,Basantpur Khurd,बसंतपुर खुर्द,Uttar Pradesh,UP,Kanpur Nagar,VB-UP-KANPUR-NAGAR,,,Basantpur Khurd,,,26.517511,80.094856,synthetic_envelope,SRC_VB_SYNTHETIC,,True,0.0,,v0.1,False
LOC_696AB08E2146,village,Devipur Kalan,देवीपुर कलां,Uttar Pradesh,UP,Kanpur Nagar,VB-UP-KANPUR-NAGAR,,,Devipur Kalan,,,26.503201,80.182018,synthetic_envelope,SRC_VB_SYNTHETIC,,True,0.0,,v0.1,False
LOC_E2975AAA0E00,village,Kheri Khurd,खेड़ी खुर्द,Uttar Pradesh,UP,Kanpur Nagar,VB-UP-KANPUR-NAGAR,,,Kheri Khurd,,,26.491791,80.460782,synthetic_envelope,SRC_VB_SYNTHETIC,,True,0.0,,v0.1,False
LOC_247A4B83A2FA,village,Bahadurpur Kalan,बहादुरपुर कलां,Uttar Pradesh,UP,Kanpur Nagar,VB-UP-KANPUR-NAGAR,,,Bahadurpur Kalan,,,26.463297,80.14715,synthetic_envelope,SRC_VB_SYNTHETIC,,True,0.0,,v0.1,False
LOC_D67640889E6C,village,Chandpur Kalan (1),चांदपुर कलां,Uttar Pradesh,UP,Kanpur Dehat,VB-UP-KANPUR-DEHAT,,,Chandpur Kalan (1),,,26.443933,79.94513,synthetic_envelope,SRC_VB_SYNTHETIC,,True,0.0,,v0.1,False
LOC_BC5267F5B007,village,Salempur Majra (2),सलेमपुर माजरा,Uttar Pradesh,UP,Kanpur Dehat,VB-UP-KANPUR-DEHAT,,,Salempur Majra (2),,,26.513363,79.980457,synthetic_envelope,SRC_VB_SYNTHETIC,,True,0.0,,v0.1,False
LOC_73A7B3D0E522,village,Ladwa Majra (3),लाडवा माजरा,Uttar Pradesh,UP,Kanpur Dehat,VB-UP-KANPUR-DEHAT,,,Ladwa Majra (3),,,26.313526,79.839762,synthetic_envelope,SRC_VB_SYNTHETIC,,True,0.0,,v0.1,False
LOC_ADB687EEEF23,village,Rasulpur Khera (4),रसूलपुर खेड़ा,Uttar Pradesh,UP,Kanpur Dehat,VB-UP-KANPUR-DEHAT,,,Rasulpur Khera (4),,,26.233279,80.032792,synthetic_envelope,SRC_VB_SYNTHETIC,,True,0.0,,v0.1,False
LOC_97AB1C15910B,village,Ladwa Khera (5),लाडवा खेड़ा,Uttar Pradesh,UP,Kanpur Dehat,VB-UP-KANPUR-DEHAT,,,Ladwa Khera (5),,,26.383698,79.927155,synthetic_envelope,SRC_VB_SYNTHETIC,,True,0.0,,v0.1,False
LOC_A8C562A17E97,village,Chandpur Majra (6),चांदपुर माजरा,Uttar Pradesh,UP,Kanpur Dehat,VB-UP-KANPUR-DEHAT,,,Chandpur Majra (6),,,26.381338,79.836888,synthetic_envelope,SRC_VB_SYNTHETIC,,True,0.0,,v0.1,False
LOC_87DB8829D2E1,village,Mubarikpur Majra (7),मुबारिकपुर माजरा,Uttar Pradesh,UP,Kanpur Dehat,VB-UP-KANPUR-DEHAT,,,Mubarikpur Majra (7),,,26.447412,79.941997,synthetic_envelope,SRC_VB_SYNTHETIC,,True,0.0,,v0.1,False
LOC_2C82B5B457C3,village,Devipur Khera (8),देवीपुर खेड़ा,Uttar Pradesh,UP,Kanpur Dehat,VB-UP-KANPUR-DEHAT,,,Devipur Khera (8),,,26.237201,80.034957,synthetic_envelope,SRC_VB_SYNTHETIC,,True,0.0,,v0.1,False
LOC_B42BACA9CADA,village,Salempur Majra (9),सलेमपुर माजरा,Uttar Pradesh,UP,Kanpur Dehat,VB-UP-KANPUR-DEHAT,,,Salempur Majra (9),,,26.265647,80.159682,synthetic_envelope,SRC_VB_SYNTHETIC,,True,0.0,,v0.1,False
LOC_E1B4FCF406F4,village,Mubarikpur Khurd (10),मुबारिकपुर खुर्द,Uttar Pradesh,UP,Kanpur Dehat,VB-UP-KANPUR-DEHAT,,,Mubarikpur Khurd (10),,,26.296057,79.840465,synthetic_envelope,SRC_VB_SYNTHETIC,,True,0.0,,v0.1,False
LOC_F284EA306298,village,Bhojpur (11),भोजपुर,Uttar Pradesh,UP,Kanpur Dehat,VB-UP-KANPUR-DEHAT,,,Bhojpur (11),,,26.322399,79.825686,synthetic_envelope,SRC_VB_SYNTHETIC,,True,0.0,,v0.1,False
LOC_51C225512BEB,village,Devipur Kalan (12),देवीपुर कलां,Uttar Pradesh,UP,Kanpur Dehat,VB-UP-KANPUR-DEHAT,,,Devipur Kalan (12),,,26.288356,79.7292,synthetic_envelope,SRC_VB_SYNTHETIC,,True,0.0,,v0.1,False
LOC_D8B5965D069D,village,Salempur Nagar (13),सलेमपुर नगर,Uttar Pradesh,UP,Kanpur Dehat,VB-UP-KANPUR-DEHAT,,,Salempur Nagar (13),,,26.212585,80.000926,synthetic_envelope,SRC_VB_SYNTHETIC,,True,0.0,,v0.1,False
LOC_4F095BBEA5B3,village,Jamalpur Kalan (14),जमालपुर कलां,Uttar Pradesh,UP,Kanpur Dehat,VB-UP-KANPUR-DEHAT,,,Jamalpur Kalan (14),,,26.483272,79.909036,synthetic_envelope,SRC_VB_SYNTHETIC,,True,0.0,,v0.1,False
LOC_4CA63B88B4E0,village,Kheri Kalan (15),खेड़ी कलां,Uttar Pradesh,UP,Kanpur Dehat,VB-UP-KANPUR-DEHAT,,,Kheri Kalan (15),,,26.325425,79.773008,synthetic_envelope,SRC_VB_SYNTHETIC,,True,0.0,,v0.1,False
LOC_4CE02D77EE6A,village,Kheri Khurd (16),खेड़ी खुर्द,Uttar Pradesh,UP,Kanpur Dehat,VB-UP-KANPUR-DEHAT,,,Kheri Khurd (16),,,26.451324,79.911519,synthetic_envelope,SRC_VB_SYNTHETIC,,True,0.0,,v0.1,False
LOC_B4B43B071183,village,Salempur Majra (17),सलेमपुर माजरा,Uttar Pradesh,UP,Kanpur Dehat,VB-UP-KANPUR-DEHAT,,,Salempur Majra (17),,,26.279105,80.102708,synthetic_envelope,SRC_VB_SYNTHETIC,,True,0.0,,v0.1,False
LOC_109FDFE5C70B,village,Manakpur Khera (18),मानकपुर खेड़ा,Uttar Pradesh,UP,Kanpur Dehat,VB-UP-KANPUR-DEHAT,,,Manakpur Khera (18),,,26.556211,79.858537,synthetic_envelope,SRC_VB_SYNTHETIC,,True,0.0,,v0.1,False
LOC_0079D1E4B63A,village,Kheri Kalan (19),खेड़ी कलां,Uttar Pradesh,UP,Kanpur Dehat,VB-UP-KANPUR-DEHAT,,,Kheri Kalan (19),,,26.190312,80.053925,synthetic_envelope,SRC_VB_SYNTHETIC,,True,0.0,,v0.1,False
LOC_E59208BBDA23,village,Harjipur Khurd (20),हरजीपुर खुर्द,Uttar Pradesh,UP,Kanpur Dehat,VB-UP-KANPUR-DEHAT,,,Harjipur Khurd (20),,,26.456217,79.901102,synthetic_envelope,SRC_VB_SYNTHETIC,,True,0.0,,v0.1,False
LOC_480CAA297FBD,village,Devipur (21),देवीपुर,Uttar Pradesh,UP,Kanpur Dehat,VB-UP-KANPUR-DEHAT,,,Devipur (21),,,26.497014,79.867481,synthetic_envelope,SRC_VB_SYNTHETIC,,True,0.0,,v0.1,False
LOC_B51F32CF5218,village,Nathupur (22),नत्थूपुर,Uttar Pradesh,UP,Kanpur Dehat,VB-UP-KANPUR-DEHAT,,,Nathupur (22),,,26.305201,80.121543,synthetic_envelope,SRC_VB_SYNTHETIC,,True,0.0,,v0.1,False
LOC_AF68D10A6B3A,village,Basantpur (23),बसंतपुर,Uttar Pradesh,UP,Kanpur Dehat,VB-UP-KANPUR-DEHAT,,,Basantpur (23),,,26.321362,79.790626,synthetic_envelope,SRC_VB_SYNTHETIC,,True,0.0,,v0.1,False
LOC_B84B1A054D5F,village,Kheri Khurd (24),खेड़ी खुर्द,Uttar Pradesh,UP,Kanpur Dehat,VB-UP-KANPUR-DEHAT,,,Kheri Khurd (24),,,26.275695,80.019753,synthetic_envelope,SRC_VB_SYNTHETIC,,True,0.0,,v0.1,False
LOC_B9121F1D02AA,village,Basantpur Majra (25),बसंतपुर माजरा,Uttar Pradesh,UP,Kanpur Dehat,VB-UP-KANPUR-DEHAT,,,Basantpur Majra (25),,,26.555504,79.968891,synthetic_envelope,SRC_VB_SYNTHETIC,,True,0.0,,v0.1,False
LOC_55526ED81F6F,village,Alipur Khurd (26),अलीपुर खुर्द,Uttar Pradesh,UP,Kanpur Dehat,VB-UP-KANPUR-DEHAT,,,Alipur Khurd (26),,,26.465088,79.863366,synthetic_envelope,SRC_VB_SYNTHETIC,,True,0.0,,v0.1,False
LOC_EAED5333722D,village,Kheri (27),खेड़ी,Uttar Pradesh,UP,Kanpur Dehat,VB-UP-KANPUR-DEHAT,,,Kheri (27),,,26.303601,80.017582,synthetic_envelope,SRC_VB_SYNTHETIC,,True,0.0,,v0.1,False
LOC_4C5AFEE0A4EA,village,Jamalpur Khurd (28),जमालपुर खुर्द,Uttar Pradesh,UP,Kanpur Dehat,VB-UP-KANPUR-DEHAT,,,Jamalpur Khurd (28),,,26.338882,79.731703,synthetic_envelope,SRC_VB_SYNTHETIC,,True,0.0,,v0.1,False
LOC_0991C10E27F3,village,Bahadurpur Khurd (29),बहादुरपुर खुर्द,Uttar Pradesh,UP,Kanpur Dehat,VB-UP-KANPUR-DEHAT,,,Bahadurpur Khurd (29),,,26.230232,80.055591,synthetic_envelope,SRC_VB_SYNTHETIC,,True,0.0,,v0.1,False
LOC_E20B38A83CF2,village,Nangla Majra (30),नंगला माजरा,Uttar Pradesh,UP,Kanpur Dehat,VB-UP-KANPUR-DEHAT,,,Nangla Majra (30),,,26.242289,80.035847,synthetic_envelope,SRC_VB_SYNTHETIC,,True,0.0,,v0.1,False
LOC_E99ABE55316B,village,Gopalpur Khurd (31),गोपालपुर खुर्द,Uttar Pradesh,UP,Kanpur Dehat,VB-UP-KANPUR-DEHAT,,,Gopalpur Khurd (31),,,26.38914,79.75527,synthetic_envelope,SRC_VB_SYNTHETIC,,True,0.0,,v0.1,False
LOC_DD11F514CE5A,village,Bhojpur (32),भोजपुर,Uttar Pradesh,UP,Kanpur Dehat,VB-UP-KANPUR-DEHAT,,,Bhojpur (32),,,26.554231,79.841052,synthetic_envelope,SRC_VB_SYNTHETIC,,True,0.0,,v0.1,False
LOC_984161DEC2B0,village,Salempur Khera (33),सलेमपुर खेड़ा,Uttar Pradesh,UP,Kanpur Dehat,VB-UP-KANPUR-DEHAT,,,Salempur Khera (33),,,26.464531,79.874186,synthetic_envelope,SRC_VB_SYNTHETIC,,True,0.0,,v0.1,False
LOC_AE460E70DF54,village,Bhagwanpur Khera (1),भगवानपुर खेड़ा,Uttar Pradesh,UP,Unnao,VB-UP-UNNAO,,,Bhagwanpur Khera (1),,,26.310863,80.632257,synthetic_envelope,SRC_VB_SYNTHETIC,,True,0.0,,v0.1,False
LOC_561E78183D12,village,Rasulpur Majra (2),रसूलपुर माजरा,Uttar Pradesh,UP,Unnao,VB-UP-UNNAO,,,Rasulpur Majra (2),,,26.413005,80.534954,synthetic_envelope,SRC_VB_SYNTHETIC,,True,0.0,,v0.1,False
LOC_AF7AE44CC5C7,village,Rampur Kalan (3),रामपुर कलां,Uttar Pradesh,UP,Unnao,VB-UP-UNNAO,,,Rampur Kalan (3),,,26.559426,80.550316,synthetic_envelope,SRC_VB_SYNTHETIC,,True,0.0,,v0.1,False
LOC_8E40E8997824,village,Naurangpur Khurd (4),नौरंगपुर खुर्द,Uttar Pradesh,UP,Unnao,VB-UP-UNNAO,,,Naurangpur Khurd (4),,,26.577906,80.641406,synthetic_envelope,SRC_VB_SYNTHETIC,,True,0.0,,v0.1,False
LOC_3A3110E545BB,village,Umarpur Khurd (5),उमरपुर खुर्द,Uttar Pradesh,UP,Unnao,VB-UP-UNNAO,,,Umarpur Khurd (5),,,26.317473,80.675079,synthetic_envelope,SRC_VB_SYNTHETIC,,True,0.0,,v0.1,False
LOC_3C670FA427C5,village,Basantpur Kalan (6),बसंतपुर कलां,Uttar Pradesh,UP,Unnao,VB-UP-UNNAO,,,Basantpur Kalan (6),,,26.339221,80.589516,synthetic_envelope,SRC_VB_SYNTHETIC,,True,0.0,,v0.1,False
LOC_6B7FB33A3A83,village,Fatehpur Khera (7),फतेहपुर खेड़ा,Uttar Pradesh,UP,Unnao,VB-UP-UNNAO,,,Fatehpur Khera (7),,,26.580624,80.59872,synthetic_envelope,SRC_VB_SYNTHETIC,,True,0.0,,v0.1,False
LOC_9BA294993D31,village,Bahadurpur Nagar (8),बहादुरपुर नगर,Uttar Pradesh,UP,Unnao,VB-UP-UNNAO,,,Bahadurpur Nagar (8),,,26.344894,80.56065,synthetic_envelope,SRC_VB_SYNTHETIC,,True,0.0,,v0.1,False
LOC_B4BD77960CFC,village,Alipur Khurd (9),अलीपुर खुर्द,Uttar Pradesh,UP,Unnao,VB-UP-UNNAO,,,Alipur Khurd (9),,,26.337461,80.65877,synthetic_envelope,SRC_VB_SYNTHETIC,,True,0.0,,v0.1,False
LOC_8C9345B434DC,village,Shahpur Kalan (10),शाहपुर कलां,Uttar Pradesh,UP,Unnao,VB-UP-UNNAO,,,Shahpur Kalan (10),,,26.575094,80.694812,synthetic_envelope,SRC_VB_SYNTHETIC,,True,0.0,,v0.1,False
LOC_9868AEF3BCB2,village,Manakpur Khurd (11),मानकपुर खुर्द,Uttar Pradesh,UP,Unnao,VB-UP-UNNAO,,,Manakpur Khurd (11),,,26.319286,80.607942,synthetic_envelope,SRC_VB_SYNTHETIC,,True,0.0,,v0.1,False
LOC_A14DD32EF8C3,village,Sikandarpur (12),सिकंदरपुर,Uttar Pradesh,UP,Unnao,VB-UP-UNNAO,,,Sikandarpur (12),,,26.640606,80.573226,synthetic_envelope,SRC_VB_SYNTHETIC,,True,0.0,,v0.1,False
LOC_3C30C6ACEF4C,village,Devipur Nagar (13),देवीपुर नगर,Uttar Pradesh,UP,Unnao,VB-UP-UNNAO,,,Devipur Nagar (13),,,26.330468,80.645995,synthetic_envelope,SRC_VB_SYNTHETIC,,True,0.0,,v0.1,False
LOC_FB066C01D7E0,village,Shahpur Khera (14),शाहपुर खेड़ा,Uttar Pradesh,UP,Unnao,VB-UP-UNNAO,,,Shahpur Khera (14),,,26.541819,80.638473,synthetic_envelope,SRC_VB_SYNTHETIC,,True,0.0,,v0.1,False
LOC_E1200FA082D2,village,Jamalpur Majra (15),जमालपुर माजरा,Uttar Pradesh,UP,Unnao,VB-UP-UNNAO,,,Jamalpur Majra (15),,,26.646191,80.572325,synthetic_envelope,SRC_VB_SYNTHETIC,,True,0.0,,v0.1,False
LOC_8DB5F2A4BCCA,village,Sultanpur Khurd (16),सुल्तानपुर खुर्द,Uttar Pradesh,UP,Unnao,VB-UP-UNNAO,,,Sultanpur Khurd (16),,,26.49309,80.593292,synthetic_envelope,SRC_VB_SYNTHETIC,,True,0.0,,v0.1,False
LOC_AF1413CAD74C,village,Devipur Khera (17),देवीपुर खेड़ा,Uttar Pradesh,UP,Unnao,VB-UP-UNNAO,,,Devipur Khera (17),,,26.603846,80.626741,synthetic_envelope,SRC_VB_SYNTHETIC,,True,0.0,,v0.1,False
LOC_EA09066B45BD,village,Barwala Nagar (18),बरवाला नगर,Uttar Pradesh,UP,Unnao,VB-UP-UNNAO,,,Barwala Nagar (18),,,26.557545,80.62412,synthetic_envelope,SRC_VB_SYNTHETIC,,True,0.0,,v0.1,False
LOC_2E069B3BD166,village,Bhojpur Kalan (19),भोजपुर कलां,Uttar Pradesh,UP,Unnao,VB-UP-UNNAO,,,Bhojpur Kalan (19),,,26.326427,80.620842,synthetic_envelope,SRC_VB_SYNTHETIC,,True,0.0,,v0.1,False
LOC_A95AF86DBB73,village,Mubarikpur (20),मुबारिकपुर,Uttar Pradesh,UP,Unnao,VB-UP-UNNAO,,,Mubarikpur (20),,,26.467715,80.562647,synthetic_envelope,SRC_VB_SYNTHETIC,,True,0.0,,v0.1,False
LOC_83B4A7E1FABD,village,Nathupur Khera (21),नत्थूपुर खेड़ा,Uttar Pradesh,UP,Unnao,VB-UP-UNNAO,,,Nathupur Khera (21),,,26.379815,80.651198,synthetic_envelope,SRC_VB_SYNTHETIC,,True,0.0,,v0.1,False
LOC_F06EC7757673,village,Basantpur (22),बसंतपुर,Uttar Pradesh,UP,Unnao,VB-UP-UNNAO,,,Basantpur (22),,,26.414831,80.671161,synthetic_envelope,SRC_VB_SYNTHETIC,,True,0.0,,v0.1,False
LOC_58F221863964,village,Umarpur Khera (23),उमरपुर खेड़ा,Uttar Pradesh,UP,Unnao,VB-UP-UNNAO,,,Umarpur Khera (23),,,26.591745,80.618764,synthetic_envelope,SRC_VB_SYNTHETIC,,True,0.0,,v0.1,False
LOC_1799E8AA72ED,village,Shahpur Khurd (24),शाहपुर खुर्द,Uttar Pradesh,UP,Unnao,VB-UP-UNNAO,,,Shahpur Khurd (24),,,26.453777,80.620716,synthetic_envelope,SRC_VB_SYNTHETIC,,True,0.0,,v0.1,False
LOC_3187FC77AE04,village,Nathupur Nagar (25),नत्थूपुर नगर,Uttar Pradesh,UP,Unnao,VB-UP-UNNAO,,,Nathupur Nagar (25),,,26.393142,80.622484,synthetic_envelope,SRC_VB_SYNTHETIC,,True,0.0,,v0.1,False
LOC_4A96FFAE3055,village,Chandpur Nagar (26),चांदपुर नगर,Uttar Pradesh,UP,Unnao,VB-UP-UNNAO,,,Chandpur Nagar (26),,,26.395781,80.614055,synthetic_envelope,SRC_VB_SYNTHETIC,,True,0.0,,v0.1,False
LOC_A39A5016C027,village,Harjipur Khera (27),हरजीपुर खेड़ा,Uttar Pradesh,UP,Unnao,VB-UP-UNNAO,,,Harjipur Khera (27),,,26.463641,80.606551,synthetic_envelope,SRC_VB_SYNTHETIC,,True,0.0,,v0.1,False
LOC_73B0778FBAC3,village,Alipur Khera (28),अलीपुर खेड़ा,Uttar Pradesh,UP,Unnao,VB-UP-UNNAO,,,Alipur Khera (28),,,26.340761,80.583032,synthetic_envelope,SRC_VB_SYNTHETIC,,True,0.0,,v0.1,False
LOC_CF828991A492,village,Shahpur Kalan (29),शाहपुर कलां,Uttar Pradesh,UP,Unnao,VB-UP-UNNAO,,,Shahpur Kalan (29),,,26.386294,80.55404,synthetic_envelope,SRC_VB_SYNTHETIC,,True,0.0,,v0.1,False
LOC_9321299690B5,village,Rampur Khurd (30),रामपुर खुर्द,Uttar Pradesh,UP,Unnao,VB-UP-UNNAO,,,Rampur Khurd (30),,,26.374082,80.662019,synthetic_envelope,SRC_VB_SYNTHETIC,,True,0.0,,v0.1,False
LOC_B10D887F4A14,village,Devipur Khera (31),देवीपुर खेड़ा,Uttar Pradesh,UP,Unnao,VB-UP-UNNAO,,,Devipur Khera (31),,,26.452389,80.56065,synthetic_envelope,SRC_VB_SYNTHETIC,,True,0.0,,v0.1,False
LOC_BE3D8071E341,village,Todarpur (32),तोदड़पुर,Uttar Pradesh,UP,Unnao,VB-UP-UNNAO,,,Todarpur (32),,,26.528032,80.569375,synthetic_envelope,SRC_VB_SYNTHETIC,,True,0.0,,v0.1,False
LOC_FC90E9263A1B,village,Alipur Kalan,अलीपुर कलां,Uttar Pradesh,UP,Lucknow,VB-UP-LUCKNOW,,,Alipur Kalan,,,26.76682,80.883145,synthetic_envelope,SRC_VB_SYNTHETIC,,True,0.0,,v0.1,False
LOC_8F975748F99F,village,Devipur Majra,देवीपुर माजरा,Uttar Pradesh,UP,Lucknow,VB-UP-LUCKNOW,,,Devipur Majra,,,26.743339,80.8734,synthetic_envelope,SRC_VB_SYNTHETIC,,True,0.0,,v0.1,False
LOC_FBB3151427FA,village,Nathupur Kalan,नत्थूपुर कलां,Uttar Pradesh,UP,Lucknow,VB-UP-LUCKNOW,,,Nathupur Kalan,,,26.895104,80.777088,synthetic_envelope,SRC_VB_SYNTHETIC,,True,0.0,,v0.1,False
LOC_178FE80F956E,village,Fatehpur Khurd,फतेहपुर खुर्द,Uttar Pradesh,UP,Lucknow,VB-UP-LUCKNOW,,,Fatehpur Khurd,,,26.948906,81.093285,synthetic_envelope,SRC_VB_SYNTHETIC,,True,0.0,,v0.1,False
LOC_B3CA5DD3F304,village,Jhinjhana Khurd,झिंझाना खुर्द,Uttar Pradesh,UP,Lucknow,VB-UP-LUCKNOW,,,Jhinjhana Khurd,,,26.896238,81.095755,synthetic_envelope,SRC_VB_SYNTHETIC,,True,0.0,,v0.1,False
LOC_BBA75C3793F7,village,Gopalpur Khera,गोपालपुर खेड़ा,Uttar Pradesh,UP,Lucknow,VB-UP-LUCKNOW,,,Gopalpur Khera,,,26.87496,80.764811,synthetic_envelope,SRC_VB_SYNTHETIC,,True,0.0,,v0.1,False
LOC_589D566C89D6,village,Alipur Kalan,अलीपुर कलां,Uttar Pradesh,UP,Lucknow,VB-UP-LUCKNOW,,,Alipur Kalan,,,26.924348,81.083393,synthetic_envelope,SRC_VB_SYNTHETIC,,True,0.0,,v0.1,False
LOC_41E6A7BE9A03,village,Mubarikpur Khera,मुबारिकपुर खेड़ा,Uttar Pradesh,UP,Lucknow,VB-UP-LUCKNOW,,,Mubarikpur Khera,,,26.781777,80.848416,synthetic_envelope,SRC_VB_SYNTHETIC,,True,0.0,,v0.1,False
LOC_01EC3A216535,village,Harjipur Nagar,हरजीपुर नगर,Uttar Pradesh,UP,Lucknow,VB-UP-LUCKNOW,,,Harjipur Nagar,,,26.825843,80.842337,synthetic_envelope,SRC_VB_SYNTHETIC,,True,0.0,,v0.1,False
LOC_0CE43F6B8F13,village,Bhagwanpur Majra,भगवानपुर माजरा,Uttar Pradesh,UP,Lucknow,VB-UP-LUCKNOW,,,Bhagwanpur Majra,,,26.80129,80.932028,synthetic_envelope,SRC_VB_SYNTHETIC,,True,0.0,,v0.1,False
LOC_C55C2389897E,village,Rampur Majra,रामपुर माजरा,Uttar Pradesh,UP,Lucknow,VB-UP-LUCKNOW,,,Rampur Majra,,,26.793018,80.866841,synthetic_envelope,SRC_VB_SYNTHETIC,,True,0.0,,v0.1,False
LOC_7BFEB295BB20,village,Basantpur Majra,बसंतपुर माजरा,Uttar Pradesh,UP,Lucknow,VB-UP-LUCKNOW,,,Basantpur Majra,,,26.842645,80.912358,synthetic_envelope,SRC_VB_SYNTHETIC,,True,0.0,,v0.1,False
LOC_D99227AD40AB,village,Ladwa Majra,लाडवा माजरा,Uttar Pradesh,UP,Lucknow,VB-UP-LUCKNOW,,,Ladwa Majra,,,26.967337,81.153067,synthetic_envelope,SRC_VB_SYNTHETIC,,True,0.0,,v0.1,False
LOC_4C8C55F8EA2F,village,Chandpur Khurd,चांदपुर खुर्द,Uttar Pradesh,UP,Lucknow,VB-UP-LUCKNOW,,,Chandpur Khurd,,,26.854006,80.883088,synthetic_envelope,SRC_VB_SYNTHETIC,,True,0.0,,v0.1,False
LOC_28C6D8B13DBF,village,Mubarikpur Nagar,मुबारिकपुर नगर,Uttar Pradesh,UP,Lucknow,VB-UP-LUCKNOW,,,Mubarikpur Nagar,,,26.905061,80.743473,synthetic_envelope,SRC_VB_SYNTHETIC,,True,0.0,,v0.1,False
LOC_4E56772EAE9F,village,Salempur Nagar,सलेमपुर नगर,Uttar Pradesh,UP,Lucknow,VB-UP-LUCKNOW,,,Salempur Nagar,,,26.783242,80.917228,synthetic_envelope,SRC_VB_SYNTHETIC,,True,0.0,,v0.1,False
LOC_B5EC8CCAC10B,village,Mubarikpur Nagar,मुबारिकपुर नगर,Uttar Pradesh,UP,Lucknow,VB-UP-LUCKNOW,,,Mubarikpur Nagar,,,26.783082,80.944137,synthetic_envelope,SRC_VB_SYNTHETIC,,True,0.0,,v0.1,False
LOC_55DC69BAACF1,village,Sultanpur,सुल्तानपुर,Uttar Pradesh,UP,Lucknow,VB-UP-LUCKNOW,,,Sultanpur,,,26.920434,80.790379,synthetic_envelope,SRC_VB_SYNTHETIC,,True,0.0,,v0.1,False
LOC_E38C7828E765,village,Fatehpur Khera (1),फतेहपुर खेड़ा,Uttar Pradesh,UP,Barabanki,VB-UP-BARABANKI,,,Fatehpur Khera (1),,,26.774247,81.29407,synthetic_envelope,SRC_VB_SYNTHETIC,,True,0.0,,v0.1,False
LOC_3DBCD746917E,village,Kishanpur Kalan (2),किशनपुर कलां,Uttar Pradesh,UP,Barabanki,VB-UP-BARABANKI,,,Kishanpur Kalan (2),,,26.886832,81.38789,synthetic_envelope,SRC_VB_SYNTHETIC,,True,0.0,,v0.1,False
LOC_674873747CA7,village,Naurangpur Khurd (3),नौरंगपुर खुर्द,Uttar Pradesh,UP,Barabanki,VB-UP-BARABANKI,,,Naurangpur Khurd (3),,,26.803578,81.240051,synthetic_envelope,SRC_VB_SYNTHETIC,,True,0.0,,v0.1,False
LOC_06E6C656C404,village,Manakpur Khera (4),मानकपुर खेड़ा,Uttar Pradesh,UP,Barabanki,VB-UP-BARABANKI,,,Manakpur Khera (4),,,26.790448,81.413077,synthetic_envelope,SRC_VB_SYNTHETIC,,True,0.0,,v0.1,False
LOC_D65911DF0650,village,Alipur Khurd (5),अलीपुर खुर्द,Uttar Pradesh,UP,Barabanki,VB-UP-BARABANKI,,,Alipur Khurd (5),,,26.767189,81.33755,synthetic_envelope,SRC_VB_SYNTHETIC,,True,0.0,,v0.1,False
LOC_DF8934519673,village,Nathupur Khera (6),नत्थूपुर खेड़ा,Uttar Pradesh,UP,Barabanki,VB-UP-BARABANKI,,,Nathupur Khera (6),,,26.802232,81.311984,synthetic_envelope,SRC_VB_SYNTHETIC,,True,0.0,,v0.1,False
LOC_3A2850B987CC,village,Fatehpur Khurd (7),फतेहपुर खुर्द,Uttar Pradesh,UP,Barabanki,VB-UP-BARABANKI,,,Fatehpur Khurd (7),,,27.085781,81.047368,synthetic_envelope,SRC_VB_SYNTHETIC,,True,0.0,,v0.1,False
LOC_C5811898B891,village,Ladwa Khera (8),लाडवा खेड़ा,Uttar Pradesh,UP,Barabanki,VB-UP-BARABANKI,,,Ladwa Khera (8),,,26.722135,81.400591,synthetic_envelope,SRC_VB_SYNTHETIC,,True,0.0,,v0.1,False
LOC_4D0BAAAB5998,village,Shahpur (9),शाहपुर,Uttar Pradesh,UP,Barabanki,VB-UP-BARABANKI,,,Shahpur (9),,,26.726894,81.390264,synthetic_envelope,SRC_VB_SYNTHETIC,,True,0.0,,v0.1,False
LOC_C4FE308BAF7B,village,Ladwa Khurd (10),लाडवा खुर्द,Uttar Pradesh,UP,Barabanki,VB-UP-BARABANKI,,,Ladwa Khurd (10),,,26.743833,81.339741,synthetic_envelope,SRC_VB_SYNTHETIC,,True,0.0,,v0.1,False
LOC_09EE96EBEA44,village,Jamalpur Khera (11),जमालपुर खेड़ा,Uttar Pradesh,UP,Barabanki,VB-UP-BARABANKI,,,Jamalpur Khera (11),,,26.821835,81.309601,synthetic_envelope,SRC_VB_SYNTHETIC,,True,0.0,,v0.1,False
LOC_4775297EF49C,village,Nangla Majra (12),नंगला माजरा,Uttar Pradesh,UP,Barabanki,VB-UP-BARABANKI,,,Nangla Majra (12),,,26.757203,81.319903,synthetic_envelope,SRC_VB_SYNTHETIC,,True,0.0,,v0.1,False
LOC_724ECC51838D,village,Sultanpur Majra (13),सुल्तानपुर माजरा,Uttar Pradesh,UP,Barabanki,VB-UP-BARABANKI,,,Sultanpur Majra (13),,,27.088294,81.059355,synthetic_envelope,SRC_VB_SYNTHETIC,,True,0.0,,v0.1,False
LOC_936438F913DE,village,Nathupur Kalan (14),नत्थूपुर कलां,Uttar Pradesh,UP,Barabanki,VB-UP-BARABANKI,,,Nathupur Kalan (14),,,26.98865,81.089082,synthetic_envelope,SRC_VB_SYNTHETIC,,True,0.0,,v0.1,False
LOC_3FCA22361444,village,Chandpur Majra (15),चांदपुर माजरा,Uttar Pradesh,UP,Barabanki,VB-UP-BARABANKI,,,Chandpur Majra (15),,,27.068579,81.055929,synthetic_envelope,SRC_VB_SYNTHETIC,,True,0.0,,v0.1,False
LOC_630F6DFDAADF,village,Mubarikpur Khurd (16),मुबारिकपुर खुर्द,Uttar Pradesh,UP,Barabanki,VB-UP-BARABANKI,,,Mubarikpur Khurd (16),,,27.063851,81.073454,synthetic_envelope,SRC_VB_SYNTHETIC,,True,0.0,,v0.1,False
LOC_227682AE6F27,village,Fatehpur Nagar (17),फतेहपुर नगर,Uttar Pradesh,UP,Barabanki,VB-UP-BARABANKI,,,Fatehpur Nagar (17),,,26.813887,81.422758,synthetic_envelope,SRC_VB_SYNTHETIC,,True,0.0,,v0.1,False
LOC_A819A1872169,village,Todarpur (18),तोदड़पुर,Uttar Pradesh,UP,Barabanki,VB-UP-BARABANKI,,,Todarpur (18),,,26.801605,81.307809,synthetic_envelope,SRC_VB_SYNTHETIC,,True,0.0,,v0.1,False
LOC_33719393A062,village,Naurangpur Khera (19),नौरंगपुर खेड़ा,Uttar Pradesh,UP,Barabanki,VB-UP-BARABANKI,,,Naurangpur Khera (19),,,26.92651,81.407835,synthetic_envelope,SRC_VB_SYNTHETIC,,True,0.0,,v0.1,False
LOC_FCB25A7F268A,village,Sultanpur Kalan (20),सुल्तानपुर कलां,Uttar Pradesh,UP,Barabanki,VB-UP-BARABANKI,,,Sultanpur Kalan (20),,,27.026656,81.004699,synthetic_envelope,SRC_VB_SYNTHETIC,,True,0.0,,v0.1,False
LOC_C93BA2CA8BA1,village,Umarpur (21),उमरपुर,Uttar Pradesh,UP,Barabanki,VB-UP-BARABANKI,,,Umarpur (21),,,26.801674,81.395245,synthetic_envelope,SRC_VB_SYNTHETIC,,True,0.0,,v0.1,False
LOC_40BD2833418B,village,Sikandarpur (22),सिकंदरपुर,Uttar Pradesh,UP,Barabanki,VB-UP-BARABANKI,,,Sikandarpur (22),,,27.059927,81.071167,synthetic_envelope,SRC_VB_SYNTHETIC,,True,0.0,,v0.1,False
LOC_C726E67758AE,village,Dhanaura Majra (23),धनौरा माजरा,Uttar Pradesh,UP,Barabanki,VB-UP-BARABANKI,,,Dhanaura Majra (23),,,27.038224,81.084503,synthetic_envelope,SRC_VB_SYNTHETIC,,True,0.0,,v0.1,False
LOC_3179AFA249E8,village,Shahpur Khera (24),शाहपुर खेड़ा,Uttar Pradesh,UP,Barabanki,VB-UP-BARABANKI,,,Shahpur Khera (24),,,27.106431,81.127033,synthetic_envelope,SRC_VB_SYNTHETIC,,True,0.0,,v0.1,False
LOC_60A075B37E45,village,Manakpur Majra (25),मानकपुर माजरा,Uttar Pradesh,UP,Barabanki,VB-UP-BARABANKI,,,Manakpur Majra (25),,,27.129303,81.05409,synthetic_envelope,SRC_VB_SYNTHETIC,,True,0.0,,v0.1,False
LOC_A4BE300C49F0,village,Basantpur Kalan (26),बसंतपुर कलां,Uttar Pradesh,UP,Barabanki,VB-UP-BARABANKI,,,Basantpur Kalan (26),,,26.828054,81.472108,synthetic_envelope,SRC_VB_SYNTHETIC,,True,0.0,,v0.1,False
LOC_7615AB0FD2FF,village,Manakpur Khurd (27),मानकपुर खुर्द,Uttar Pradesh,UP,Barabanki,VB-UP-BARABANKI,,,Manakpur Khurd (27),,,26.982731,81.10502,synthetic_envelope,SRC_VB_SYNTHETIC,,True,0.0,,v0.1,False
LOC_F0C7C05DC1EA,village,Manakpur Khurd (28),मानकपुर खुर्द,Uttar Pradesh,UP,Barabanki,VB-UP-BARABANKI,,,Manakpur Khurd (28),,,26.843972,81.296856,synthetic_envelope,SRC_VB_SYNTHETIC,,True,0.0,,v0.1,False
LOC_2DAEB05CE1B0,village,Nangla (29),नंगला,Uttar Pradesh,UP,Barabanki,VB-UP-BARABANKI,,,Nangla (29),,,26.855892,81.406364,synthetic_envelope,SRC_VB_SYNTHETIC,,True,0.0,,v0.1,False
LOC_482EF967BC5D,village,Jamalpur Majra (30),जमालपुर माजरा,Uttar Pradesh,UP,Barabanki,VB-UP-BARABANKI,,,Jamalpur Majra (30),,,27.036851,81.101811,synthetic_envelope,SRC_VB_SYNTHETIC,,True,0.0,,v0.1,False
LOC_830C7D28269E,village,Harjipur Khera (31),हरजीपुर खेड़ा,Uttar Pradesh,UP,Barabanki,VB-UP-BARABANKI,,,Harjipur Khera (31),,,26.822161,81.371544,synthetic_envelope,SRC_VB_SYNTHETIC,,True,0.0,,v0.1,False
LOC_62BE4D6C9E34,village,Fatehpur Khurd (32),फतेहपुर खुर्द,Uttar Pradesh,UP,Barabanki,VB-UP-BARABANKI,,,Fatehpur Khurd (32),,,26.769155,81.269465,synthetic_envelope,SRC_VB_SYNTHETIC,,True,0.0,,v0.1,False
LOC_8E573FE02F47,village,Shahpur Majra (1),शाहपुर माजरा,Uttar Pradesh,UP,Sitapur,VB-UP-SITAPUR,,,Shahpur Majra (1),,,27.416735,80.924451,synthetic_envelope,SRC_VB_SYNTHETIC,,True,0.0,,v0.1,False
LOC_1DED7293A127,village,Salempur Nagar (2),सलेमपुर नगर,Uttar Pradesh,UP,Sitapur,VB-UP-SITAPUR,,,Salempur Nagar (2),,,27.425103,80.669532,synthetic_envelope,SRC_VB_SYNTHETIC,,True,0.0,,v0.1,False
LOC_BE6FC68C6C55,village,Jhinjhana (3),झिंझाना,Uttar Pradesh,UP,Sitapur,VB-UP-SITAPUR,,,Jhinjhana (3),,,27.304516,80.648466,synthetic_envelope,SRC_VB_SYNTHETIC,,True,0.0,,v0.1,False
LOC_7D489BF60D68,village,Harjipur Khera (4),हरजीपुर खेड़ा,Uttar Pradesh,UP,Sitapur,VB-UP-SITAPUR,,,Harjipur Khera (4),,,27.385618,80.918155,synthetic_envelope,SRC_VB_SYNTHETIC,,True,0.0,,v0.1,False
LOC_75BD5D222D16,village,Harjipur (5),हरजीपुर,Uttar Pradesh,UP,Sitapur,VB-UP-SITAPUR,,,Harjipur (5),,,27.319881,80.656184,synthetic_envelope,SRC_VB_SYNTHETIC,,True,0.0,,v0.1,False
LOC_4A0C382FC280,village,Jamalpur Kalan (6),जमालपुर कलां,Uttar Pradesh,UP,Sitapur,VB-UP-SITAPUR,,,Jamalpur Kalan (6),,,27.426236,80.938303,synthetic_envelope,SRC_VB_SYNTHETIC,,True,0.0,,v0.1,False
LOC_FE6DCEA46A7C,village,Kheri Khera (7),खेड़ी खेड़ा,Uttar Pradesh,UP,Sitapur,VB-UP-SITAPUR,,,Kheri Khera (7),,,27.324086,80.605772,synthetic_envelope,SRC_VB_SYNTHETIC,,True,0.0,,v0.1,False
LOC_9EA9A06106C9,village,Sikandarpur Kalan (8),सिकंदरपुर कलां,Uttar Pradesh,UP,Sitapur,VB-UP-SITAPUR,,,Sikandarpur Kalan (8),,,27.3727,80.626623,synthetic_envelope,SRC_VB_SYNTHETIC,,True,0.0,,v0.1,False
LOC_F906A2200113,village,Bahadurpur (9),बहादुरपुर,Uttar Pradesh,UP,Sitapur,VB-UP-SITAPUR,,,Bahadurpur (9),,,27.370849,80.806523,synthetic_envelope,SRC_VB_SYNTHETIC,,True,0.0,,v0.1,False
LOC_927E3999E72B,village,Alipur Khurd (10),अलीपुर खुर्द,Uttar Pradesh,UP,Sitapur,VB-UP-SITAPUR,,,Alipur Khurd (10),,,27.296688,80.717469,synthetic_envelope,SRC_VB_SYNTHETIC,,True,0.0,,v0.1,False
LOC_10EF45002501,village,Salempur Majra (11),सलेमपुर माजरा,Uttar Pradesh,UP,Sitapur,VB-UP-SITAPUR,,,Salempur Majra (11),,,27.407828,80.830737,synthetic_envelope,SRC_VB_SYNTHETIC,,True,0.0,,v0.1,False
LOC_11E5246CB88F,village,Salempur Khera (12),सलेमपुर खेड़ा,Uttar Pradesh,UP,Sitapur,VB-UP-SITAPUR,,,Salempur Khera (12),,,27.46989,80.931401,synthetic_envelope,SRC_VB_SYNTHETIC,,True,0.0,,v0.1,False
LOC_0AF1515F11B5,village,Barwala Nagar (13),बरवाला नगर,Uttar Pradesh,UP,Sitapur,VB-UP-SITAPUR,,,Barwala Nagar (13),,,27.30275,80.695796,synthetic_envelope,SRC_VB_SYNTHETIC,,True,0.0,,v0.1,False
LOC_4D721D8CF7FC,village,Sikandarpur Nagar (14),सिकंदरपुर नगर,Uttar Pradesh,UP,Sitapur,VB-UP-SITAPUR,,,Sikandarpur Nagar (14),,,27.472487,80.841546,synthetic_envelope,SRC_VB_SYNTHETIC,,True,0.0,,v0.1,False
LOC_C53C63D393CD,village,Bahadurpur Khera (15),बहादुरपुर खेड़ा,Uttar Pradesh,UP,Sitapur,VB-UP-SITAPUR,,,Bahadurpur Khera (15),,,27.465329,80.829377,synthetic_envelope,SRC_VB_SYNTHETIC,,True,0.0,,v0.1,False
LOC_706C05499D9D,village,Dhanaura (16),धनौरा,Uttar Pradesh,UP,Sitapur,VB-UP-SITAPUR,,,Dhanaura (16),,,27.380704,80.735826,synthetic_envelope,SRC_VB_SYNTHETIC,,True,0.0,,v0.1,False
LOC_B86D995FA8C1,village,Shahpur Khera (17),शाहपुर खेड़ा,Uttar Pradesh,UP,Sitapur,VB-UP-SITAPUR,,,Shahpur Khera (17),,,27.466043,80.839007,synthetic_envelope,SRC_VB_SYNTHETIC,,True,0.0,,v0.1,False
LOC_C628ABA0FCDB,village,Shahpur Khurd (18),शाहपुर खुर्द,Uttar Pradesh,UP,Sitapur,VB-UP-SITAPUR,,,Shahpur Khurd (18),,,27.357126,80.768682,synthetic_envelope,SRC_VB_SYNTHETIC,,True,0.0,,v0.1,False
LOC_42C9C04CE554,village,Alipur Khera (19),अलीपुर खेड़ा,Uttar Pradesh,UP,Sitapur,VB-UP-SITAPUR,,,Alipur Khera (19),,,27.327893,80.671474,synthetic_envelope,SRC_VB_SYNTHETIC,,True,0.0,,v0.1,False
LOC_DE598C3A651D,village,Rasulpur Kalan (20),रसूलपुर कलां,Uttar Pradesh,UP,Sitapur,VB-UP-SITAPUR,,,Rasulpur Kalan (20),,,27.484143,80.675172,synthetic_envelope,SRC_VB_SYNTHETIC,,True,0.0,,v0.1,False
LOC_33B992D0A98F,village,Harjipur (21),हरजीपुर,Uttar Pradesh,UP,Sitapur,VB-UP-SITAPUR,,,Harjipur (21),,,27.384305,80.668357,synthetic_envelope,SRC_VB_SYNTHETIC,,True,0.0,,v0.1,False
LOC_FE2423C5F510,village,Nangla (22),नंगला,Uttar Pradesh,UP,Sitapur,VB-UP-SITAPUR,,,Nangla (22),,,27.39044,80.712957,synthetic_envelope,SRC_VB_SYNTHETIC,,True,0.0,,v0.1,False
LOC_757561FA5322,village,Manakpur Majra (23),मानकपुर माजरा,Uttar Pradesh,UP,Sitapur,VB-UP-SITAPUR,,,Manakpur Majra (23),,,27.371421,80.674709,synthetic_envelope,SRC_VB_SYNTHETIC,,True,0.0,,v0.1,False
LOC_3CB16E335086,village,Shahpur Khurd (24),शाहपुर खुर्द,Uttar Pradesh,UP,Sitapur,VB-UP-SITAPUR,,,Shahpur Khurd (24),,,27.453552,80.761838,synthetic_envelope,SRC_VB_SYNTHETIC,,True,0.0,,v0.1,False
LOC_2B786E5A04A7,village,Manakpur Nagar (25),मानकपुर नगर,Uttar Pradesh,UP,Sitapur,VB-UP-SITAPUR,,,Manakpur Nagar (25),,,27.490044,80.737628,synthetic_envelope,SRC_VB_SYNTHETIC,,True,0.0,,v0.1,False
LOC_6BF89A0036EE,village,Harjipur Khurd (26),हरजीपुर खुर्द,Uttar Pradesh,UP,Sitapur,VB-UP-SITAPUR,,,Harjipur Khurd (26),,,27.412617,80.91364,synthetic_envelope,SRC_VB_SYNTHETIC,,True,0.0,,v0.1,False
LOC_42E3C0590241,village,Todarpur Nagar (27),तोदड़पुर नगर,Uttar Pradesh,UP,Sitapur,VB-UP-SITAPUR,,,Todarpur Nagar (27),,,27.409874,80.757412,synthetic_envelope,SRC_VB_SYNTHETIC,,True,0.0,,v0.1,False
LOC_67FE12ED9B92,village,Manakpur Majra (28),मानकपुर माजरा,Uttar Pradesh,UP,Sitapur,VB-UP-SITAPUR,,,Manakpur Majra (28),,,27.466553,80.752623,synthetic_envelope,SRC_VB_SYNTHETIC,,True,0.0,,v0.1,False
LOC_02BB593B4CC4,village,Dhanaura Majra (29),धनौरा माजरा,Uttar Pradesh,UP,Sitapur,VB-UP-SITAPUR,,,Dhanaura Majra (29),,,27.354705,80.834375,synthetic_envelope,SRC_VB_SYNTHETIC,,True,0.0,,v0.1,False
LOC_D9EDA26D815E,village,Basantpur Khurd (30),बसंतपुर खुर्द,Uttar Pradesh,UP,Sitapur,VB-UP-SITAPUR,,,Basantpur Khurd (30),,,27.376922,80.757892,synthetic_envelope,SRC_VB_SYNTHETIC,,True,0.0,,v0.1,False
LOC_B80F46302B2B,village,Bhojpur Nagar (31),भोजपुर नगर,Uttar Pradesh,UP,Sitapur,VB-UP-SITAPUR,,,Bhojpur Nagar (31),,,27.451458,80.617939,synthetic_envelope,SRC_VB_SYNTHETIC,,True,0.0,,v0.1,False
LOC_6BBE82447F8C,village,Rampur Khurd (32),रामपुर खुर्द,Uttar Pradesh,UP,Sitapur,VB-UP-SITAPUR,,,Rampur Khurd (32),,,27.444241,80.714934,synthetic_envelope,SRC_VB_SYNTHETIC,,True,0.0,,v0.1,False
LOC_9603DF774AA2,village,Jamalpur Khurd (33),जमालपुर खुर्द,Uttar Pradesh,UP,Sitapur,VB-UP-SITAPUR,,,Jamalpur Khurd (33),,,27.348374,80.627465,synthetic_envelope,SRC_VB_SYNTHETIC,,True,0.0,,v0.1,False
LOC_AEAE1152DDF2,village,Nathupur Khera (1),नत्थूपुर खेड़ा,Uttar Pradesh,UP,Hardoi,VB-UP-HARDOI,,,Nathupur Khera (1),,,27.459915,80.206857,synthetic_envelope,SRC_VB_SYNTHETIC,,True,0.0,,v0.1,False
LOC_61660DDC6DB1,village,Dhanaura Majra (2),धनौरा माजरा,Uttar Pradesh,UP,Hardoi,VB-UP-HARDOI,,,Dhanaura Majra (2),,,27.44288,80.290538,synthetic_envelope,SRC_VB_SYNTHETIC,,True,0.0,,v0.1,False
LOC_C90254DC1403,village,Mubarikpur Kalan (3),मुबारिकपुर कलां,Uttar Pradesh,UP,Hardoi,VB-UP-HARDOI,,,Mubarikpur Kalan (3),,,27.144688,80.147488,synthetic_envelope,SRC_VB_SYNTHETIC,,True,0.0,,v0.1,False
LOC_D66F2DA048CB,village,Bhagwanpur Khera (4),भगवानपुर खेड़ा,Uttar Pradesh,UP,Hardoi,VB-UP-HARDOI,,,Bhagwanpur Khera (4),,,27.154937,80.074368,synthetic_envelope,SRC_VB_SYNTHETIC,,True,0.0,,v0.1,False
LOC_913A2914A953,village,Bhojpur Kalan (5),भोजपुर कलां,Uttar Pradesh,UP,Hardoi,VB-UP-HARDOI,,,Bhojpur Kalan (5),,,27.616931,80.12476,synthetic_envelope,SRC_VB_SYNTHETIC,,True,0.0,,v0.1,False
LOC_CE4265D3360D,village,Jamalpur Khera (6),जमालपुर खेड़ा,Uttar Pradesh,UP,Hardoi,VB-UP-HARDOI,,,Jamalpur Khera (6),,,27.626632,80.122887,synthetic_envelope,SRC_VB_SYNTHETIC,,True,0.0,,v0.1,False
LOC_B4DB6A675F2C,village,Nangla Majra (7),नंगला माजरा,Uttar Pradesh,UP,Hardoi,VB-UP-HARDOI,,,Nangla Majra (7),,,27.572202,80.161835,synthetic_envelope,SRC_VB_SYNTHETIC,,True,0.0,,v0.1,False
LOC_AF66D725BA06,village,Shahpur Khurd (8),शाहपुर खुर्द,Uttar Pradesh,UP,Hardoi,VB-UP-HARDOI,,,Shahpur Khurd (8),,,27.637631,80.188309,synthetic_envelope,SRC_VB_SYNTHETIC,,True,0.0,,v0.1,False
LOC_546053D9C01E,village,Fatehpur Kalan (9),फतेहपुर कलां,Uttar Pradesh,UP,Hardoi,VB-UP-HARDOI,,,Fatehpur Kalan (9),,,27.46661,80.214917,synthetic_envelope,SRC_VB_SYNTHETIC,,True,0.0,,v0.1,False
LOC_95BC5D80C9F7,village,Shahpur Nagar (10),शाहपुर नगर,Uttar Pradesh,UP,Hardoi,VB-UP-HARDOI,,,Shahpur Nagar (10),,,27.486964,80.206824,synthetic_envelope,SRC_VB_SYNTHETIC,,True,0.0,,v0.1,False
LOC_499F5641BAF1,village,Bhagwanpur Kalan (11),भगवानपुर कलां,Uttar Pradesh,UP,Hardoi,VB-UP-HARDOI,,,Bhagwanpur Kalan (11),,,27.152822,80.010792,synthetic_envelope,SRC_VB_SYNTHETIC,,True,0.0,,v0.1,False
LOC_274A05316164,village,Fatehpur Khera (12),फतेहपुर खेड़ा,Uttar Pradesh,UP,Hardoi,VB-UP-HARDOI,,,Fatehpur Khera (12),,,27.604525,80.142845,synthetic_envelope,SRC_VB_SYNTHETIC,,True,0.0,,v0.1,False
LOC_59C6DD969014,village,Sikandarpur Khurd (13),सिकंदरपुर खुर्द,Uttar Pradesh,UP,Hardoi,VB-UP-HARDOI,,,Sikandarpur Khurd (13),,,27.18859,80.062314,synthetic_envelope,SRC_VB_SYNTHETIC,,True,0.0,,v0.1,False
LOC_EC3141A854A4,village,Umarpur Nagar (14),उमरपुर नगर,Uttar Pradesh,UP,Hardoi,VB-UP-HARDOI,,,Umarpur Nagar (14),,,27.149092,80.074943,synthetic_envelope,SRC_VB_SYNTHETIC,,True,0.0,,v0.1,False
LOC_9A8561261510,village,Ladwa (15),लाडवा,Uttar Pradesh,UP,Hardoi,VB-UP-HARDOI,,,Ladwa (15),,,27.144688,79.987242,synthetic_envelope,SRC_VB_SYNTHETIC,,True,0.0,,v0.1,False
LOC_01E086DC587C,village,Kheri Kalan (16),खेड़ी कलां,Uttar Pradesh,UP,Hardoi,VB-UP-HARDOI,,,Kheri Kalan (16),,,27.164779,80.141868,synthetic_envelope,SRC_VB_SYNTHETIC,,True,0.0,,v0.1,False
LOC_A8482E8F7F62,village,Gopalpur Khurd (17),गोपालपुर खुर्द,Uttar Pradesh,UP,Hardoi,VB-UP-HARDOI,,,Gopalpur Khurd (17),,,27.630032,80.182059,synthetic_envelope,SRC_VB_SYNTHETIC,,True,0.0,,v0.1,False
LOC_4E1D33768F1B,village,Jhinjhana Kalan (18),झिंझाना कलां,Uttar Pradesh,UP,Hardoi,VB-UP-HARDOI,,,Jhinjhana Kalan (18),,,27.617063,80.154465,synthetic_envelope,SRC_VB_SYNTHETIC,,True,0.0,,v0.1,False
LOC_BE970D8B2387,village,Todarpur Kalan (19),तोदड़पुर कलां,Uttar Pradesh,UP,Hardoi,VB-UP-HARDOI,,,Todarpur Kalan (19),,,27.544955,80.259242,synthetic_envelope,SRC_VB_SYNTHETIC,,True,0.0,,v0.1,False
LOC_B48D7BA68C77,village,Kishanpur Khera (20),किशनपुर खेड़ा,Uttar Pradesh,UP,Hardoi,VB-UP-HARDOI,,,Kishanpur Khera (20),,,27.573254,80.118276,synthetic_envelope,SRC_VB_SYNTHETIC,,True,0.0,,v0.1,False
LOC_D49BC588944C,village,Nangla Khera (21),नंगला खेड़ा,Uttar Pradesh,UP,Hardoi,VB-UP-HARDOI,,,Nangla Khera (21),,,27.205945,80.090782,synthetic_envelope,SRC_VB_SYNTHETIC,,True,0.0,,v0.1,False
LOC_7728177229EB,village,Salempur Khera (22),सलेमपुर खेड़ा,Uttar Pradesh,UP,Hardoi,VB-UP-HARDOI,,,Salempur Khera (22),,,27.439463,80.297428,synthetic_envelope,SRC_VB_SYNTHETIC,,True,0.0,,v0.1,False
LOC_4C305ACC7B0D,village,Todarpur (23),तोदड़पुर,Uttar Pradesh,UP,Hardoi,VB-UP-HARDOI,,,Todarpur (23),,,27.687312,80.180774,synthetic_envelope,SRC_VB_SYNTHETIC,,True,0.0,,v0.1,False
LOC_59542E8EE11E,village,Rampur Kalan (24),रामपुर कलां,Uttar Pradesh,UP,Hardoi,VB-UP-HARDOI,,,Rampur Kalan (24),,,27.513706,80.224276,synthetic_envelope,SRC_VB_SYNTHETIC,,True,0.0,,v0.1,False
LOC_0A21A03ED0BB,village,Fatehpur (25),फतेहपुर,Uttar Pradesh,UP,Hardoi,VB-UP-HARDOI,,,Fatehpur (25),,,27.144688,80.104396,synthetic_envelope,SRC_VB_SYNTHETIC,,True,0.0,,v0.1,False
LOC_52B30ACC9E04,village,Nangla Khurd (26),नंगला खुर्द,Uttar Pradesh,UP,Hardoi,VB-UP-HARDOI,,,Nangla Khurd (26),,,27.167652,80.108601,synthetic_envelope,SRC_VB_SYNTHETIC,,True,0.0,,v0.1,False
LOC_F6636CCCA7BD,village,Harjipur Khurd (27),हरजीपुर खुर्द,Uttar Pradesh,UP,Hardoi,VB-UP-HARDOI,,,Harjipur Khurd (27),,,27.191154,80.059566,synthetic_envelope,SRC_VB_SYNTHETIC,,True,0.0,,v0.1,False
LOC_93120A77299D,village,Shahpur Khera (28),शाहपुर खेड़ा,Uttar Pradesh,UP,Hardoi,VB-UP-HARDOI,,,Shahpur Khera (28),,,27.638086,80.167636,synthetic_envelope,SRC_VB_SYNTHETIC,,True,0.0,,v0.1,False
LOC_C8F6BF77F196,village,Nathupur Nagar (29),नत्थूपुर नगर,Uttar Pradesh,UP,Hardoi,VB-UP-HARDOI,,,Nathupur Nagar (29),,,27.358599,80.23574,synthetic_envelope,SRC_VB_SYNTHETIC,,True,0.0,,v0.1,False
LOC_DF8BA9221F33,village,Naurangpur (30),नौरंगपुर,Uttar Pradesh,UP,Hardoi,VB-UP-HARDOI,,,Naurangpur (30),,,27.625187,80.124766,synthetic_envelope,SRC_VB_SYNTHETIC,,True,0.0,,v0.1,False
LOC_1BC26EABAF97,village,Bahadurpur Majra (31),बहादुरपुर माजरा,Uttar Pradesh,UP,Hardoi,VB-UP-HARDOI,,,Bahadurpur Majra (31),,,27.502437,80.222522,synthetic_envelope,SRC_VB_SYNTHETIC,,True,0.0,,v0.1,False
LOC_7D76DCC1F980,village,Rasulpur Majra (32),रसूलपुर माजरा,Uttar Pradesh,UP,Hardoi,VB-UP-HARDOI,,,Rasulpur Majra (32),,,27.591433,80.221155,synthetic_envelope,SRC_VB_SYNTHETIC,,True,0.0,,v0.1,False
LOC_01758B8B1B0B,village,Rampur Khurd (33),रामपुर खुर्द,Uttar Pradesh,UP,Hardoi,VB-UP-HARDOI,,,Rampur Khurd (33),,,27.154593,80.096436,synthetic_envelope,SRC_VB_SYNTHETIC,,True,0.0,,v0.1,False
LOC_D8923020653D,village,Barwala Majra (1),बरवाला माजरा,Uttar Pradesh,UP,Bareilly,VB-UP-BAREILLY,,,Barwala Majra (1),,,28.509293,79.227981,synthetic_envelope,SRC_VB_SYNTHETIC,,True,0.0,,v0.1,False
LOC_BC1C1B8D31F7,village,Sikandarpur Majra (2),सिकंदरपुर माजरा,Uttar Pradesh,UP,Bareilly,VB-UP-BAREILLY,,,Sikandarpur Majra (2),,,28.279463,79.599043,synthetic_envelope,SRC_VB_SYNTHETIC,,True,0.0,,v0.1,False
LOC_FDB66291CFA7,village,Harjipur Khurd (3),हरजीपुर खुर्द,Uttar Pradesh,UP,Bareilly,VB-UP-BAREILLY,,,Harjipur Khurd (3),,,28.212135,79.486885,synthetic_envelope,SRC_VB_SYNTHETIC,,True,0.0,,v0.1,False
LOC_9AD951683850,village,Basantpur Kalan (4),बसंतपुर कलां,Uttar Pradesh,UP,Bareilly,VB-UP-BAREILLY,,,Basantpur Kalan (4),,,28.508091,79.553973,synthetic_envelope,SRC_VB_SYNTHETIC,,True,0.0,,v0.1,False
LOC_B472D0762098,village,Ladwa Majra (5),लाडवा माजरा,Uttar Pradesh,UP,Bareilly,VB-UP-BAREILLY,,,Ladwa Majra (5),,,28.353981,79.685486,synthetic_envelope,SRC_VB_SYNTHETIC,,True,0.0,,v0.1,False
LOC_B790FE786BFF,village,Naurangpur Kalan (6),नौरंगपुर कलां,Uttar Pradesh,UP,Bareilly,VB-UP-BAREILLY,,,Naurangpur Kalan (6),,,28.251447,79.581575,synthetic_envelope,SRC_VB_SYNTHETIC,,True,0.0,,v0.1,False
LOC_885F7E7F0E2F,village,Manakpur Majra (7),मानकपुर माजरा,Uttar Pradesh,UP,Bareilly,VB-UP-BAREILLY,,,Manakpur Majra (7),,,28.210208,79.621748,synthetic_envelope,SRC_VB_SYNTHETIC,,True,0.0,,v0.1,False
LOC_B8D7DB1C8FF1,village,Nangla Kalan (8),नंगला कलां,Uttar Pradesh,UP,Bareilly,VB-UP-BAREILLY,,,Nangla Kalan (8),,,28.332111,79.56357,synthetic_envelope,SRC_VB_SYNTHETIC,,True,0.0,,v0.1,False
LOC_8730AA17B1A5,village,Devipur Khurd (9),देवीपुर खुर्द,Uttar Pradesh,UP,Bareilly,VB-UP-BAREILLY,,,Devipur Khurd (9),,,28.230876,79.633713,synthetic_envelope,SRC_VB_SYNTHETIC,,True,0.0,,v0.1,False
LOC_A722D1CEE912,village,Rampur Kalan (10),रामपुर कलां,Uttar Pradesh,UP,Bareilly,VB-UP-BAREILLY,,,Rampur Kalan (10),,,28.416705,79.197865,synthetic_envelope,SRC_VB_SYNTHETIC,,True,0.0,,v0.1,False
LOC_D6865948FC1D,village,Barwala Khurd (11),बरवाला खुर्द,Uttar Pradesh,UP,Bareilly,VB-UP-BAREILLY,,,Barwala Khurd (11),,,28.391688,79.263888,synthetic_envelope,SRC_VB_SYNTHETIC,,True,0.0,,v0.1,False
LOC_D31A2E25FC78,village,Chandpur Nagar (12),चांदपुर नगर,Uttar Pradesh,UP,Bareilly,VB-UP-BAREILLY,,,Chandpur Nagar (12),,,28.472543,79.596565,synthetic_envelope,SRC_VB_SYNTHETIC,,True,0.0,,v0.1,False
LOC_7CF460E4453C,village,Rampur (13),रामपुर,Uttar Pradesh,UP,Bareilly,VB-UP-BAREILLY,,,Rampur (13),,,28.491646,79.23667,synthetic_envelope,SRC_VB_SYNTHETIC,,True,0.0,,v0.1,False
LOC_BF5762256FEC,village,Kheri Nagar (14),खेड़ी नगर,Uttar Pradesh,UP,Bareilly,VB-UP-BAREILLY,,,Kheri Nagar (14),,,28.520537,79.309513,synthetic_envelope,SRC_VB_SYNTHETIC,,True,0.0,,v0.1,False
LOC_BD0BB2F2A91A,village,Alipur Majra (15),अलीपुर माजरा,Uttar Pradesh,UP,Bareilly,VB-UP-BAREILLY,,,Alipur Majra (15),,,28.417664,79.192814,synthetic_envelope,SRC_VB_SYNTHETIC,,True,0.0,,v0.1,False
LOC_F4FD81F69BAC,village,Bhojpur Nagar (16),भोजपुर नगर,Uttar Pradesh,UP,Bareilly,VB-UP-BAREILLY,,,Bhojpur Nagar (16),,,28.567548,79.42426,synthetic_envelope,SRC_VB_SYNTHETIC,,True,0.0,,v0.1,False
LOC_B949EDF1B775,village,Salempur Khera (17),सलेमपुर खेड़ा,Uttar Pradesh,UP,Bareilly,VB-UP-BAREILLY,,,Salempur Khera (17),,,28.536895,79.57008,synthetic_envelope,SRC_VB_SYNTHETIC,,True,0.0,,v0.1,False
LOC_FDFEF592DFD7,village,Fatehpur Nagar (18),फतेहपुर नगर,Uttar Pradesh,UP,Bareilly,VB-UP-BAREILLY,,,Fatehpur Nagar (18),,,28.458757,79.256406,synthetic_envelope,SRC_VB_SYNTHETIC,,True,0.0,,v0.1,False
LOC_3FD92D786A11,village,Naurangpur Khurd (19),नौरंगपुर खुर्द,Uttar Pradesh,UP,Bareilly,VB-UP-BAREILLY,,,Naurangpur Khurd (19),,,28.421,79.21424,synthetic_envelope,SRC_VB_SYNTHETIC,,True,0.0,,v0.1,False
LOC_15BA98C5FFB8,village,Barwala Khurd (20),बरवाला खुर्द,Uttar Pradesh,UP,Bareilly,VB-UP-BAREILLY,,,Barwala Khurd (20),,,28.414732,79.18495,synthetic_envelope,SRC_VB_SYNTHETIC,,True,0.0,,v0.1,False
LOC_2BF2B4B2734E,village,Kheri Khera (21),खेड़ी खेड़ा,Uttar Pradesh,UP,Bareilly,VB-UP-BAREILLY,,,Kheri Khera (21),,,28.495246,79.208359,synthetic_envelope,SRC_VB_SYNTHETIC,,True,0.0,,v0.1,False
LOC_0E77E0E90511,village,Sikandarpur Kalan (22),सिकंदरपुर कलां,Uttar Pradesh,UP,Bareilly,VB-UP-BAREILLY,,,Sikandarpur Kalan (22),,,28.348918,79.591217,synthetic_envelope,SRC_VB_SYNTHETIC,,True,0.0,,v0.1,False
LOC_936FDB71EF9B,village,Gopalpur Nagar (23),गोपालपुर नगर,Uttar Pradesh,UP,Bareilly,VB-UP-BAREILLY,,,Gopalpur Nagar (23),,,28.485072,79.488508,synthetic_envelope,SRC_VB_SYNTHETIC,,True,0.0,,v0.1,False
LOC_EFB25C5E5A91,village,Sikandarpur Majra (24),सिकंदरपुर माजरा,Uttar Pradesh,UP,Bareilly,VB-UP-BAREILLY,,,Sikandarpur Majra (24),,,28.500845,79.486135,synthetic_envelope,SRC_VB_SYNTHETIC,,True,0.0,,v0.1,False
LOC_04BCF5EAA18C,village,Bahadurpur (25),बहादुरपुर,Uttar Pradesh,UP,Bareilly,VB-UP-BAREILLY,,,Bahadurpur (25),,,28.503659,79.459993,synthetic_envelope,SRC_VB_SYNTHETIC,,True,0.0,,v0.1,False
LOC_8D3B92EF27A3,village,Salempur Majra (26),सलेमपुर माजरा,Uttar Pradesh,UP,Bareilly,VB-UP-BAREILLY,,,Salempur Majra (26),,,28.608741,79.466483,synthetic_envelope,SRC_VB_SYNTHETIC,,True,0.0,,v0.1,False
LOC_9E5D8A2655BB,village,Alipur Khera (27),अलीपुर खेड़ा,Uttar Pradesh,UP,Bareilly,VB-UP-BAREILLY,,,Alipur Khera (27),,,28.449395,79.279203,synthetic_envelope,SRC_VB_SYNTHETIC,,True,0.0,,v0.1,False
LOC_031C0FB1BC63,village,Sikandarpur Nagar (28),सिकंदरपुर नगर,Uttar Pradesh,UP,Bareilly,VB-UP-BAREILLY,,,Sikandarpur Nagar (28),,,28.51348,79.507982,synthetic_envelope,SRC_VB_SYNTHETIC,,True,0.0,,v0.1,False
LOC_F00125729EE1,village,Alipur Khurd (29),अलीपुर खुर्द,Uttar Pradesh,UP,Bareilly,VB-UP-BAREILLY,,,Alipur Khurd (29),,,28.420619,79.266213,synthetic_envelope,SRC_VB_SYNTHETIC,,True,0.0,,v0.1,False
LOC_1FCB4F420B92,village,Salempur Khera (30),सलेमपुर खेड़ा,Uttar Pradesh,UP,Bareilly,VB-UP-BAREILLY,,,Salempur Khera (30),,,28.566648,79.504933,synthetic_envelope,SRC_VB_SYNTHETIC,,True,0.0,,v0.1,False
LOC_8C1E73C799EC,village,Basantpur Khurd (31),बसंतपुर खुर्द,Uttar Pradesh,UP,Bareilly,VB-UP-BAREILLY,,,Basantpur Khurd (31),,,28.293578,79.562671,synthetic_envelope,SRC_VB_SYNTHETIC,,True,0.0,,v0.1,False
LOC_A000D2434993,village,Dhanaura Khera (1),धनौरा खेड़ा,Uttar Pradesh,UP,Shahjahanpur,VB-UP-SHAHJAHANPUR,,,Dhanaura Khera (1),,,27.685913,80.007219,synthetic_envelope,SRC_VB_SYNTHETIC,,True,0.0,,v0.1,False
LOC_A9F527917096,village,Mubarikpur Kalan (2),मुबारिकपुर कलां,Uttar Pradesh,UP,Shahjahanpur,VB-UP-SHAHJAHANPUR,,,Mubarikpur Kalan (2),,,27.75733,80.044473,synthetic_envelope,SRC_VB_SYNTHETIC,,True,0.0,,v0.1,False
LOC_4E0F69B25F38,village,Jamalpur Majra (3),जमालपुर माजरा,Uttar Pradesh,UP,Shahjahanpur,VB-UP-SHAHJAHANPUR,,,Jamalpur Majra (3),,,27.97293,79.945909,synthetic_envelope,SRC_VB_SYNTHETIC,,True,0.0,,v0.1,False
LOC_684EFE6CAA06,village,Basantpur Khera (4),बसंतपुर खेड़ा,Uttar Pradesh,UP,Shahjahanpur,VB-UP-SHAHJAHANPUR,,,Basantpur Khera (4),,,27.959289,79.906314,synthetic_envelope,SRC_VB_SYNTHETIC,,True,0.0,,v0.1,False
LOC_35A4159E3694,village,Naurangpur (5),नौरंगपुर,Uttar Pradesh,UP,Shahjahanpur,VB-UP-SHAHJAHANPUR,,,Naurangpur (5),,,28.001397,79.893085,synthetic_envelope,SRC_VB_SYNTHETIC,,True,0.0,,v0.1,False
LOC_5C37A389EEA4,village,Bahadurpur (6),बहादुरपुर,Uttar Pradesh,UP,Shahjahanpur,VB-UP-SHAHJAHANPUR,,,Bahadurpur (6),,,27.982288,79.750402,synthetic_envelope,SRC_VB_SYNTHETIC,,True,0.0,,v0.1,False
LOC_60E516B83238,village,Jhinjhana Khurd (7),झिंझाना खुर्द,Uttar Pradesh,UP,Shahjahanpur,VB-UP-SHAHJAHANPUR,,,Jhinjhana Khurd (7),,,27.957296,79.767745,synthetic_envelope,SRC_VB_SYNTHETIC,,True,0.0,,v0.1,False
LOC_1FAE361A3F4A,village,Barwala Kalan (8),बरवाला कलां,Uttar Pradesh,UP,Shahjahanpur,VB-UP-SHAHJAHANPUR,,,Barwala Kalan (8),,,27.980167,79.956237,synthetic_envelope,SRC_VB_SYNTHETIC,,True,0.0,,v0.1,False
LOC_83454ABA2F82,village,Naurangpur (9),नौरंगपुर,Uttar Pradesh,UP,Shahjahanpur,VB-UP-SHAHJAHANPUR,,,Naurangpur (9),,,27.968462,80.047421,synthetic_envelope,SRC_VB_SYNTHETIC,,True,0.0,,v0.1,False
LOC_AFD7B3EA4653,village,Jhinjhana Kalan (10),झिंझाना कलां,Uttar Pradesh,UP,Shahjahanpur,VB-UP-SHAHJAHANPUR,,,Jhinjhana Kalan (10),,,27.842853,80.098187,synthetic_envelope,SRC_VB_SYNTHETIC,,True,0.0,,v0.1,False
LOC_FE9011588D59,village,Fatehpur Kalan (11),फतेहपुर कलां,Uttar Pradesh,UP,Shahjahanpur,VB-UP-SHAHJAHANPUR,,,Fatehpur Kalan (11),,,27.801452,80.011076,synthetic_envelope,SRC_VB_SYNTHETIC,,True,0.0,,v0.1,False
LOC_DF0F68099BD4,village,Nangla Majra (12),नंगला माजरा,Uttar Pradesh,UP,Shahjahanpur,VB-UP-SHAHJAHANPUR,,,Nangla Majra (12),,,27.736124,80.024967,synthetic_envelope,SRC_VB_SYNTHETIC,,True,0.0,,v0.1,False
LOC_7701352C1EAE,village,Barwala Kalan (13),बरवाला कलां,Uttar Pradesh,UP,Shahjahanpur,VB-UP-SHAHJAHANPUR,,,Barwala Kalan (13),,,27.952181,79.850227,synthetic_envelope,SRC_VB_SYNTHETIC,,True,0.0,,v0.1,False
LOC_3A97D5CA4CDB,village,Jhinjhana Nagar (14),झिंझाना नगर,Uttar Pradesh,UP,Shahjahanpur,VB-UP-SHAHJAHANPUR,,,Jhinjhana Nagar (14),,,28.031831,79.765686,synthetic_envelope,SRC_VB_SYNTHETIC,,True,0.0,,v0.1,False
LOC_F3891F79D6EC,village,Umarpur Majra (15),उमरपुर माजरा,Uttar Pradesh,UP,Shahjahanpur,VB-UP-SHAHJAHANPUR,,,Umarpur Majra (15),,,27.943893,79.882978,synthetic_envelope,SRC_VB_SYNTHETIC,,True,0.0,,v0.1,False
LOC_255C2B311CF8,village,Devipur (16),देवीपुर,Uttar Pradesh,UP,Shahjahanpur,VB-UP-SHAHJAHANPUR,,,Devipur (16),,,28.065407,79.770892,synthetic_envelope,SRC_VB_SYNTHETIC,,True,0.0,,v0.1,False
LOC_A543010054FD,village,Dhanaura Majra (17),धनौरा माजरा,Uttar Pradesh,UP,Shahjahanpur,VB-UP-SHAHJAHANPUR,,,Dhanaura Majra (17),,,27.816353,79.967404,synthetic_envelope,SRC_VB_SYNTHETIC,,True,0.0,,v0.1,False
LOC_F76D986BACAC,village,Umarpur Khurd (18),उमरपुर खुर्द,Uttar Pradesh,UP,Shahjahanpur,VB-UP-SHAHJAHANPUR,,,Umarpur Khurd (18),,,28.034457,79.819799,synthetic_envelope,SRC_VB_SYNTHETIC,,True,0.0,,v0.1,False
LOC_98203B95A864,village,Bahadurpur Kalan (19),बहादुरपुर कलां,Uttar Pradesh,UP,Shahjahanpur,VB-UP-SHAHJAHANPUR,,,Bahadurpur Kalan (19),,,27.973083,79.861848,synthetic_envelope,SRC_VB_SYNTHETIC,,True,0.0,,v0.1,False
LOC_A80B4E0E653E,village,Sultanpur Nagar (20),सुल्तानपुर नगर,Uttar Pradesh,UP,Shahjahanpur,VB-UP-SHAHJAHANPUR,,,Sultanpur Nagar (20),,,28.018356,79.900027,synthetic_envelope,SRC_VB_SYNTHETIC,,True,0.0,,v0.1,False
LOC_7722E66AA1E4,village,Nathupur Kalan (21),नत्थूपुर कलां,Uttar Pradesh,UP,Shahjahanpur,VB-UP-SHAHJAHANPUR,,,Nathupur Kalan (21),,,27.956278,79.898849,synthetic_envelope,SRC_VB_SYNTHETIC,,True,0.0,,v0.1,False
LOC_C20D6667B88F,village,Ladwa Kalan (22),लाडवा कलां,Uttar Pradesh,UP,Shahjahanpur,VB-UP-SHAHJAHANPUR,,,Ladwa Kalan (22),,,27.998595,79.845619,synthetic_envelope,SRC_VB_SYNTHETIC,,True,0.0,,v0.1,False
LOC_ABE261ADD7D0,village,Bhagwanpur (23),भगवानपुर,Uttar Pradesh,UP,Shahjahanpur,VB-UP-SHAHJAHANPUR,,,Bhagwanpur (23),,,27.978175,79.814802,synthetic_envelope,SRC_VB_SYNTHETIC,,True,0.0,,v0.1,False
LOC_A1B022E45591,village,Shahpur (24),शाहपुर,Uttar Pradesh,UP,Shahjahanpur,VB-UP-SHAHJAHANPUR,,,Shahpur (24),,,28.014082,79.957548,synthetic_envelope,SRC_VB_SYNTHETIC,,True,0.0,,v0.1,False
LOC_ED0D36FCF0A2,village,Dhanaura Majra (25),धनौरा माजरा,Uttar Pradesh,UP,Shahjahanpur,VB-UP-SHAHJAHANPUR,,,Dhanaura Majra (25),,,28.0046,79.85312,synthetic_envelope,SRC_VB_SYNTHETIC,,True,0.0,,v0.1,False
LOC_1479DD987B00,village,Barwala Nagar (26),बरवाला नगर,Uttar Pradesh,UP,Shahjahanpur,VB-UP-SHAHJAHANPUR,,,Barwala Nagar (26),,,28.003669,79.901412,synthetic_envelope,SRC_VB_SYNTHETIC,,True,0.0,,v0.1,False
LOC_A0012B4C7A98,village,Nathupur Nagar (27),नत्थूपुर नगर,Uttar Pradesh,UP,Shahjahanpur,VB-UP-SHAHJAHANPUR,,,Nathupur Nagar (27),,,27.794532,80.00741,synthetic_envelope,SRC_VB_SYNTHETIC,,True,0.0,,v0.1,False
LOC_B78DE347B7FE,village,Umarpur Kalan (28),उमरपुर कलां,Uttar Pradesh,UP,Shahjahanpur,VB-UP-SHAHJAHANPUR,,,Umarpur Kalan (28),,,27.97035,79.870951,synthetic_envelope,SRC_VB_SYNTHETIC,,True,0.0,,v0.1,False
LOC_4466C8330C79,village,Nathupur Kalan (29),नत्थूपुर कलां,Uttar Pradesh,UP,Shahjahanpur,VB-UP-SHAHJAHANPUR,,,Nathupur Kalan (29),,,27.820245,79.923738,synthetic_envelope,SRC_VB_SYNTHETIC,,True,0.0,,v0.1,False
LOC_9F331B15AE3E,village,Todarpur (30),तोदड़पुर,Uttar Pradesh,UP,Shahjahanpur,VB-UP-SHAHJAHANPUR,,,Todarpur (30),,,27.784969,80.012992,synthetic_envelope,SRC_VB_SYNTHETIC,,True,0.0,,v0.1,False
LOC_066DA7C172F2,village,Nangla (31),नंगला,Uttar Pradesh,UP,Shahjahanpur,VB-UP-SHAHJAHANPUR,,,Nangla (31),,,27.95576,79.768796,synthetic_envelope,SRC_VB_SYNTHETIC,,True,0.0,,v0.1,False
LOC_0E3F3F88B2E4,village,Basantpur Khera (32),बसंतपुर खेड़ा,Uttar Pradesh,UP,Shahjahanpur,VB-UP-SHAHJAHANPUR,,,Basantpur Khera (32),,,27.760678,80.085749,synthetic_envelope,SRC_VB_SYNTHETIC,,True,0.0,,v0.1,False
LOC_40EEDC7A414C,village,Barwala Khera (1),बरवाला खेड़ा,Uttar Pradesh,UP,Pilibhit,VB-UP-PILIBHIT,,,Barwala Khera (1),,,28.58977,80.051947,synthetic_envelope,SRC_VB_SYNTHETIC,,True,0.0,,v0.1,False
LOC_B22DCE6A343C,village,Shahpur (2),शाहपुर,Uttar Pradesh,UP,Pilibhit,VB-UP-PILIBHIT,,,Shahpur (2),,,28.858201,79.612784,synthetic_envelope,SRC_VB_SYNTHETIC,,True,0.0,,v0.1,False
LOC_DC3626A3F899,village,Bhojpur Khera (3),भोजपुर खेड़ा,Uttar Pradesh,UP,Pilibhit,VB-UP-PILIBHIT,,,Bhojpur Khera (3),,,28.574959,79.715879,synthetic_envelope,SRC_VB_SYNTHETIC,,True,0.0,,v0.1,False
LOC_45994520D7BC,village,Manakpur Kalan (4),मानकपुर कलां,Uttar Pradesh,UP,Pilibhit,VB-UP-PILIBHIT,,,Manakpur Kalan (4),,,28.792991,79.686416,synthetic_envelope,SRC_VB_SYNTHETIC,,True,0.0,,v0.1,False
LOC_3664D8EC5423,village,Manakpur Majra (5),मानकपुर माजरा,Uttar Pradesh,UP,Pilibhit,VB-UP-PILIBHIT,,,Manakpur Majra (5),,,28.411386,79.720011,synthetic_envelope,SRC_VB_SYNTHETIC,,True,0.0,,v0.1,False
LOC_B0691966223F,village,Kheri Majra (6),खेड़ी माजरा,Uttar Pradesh,UP,Pilibhit,VB-UP-PILIBHIT,,,Kheri Majra (6),,,28.485667,79.786564,synthetic_envelope,SRC_VB_SYNTHETIC,,True,0.0,,v0.1,False
LOC_5FC014431BDE,village,Chandpur Khera (7),चांदपुर खेड़ा,Uttar Pradesh,UP,Pilibhit,VB-UP-PILIBHIT,,,Chandpur Khera (7),,,28.50656,79.782118,synthetic_envelope,SRC_VB_SYNTHETIC,,True,0.0,,v0.1,False
LOC_FFAABFAAE6DB,village,Bhagwanpur Khera (8),भगवानपुर खेड़ा,Uttar Pradesh,UP,Pilibhit,VB-UP-PILIBHIT,,,Bhagwanpur Khera (8),,,28.679387,80.044168,synthetic_envelope,SRC_VB_SYNTHETIC,,True,0.0,,v0.1,False
LOC_A0BE457DBA9E,village,Todarpur Khera (9),तोदड़पुर खेड़ा,Uttar Pradesh,UP,Pilibhit,VB-UP-PILIBHIT,,,Todarpur Khera (9),,,28.464257,79.740701,synthetic_envelope,SRC_VB_SYNTHETIC,,True,0.0,,v0.1,False
LOC_FAF46C6DA61A,village,Harjipur Nagar (10),हरजीपुर नगर,Uttar Pradesh,UP,Pilibhit,VB-UP-PILIBHIT,,,Harjipur Nagar (10),,,28.595941,79.771922,synthetic_envelope,SRC_VB_SYNTHETIC,,True,0.0,,v0.1,False
LOC_DBFCDB5CD588,village,Kishanpur Majra (11),किशनपुर माजरा,Uttar Pradesh,UP,Pilibhit,VB-UP-PILIBHIT,,,Kishanpur Majra (11),,,28.462823,79.724718,synthetic_envelope,SRC_VB_SYNTHETIC,,True,0.0,,v0.1,False
LOC_E1629873130D,village,Fatehpur (12),फतेहपुर,Uttar Pradesh,UP,Pilibhit,VB-UP-PILIBHIT,,,Fatehpur (12),,,28.516485,79.748106,synthetic_envelope,SRC_VB_SYNTHETIC,,True,0.0,,v0.1,False
LOC_9643F18D8BBD,village,Rasulpur Majra (13),रसूलपुर माजरा,Uttar Pradesh,UP,Pilibhit,VB-UP-PILIBHIT,,,Rasulpur Majra (13),,,28.606838,80.048733,synthetic_envelope,SRC_VB_SYNTHETIC,,True,0.0,,v0.1,False
LOC_4E0DB298EE46,village,Sikandarpur Khurd (14),सिकंदरपुर खुर्द,Uttar Pradesh,UP,Pilibhit,VB-UP-PILIBHIT,,,Sikandarpur Khurd (14),,,28.484866,79.749616,synthetic_envelope,SRC_VB_SYNTHETIC,,True,0.0,,v0.1,False
LOC_444CEEF919F0,village,Jamalpur Majra (15),जमालपुर माजरा,Uttar Pradesh,UP,Pilibhit,VB-UP-PILIBHIT,,,Jamalpur Majra (15),,,28.641975,80.03342,synthetic_envelope,SRC_VB_SYNTHETIC,,True,0.0,,v0.1,False
LOC_AF8538301B09,village,Todarpur (16),तोदड़पुर,Uttar Pradesh,UP,Pilibhit,VB-UP-PILIBHIT,,,Todarpur (16),,,28.560922,79.79918,synthetic_envelope,SRC_VB_SYNTHETIC,,True,0.0,,v0.1,False
LOC_7989CE5325DB,village,Sultanpur Kalan (17),सुल्तानपुर कलां,Uttar Pradesh,UP,Pilibhit,VB-UP-PILIBHIT,,,Sultanpur Kalan (17),,,28.449396,79.745822,synthetic_envelope,SRC_VB_SYNTHETIC,,True,0.0,,v0.1,False
LOC_1F75C5EB8BE0,village,Chandpur Khurd (18),चांदपुर खुर्द,Uttar Pradesh,UP,Pilibhit,VB-UP-PILIBHIT,,,Chandpur Khurd (18),,,28.494009,79.779878,synthetic_envelope,SRC_VB_SYNTHETIC,,True,0.0,,v0.1,False
LOC_219E679837EE,village,Sikandarpur Khurd (19),सिकंदरपुर खुर्द,Uttar Pradesh,UP,Pilibhit,VB-UP-PILIBHIT,,,Sikandarpur Khurd (19),,,28.799488,79.676399,synthetic_envelope,SRC_VB_SYNTHETIC,,True,0.0,,v0.1,False
LOC_0A364F3DD11E,village,Bhagwanpur (20),भगवानपुर,Uttar Pradesh,UP,Pilibhit,VB-UP-PILIBHIT,,,Bhagwanpur (20),,,28.813385,79.67971,synthetic_envelope,SRC_VB_SYNTHETIC,,True,0.0,,v0.1,False
LOC_AB73F2301A1E,village,Salempur Khera (21),सलेमपुर खेड़ा,Uttar Pradesh,UP,Pilibhit,VB-UP-PILIBHIT,,,Salempur Khera (21),,,28.68626,79.71538,synthetic_envelope,SRC_VB_SYNTHETIC,,True,0.0,,v0.1,False
LOC_27A42DF4D2BD,village,Kishanpur Kalan (22),किशनपुर कलां,Uttar Pradesh,UP,Pilibhit,VB-UP-PILIBHIT,,,Kishanpur Kalan (22),,,28.846381,79.621172,synthetic_envelope,SRC_VB_SYNTHETIC,,True,0.0,,v0.1,False
LOC_D52E06A74607,village,Sikandarpur Khurd (23),सिकंदरपुर खुर्द,Uttar Pradesh,UP,Pilibhit,VB-UP-PILIBHIT,,,Sikandarpur Khurd (23),,,28.405945,79.820988,synthetic_envelope,SRC_VB_SYNTHETIC,,True,0.0,,v0.1,False
LOC_749D294291AF,village,Sikandarpur Nagar (24),सिकंदरपुर नगर,Uttar Pradesh,UP,Pilibhit,VB-UP-PILIBHIT,,,Sikandarpur Nagar (24),,,28.627214,79.925426,synthetic_envelope,SRC_VB_SYNTHETIC,,True,0.0,,v0.1,False
LOC_0DE408BCC749,village,Salempur (25),सलेमपुर,Uttar Pradesh,UP,Pilibhit,VB-UP-PILIBHIT,,,Salempur (25),,,28.64665,80.012734,synthetic_envelope,SRC_VB_SYNTHETIC,,True,0.0,,v0.1,False
LOC_50DA4251C004,village,Rasulpur Khurd (26),रसूलपुर खुर्द,Uttar Pradesh,UP,Pilibhit,VB-UP-PILIBHIT,,,Rasulpur Khurd (26),,,28.705259,80.011315,synthetic_envelope,SRC_VB_SYNTHETIC,,True,0.0,,v0.1,False
LOC_7EB0ABDA7A9A,village,Kheri (27),खेड़ी,Uttar Pradesh,UP,Pilibhit,VB-UP-PILIBHIT,,,Kheri (27),,,28.749548,80.067392,synthetic_envelope,SRC_VB_SYNTHETIC,,True,0.0,,v0.1,False
LOC_12E27AF2509B,village,Kheri Nagar (28),खेड़ी नगर,Uttar Pradesh,UP,Pilibhit,VB-UP-PILIBHIT,,,Kheri Nagar (28),,,28.472719,79.756591,synthetic_envelope,SRC_VB_SYNTHETIC,,True,0.0,,v0.1,False
LOC_8C17BC8B6DDA,village,Harjipur (29),हरजीपुर,Uttar Pradesh,UP,Pilibhit,VB-UP-PILIBHIT,,,Harjipur (29),,,28.838014,79.645385,synthetic_envelope,SRC_VB_SYNTHETIC,,True,0.0,,v0.1,False
LOC_53EDBBBAA2FF,village,Mubarikpur Nagar (30),मुबारिकपुर नगर,Uttar Pradesh,UP,Pilibhit,VB-UP-PILIBHIT,,,Mubarikpur Nagar (30),,,28.809194,79.679351,synthetic_envelope,SRC_VB_SYNTHETIC,,True,0.0,,v0.1,False
LOC_F07466DF325F,village,Sultanpur Majra (31),सुल्तानपुर माजरा,Uttar Pradesh,UP,Pilibhit,VB-UP-PILIBHIT,,,Sultanpur Majra (31),,,28.655583,80.070098,synthetic_envelope,SRC_VB_SYNTHETIC,,True,0.0,,v0.1,False
LOC_37842E2F6BC8,village,Bhagwanpur Nagar (32),भगवानपुर नगर,Uttar Pradesh,UP,Pilibhit,VB-UP-PILIBHIT,,,Bhagwanpur Nagar (32),,,28.489254,79.810547,synthetic_envelope,SRC_VB_SYNTHETIC,,True,0.0,,v0.1,False
LOC_D8965FCF0AE5,village,Sikandarpur Nagar (1),सिकंदरपुर नगर,Uttar Pradesh,UP,Budaun,VB-UP-BUDAUN,,,Sikandarpur Nagar (1),,,28.037477,79.112397,synthetic_envelope,SRC_VB_SYNTHETIC,,True,0.0,,v0.1,False
LOC_E63B4CC6DD28,village,Barwala Nagar (2),बरवाला नगर,Uttar Pradesh,UP,Budaun,VB-UP-BUDAUN,,,Barwala Nagar (2),,,28.061595,79.2252,synthetic_envelope,SRC_VB_SYNTHETIC,,True,0.0,,v0.1,False
LOC_16A6388BE022,village,Bahadurpur Nagar (3),बहादुरपुर नगर,Uttar Pradesh,UP,Budaun,VB-UP-BUDAUN,,,Bahadurpur Nagar (3),,,28.040933,78.973111,synthetic_envelope,SRC_VB_SYNTHETIC,,True,0.0,,v0.1,False
LOC_D3625EF562B9,village,Fatehpur (4),फतेहपुर,Uttar Pradesh,UP,Budaun,VB-UP-BUDAUN,,,Fatehpur (4),,,28.187275,79.180346,synthetic_envelope,SRC_VB_SYNTHETIC,,True,0.0,,v0.1,False
LOC_97D6708A7685,village,Nangla (5),नंगला,Uttar Pradesh,UP,Budaun,VB-UP-BUDAUN,,,Nangla (5),,,27.987529,79.147481,synthetic_envelope,SRC_VB_SYNTHETIC,,True,0.0,,v0.1,False
LOC_21102021006D,village,Nathupur Nagar (6),नत्थूपुर नगर,Uttar Pradesh,UP,Budaun,VB-UP-BUDAUN,,,Nathupur Nagar (6),,,28.136956,79.310576,synthetic_envelope,SRC_VB_SYNTHETIC,,True,0.0,,v0.1,False
LOC_7B42892A15E3,village,Basantpur Khera (7),बसंतपुर खेड़ा,Uttar Pradesh,UP,Budaun,VB-UP-BUDAUN,,,Basantpur Khera (7),,,28.10917,79.249355,synthetic_envelope,SRC_VB_SYNTHETIC,,True,0.0,,v0.1,False
LOC_EF642DA60456,village,Chandpur (8),चांदपुर,Uttar Pradesh,UP,Budaun,VB-UP-BUDAUN,,,Chandpur (8),,,28.022049,78.895799,synthetic_envelope,SRC_VB_SYNTHETIC,,True,0.0,,v0.1,False
LOC_73568D7EFEF8,village,Fatehpur Nagar (9),फतेहपुर नगर,Uttar Pradesh,UP,Budaun,VB-UP-BUDAUN,,,Fatehpur Nagar (9),,,28.038463,78.955809,synthetic_envelope,SRC_VB_SYNTHETIC,,True,0.0,,v0.1,False
LOC_A4732F344BB2,village,Nangla Khurd (10),नंगला खुर्द,Uttar Pradesh,UP,Budaun,VB-UP-BUDAUN,,,Nangla Khurd (10),,,27.96021,79.023277,synthetic_envelope,SRC_VB_SYNTHETIC,,True,0.0,,v0.1,False
LOC_23104BADCA84,village,Dhanaura Khurd (11),धनौरा खुर्द,Uttar Pradesh,UP,Budaun,VB-UP-BUDAUN,,,Dhanaura Khurd (11),,,28.076279,79.233077,synthetic_envelope,SRC_VB_SYNTHETIC,,True,0.0,,v0.1,False
LOC_12E997A51260,village,Kishanpur Khera (12),किशनपुर खेड़ा,Uttar Pradesh,UP,Budaun,VB-UP-BUDAUN,,,Kishanpur Khera (12),,,27.996182,79.139594,synthetic_envelope,SRC_VB_SYNTHETIC,,True,0.0,,v0.1,False
LOC_5C391DBE6F69,village,Salempur Nagar (13),सलेमपुर नगर,Uttar Pradesh,UP,Budaun,VB-UP-BUDAUN,,,Salempur Nagar (13),,,27.980989,79.004549,synthetic_envelope,SRC_VB_SYNTHETIC,,True,0.0,,v0.1,False
LOC_D7E16EE1F662,village,Nangla Khurd (14),नंगला खुर्द,Uttar Pradesh,UP,Budaun,VB-UP-BUDAUN,,,Nangla Khurd (14),,,28.050856,78.973282,synthetic_envelope,SRC_VB_SYNTHETIC,,True,0.0,,v0.1,False
LOC_C0201602B3F2,village,Manakpur Khera (15),मानकपुर खेड़ा,Uttar Pradesh,UP,Budaun,VB-UP-BUDAUN,,,Manakpur Khera (15),,,28.042329,79.162417,synthetic_envelope,SRC_VB_SYNTHETIC,,True,0.0,,v0.1,False
LOC_D153CC66E5EA,village,Bhojpur Majra (16),भोजपुर माजरा,Uttar Pradesh,UP,Budaun,VB-UP-BUDAUN,,,Bhojpur Majra (16),,,28.03974,79.109879,synthetic_envelope,SRC_VB_SYNTHETIC,,True,0.0,,v0.1,False
LOC_89703DEC04D5,village,Bhojpur (17),भोजपुर,Uttar Pradesh,UP,Budaun,VB-UP-BUDAUN,,,Bhojpur (17),,,27.989971,79.081565,synthetic_envelope,SRC_VB_SYNTHETIC,,True,0.0,,v0.1,False
LOC_DAC90E46373F,village,Bhojpur Khera (18),भोजपुर खेड़ा,Uttar Pradesh,UP,Budaun,VB-UP-BUDAUN,,,Bhojpur Khera (18),,,28.09116,78.997923,synthetic_envelope,SRC_VB_SYNTHETIC,,True,0.0,,v0.1,False
LOC_61EF79DE2292,village,Nathupur Kalan (19),नत्थूपुर कलां,Uttar Pradesh,UP,Budaun,VB-UP-BUDAUN,,,Nathupur Kalan (19),,,28.019676,79.031309,synthetic_envelope,SRC_VB_SYNTHETIC,,True,0.0,,v0.1,False
LOC_96756DC41616,village,Ladwa Majra (20),लाडवा माजरा,Uttar Pradesh,UP,Budaun,VB-UP-BUDAUN,,,Ladwa Majra (20),,,27.953989,79.079884,synthetic_envelope,SRC_VB_SYNTHETIC,,True,0.0,,v0.1,False
LOC_3C80B71055A1,village,Kheri Majra (21),खेड़ी माजरा,Uttar Pradesh,UP,Budaun,VB-UP-BUDAUN,,,Kheri Majra (21),,,28.010351,79.069906,synthetic_envelope,SRC_VB_SYNTHETIC,,True,0.0,,v0.1,False
LOC_7980BB28403E,village,Rasulpur Khurd (22),रसूलपुर खुर्द,Uttar Pradesh,UP,Budaun,VB-UP-BUDAUN,,,Rasulpur Khurd (22),,,28.047774,78.921868,synthetic_envelope,SRC_VB_SYNTHETIC,,True,0.0,,v0.1,False
LOC_278B1176611D,village,Chandpur Kalan (23),चांदपुर कलां,Uttar Pradesh,UP,Budaun,VB-UP-BUDAUN,,,Chandpur Kalan (23),,,28.053088,79.165109,synthetic_envelope,SRC_VB_SYNTHETIC,,True,0.0,,v0.1,False
LOC_10C047BB160A,village,Salempur Khera (24),सलेमपुर खेड़ा,Uttar Pradesh,UP,Budaun,VB-UP-BUDAUN,,,Salempur Khera (24),,,27.987975,79.099064,synthetic_envelope,SRC_VB_SYNTHETIC,,True,0.0,,v0.1,False
LOC_27E1FD526D29,village,Bhojpur (25),भोजपुर,Uttar Pradesh,UP,Budaun,VB-UP-BUDAUN,,,Bhojpur (25),,,27.932275,79.032619,synthetic_envelope,SRC_VB_SYNTHETIC,,True,0.0,,v0.1,False
LOC_394A1CC3123D,village,Bhagwanpur Khera (26),भगवानपुर खेड़ा,Uttar Pradesh,UP,Budaun,VB-UP-BUDAUN,,,Bhagwanpur Khera (26),,,27.978021,79.164378,synthetic_envelope,SRC_VB_SYNTHETIC,,True,0.0,,v0.1,False
LOC_47D237269064,village,Bhojpur Nagar (27),भोजपुर नगर,Uttar Pradesh,UP,Budaun,VB-UP-BUDAUN,,,Bhojpur Nagar (27),,,28.102423,79.1838,synthetic_envelope,SRC_VB_SYNTHETIC,,True,0.0,,v0.1,False
LOC_7DCC161F71EB,village,Naurangpur (28),नौरंगपुर,Uttar Pradesh,UP,Budaun,VB-UP-BUDAUN,,,Naurangpur (28),,,28.058537,79.010763,synthetic_envelope,SRC_VB_SYNTHETIC,,True,0.0,,v0.1,False
LOC_5E28375C06EB,village,Jhinjhana Nagar (29),झिंझाना नगर,Uttar Pradesh,UP,Budaun,VB-UP-BUDAUN,,,Jhinjhana Nagar (29),,,28.0913,78.934688,synthetic_envelope,SRC_VB_SYNTHETIC,,True,0.0,,v0.1,False
LOC_C9D053B486CA,village,Naurangpur Khurd (30),नौरंगपुर खुर्द,Uttar Pradesh,UP,Budaun,VB-UP-BUDAUN,,,Naurangpur Khurd (30),,,28.072024,79.002675,synthetic_envelope,SRC_VB_SYNTHETIC,,True,0.0,,v0.1,False
LOC_A4CF4AD0846D,village,Naurangpur Majra (31),नौरंगपुर माजरा,Uttar Pradesh,UP,Budaun,VB-UP-BUDAUN,,,Naurangpur Majra (31),,,27.950963,78.931392,synthetic_envelope,SRC_VB_SYNTHETIC,,True,0.0,,v0.1,False
LOC_08FE68ED241D,village,Devipur Nagar (32),देवीपुर नगर,Uttar Pradesh,UP,Budaun,VB-UP-BUDAUN,,,Devipur Nagar (32),,,28.006491,79.080665,synthetic_envelope,SRC_VB_SYNTHETIC,,True,0.0,,v0.1,False
LOC_3C9F56847DC2,village,Sikandarpur (33),सिकंदरपुर,Uttar Pradesh,UP,Budaun,VB-UP-BUDAUN,,,Sikandarpur (33),,,27.97955,79.095091,synthetic_envelope,SRC_VB_SYNTHETIC,,True,0.0,,v0.1,False
LOC_E35296DB1966,village,Todarpur Kalan,तोदड़पुर कलां,Uttar Pradesh,UP,Varanasi,VB-UP-VARANASI,,,Todarpur Kalan,,,25.285324,82.926818,synthetic_envelope,SRC_VB_SYNTHETIC,,True,0.0,,v0.1,False
LOC_C47015ABFE60,village,Fatehpur,फतेहपुर,Uttar Pradesh,UP,Varanasi,VB-UP-VARANASI,,,Fatehpur,,,25.26748,83.120665,synthetic_envelope,SRC_VB_SYNTHETIC,,True,0.0,,v0.1,False
LOC_C11E314DBF9F,village,Jamalpur Khera,जमालपुर खेड़ा,Uttar Pradesh,UP,Varanasi,VB-UP-VARANASI,,,Jamalpur Khera,,,25.22376,82.948718,synthetic_envelope,SRC_VB_SYNTHETIC,,True,0.0,,v0.1,False
LOC_4C1DE592A6BD,village,Salempur Khera,सलेमपुर खेड़ा,Uttar Pradesh,UP,Varanasi,VB-UP-VARANASI,,,Salempur Khera,,,25.274394,83.12832,synthetic_envelope,SRC_VB_SYNTHETIC,,True,0.0,,v0.1,False
LOC_6C62109B0121,village,Dhanaura Khera,धनौरा खेड़ा,Uttar Pradesh,UP,Varanasi,VB-UP-VARANASI,,,Dhanaura Khera,,,25.439479,83.040676,synthetic_envelope,SRC_VB_SYNTHETIC,,True,0.0,,v0.1,False
LOC_BF196005B9CC,village,Kishanpur Majra,किशनपुर माजरा,Uttar Pradesh,UP,Varanasi,VB-UP-VARANASI,,,Kishanpur Majra,,,25.233246,82.975194,synthetic_envelope,SRC_VB_SYNTHETIC,,True,0.0,,v0.1,False
LOC_452A11141689,village,Rampur,रामपुर,Uttar Pradesh,UP,Varanasi,VB-UP-VARANASI,,,Rampur,,,25.475232,83.001281,synthetic_envelope,SRC_VB_SYNTHETIC,,True,0.0,,v0.1,False
LOC_E409A6F09EB2,village,Barwala Majra,बरवाला माजरा,Uttar Pradesh,UP,Varanasi,VB-UP-VARANASI,,,Barwala Majra,,,25.30774,83.06234,synthetic_envelope,SRC_VB_SYNTHETIC,,True,0.0,,v0.1,False
LOC_87D8B895E310,village,Sikandarpur Khurd,सिकंदरपुर खुर्द,Uttar Pradesh,UP,Varanasi,VB-UP-VARANASI,,,Sikandarpur Khurd,,,25.483843,83.005733,synthetic_envelope,SRC_VB_SYNTHETIC,,True,0.0,,v0.1,False
LOC_766BF0F999D1,village,Jhinjhana Majra,झिंझाना माजरा,Uttar Pradesh,UP,Varanasi,VB-UP-VARANASI,,,Jhinjhana Majra,,,25.233387,82.90026,synthetic_envelope,SRC_VB_SYNTHETIC,,True,0.0,,v0.1,False
LOC_252E7D3D6C13,village,Shahpur Nagar,शाहपुर नगर,Uttar Pradesh,UP,Varanasi,VB-UP-VARANASI,,,Shahpur Nagar,,,25.473552,83.084919,synthetic_envelope,SRC_VB_SYNTHETIC,,True,0.0,,v0.1,False
LOC_5A0DA9F7312B,village,Bhojpur,भोजपुर,Uttar Pradesh,UP,Varanasi,VB-UP-VARANASI,,,Bhojpur,,,25.516562,83.060912,synthetic_envelope,SRC_VB_SYNTHETIC,,True,0.0,,v0.1,False
LOC_6CEACC372182,village,Barwala Khera,बरवाला खेड़ा,Uttar Pradesh,UP,Varanasi,VB-UP-VARANASI,,,Barwala Khera,,,25.488885,83.055723,synthetic_envelope,SRC_VB_SYNTHETIC,,True,0.0,,v0.1,False
LOC_8E3AA3891C04,village,Salempur Nagar,सलेमपुर नगर,Uttar Pradesh,UP,Varanasi,VB-UP-VARANASI,,,Salempur Nagar,,,25.509514,83.115181,synthetic_envelope,SRC_VB_SYNTHETIC,,True,0.0,,v0.1,False
LOC_41CAD4226D00,village,Fatehpur Khera,फतेहपुर खेड़ा,Uttar Pradesh,UP,Varanasi,VB-UP-VARANASI,,,Fatehpur Khera,,,25.386864,83.074754,synthetic_envelope,SRC_VB_SYNTHETIC,,True,0.0,,v0.1,False
LOC_C7C56F4FF11E,village,Kishanpur Kalan,किशनपुर कलां,Uttar Pradesh,UP,Varanasi,VB-UP-VARANASI,,,Kishanpur Kalan,,,25.206946,82.952419,synthetic_envelope,SRC_VB_SYNTHETIC,,True,0.0,,v0.1,False
LOC_8A6572E35ECF,village,Jamalpur Kalan,जमालपुर कलां,Uttar Pradesh,UP,Varanasi,VB-UP-VARANASI,,,Jamalpur Kalan,,,25.471559,83.07688,synthetic_envelope,SRC_VB_SYNTHETIC,,True,0.0,,v0.1,False
LOC_84F8DD0FF02D,village,Todarpur Kalan,तोदड़पुर कलां,Uttar Pradesh,UP,Varanasi,VB-UP-VARANASI,,,Todarpur Kalan,,,25.483246,83.082631,synthetic_envelope,SRC_VB_SYNTHETIC,,True,0.0,,v0.1,False
LOC_7CEE39F92E74,village,Jamalpur Nagar,जमालपुर नगर,Uttar Pradesh,UP,Varanasi,VB-UP-VARANASI,,,Jamalpur Nagar,,,25.287931,83.069922,synthetic_envelope,SRC_VB_SYNTHETIC,,True,0.0,,v0.1,False
LOC_8FDF74B6EE19,village,Bhojpur Khera,भोजपुर खेड़ा,Uttar Pradesh,UP,Varanasi,VB-UP-VARANASI,,,Bhojpur Khera,,,25.466671,83.034555,synthetic_envelope,SRC_VB_SYNTHETIC,,True,0.0,,v0.1,False
LOC_23EAB379B4B9,village,Chandpur Khera,चांदपुर खेड़ा,Uttar Pradesh,UP,Varanasi,VB-UP-VARANASI,,,Chandpur Khera,,,25.252184,82.897664,synthetic_envelope,SRC_VB_SYNTHETIC,,True,0.0,,v0.1,False
LOC_694B16AE5673,village,Kishanpur Kalan,किशनपुर कलां,Uttar Pradesh,UP,Varanasi,VB-UP-VARANASI,,,Kishanpur Kalan,,,25.396994,83.00532,synthetic_envelope,SRC_VB_SYNTHETIC,,True,0.0,,v0.1,False
LOC_CC90C0AC50D7,village,Kheri Khurd,खेड़ी खुर्द,Uttar Pradesh,UP,Prayagraj,VB-UP-PRAYAGRAJ,,,Kheri Khurd,,,25.510522,81.745659,synthetic_envelope,SRC_VB_SYNTHETIC,,True,0.0,,v0.1,False
LOC_A6232DB6ED9D,village,Sikandarpur Kalan,सिकंदरपुर कलां,Uttar Pradesh,UP,Prayagraj,VB-UP-PRAYAGRAJ,,,Sikandarpur Kalan,,,25.328811,82.02344,synthetic_envelope,SRC_VB_SYNTHETIC,,True,0.0,,v0.1,False
LOC_7759FCF67DDC,village,Nangla Nagar,नंगला नगर,Uttar Pradesh,UP,Prayagraj,VB-UP-PRAYAGRAJ,,,Nangla Nagar,,,25.283597,81.664526,synthetic_envelope,SRC_VB_SYNTHETIC,,True,0.0,,v0.1,False
LOC_388BD193E38C,village,Dhanaura,धनौरा,Uttar Pradesh,UP,Prayagraj,VB-UP-PRAYAGRAJ,,,Dhanaura,,,25.298533,82.045463,synthetic_envelope,SRC_VB_SYNTHETIC,,True,0.0,,v0.1,False
LOC_DB4194114CBE,village,Bhojpur Kalan,भोजपुर कलां,Uttar Pradesh,UP,Prayagraj,VB-UP-PRAYAGRAJ,,,Bhojpur Kalan,,,25.266126,82.14472,synthetic_envelope,SRC_VB_SYNTHETIC,,True,0.0,,v0.1,False
LOC_1B87DCE1CCAF,village,Jamalpur,जमालपुर,Uttar Pradesh,UP,Prayagraj,VB-UP-PRAYAGRAJ,,,Jamalpur,,,25.490013,81.741593,synthetic_envelope,SRC_VB_SYNTHETIC,,True,0.0,,v0.1,False
LOC_FF50482B62C9,village,Bhojpur,भोजपुर,Uttar Pradesh,UP,Prayagraj,VB-UP-PRAYAGRAJ,,,Bhojpur,,,25.525197,81.749983,synthetic_envelope,SRC_VB_SYNTHETIC,,True,0.0,,v0.1,False
LOC_61719ED2AD92,village,Rampur Khera,रामपुर खेड़ा,Uttar Pradesh,UP,Prayagraj,VB-UP-PRAYAGRAJ,,,Rampur Khera,,,25.240635,81.660493,synthetic_envelope,SRC_VB_SYNTHETIC,,True,0.0,,v0.1,False
LOC_4414BB3DD189,village,Todarpur Kalan,तोदड़पुर कलां,Uttar Pradesh,UP,Prayagraj,VB-UP-PRAYAGRAJ,,,Todarpur Kalan,,,25.206413,81.648624,synthetic_envelope,SRC_VB_SYNTHETIC,,True,0.0,,v0.1,False
LOC_32FCE404ADDC,village,Jhinjhana Nagar,झिंझाना नगर,Uttar Pradesh,UP,Prayagraj,VB-UP-PRAYAGRAJ,,,Jhinjhana Nagar,,,25.272049,82.066497,synthetic_envelope,SRC_VB_SYNTHETIC,,True,0.0,,v0.1,False
LOC_5B7F6F5AABE1,village,Gopalpur Khurd,गोपालपुर खुर्द,Uttar Pradesh,UP,Prayagraj,VB-UP-PRAYAGRAJ,,,Gopalpur Khurd,,,25.214898,81.626875,synthetic_envelope,SRC_VB_SYNTHETIC,,True,0.0,,v0.1,False
LOC_CB570D4104C5,village,Dhanaura,धनौरा,Uttar Pradesh,UP,Prayagraj,VB-UP-PRAYAGRAJ,,,Dhanaura,,,25.202803,81.699991,synthetic_envelope,SRC_VB_SYNTHETIC,,True,0.0,,v0.1,False
LOC_231EE8AAD24D,village,Shahpur Nagar,शाहपुर नगर,Uttar Pradesh,UP,Prayagraj,VB-UP-PRAYAGRAJ,,,Shahpur Nagar,,,25.402595,81.705798,synthetic_envelope,SRC_VB_SYNTHETIC,,True,0.0,,v0.1,False
LOC_72715BC626BB,village,Kheri,खेड़ी,Uttar Pradesh,UP,Prayagraj,VB-UP-PRAYAGRAJ,,,Kheri,,,25.260623,81.637065,synthetic_envelope,SRC_VB_SYNTHETIC,,True,0.0,,v0.1,False
LOC_B8E82BA5855B,village,Fatehpur Majra,फतेहपुर माजरा,Uttar Pradesh,UP,Prayagraj,VB-UP-PRAYAGRAJ,,,Fatehpur Majra,,,25.308658,81.964641,synthetic_envelope,SRC_VB_SYNTHETIC,,True,0.0,,v0.1,False
LOC_E8D6896520B5,village,Dhanaura Kalan,धनौरा कलां,Uttar Pradesh,UP,Prayagraj,VB-UP-PRAYAGRAJ,,,Dhanaura Kalan,,,25.289153,82.079897,synthetic_envelope,SRC_VB_SYNTHETIC,,True,0.0,,v0.1,False
LOC_617B73983AE6,village,Ladwa Khurd,लाडवा खुर्द,Uttar Pradesh,UP,Prayagraj,VB-UP-PRAYAGRAJ,,,Ladwa Khurd,,,25.320065,81.935136,synthetic_envelope,SRC_VB_SYNTHETIC,,True,0.0,,v0.1,False
LOC_5723347C9ACE,village,Ladwa Kalan,लाडवा कलां,Uttar Pradesh,UP,Prayagraj,VB-UP-PRAYAGRAJ,,,Ladwa Kalan,,,25.509459,81.788856,synthetic_envelope,SRC_VB_SYNTHETIC,,True,0.0,,v0.1,False
LOC_97970758B4DB,village,Umarpur Kalan,उमरपुर कलां,Uttar Pradesh,UP,Prayagraj,VB-UP-PRAYAGRAJ,,,Umarpur Kalan,,,25.276282,82.025633,synthetic_envelope,SRC_VB_SYNTHETIC,,True,0.0,,v0.1,False
LOC_A4FBDD16AFEE,village,Bhagwanpur Khera,भगवानपुर खेड़ा,Uttar Pradesh,UP,Prayagraj,VB-UP-PRAYAGRAJ,,,Bhagwanpur Khera,,,25.458651,81.73213,synthetic_envelope,SRC_VB_SYNTHETIC,,True,0.0,,v0.1,False
LOC_A0A54E4272CE,village,Kishanpur Majra,किशनपुर माजरा,Uttar Pradesh,UP,Prayagraj,VB-UP-PRAYAGRAJ,,,Kishanpur Majra,,,25.502387,81.738818,synthetic_envelope,SRC_VB_SYNTHETIC,,True,0.0,,v0.1,False
LOC_29060E244272,village,Kheri Nagar,खेड़ी नगर,Uttar Pradesh,UP,Prayagraj,VB-UP-PRAYAGRAJ,,,Kheri Nagar,,,25.400444,81.829505,synthetic_envelope,SRC_VB_SYNTHETIC,,True,0.0,,v0.1,False
LOC_0F5AF459C764,village,Fatehpur Kalan,फतेहपुर कलां,Uttar Pradesh,UP,Prayagraj,VB-UP-PRAYAGRAJ,,,Fatehpur Kalan,,,25.201027,81.731639,synthetic_envelope,SRC_VB_SYNTHETIC,,True,0.0,,v0.1,False
LOC_3AF5E513CBF9,village,Shahpur Nagar,शाहपुर नगर,Uttar Pradesh,UP,Prayagraj,VB-UP-PRAYAGRAJ,,,Shahpur Nagar,,,25.375135,81.694999,synthetic_envelope,SRC_VB_SYNTHETIC,,True,0.0,,v0.1,False
LOC_BA7F347FAAAB,village,Dhanaura,धनौरा,Uttar Pradesh,UP,Prayagraj,VB-UP-PRAYAGRAJ,,,Dhanaura,,,25.224915,81.654933,synthetic_envelope,SRC_VB_SYNTHETIC,,True,0.0,,v0.1,False
LOC_44CA8C8FC913,village,Chandpur,चांदपुर,Uttar Pradesh,UP,Prayagraj,VB-UP-PRAYAGRAJ,,,Chandpur,,,25.274807,82.01882,synthetic_envelope,SRC_VB_SYNTHETIC,,True,0.0,,v0.1,False
LOC_2DF7AC6B78D6,village,Rampur Nagar,रामपुर नगर,Uttar Pradesh,UP,Prayagraj,VB-UP-PRAYAGRAJ,,,Rampur Nagar,,,25.474985,81.708258,synthetic_envelope,SRC_VB_SYNTHETIC,,True,0.0,,v0.1,False
LOC_ED1B4572C170,village,Shahpur Kalan,शाहपुर कलां,Uttar Pradesh,UP,Prayagraj,VB-UP-PRAYAGRAJ,,,Shahpur Kalan,,,25.241389,82.067698,synthetic_envelope,SRC_VB_SYNTHETIC,,True,0.0,,v0.1,False
LOC_E631EB21966D,village,Dhanaura Nagar,धनौरा नगर,Uttar Pradesh,UP,Gorakhpur,VB-UP-GORAKHPUR,,,Dhanaura Nagar,,,26.797955,83.325526,synthetic_envelope,SRC_VB_SYNTHETIC,,True,0.0,,v0.1,False
LOC_0E6675CBBFA9,village,Rasulpur Majra,रसूलपुर माजरा,Uttar Pradesh,UP,Gorakhpur,VB-UP-GORAKHPUR,,,Rasulpur Majra,,,26.76064,83.507376,synthetic_envelope,SRC_VB_SYNTHETIC,,True,0.0,,v0.1,False
LOC_2A0DC1141588,village,Barwala Majra,बरवाला माजरा,Uttar Pradesh,UP,Gorakhpur,VB-UP-GORAKHPUR,,,Barwala Majra,,,26.819879,83.537442,synthetic_envelope,SRC_VB_SYNTHETIC,,True,0.0,,v0.1,False
LOC_43D2D460032A,village,Mubarikpur,मुबारिकपुर,Uttar Pradesh,UP,Gorakhpur,VB-UP-GORAKHPUR,,,Mubarikpur,,,26.92096,83.290564,synthetic_envelope,SRC_VB_SYNTHETIC,,True,0.0,,v0.1,False
LOC_D75B815E8A85,village,Rampur Khurd,रामपुर खुर्द,Uttar Pradesh,UP,Gorakhpur,VB-UP-GORAKHPUR,,,Rampur Khurd,,,26.919895,83.25888,synthetic_envelope,SRC_VB_SYNTHETIC,,True,0.0,,v0.1,False
LOC_028960F7E037,village,Chandpur Majra,चांदपुर माजरा,Uttar Pradesh,UP,Gorakhpur,VB-UP-GORAKHPUR,,,Chandpur Majra,,,26.741669,83.593306,synthetic_envelope,SRC_VB_SYNTHETIC,,True,0.0,,v0.1,False
LOC_D9FABA2D9081,village,Todarpur Nagar,तोदड़पुर नगर,Uttar Pradesh,UP,Gorakhpur,VB-UP-GORAKHPUR,,,Todarpur Nagar,,,26.894304,83.272211,synthetic_envelope,SRC_VB_SYNTHETIC,,True,0.0,,v0.1,False
LOC_3ACA9159C9F5,village,Chandpur,चांदपुर,Uttar Pradesh,UP,Gorakhpur,VB-UP-GORAKHPUR,,,Chandpur,,,26.844636,83.319887,synthetic_envelope,SRC_VB_SYNTHETIC,,True,0.0,,v0.1,False
LOC_712276979C0E,village,Jhinjhana,झिंझाना,Uttar Pradesh,UP,Gorakhpur,VB-UP-GORAKHPUR,,,Jhinjhana,,,26.865833,83.262842,synthetic_envelope,SRC_VB_SYNTHETIC,,True,0.0,,v0.1,False
LOC_57806D2ED042,village,Fatehpur Khera,फतेहपुर खेड़ा,Uttar Pradesh,UP,Gorakhpur,VB-UP-GORAKHPUR,,,Fatehpur Khera,,,26.89595,83.308984,synthetic_envelope,SRC_VB_SYNTHETIC,,True,0.0,,v0.1,False
LOC_F9D5EF83FDE2,village,Bahadurpur Majra,बहादुरपुर माजरा,Uttar Pradesh,UP,Gorakhpur,VB-UP-GORAKHPUR,,,Bahadurpur Majra,,,26.865277,83.32455,synthetic_envelope,SRC_VB_SYNTHETIC,,True,0.0,,v0.1,False
LOC_EE852409FCEC,village,Naurangpur Nagar,नौरंगपुर नगर,Uttar Pradesh,UP,Gorakhpur,VB-UP-GORAKHPUR,,,Naurangpur Nagar,,,26.762174,83.485403,synthetic_envelope,SRC_VB_SYNTHETIC,,True,0.0,,v0.1,False
LOC_F00A6487C17D,village,Alipur Nagar,अलीपुर नगर,Uttar Pradesh,UP,Gorakhpur,VB-UP-GORAKHPUR,,,Alipur Nagar,,,26.867127,83.269152,synthetic_envelope,SRC_VB_SYNTHETIC,,True,0.0,,v0.1,False
LOC_659CFE43DDE8,village,Sikandarpur,सिकंदरपुर,Uttar Pradesh,UP,Gorakhpur,VB-UP-GORAKHPUR,,,Sikandarpur,,,26.820789,83.499528,synthetic_envelope,SRC_VB_SYNTHETIC,,True,0.0,,v0.1,False
LOC_9F50C94DA89A,village,Todarpur Kalan,तोदड़पुर कलां,Uttar Pradesh,UP,Gorakhpur,VB-UP-GORAKHPUR,,,Todarpur Kalan,,,26.838375,83.307471,synthetic_envelope,SRC_VB_SYNTHETIC,,True,0.0,,v0.1,False
LOC_152959E196FC,village,Basantpur Majra,बसंतपुर माजरा,Uttar Pradesh,UP,Gorakhpur,VB-UP-GORAKHPUR,,,Basantpur Majra,,,26.927648,83.352507,synthetic_envelope,SRC_VB_SYNTHETIC,,True,0.0,,v0.1,False
LOC_78852DB7D1C3,village,Mubarikpur Majra,मुबारिकपुर माजरा,Uttar Pradesh,UP,Gorakhpur,VB-UP-GORAKHPUR,,,Mubarikpur Majra,,,26.845317,83.247314,synthetic_envelope,SRC_VB_SYNTHETIC,,True,0.0,,v0.1,False
LOC_9AB82547F1D5,village,Bhagwanpur Kalan,भगवानपुर कलां,Uttar Pradesh,UP,Gorakhpur,VB-UP-GORAKHPUR,,,Bhagwanpur Kalan,,,26.855733,83.262442,synthetic_envelope,SRC_VB_SYNTHETIC,,True,0.0,,v0.1,False
LOC_1162988D1108,village,Rasulpur Kalan,रसूलपुर कलां,Uttar Pradesh,UP,Gorakhpur,VB-UP-GORAKHPUR,,,Rasulpur Kalan,,,26.648036,83.550068,synthetic_envelope,SRC_VB_SYNTHETIC,,True,0.0,,v0.1,False
LOC_43BCE1ED9669,village,Sikandarpur Majra,सिकंदरपुर माजरा,Uttar Pradesh,UP,Gorakhpur,VB-UP-GORAKHPUR,,,Sikandarpur Majra,,,26.828558,83.558915,synthetic_envelope,SRC_VB_SYNTHETIC,,True,0.0,,v0.1,False
LOC_B94DFDCD38BD,village,Nathupur Khera,नत्थूपुर खेड़ा,Uttar Pradesh,UP,Gorakhpur,VB-UP-GORAKHPUR,,,Nathupur Khera,,,26.953213,83.294273,synthetic_envelope,SRC_VB_SYNTHETIC,,True,0.0,,v0.1,False
LOC_A869CA31A3E1,village,Bahadurpur Khurd,बहादुरपुर खुर्द,Uttar Pradesh,UP,Gorakhpur,VB-UP-GORAKHPUR,,,Bahadurpur Khurd,,,26.890931,83.365158,synthetic_envelope,SRC_VB_SYNTHETIC,,True,0.0,,v0.1,False
LOC_2260D7B1CB3D,village,Chandpur Majra,चांदपुर माजरा,Uttar Pradesh,UP,Gorakhpur,VB-UP-GORAKHPUR,,,Chandpur Majra,,,26.843972,83.359276,synthetic_envelope,SRC_VB_SYNTHETIC,,True,0.0,,v0.1,False
LOC_C201552969BB,village,Alipur Khurd,अलीपुर खुर्द,Uttar Pradesh,UP,Gorakhpur,VB-UP-GORAKHPUR,,,Alipur Khurd,,,26.826627,83.60157,synthetic_envelope,SRC_VB_SYNTHETIC,,True,0.0,,v0.1,False
LOC_4FC63A886C97,village,Alipur Nagar,अलीपुर नगर,Uttar Pradesh,UP,Gorakhpur,VB-UP-GORAKHPUR,,,Alipur Nagar,,,26.78627,83.484735,synthetic_envelope,SRC_VB_SYNTHETIC,,True,0.0,,v0.1,False
LOC_9C16977B7987,village,Kishanpur Nagar,किशनपुर नगर,Uttar Pradesh,UP,Gorakhpur,VB-UP-GORAKHPUR,,,Kishanpur Nagar,,,26.784471,83.505082,synthetic_envelope,SRC_VB_SYNTHETIC,,True,0.0,,v0.1,False
LOC_F54180BA8FE6,village,Kishanpur,किशनपुर,Uttar Pradesh,UP,Gorakhpur,VB-UP-GORAKHPUR,,,Kishanpur,,,26.799749,83.57607,synthetic_envelope,SRC_VB_SYNTHETIC,,True,0.0,,v0.1,False
LOC_09539444E144,village,Jamalpur Nagar,जमालपुर नगर,Uttar Pradesh,UP,Gorakhpur,VB-UP-GORAKHPUR,,,Jamalpur Nagar,,,26.856607,83.520062,synthetic_envelope,SRC_VB_SYNTHETIC,,True,0.0,,v0.1,False
LOC_3B5C5079C006,village,Fatehpur Khera,फतेहपुर खेड़ा,Uttar Pradesh,UP,Gorakhpur,VB-UP-GORAKHPUR,,,Fatehpur Khera,,,26.809667,83.385226,synthetic_envelope,SRC_VB_SYNTHETIC,,True,0.0,,v0.1,False
LOC_DD354AEDA6D9,village,Fatehpur Nagar,फतेहपुर नगर,Uttar Pradesh,UP,Gorakhpur,VB-UP-GORAKHPUR,,,Fatehpur Nagar,,,26.724501,83.506829,synthetic_envelope,SRC_VB_SYNTHETIC,,True,0.0,,v0.1,False
LOC_8DBB3FA667B3,depot,New Delhi Transport Depot,New Delhi ट्रांसपोर्ट डिपो,Delhi,DL,New Delhi,VB-DL-NEW-DELHI,,,New Delhi,,,28.6139,77.209,district_centroid,SRC_VB_SYNTHETIC,,True,0.0,,v0.1,True
LOC_61BECDCA1350,depot,Central Delhi Transport Depot,Central Delhi ट्रांसपोर्ट डिपो,Delhi,DL,Central Delhi,VB-DL-CENTRAL-DELH,,,Central Delhi,,,28.6508,77.22,district_centroid,SRC_VB_SYNTHETIC,,True,0.0,,v0.1,True
LOC_B26FC239E19A,depot,North Delhi Transport Depot,North Delhi ट्रांसपोर्ट डिपो,Delhi,DL,North Delhi,VB-DL-NORTH-DELHI,,,North Delhi,,,28.701,77.21,district_centroid,SRC_VB_SYNTHETIC,,True,0.0,,v0.1,True
LOC_E9EE964E8CFE,depot,South Delhi Transport Depot,South Delhi ट्रांसपोर्ट डिपो,Delhi,DL,South Delhi,VB-DL-SOUTH-DELHI,,,South Delhi,,,28.5245,77.2066,district_centroid,SRC_VB_SYNTHETIC,,True,0.0,,v0.1,True
LOC_41413C4D1A63,depot,East Delhi Transport Depot,East Delhi ट्रांसपोर्ट डिपो,Delhi,DL,East Delhi,VB-DL-EAST-DELHI,,,East Delhi,,,28.628,77.295,district_centroid,SRC_VB_SYNTHETIC,,True,0.0,,v0.1,True
LOC_21F591BF08EC,depot,West Delhi Transport Depot,West Delhi ट्रांसपोर्ट डिपो,Delhi,DL,West Delhi,VB-DL-WEST-DELHI,,,West Delhi,,,28.656,77.1,district_centroid,SRC_VB_SYNTHETIC,,True,0.0,,v0.1,True
LOC_FF96333A5510,depot,North West Delhi Transport Depot,North West Delhi ट्रांसपोर्ट डिपो,Delhi,DL,North West Delhi,VB-DL-NORTH-WEST-D,,,North West Delhi,,,28.728,77.07,district_centroid,SRC_VB_SYNTHETIC,,True,0.0,,v0.1,True
LOC_63A998834201,depot,North East Delhi Transport Depot,North East Delhi ट्रांसपोर्ट डिपो,Delhi,DL,North East Delhi,VB-DL-NORTH-EAST-D,,,North East Delhi,,,28.69,77.27,district_centroid,SRC_VB_SYNTHETIC,,True,0.0,,v0.1,True
LOC_DA9770705B86,depot,South West Delhi Transport Depot,South West Delhi ट्रांसपोर्ट डिपो,Delhi,DL,South West Delhi,VB-DL-SOUTH-WEST-D,,,South West Delhi,,,28.59,77.03,district_centroid,SRC_VB_SYNTHETIC,,True,0.0,,v0.1,True
LOC_BD15AF538A86,depot,South East Delhi Transport Depot,South East Delhi ट्रांसपोर्ट डिपो,Delhi,DL,South East Delhi,VB-DL-SOUTH-EAST-D,,,South East Delhi,,,28.545,77.27,district_centroid,SRC_VB_SYNTHETIC,,True,0.0,,v0.1,True
LOC_E96863625035,depot,Shahdara Transport Depot,Shahdara ट्रांसपोर्ट डिपो,Delhi,DL,Shahdara,VB-DL-SHAHDARA,,,Shahdara,,,28.67,77.29,district_centroid,SRC_VB_SYNTHETIC,,True,0.0,,v0.1,True
LOC_F20DB0F2A327,depot,Gurugram Transport Depot,Gurugram ट्रांसपोर्ट डिपो,Haryana,HR,Gurugram,VB-HR-GURUGRAM,,,Gurugram,,,28.4595,77.0266,district_centroid,SRC_VB_SYNTHETIC,,True,0.0,,v0.1,True
LOC_5D316714188F,depot,Faridabad Transport Depot,Faridabad ट्रांसपोर्ट डिपो,Haryana,HR,Faridabad,VB-HR-FARIDABAD,,,Faridabad,,,28.4089,77.3178,district_centroid,SRC_VB_SYNTHETIC,,True,0.0,,v0.1,True
LOC_2E9E391564C2,depot,Sonipat Transport Depot,Sonipat ट्रांसपोर्ट डिपो,Haryana,HR,Sonipat,VB-HR-SONIPAT,,,Sonipat,,,28.9931,77.0151,district_centroid,SRC_VB_SYNTHETIC,,True,0.0,,v0.1,True
LOC_0B27B307A77E,depot,Panipat Transport Depot,Panipat ट्रांसपोर्ट डिपो,Haryana,HR,Panipat,VB-HR-PANIPAT,,,Panipat,,,29.3909,76.9635,district_centroid,SRC_VB_SYNTHETIC,,True,0.0,,v0.1,True
LOC_6042150B38E7,depot,Rohtak Transport Depot,Rohtak ट्रांसपोर्ट डिपो,Haryana,HR,Rohtak,VB-HR-ROHTAK,,,Rohtak,,,28.8955,76.6066,district_centroid,SRC_VB_SYNTHETIC,,True,0.0,,v0.1,True
LOC_8EAD4661AFB9,depot,Jhajjar Transport Depot,Jhajjar ट्रांसपोर्ट डिपो,Haryana,HR,Jhajjar,VB-HR-JHAJJAR,,,Jhajjar,,,28.606,76.657,district_centroid,SRC_VB_SYNTHETIC,,True,0.0,,v0.1,True
LOC_5242BE7C01CE,depot,Rewari Transport Depot,Rewari ट्रांसपोर्ट डिपो,Haryana,HR,Rewari,VB-HR-REWARI,,,Rewari,,,28.192,76.619,district_centroid,SRC_VB_SYNTHETIC,,True,0.0,,v0.1,True
LOC_2275B2D35F85,depot,Palwal Transport Depot,Palwal ट्रांसपोर्ट डिपो,Haryana,HR,Palwal,VB-HR-PALWAL,,,Palwal,,,28.1487,77.332,district_centroid,SRC_VB_SYNTHETIC,,True,0.0,,v0.1,True
LOC_B39E76DCD93F,depot,Nuh Transport Depot,Nuh ट्रांसपोर्ट डिपो,Haryana,HR,Nuh,VB-HR-NUH,,,Nuh,,,28.103,77.001,district_centroid,SRC_VB_SYNTHETIC,,True,0.0,,v0.1,True
LOC_EE8F1CF00ECF,depot,Bhiwani Transport Depot,Bhiwani ट्रांसपोर्ट डिपो,Haryana,HR,Bhiwani,VB-HR-BHIWANI,,,Bhiwani,,,28.793,76.139,district_centroid,SRC_VB_SYNTHETIC,,True,0.0,,v0.1,True
LOC_D49CDCEB7AF7,depot,Charkhi Dadri Transport Depot,Charkhi Dadri ट्रांसपोर्ट डिपो,Haryana,HR,Charkhi Dadri,VB-HR-CHARKHI-DADR,,,Charkhi Dadri,,,28.592,76.271,district_centroid,SRC_VB_SYNTHETIC,,True,0.0,,v0.1,True
LOC_F1EE6A62E5AA,depot,Mahendragarh Transport Depot,Mahendragarh ट्रांसपोर्ट डिपो,Haryana,HR,Mahendragarh,VB-HR-MAHENDRAGARH,,,Mahendragarh,,,28.27,76.15,district_centroid,SRC_VB_SYNTHETIC,,True,0.0,,v0.1,True
LOC_487C12AA952A,depot,Jind Transport Depot,Jind ट्रांसपोर्ट डिपो,Haryana,HR,Jind,VB-HR-JIND,,,Jind,,,29.316,76.315,district_centroid,SRC_VB_SYNTHETIC,,True,0.0,,v0.1,True
LOC_3B372919B752,depot,Karnal Transport Depot,Karnal ट्रांसपोर्ट डिपो,Haryana,HR,Karnal,VB-HR-KARNAL,,,Karnal,,,29.6857,76.9905,district_centroid,SRC_VB_SYNTHETIC,,True,0.0,,v0.1,True
LOC_7CE3D43FF63F,depot,Ambala Transport Depot,Ambala ट्रांसपोर्ट डिपो,Haryana,HR,Ambala,VB-HR-AMBALA,,,Ambala,,,30.3752,76.7821,district_centroid,SRC_VB_SYNTHETIC,,True,0.0,,v0.1,False
LOC_BACB2642B5AD,depot,Kurukshetra Transport Depot,Kurukshetra ट्रांसपोर्ट डिपो,Haryana,HR,Kurukshetra,VB-HR-KURUKSHETRA,,,Kurukshetra,,,29.9695,76.8783,district_centroid,SRC_VB_SYNTHETIC,,True,0.0,,v0.1,False
LOC_2ADFB4EFDB06,depot,Kaithal Transport Depot,Kaithal ट्रांसपोर्ट डिपो,Haryana,HR,Kaithal,VB-HR-KAITHAL,,,Kaithal,,,29.8015,76.3995,district_centroid,SRC_VB_SYNTHETIC,,True,0.0,,v0.1,False
LOC_11A4C40B0A4F,depot,Yamunanagar Transport Depot,Yamunanagar ट्रांसपोर्ट डिपो,Haryana,HR,Yamunanagar,VB-HR-YAMUNANAGAR,,,Yamunanagar,,,30.129,77.2674,district_centroid,SRC_VB_SYNTHETIC,,True,0.0,,v0.1,False
LOC_8E24E29DF84B,depot,Hisar Transport Depot,Hisar ट्रांसपोर्ट डिपो,Haryana,HR,Hisar,VB-HR-HISAR,,,Hisar,,,29.1492,75.7217,district_centroid,SRC_VB_SYNTHETIC,,True,0.0,,v0.1,False
LOC_D8FB48D6F894,depot,Fatehabad Transport Depot,Fatehabad ट्रांसपोर्ट डिपो,Haryana,HR,Fatehabad,VB-HR-FATEHABAD,,,Fatehabad,,,29.515,75.455,district_centroid,SRC_VB_SYNTHETIC,,True,0.0,,v0.1,False
LOC_91BA4A3395D5,depot,Sirsa Transport Depot,Sirsa ट्रांसपोर्ट डिपो,Haryana,HR,Sirsa,VB-HR-SIRSA,,,Sirsa,,,29.5349,75.028,district_centroid,SRC_VB_SYNTHETIC,,True,0.0,,v0.1,False
LOC_2B9C182E1BB7,depot,Panchkula Transport Depot,Panchkula ट्रांसपोर्ट डिपो,Haryana,HR,Panchkula,VB-HR-PANCHKULA,,,Panchkula,,,30.6942,76.8606,district_centroid,SRC_VB_SYNTHETIC,,True,0.0,,v0.1,False
LOC_5AA457C919DB,depot,Ludhiana Transport Depot,Ludhiana ट्रांसपोर्ट डिपो,Punjab,PB,Ludhiana,VB-PB-LUDHIANA,,,Ludhiana,,,30.901,75.8573,district_centroid,SRC_VB_SYNTHETIC,,True,0.0,,v0.1,False
LOC_EC1D3E4138DF,depot,Amritsar Transport Depot,Amritsar ट्रांसपोर्ट डिपो,Punjab,PB,Amritsar,VB-PB-AMRITSAR,,,Amritsar,,,31.634,74.8723,district_centroid,SRC_VB_SYNTHETIC,,True,0.0,,v0.1,False
LOC_165F0D721F3E,depot,Jalandhar Transport Depot,Jalandhar ट्रांसपोर्ट डिपो,Punjab,PB,Jalandhar,VB-PB-JALANDHAR,,,Jalandhar,,,31.326,75.5762,district_centroid,SRC_VB_SYNTHETIC,,True,0.0,,v0.1,False
LOC_E7B504BE8FE9,depot,Patiala Transport Depot,Patiala ट्रांसपोर्ट डिपो,Punjab,PB,Patiala,VB-PB-PATIALA,,,Patiala,,,30.3398,76.3869,district_centroid,SRC_VB_SYNTHETIC,,True,0.0,,v0.1,False
LOC_FEFD9351973D,depot,Bathinda Transport Depot,Bathinda ट्रांसपोर्ट डिपो,Punjab,PB,Bathinda,VB-PB-BATHINDA,,,Bathinda,,,30.211,74.9455,district_centroid,SRC_VB_SYNTHETIC,,True,0.0,,v0.1,False
LOC_08710C80560B,depot,Moga Transport Depot,Moga ट्रांसपोर्ट डिपो,Punjab,PB,Moga,VB-PB-MOGA,,,Moga,,,30.8158,75.1717,district_centroid,SRC_VB_SYNTHETIC,,True,0.0,,v0.1,False
LOC_B0D713DFA81B,depot,Ferozepur Transport Depot,Ferozepur ट्रांसपोर्ट डिपो,Punjab,PB,Ferozepur,VB-PB-FEROZEPUR,,,Ferozepur,,,30.925,74.613,district_centroid,SRC_VB_SYNTHETIC,,True,0.0,,v0.1,False
LOC_C6AB43142BDB,depot,Faridkot Transport Depot,Faridkot ट्रांसपोर्ट डिपो,Punjab,PB,Faridkot,VB-PB-FARIDKOT,,,Faridkot,,,30.674,74.755,district_centroid,SRC_VB_SYNTHETIC,,True,0.0,,v0.1,False
LOC_C90487F88BAC,depot,Muktsar Transport Depot,Muktsar ट्रांसपोर्ट डिपो,Punjab,PB,Muktsar,VB-PB-MUKTSAR,,,Muktsar,,,30.476,74.516,district_centroid,SRC_VB_SYNTHETIC,,True,0.0,,v0.1,False
LOC_5B344A07BA57,depot,Sangrur Transport Depot,Sangrur ट्रांसपोर्ट डिपो,Punjab,PB,Sangrur,VB-PB-SANGRUR,,,Sangrur,,,30.2458,75.8421,district_centroid,SRC_VB_SYNTHETIC,,True,0.0,,v0.1,False
LOC_C58F1767A842,depot,Barnala Transport Depot,Barnala ट्रांसपोर्ट डिपो,Punjab,PB,Barnala,VB-PB-BARNALA,,,Barnala,,,30.3745,75.546,district_centroid,SRC_VB_SYNTHETIC,,True,0.0,,v0.1,False
LOC_45C74FBD7B6F,depot,Mansa Transport Depot,Mansa ट्रांसपोर्ट डिपो,Punjab,PB,Mansa,VB-PB-MANSA,,,Mansa,,,29.988,75.393,district_centroid,SRC_VB_SYNTHETIC,,True,0.0,,v0.1,False
LOC_B890897F9CCC,depot,Kapurthala Transport Depot,Kapurthala ट्रांसपोर्ट डिपो,Punjab,PB,Kapurthala,VB-PB-KAPURTHALA,,,Kapurthala,,,31.38,75.38,district_centroid,SRC_VB_SYNTHETIC,,True,0.0,,v0.1,False
LOC_BF1D141289ED,depot,Hoshiarpur Transport Depot,Hoshiarpur ट्रांसपोर्ट डिपो,Punjab,PB,Hoshiarpur,VB-PB-HOSHIARPUR,,,Hoshiarpur,,,31.532,75.912,district_centroid,SRC_VB_SYNTHETIC,,True,0.0,,v0.1,False
LOC_AB3DB4CE53FF,depot,Gurdaspur Transport Depot,Gurdaspur ट्रांसपोर्ट डिपो,Punjab,PB,Gurdaspur,VB-PB-GURDASPUR,,,Gurdaspur,,,32.041,75.405,district_centroid,SRC_VB_SYNTHETIC,,True,0.0,,v0.1,False
LOC_D2DDEA75080C,depot,Pathankot Transport Depot,Pathankot ट्रांसपोर्ट डिपो,Punjab,PB,Pathankot,VB-PB-PATHANKOT,,,Pathankot,,,32.274,75.652,district_centroid,SRC_VB_SYNTHETIC,,True,0.0,,v0.1,False
LOC_0D7AAF851D69,depot,Tarn Taran Transport Depot,Tarn Taran ट्रांसपोर्ट डिपो,Punjab,PB,Tarn Taran,VB-PB-TARN-TARAN,,,Tarn Taran,,,31.452,74.928,district_centroid,SRC_VB_SYNTHETIC,,True,0.0,,v0.1,False
LOC_DD4D9C55D7BB,depot,Fatehgarh Sahib Transport Depot,Fatehgarh Sahib ट्रांसपोर्ट डिपो,Punjab,PB,Fatehgarh Sahib,VB-PB-FATEHGARH-SA,,,Fatehgarh Sahib,,,30.644,76.392,district_centroid,SRC_VB_SYNTHETIC,,True,0.0,,v0.1,False
LOC_8E5593D8E476,depot,Rupnagar Transport Depot,Rupnagar ट्रांसपोर्ट डिपो,Punjab,PB,Rupnagar,VB-PB-RUPNAGAR,,,Rupnagar,,,30.966,76.527,district_centroid,SRC_VB_SYNTHETIC,,True,0.0,,v0.1,False
LOC_ED9C60D04FC0,depot,SAS Nagar Transport Depot,SAS Nagar ट्रांसपोर्ट डिपो,Punjab,PB,SAS Nagar,VB-PB-SAS-NAGAR,,,SAS Nagar,,,30.705,76.718,district_centroid,SRC_VB_SYNTHETIC,,True,0.0,,v0.1,False
LOC_6C7E235EC96D,depot,Nawanshahr Transport Depot,Nawanshahr ट्रांसपोर्ट डिपो,Punjab,PB,Nawanshahr,VB-PB-NAWANSHAHR,,,Nawanshahr,,,31.125,76.117,district_centroid,SRC_VB_SYNTHETIC,,True,0.0,,v0.1,False
LOC_2011BC2FE7BD,depot,Fazilka Transport Depot,Fazilka ट्रांसपोर्ट डिपो,Punjab,PB,Fazilka,VB-PB-FAZILKA,,,Fazilka,,,30.403,74.028,district_centroid,SRC_VB_SYNTHETIC,,True,0.0,,v0.1,False
LOC_03F06DD41C28,depot,Malerkotla Transport Depot,Malerkotla ट्रांसपोर्ट डिपो,Punjab,PB,Malerkotla,VB-PB-MALERKOTLA,,,Malerkotla,,,30.525,75.88,district_centroid,SRC_VB_SYNTHETIC,,True,0.0,,v0.1,False
LOC_CF065FE8EBAB,depot,Gautam Buddha Nagar Transport Depot,Gautam Buddha Nagar ट्रांसपोर्ट डिपो,Uttar Pradesh,UP,Gautam Buddha Nagar,VB-UP-GAUTAM-BUDDH,,,Gautam Buddha Nagar,,,28.5355,77.391,district_centroid,SRC_VB_SYNTHETIC,,True,0.0,,v0.1,True
LOC_841795218E67,depot,Ghaziabad Transport Depot,Ghaziabad ट्रांसपोर्ट डिपो,Uttar Pradesh,UP,Ghaziabad,VB-UP-GHAZIABAD,,,Ghaziabad,,,28.6692,77.4538,district_centroid,SRC_VB_SYNTHETIC,,True,0.0,,v0.1,True
LOC_D24D73F16033,depot,Meerut Transport Depot,Meerut ट्रांसपोर्ट डिपो,Uttar Pradesh,UP,Meerut,VB-UP-MEERUT,,,Meerut,,,28.9845,77.7064,district_centroid,SRC_VB_SYNTHETIC,,True,0.0,,v0.1,True
LOC_BC83DA386B0E,depot,Baghpat Transport Depot,Baghpat ट्रांसपोर्ट डिपो,Uttar Pradesh,UP,Baghpat,VB-UP-BAGHPAT,,,Baghpat,,,28.944,77.22,district_centroid,SRC_VB_SYNTHETIC,,True,0.0,,v0.1,True
LOC_CF209A6CE403,depot,Hapur Transport Depot,Hapur ट्रांसपोर्ट डिपो,Uttar Pradesh,UP,Hapur,VB-UP-HAPUR,,,Hapur,,,28.73,77.78,district_centroid,SRC_VB_SYNTHETIC,,True,0.0,,v0.1,True
LOC_1FB47BF8FFEB,depot,Bulandshahr Transport Depot,Bulandshahr ट्रांसपोर्ट डिपो,Uttar Pradesh,UP,Bulandshahr,VB-UP-BULANDSHAHR,,,Bulandshahr,,,28.407,77.85,district_centroid,SRC_VB_SYNTHETIC,,True,0.0,,v0.1,True
LOC_F86E62177015,depot,Muzaffarnagar Transport Depot,Muzaffarnagar ट्रांसपोर्ट डिपो,Uttar Pradesh,UP,Muzaffarnagar,VB-UP-MUZAFFARNAGA,,,Muzaffarnagar,,,29.4727,77.7085,district_centroid,SRC_VB_SYNTHETIC,,True,0.0,,v0.1,True
LOC_27273A6A3299,depot,Shamli Transport Depot,Shamli ट्रांसपोर्ट डिपो,Uttar Pradesh,UP,Shamli,VB-UP-SHAMLI,,,Shamli,,,29.45,77.31,district_centroid,SRC_VB_SYNTHETIC,,True,0.0,,v0.1,True
LOC_B01B9CC74597,depot,Saharanpur Transport Depot,Saharanpur ट्रांसपोर्ट डिपो,Uttar Pradesh,UP,Saharanpur,VB-UP-SAHARANPUR,,,Saharanpur,,,29.968,77.546,district_centroid,SRC_VB_SYNTHETIC,,True,0.0,,v0.1,False
LOC_E71843C35AC6,depot,Bijnor Transport Depot,Bijnor ट्रांसपोर्ट डिपो,Uttar Pradesh,UP,Bijnor,VB-UP-BIJNOR,,,Bijnor,,,29.373,78.136,district_centroid,SRC_VB_SYNTHETIC,,True,0.0,,v0.1,False
LOC_AFF866260256,depot,Moradabad Transport Depot,Moradabad ट्रांसपोर्ट डिपो,Uttar Pradesh,UP,Moradabad,VB-UP-MORADABAD,,,Moradabad,,,28.8386,78.7733,district_centroid,SRC_VB_SYNTHETIC,,True,0.0,,v0.1,False
LOC_8F3BDE96C1C3,depot,Rampur Transport Depot,Rampur ट्रांसपोर्ट डिपो,Uttar Pradesh,UP,Rampur,VB-UP-RAMPUR,,,Rampur,,,28.8,79.025,district_centroid,SRC_VB_SYNTHETIC,,True,0.0,,v0.1,False
LOC_0F3D188854D6,depot,Amroha Transport Depot,Amroha ट्रांसपोर्ट डिपो,Uttar Pradesh,UP,Amroha,VB-UP-AMROHA,,,Amroha,,,28.903,78.467,district_centroid,SRC_VB_SYNTHETIC,,True,0.0,,v0.1,False
LOC_BC48412E6B15,depot,Sambhal Transport Depot,Sambhal ट्रांसपोर्ट डिपो,Uttar Pradesh,UP,Sambhal,VB-UP-SAMBHAL,,,Sambhal,,,28.585,78.567,district_centroid,SRC_VB_SYNTHETIC,,True,0.0,,v0.1,False
LOC_B56ABDBA32E2,depot,Aligarh Transport Depot,Aligarh ट्रांसपोर्ट डिपो,Uttar Pradesh,UP,Aligarh,VB-UP-ALIGARH,,,Aligarh,,,27.8974,78.088,district_centroid,SRC_VB_SYNTHETIC,,True,0.0,,v0.1,False
LOC_4E618897659A,depot,Hathras Transport Depot,Hathras ट्रांसपोर्ट डिपो,Uttar Pradesh,UP,Hathras,VB-UP-HATHRAS,,,Hathras,,,27.595,78.052,district_centroid,SRC_VB_SYNTHETIC,,True,0.0,,v0.1,False
LOC_EBC017604691,depot,Mathura Transport Depot,Mathura ट्रांसपोर्ट डिपो,Uttar Pradesh,UP,Mathura,VB-UP-MATHURA,,,Mathura,,,27.4924,77.6737,district_centroid,SRC_VB_SYNTHETIC,,True,0.0,,v0.1,False
LOC_2E423964E639,depot,Agra Transport Depot,Agra ट्रांसपोर्ट डिपो,Uttar Pradesh,UP,Agra,VB-UP-AGRA,,,Agra,,,27.1767,78.0081,district_centroid,SRC_VB_SYNTHETIC,,True,0.0,,v0.1,False
LOC_6B9FA168B682,depot,Firozabad Transport Depot,Firozabad ट्रांसपोर्ट डिपो,Uttar Pradesh,UP,Firozabad,VB-UP-FIROZABAD,,,Firozabad,,,27.1591,78.3957,district_centroid,SRC_VB_SYNTHETIC,,True,0.0,,v0.1,False
LOC_AA53E75D54A9,depot,Etah Transport Depot,Etah ट्रांसपोर्ट डिपो,Uttar Pradesh,UP,Etah,VB-UP-ETAH,,,Etah,,,27.558,78.662,district_centroid,SRC_VB_SYNTHETIC,,True,0.0,,v0.1,False
LOC_B9CDAEAD5C72,depot,Mainpuri Transport Depot,Mainpuri ट्रांसपोर्ट डिपो,Uttar Pradesh,UP,Mainpuri,VB-UP-MAINPURI,,,Mainpuri,,,27.235,79.027,district_centroid,SRC_VB_SYNTHETIC,,True,0.0,,v0.1,False
LOC_443EF0FB4E8C,depot,Etawah Transport Depot,Etawah ट्रांसपोर्ट डिपो,Uttar Pradesh,UP,Etawah,VB-UP-ETAWAH,,,Etawah,,,26.777,79.021,district_centroid,SRC_VB_SYNTHETIC,,True,0.0,,v0.1,False
LOC_5775AEDC7A87,depot,Kanpur Nagar Transport Depot,Kanpur Nagar ट्रांसपोर्ट डिपो,Uttar Pradesh,UP,Kanpur Nagar,VB-UP-KANPUR-NAGAR,,,Kanpur Nagar,,,26.4499,80.3319,district_centroid,SRC_VB_SYNTHETIC,,True,0.0,,v0.1,False
LOC_08E25919DCC7,depot,Kanpur Dehat Transport Depot,Kanpur Dehat ट्रांसपोर्ट डिपो,Uttar Pradesh,UP,Kanpur Dehat,VB-UP-KANPUR-DEHAT,,,Kanpur Dehat,,,26.42,79.99,district_centroid,SRC_VB_SYNTHETIC,,True,0.0,,v0.1,False
LOC_AD745A3946E4,depot,Unnao Transport Depot,Unnao ट्रांसपोर्ट डिपो,Uttar Pradesh,UP,Unnao,VB-UP-UNNAO,,,Unnao,,,26.546,80.488,district_centroid,SRC_VB_SYNTHETIC,,True,0.0,,v0.1,False
LOC_B6370F731EEC,depot,Lucknow Transport Depot,Lucknow ट्रांसपोर्ट डिपो,Uttar Pradesh,UP,Lucknow,VB-UP-LUCKNOW,,,Lucknow,,,26.8467,80.9462,district_centroid,SRC_VB_SYNTHETIC,,True,0.0,,v0.1,False
LOC_190E748F376B,depot,Barabanki Transport Depot,Barabanki ट्रांसपोर्ट डिपो,Uttar Pradesh,UP,Barabanki,VB-UP-BARABANKI,,,Barabanki,,,26.925,81.19,district_centroid,SRC_VB_SYNTHETIC,,True,0.0,,v0.1,False
LOC_4A5F46E3AFB5,depot,Sitapur Transport Depot,Sitapur ट्रांसपोर्ट डिपो,Uttar Pradesh,UP,Sitapur,VB-UP-SITAPUR,,,Sitapur,,,27.568,80.682,district_centroid,SRC_VB_SYNTHETIC,,True,0.0,,v0.1,False
LOC_2ECE587EC515,depot,Hardoi Transport Depot,Hardoi ट्रांसपोर्ट डिपो,Uttar Pradesh,UP,Hardoi,VB-UP-HARDOI,,,Hardoi,,,27.416,80.131,district_centroid,SRC_VB_SYNTHETIC,,True,0.0,,v0.1,False
LOC_AC684A297AD1,depot,Bareilly Transport Depot,Bareilly ट्रांसपोर्ट डिपो,Uttar Pradesh,UP,Bareilly,VB-UP-BAREILLY,,,Bareilly,,,28.367,79.4304,district_centroid,SRC_VB_SYNTHETIC,,True,0.0,,v0.1,False
LOC_9F3A877025DA,depot,Shahjahanpur Transport Depot,Shahjahanpur ट्रांसपोर्ट डिपो,Uttar Pradesh,UP,Shahjahanpur,VB-UP-SHAHJAHANPUR,,,Shahjahanpur,,,27.883,79.91,district_centroid,SRC_VB_SYNTHETIC,,True,0.0,,v0.1,False
LOC_60C46A471111,depot,Pilibhit Transport Depot,Pilibhit ट्रांसपोर्ट डिपो,Uttar Pradesh,UP,Pilibhit,VB-UP-PILIBHIT,,,Pilibhit,,,28.631,79.804,district_centroid,SRC_VB_SYNTHETIC,,True,0.0,,v0.1,False
LOC_796345940EEC,depot,Budaun Transport Depot,Budaun ट्रांसपोर्ट डिपो,Uttar Pradesh,UP,Budaun,VB-UP-BUDAUN,,,Budaun,,,28.036,79.121,district_centroid,SRC_VB_SYNTHETIC,,True,0.0,,v0.1,False
LOC_36B5B5F31C8D,depot,Varanasi Transport Depot,Varanasi ट्रांसपोर्ट डिपो,Uttar Pradesh,UP,Varanasi,VB-UP-VARANASI,,,Varanasi,,,25.3176,82.9739,district_centroid,SRC_VB_SYNTHETIC,,True,0.0,,v0.1,False
LOC_B26DA7992E56,depot,Prayagraj Transport Depot,Prayagraj ट्रांसपोर्ट डिपो,Uttar Pradesh,UP,Prayagraj,VB-UP-PRAYAGRAJ,,,Prayagraj,,,25.4358,81.8463,district_centroid,SRC_VB_SYNTHETIC,,True,0.0,,v0.1,False
LOC_58DEC063659A,depot,Gorakhpur Transport Depot,Gorakhpur ट्रांसपोर्ट डिपो,Uttar Pradesh,UP,Gorakhpur,VB-UP-GORAKHPUR,,,Gorakhpur,,,26.7606,83.3732,district_centroid,SRC_VB_SYNTHETIC,,True,0.0,,v0.1,False
LOC_54EA925C8D4F,mandi,Azadpur Mandi,आज़ादपुर मंडी,Delhi,DL,North Delhi,VB-DL-NORTH-DELHI,,,North Delhi,,,28.7075,77.175,settlement,SRC_CURATED_REF,azadpur,False,0.55,,v0.1,True
LOC_A5716EEC2341,mandi,Narela Mandi,नरेला मंडी,Delhi,DL,North Delhi,VB-DL-NORTH-DELHI,,,North Delhi,,,28.853,77.092,settlement,SRC_CURATED_REF,narela,False,0.55,,v0.1,True
LOC_B0F782A131CA,mandi,Ghazipur Mandi,गाज़ीपुर मंडी,Delhi,DL,East Delhi,VB-DL-EAST-DELHI,,,East Delhi,,,28.625,77.326,settlement,SRC_CURATED_REF,ghazipur_dl,False,0.55,,v0.1,True
LOC_E7A75523A1C8,mandi,Okhla Mandi,ओखला मंडी,Delhi,DL,South East Delhi,VB-DL-SOUTH-EAST-D,,,South East Delhi,,,28.535,77.279,settlement,SRC_CURATED_REF,okhla,False,0.55,,v0.1,True
LOC_B59AFC16BD24,mandi,Keshopur Mandi,केशोपुर मंडी,Delhi,DL,West Delhi,VB-DL-WEST-DELHI,,,West Delhi,,,28.641,77.087,settlement,SRC_CURATED_REF,keshopur,False,0.55,,v0.1,True
LOC_597CF4331C69,mandi,Najafgarh Mandi,नजफगढ़ मंडी,Delhi,DL,South West Delhi,VB-DL-SOUTH-WEST-D,,,South West Delhi,,,28.609,76.979,settlement,SRC_CURATED_REF,najafgarh,False,0.55,,v0.1,True
LOC_7F36DA6D1D20,mandi,Karnal Grain Market,करनाल अनाज मंडी,Haryana,HR,Karnal,VB-HR-KARNAL,,,Karnal,,,29.6857,76.9905,settlement,SRC_CURATED_REF,karnal,False,0.55,,v0.1,True
LOC_AC424CB33B08,mandi,Panipat Grain Market,पानीपत अनाज मंडी,Haryana,HR,Panipat,VB-HR-PANIPAT,,,Panipat,,,29.3909,76.9635,settlement,SRC_CURATED_REF,panipat,False,0.55,,v0.1,True
LOC_2D9C52DA14E3,mandi,Sonipat Grain Market,सोनीपत अनाज मंडी,Haryana,HR,Sonipat,VB-HR-SONIPAT,,,Sonipat,,,28.9931,77.0151,settlement,SRC_CURATED_REF,sonipat,False,0.55,,v0.1,True
LOC_03E521BA5D3C,mandi,Gurugram Mandi,गुरुग्राम मंडी,Haryana,HR,Gurugram,VB-HR-GURUGRAM,,,Gurugram,,,28.4595,77.0266,settlement,SRC_CURATED_REF,gurugram,False,0.55,,v0.1,True
LOC_2F386F764ED6,mandi,Rewari Mandi,रेवाड़ी मंडी,Haryana,HR,Rewari,VB-HR-REWARI,,,Rewari,,,28.192,76.619,settlement,SRC_CURATED_REF,rewari,False,0.55,,v0.1,True
LOC_68CFDDDF277A,mandi,Hisar Grain Market,हिसार अनाज मंडी,Haryana,HR,Hisar,VB-HR-HISAR,,,Hisar,,,29.1492,75.7217,settlement,SRC_CURATED_REF,hisar,False,0.55,,v0.1,False
LOC_CEC5FDC42D34,mandi,Sirsa Grain Market,सिरसा अनाज मंडी,Haryana,HR,Sirsa,VB-HR-SIRSA,,,Sirsa,,,29.5349,75.028,settlement,SRC_CURATED_REF,sirsa,False,0.55,,v0.1,False
LOC_70558DC20584,mandi,Kaithal Grain Market,कैथल अनाज मंडी,Haryana,HR,Kaithal,VB-HR-KAITHAL,,,Kaithal,,,29.8015,76.3995,settlement,SRC_CURATED_REF,kaithal,False,0.55,,v0.1,False
LOC_DA62F3E7818A,mandi,Pehowa Mandi,पेहोवा मंडी,Haryana,HR,Kurukshetra,VB-HR-KURUKSHETRA,,,Kurukshetra,,,29.98,76.583,settlement,SRC_CURATED_REF,kurukshetra,False,0.55,,v0.1,False
LOC_EB9B8AD962B7,mandi,Rohtak Grain Market,रोहतक अनाज मंडी,Haryana,HR,Rohtak,VB-HR-ROHTAK,,,Rohtak,,,28.8955,76.6066,settlement,SRC_CURATED_REF,rohtak,False,0.55,,v0.1,True
LOC_114EDABBE480,mandi,Palwal Mandi,पलवल मंडी,Haryana,HR,Palwal,VB-HR-PALWAL,,,Palwal,,,28.1487,77.332,settlement,SRC_CURATED_REF,palwal,False,0.55,,v0.1,True
LOC_057482E7BD17,mandi,Jind Grain Market,जींद अनाज मंडी,Haryana,HR,Jind,VB-HR-JIND,,,Jind,,,29.316,76.315,settlement,SRC_CURATED_REF,jind,False,0.55,,v0.1,True
LOC_740F02AE15CE,mandi,Bhiwani Mandi,भिवानी मंडी,Haryana,HR,Bhiwani,VB-HR-BHIWANI,,,Bhiwani,,,28.793,76.139,settlement,SRC_CURATED_REF,bhiwani,False,0.55,,v0.1,True
LOC_E7AFFB955361,mandi,Fatehabad Grain Market,फतेहाबाद अनाज मंडी,Haryana,HR,Fatehabad,VB-HR-FATEHABAD,,,Fatehabad,,,29.515,75.455,settlement,SRC_CURATED_REF,fatehabad,False,0.55,,v0.1,False
LOC_BEB72C8DA2BA,mandi,Ambala Grain Market,अंबाला अनाज मंडी,Haryana,HR,Ambala,VB-HR-AMBALA,,,Ambala,,,30.3752,76.7821,settlement,SRC_CURATED_REF,ambala,False,0.55,,v0.1,False
LOC_0DD18AB1CFF1,mandi,Khanna Grain Market,खन्ना अनाज मंडी,Punjab,PB,Ludhiana,VB-PB-LUDHIANA,,,Ludhiana,,,30.705,76.222,settlement,SRC_CURATED_REF,khanna,False,0.55,,v0.1,False
LOC_E531147D7EFC,mandi,Ludhiana Grain Market,लुधियाना अनाज मंडी,Punjab,PB,Ludhiana,VB-PB-LUDHIANA,,,Ludhiana,,,30.901,75.8573,settlement,SRC_CURATED_REF,ludhiana,False,0.55,,v0.1,False
LOC_C41EA40F30F8,mandi,Rajpura Mandi,राजपुरा मंडी,Punjab,PB,Patiala,VB-PB-PATIALA,,,Patiala,,,30.484,76.594,settlement,SRC_CURATED_REF,rajpura,False,0.55,,v0.1,False
LOC_631EE033D63E,mandi,Moga Grain Market,मोगा अनाज मंडी,Punjab,PB,Moga,VB-PB-MOGA,,,Moga,,,30.8158,75.1717,settlement,SRC_CURATED_REF,moga,False,0.55,,v0.1,False
LOC_799C69AF76C7,mandi,Bathinda Grain Market,बठिंडा अनाज मंडी,Punjab,PB,Bathinda,VB-PB-BATHINDA,,,Bathinda,,,30.211,74.9455,settlement,SRC_CURATED_REF,bathinda,False,0.55,,v0.1,False
LOC_73662344D033,mandi,Jagraon Mandi,जगरांव मंडी,Punjab,PB,Ludhiana,VB-PB-LUDHIANA,,,Ludhiana,,,30.787,75.473,settlement,SRC_CURATED_REF,jagraon,False,0.55,,v0.1,False
LOC_6368540B84AB,mandi,Sangrur Grain Market,संगरूर अनाज मंडी,Punjab,PB,Sangrur,VB-PB-SANGRUR,,,Sangrur,,,30.2458,75.8421,settlement,SRC_CURATED_REF,sangrur,False,0.55,,v0.1,False
LOC_68983FD6CCD5,mandi,Patiala Grain Market,पटियाला अनाज मंडी,Punjab,PB,Patiala,VB-PB-PATIALA,,,Patiala,,,30.3398,76.3869,settlement,SRC_CURATED_REF,patiala,False,0.55,,v0.1,False
LOC_805975984793,mandi,Amritsar Grain Market,अमृतसर अनाज मंडी,Punjab,PB,Amritsar,VB-PB-AMRITSAR,,,Amritsar,,,31.634,74.8723,settlement,SRC_CURATED_REF,amritsar,False,0.55,,v0.1,False
LOC_8FD34117F75A,mandi,Jalandhar Mandi,जालंधर मंडी,Punjab,PB,Jalandhar,VB-PB-JALANDHAR,,,Jalandhar,,,31.326,75.5762,settlement,SRC_CURATED_REF,jalandhar,False,0.55,,v0.1,False
LOC_06D73B2D5DA3,mandi,Mansa Grain Market,मानसा अनाज मंडी,Punjab,PB,Mansa,VB-PB-MANSA,,,Mansa,,,29.988,75.393,settlement,SRC_CURATED_REF,mansa,False,0.55,,v0.1,False
LOC_B0A2CBC44C27,mandi,Barnala Mandi,बरनाला मंडी,Punjab,PB,Barnala,VB-PB-BARNALA,,,Barnala,,,30.3745,75.546,settlement,SRC_CURATED_REF,barnala,False,0.55,,v0.1,False
LOC_3B6744C6B906,mandi,Meerut Navin Mandi,मेरठ नवीन मंडी,Uttar Pradesh,UP,Meerut,VB-UP-MEERUT,,,Meerut,,,28.9845,77.7064,settlement,SRC_CURATED_REF,meerut,False,0.55,,v0.1,True
LOC_8FA46A67CDE8,mandi,Ghaziabad Mandi,गाज़ियाबाद मंडी,Uttar Pradesh,UP,Ghaziabad,VB-UP-GHAZIABAD,,,Ghaziabad,,,28.6692,77.4538,settlement,SRC_CURATED_REF,ghaziabad,False,0.55,,v0.1,True
LOC_78200CD43D88,mandi,Bulandshahr Mandi,बुलंदशहर मंडी,Uttar Pradesh,UP,Bulandshahr,VB-UP-BULANDSHAHR,,,Bulandshahr,,,28.407,77.85,settlement,SRC_CURATED_REF,bulandshahr,False,0.55,,v0.1,True
LOC_DC8A0B932E37,mandi,Muzaffarnagar Mandi,मुज़फ़्फ़रनगर मंडी,Uttar Pradesh,UP,Muzaffarnagar,VB-UP-MUZAFFARNAGA,,,Muzaffarnagar,,,29.4727,77.7085,settlement,SRC_CURATED_REF,muzaffarnagar,False,0.55,,v0.1,True
LOC_C71CFC391E17,mandi,Saharanpur Mandi,सहारनपुर मंडी,Uttar Pradesh,UP,Saharanpur,VB-UP-SAHARANPUR,,,Saharanpur,,,29.968,77.546,settlement,SRC_CURATED_REF,saharanpur,False,0.55,,v0.1,False
LOC_7E538D9A5AED,mandi,Aligarh Mandi,अलीगढ़ मंडी,Uttar Pradesh,UP,Aligarh,VB-UP-ALIGARH,,,Aligarh,,,27.8974,78.088,settlement,SRC_CURATED_REF,aligarh,False,0.55,,v0.1,False
LOC_3CF5A55DB63C,mandi,Agra Mandi,आगरा मंडी,Uttar Pradesh,UP,Agra,VB-UP-AGRA,,,Agra,,,27.1767,78.0081,settlement,SRC_CURATED_REF,agra,False,0.55,,v0.1,False
LOC_307A7D234DCB,mandi,Mathura Mandi,मथुरा मंडी,Uttar Pradesh,UP,Mathura,VB-UP-MATHURA,,,Mathura,,,27.4924,77.6737,settlement,SRC_CURATED_REF,mathura,False,0.55,,v0.1,False
LOC_81436469E396,mandi,Hapur Mandi,हापुड़ मंडी,Uttar Pradesh,UP,Hapur,VB-UP-HAPUR,,,Hapur,,,28.73,77.78,settlement,SRC_CURATED_REF,hapur,False,0.55,,v0.1,True
LOC_C4995C179A2F,mandi,Moradabad Mandi,मुरादाबाद मंडी,Uttar Pradesh,UP,Moradabad,VB-UP-MORADABAD,,,Moradabad,,,28.8386,78.7733,settlement,SRC_CURATED_REF,moradabad,False,0.55,,v0.1,False
LOC_008EDC4F6892,mandi,Bareilly Mandi,बरेली मंडी,Uttar Pradesh,UP,Bareilly,VB-UP-BAREILLY,,,Bareilly,,,28.367,79.4304,settlement,SRC_CURATED_REF,bareilly,False,0.55,,v0.1,False
LOC_24FF783F729F,mandi,Lucknow Navin Mandi,लखनऊ नवीन मंडी,Uttar Pradesh,UP,Lucknow,VB-UP-LUCKNOW,,,Lucknow,,,26.8467,80.9462,settlement,SRC_CURATED_REF,lucknow,False,0.55,,v0.1,False
LOC_1B01FD8B182B,mandi,Kanpur Mandi,कानपुर मंडी,Uttar Pradesh,UP,Kanpur Nagar,VB-UP-KANPUR-NAGAR,,,Kanpur Nagar,,,26.4499,80.3319,settlement,SRC_CURATED_REF,kanpur,False,0.55,,v0.1,False
LOC_B859B20B71AD,mandi,Varanasi Mandi,वाराणसी मंडी,Uttar Pradesh,UP,Varanasi,VB-UP-VARANASI,,,Varanasi,,,25.3176,82.9739,settlement,SRC_CURATED_REF,varanasi,False,0.55,,v0.1,False
LOC_223795E93DD6,mandi,Gorakhpur Mandi,गोरखपुर मंडी,Uttar Pradesh,UP,Gorakhpur,VB-UP-GORAKHPUR,,,Gorakhpur,,,26.7606,83.3732,settlement,SRC_CURATED_REF,gorakhpur,False,0.55,,v0.1,False
LOC_2197C98EE6F3,mandi,Sitapur Mandi,सीतापुर मंडी,Uttar Pradesh,UP,Sitapur,VB-UP-SITAPUR,,,Sitapur,,,27.568,80.682,settlement,SRC_CURATED_REF,sitapur,False,0.55,,v0.1,False
LOC_AC87C73A1F45,mandi,Shamli Mandi,शामली मंडी,Uttar Pradesh,UP,Shamli,VB-UP-SHAMLI,,,Shamli,,,29.45,77.31,settlement,SRC_CURATED_REF,shamli,False,0.55,,v0.1,True
LOC_6C3EDDFA7826,shop,National Sanitaryware,नेशनल सैनिटरीवेयर,Uttar Pradesh,UP,Kanpur Nagar,VB-UP-KANPUR-NAGAR,,,Mubarikpur Nagar,,,26.528211,80.069694,synthetic_envelope,SRC_VB_SYNTHETIC,,True,0.0,,v0.1,False
LOC_0F4A1D83929A,shop,Hind Paints,हिन्द पेंट्स,Uttar Pradesh,UP,Etawah,VB-UP-ETAWAH,,,Jhinjhana Nagar (3),,,26.980668,79.018318,synthetic_envelope,SRC_VB_SYNTHETIC,,True,0.0,,v0.1,False
LOC_39D61582008E,shop,Gupta Hardware,गुप्ता हार्डवेयर,Uttar Pradesh,UP,Hapur,VB-UP-HAPUR,,,Alipur (10),,,28.872339,77.682845,synthetic_envelope,SRC_VB_SYNTHETIC,,True,0.0,,v0.1,True
LOC_5B0AD2EA361F,shop,Shri Balaji Sanitaryware,श्री बालाजी सैनिटरीवेयर,Uttar Pradesh,UP,Firozabad,VB-UP-FIROZABAD,,,Mubarikpur Khera,,,27.213696,78.434195,synthetic_envelope,SRC_VB_SYNTHETIC,,True,0.0,,v0.1,False
LOC_D62F636FBD0D,shop,Gupta Cement Store,गुप्ता सीमेंट स्टोर,Uttar Pradesh,UP,Varanasi,VB-UP-VARANASI,,,Jamalpur Nagar,,,25.284065,83.079502,synthetic_envelope,SRC_VB_SYNTHETIC,,True,0.0,,v0.1,False
LOC_6493A4B39798,shop,New Kisan Bricks & Blocks,न्यू किसान ईंट भंडार,Punjab,PB,Amritsar,VB-PB-AMRITSAR,,,Bhagwanpur Nagar,,,31.551544,74.86174,synthetic_envelope,SRC_VB_SYNTHETIC,,True,0.0,,v0.1,False
LOC_86AC88CBAB30,shop,Ambey Cement Store,अंबे सीमेंट स्टोर,Punjab,PB,Pathankot,VB-PB-PATHANKOT,,,Rasulpur Kalan,,,32.449327,75.677625,synthetic_envelope,SRC_VB_SYNTHETIC,,True,0.0,,v0.1,False
LOC_349419B63349,shop,Hind Tiles,हिन्द टाइल्स,Haryana,HR,Charkhi Dadri,VB-HR-CHARKHI-DADR,,,Shahpur Kalan,,,28.47072,76.419626,synthetic_envelope,SRC_VB_SYNTHETIC,,True,0.0,,v0.1,True
LOC_18C1FEB371A5,shop,Shri Balaji Paints,श्री बालाजी पेंट्स,Uttar Pradesh,UP,Barabanki,VB-UP-BARABANKI,,,Sultanpur Majra (13),,,27.086707,81.061246,synthetic_envelope,SRC_VB_SYNTHETIC,,True,0.0,,v0.1,False
LOC_FFCB7EA5D158,shop,Deep Hardware,दीप हार्डवेयर,Uttar Pradesh,UP,Ghaziabad,VB-UP-GHAZIABAD,,,Fatehpur Majra,,,28.7652,77.458258,synthetic_envelope,SRC_VB_SYNTHETIC,,True,0.0,,v0.1,True
LOC_98C206F58E61,shop,Jai Bharat Building Materials,जय भारत बिल्डिंग मटेरियल,Punjab,PB,Rupnagar,VB-PB-RUPNAGAR,,,Rasulpur Kalan,,,31.13242,76.671566,synthetic_envelope,SRC_VB_SYNTHETIC,,True,0.0,,v0.1,False
LOC_19095059A792,shop,Hind Cement Store,हिन्द सीमेंट स्टोर,Uttar Pradesh,UP,Bareilly,VB-UP-BAREILLY,,,Basantpur Khurd (31),,,28.29469,79.551496,synthetic_envelope,SRC_VB_SYNTHETIC,,True,0.0,,v0.1,False
LOC_48F69B62C8A6,shop,Ganpati Bricks & Blocks,गणपति ईंट भंडार,Uttar Pradesh,UP,Lucknow,VB-UP-LUCKNOW,,,Chandpur Khurd,,,26.855731,80.887519,synthetic_envelope,SRC_VB_SYNTHETIC,,True,0.0,,v0.1,False
LOC_519EADE1E3D2,shop,Singh Steel & TMT,सिंह स्टील एंड टीएमटी,Haryana,HR,Nuh,VB-HR-NUH,,,Rampur Khurd,,,28.127944,76.935741,synthetic_envelope,SRC_VB_SYNTHETIC,,True,0.0,,v0.1,True
LOC_5458C85C8F6F,shop,Shri Balaji Pipes & Fittings,श्री बालाजी पाइप एंड फिटिंग्स,Punjab,PB,Muktsar,VB-PB-MUKTSAR,,,Kishanpur Nagar (17),,,30.248457,74.394424,synthetic_envelope,SRC_VB_SYNTHETIC,,True,0.0,,v0.1,False
LOC_962564E85858,shop,Verma Building Materials,वर्मा बिल्डिंग मटेरियल,Haryana,HR,Kurukshetra,VB-HR-KURUKSHETRA,,,Nangla Kalan (30),,,29.986447,77.010499,synthetic_envelope,SRC_VB_SYNTHETIC,,True,0.0,,v0.1,False
LOC_D5A12FEF9CE5,shop,Maa Durga Hardware,माँ दुर्गा हार्डवेयर,Punjab,PB,Fatehgarh Sahib,VB-PB-FATEHGARH-SA,,,Shahpur Majra (11),,,30.725463,76.294299,synthetic_envelope,SRC_VB_SYNTHETIC,,True,0.0,,v0.1,False
LOC_E11CA455D7F7,shop,National Paints,नेशनल पेंट्स,Uttar Pradesh,UP,Shahjahanpur,VB-UP-SHAHJAHANPUR,,,Naurangpur (5),,,28.005379,79.893464,synthetic_envelope,SRC_VB_SYNTHETIC,,True,0.0,,v0.1,False
LOC_9237F3DE4379,shop,Verma Hardware,वर्मा हार्डवेयर,Punjab,PB,Ferozepur,VB-PB-FEROZEPUR,,,Rampur Khera (31),,,31.1459,74.64871,synthetic_envelope,SRC_VB_SYNTHETIC,,True,0.0,,v0.1,False
LOC_138C8AF750E9,shop,Ambey Bricks & Blocks,अंबे ईंट भंडार,Uttar Pradesh,UP,Baghpat,VB-UP-BAGHPAT,,,Jamalpur Khurd (23),,,29.111629,77.12638,synthetic_envelope,SRC_VB_SYNTHETIC,,True,0.0,,v0.1,True
LOC_A6CEF194D4D3,shop,Singh Building Materials,सिंह बिल्डिंग मटेरियल,Uttar Pradesh,UP,Shamli,VB-UP-SHAMLI,,,Chandpur Khera (6),,,29.387544,77.384424,synthetic_envelope,SRC_VB_SYNTHETIC,,True,0.0,,v0.1,True
LOC_1B4EFA0211F7,shop,Deep Steel & TMT,दीप स्टील एंड टीएमटी,Uttar Pradesh,UP,Sambhal,VB-UP-SAMBHAL,,,Shahpur Nagar (10),,,28.541684,78.426081,synthetic_envelope,SRC_VB_SYNTHETIC,,True,0.0,,v0.1,False
LOC_101CD8FD2473,shop,Gupta Hardware,गुप्ता हार्डवेयर,Uttar Pradesh,UP,Rampur,VB-UP-RAMPUR,,,Shahpur Khurd (19),,,28.691829,78.991699,synthetic_envelope,SRC_VB_SYNTHETIC,,True,0.0,,v0.1,False
LOC_722DB270E261,shop,Hind Bricks & Blocks,हिन्द ईंट भंडार,Uttar Pradesh,UP,Hardoi,VB-UP-HARDOI,,,Nangla Khera (21),,,27.208701,80.090839,synthetic_envelope,SRC_VB_SYNTHETIC,,True,0.0,,v0.1,False
LOC_850AA3439E4E,shop,Ganpati Pipes & Fittings,गणपति पाइप एंड फिटिंग्स,Delhi,DL,North East Delhi,VB-DL-NORTH-EAST-D,,,Chandpur Kalan,,,28.738067,77.236115,synthetic_envelope,SRC_VB_SYNTHETIC,,True,0.0,,v0.1,True
LOC_9B5379FF0623,shop,Deep Electricals,दीप इलेक्ट्रिकल्स,Uttar Pradesh,UP,Bulandshahr,VB-UP-BULANDSHAHR,,,Bhojpur (19),,,28.325043,77.637994,synthetic_envelope,SRC_VB_SYNTHETIC,,True,0.0,,v0.1,True
LOC_ECBB99844550,shop,Ambey Sanitaryware,अंबे सैनिटरीवेयर,Haryana,HR,Kaithal,VB-HR-KAITHAL,,,Mubarikpur Khera (22),,,29.728629,76.550218,synthetic_envelope,SRC_VB_SYNTHETIC,,True,0.0,,v0.1,False
LOC_845275A0CC62,shop,Ambey Bricks & Blocks,अंबे ईंट भंडार,Haryana,HR,Kaithal,VB-HR-KAITHAL,,,Alipur Khurd (2),,,29.864849,76.308983,synthetic_envelope,SRC_VB_SYNTHETIC,,True,0.0,,v0.1,False
LOC_F55986BCAB0E,shop,Gupta Building Materials,गुप्ता बिल्डिंग मटेरियल,Punjab,PB,SAS Nagar,VB-PB-SAS-NAGAR,,,Salempur Kalan,,,30.658526,76.521532,synthetic_envelope,SRC_VB_SYNTHETIC,,True,0.0,,v0.1,False
LOC_046855E00C8A,shop,New Kisan Hardware,न्यू किसान हार्डवेयर,Punjab,PB,Pathankot,VB-PB-PATHANKOT,,,Basantpur Nagar,,,32.114258,75.564781,synthetic_envelope,SRC_VB_SYNTHETIC,,True,0.0,,v0.1,False
LOC_E179A6501FC2,shop,Bansal Building Materials,बंसल बिल्डिंग मटेरियल,Punjab,PB,SAS Nagar,VB-PB-SAS-NAGAR,,,Devipur Majra,,,30.599044,76.834566,synthetic_envelope,SRC_VB_SYNTHETIC,,True,0.0,,v0.1,False
LOC_52E26C4E3E54,shop,Shanti Hardware,शांति हार्डवेयर,Haryana,HR,Rewari,VB-HR-REWARI,,,Mubarikpur Khera,,,28.128774,76.537866,synthetic_envelope,SRC_VB_SYNTHETIC,,True,0.0,,v0.1,True
LOC_BD9AEB83AD1B,shop,Verma Pipes & Fittings,वर्मा पाइप एंड फिटिंग्स,Haryana,HR,Charkhi Dadri,VB-HR-CHARKHI-DADR,,,Dhanaura Nagar,,,28.487634,76.4634,synthetic_envelope,SRC_VB_SYNTHETIC,,True,0.0,,v0.1,True
LOC_17D06FE2203E,shop,Deep Hardware,दीप हार्डवेयर,Haryana,HR,Jhajjar,VB-HR-JHAJJAR,,,Chandpur Khurd,,,28.739198,76.472992,synthetic_envelope,SRC_VB_SYNTHETIC,,True,0.0,,v0.1,True
LOC_C61DDD858A1D,shop,Sharma Hardware,शर्मा हार्डवेयर,Haryana,HR,Gurugram,VB-HR-GURUGRAM,,,Todarpur Khurd,,,28.53717,77.096361,synthetic_envelope,SRC_VB_SYNTHETIC,,True,0.0,,v0.1,True
LOC_DE063CAA2038,shop,Yadav Cement Store,यादव सीमेंट स्टोर,Uttar Pradesh,UP,Hapur,VB-UP-HAPUR,,,Umarpur Kalan (19),,,28.780574,77.681098,synthetic_envelope,SRC_VB_SYNTHETIC,,True,0.0,,v0.1,True
LOC_EE2B8698DBB9,shop,Ambey Bricks & Blocks,अंबे ईंट भंडार,Uttar Pradesh,UP,Etawah,VB-UP-ETAWAH,,,Kheri Khurd (16),,,26.943662,79.25679,synthetic_envelope,SRC_VB_SYNTHETIC,,True,0.0,,v0.1,False
LOC_C8B4237BD90A,shop,New Kisan Hardware,न्यू किसान हार्डवेयर,Uttar Pradesh,UP,Amroha,VB-UP-AMROHA,,,Manakpur Kalan (15),,,28.977288,78.391196,synthetic_envelope,SRC_VB_SYNTHETIC,,True,0.0,,v0.1,False
LOC_86C9A3318096,shop,Shri Balaji Cement Store,श्री बालाजी सीमेंट स्टोर,Haryana,HR,Panchkula,VB-HR-PANCHKULA,,,Rampur Majra,,,30.668737,76.983758,synthetic_envelope,SRC_VB_SYNTHETIC,,True,0.0,,v0.1,False
LOC_78D044EF4226,shop,Krishna Bricks & Blocks,कृष्णा ईंट भंडार,Uttar Pradesh,UP,Meerut,VB-UP-MEERUT,,,Rampur Khurd,,,28.894882,77.975621,synthetic_envelope,SRC_VB_SYNTHETIC,,True,0.0,,v0.1,True
LOC_7BE2821FFC57,shop,Bansal Building Materials,बंसल बिल्डिंग मटेरियल,Uttar Pradesh,UP,Budaun,VB-UP-BUDAUN,,,Chandpur Kalan (23),,,28.053465,79.172924,synthetic_envelope,SRC_VB_SYNTHETIC,,True,0.0,,v0.1,False
LOC_9A3B3882E6FF,shop,Singh Hardware,सिंह हार्डवेयर,Uttar Pradesh,UP,Hardoi,VB-UP-HARDOI,,,Bhagwanpur Khera (4),,,27.150695,80.065461,synthetic_envelope,SRC_VB_SYNTHETIC,,True,0.0,,v0.1,False
LOC_D6C288D38B61,shop,Ganpati Building Materials,गणपति बिल्डिंग मटेरियल,Uttar Pradesh,UP,Unnao,VB-UP-UNNAO,,,Umarpur Khurd (5),,,26.317829,80.672968,synthetic_envelope,SRC_VB_SYNTHETIC,,True,0.0,,v0.1,False
LOC_146C42DB1690,shop,Shanti Paints,शांति पेंट्स,Uttar Pradesh,UP,Ghaziabad,VB-UP-GHAZIABAD,,,Shahpur,,,28.719614,77.368436,synthetic_envelope,SRC_VB_SYNTHETIC,,True,0.0,,v0.1,True
LOC_B5860675002A,shop,Shanti Building Materials,शांति बिल्डिंग मटेरियल,Uttar Pradesh,UP,Unnao,VB-UP-UNNAO,,,Devipur Khera (31),,,26.449057,80.558127,synthetic_envelope,SRC_VB_SYNTHETIC,,True,0.0,,v0.1,False
LOC_13F7C7F8BE89,shop,National Building Materials,नेशनल बिल्डिंग मटेरियल,Haryana,HR,Ambala,VB-HR-AMBALA,,,Mubarikpur Majra,,,30.230657,76.826495,synthetic_envelope,SRC_VB_SYNTHETIC,,True,0.0,,v0.1,False
LOC_423C264EF934,shop,Shri Balaji Building Materials,श्री बालाजी बिल्डिंग मटेरियल,Haryana,HR,Rohtak,VB-HR-ROHTAK,,,Ladwa Khurd,,,28.836967,76.6888,synthetic_envelope,SRC_VB_SYNTHETIC,,True,0.0,,v0.1,True
LOC_E0548291DD50,shop,Jai Bharat Cement Store,जय भारत सीमेंट स्टोर,Punjab,PB,Patiala,VB-PB-PATIALA,,,Sikandarpur Khurd (20),,,30.227485,76.552486,synthetic_envelope,SRC_VB_SYNTHETIC,,True,0.0,,v0.1,False
LOC_9D2201ECB849,shop,Ganpati Building Materials,गणपति बिल्डिंग मटेरियल,Punjab,PB,Muktsar,VB-PB-MUKTSAR,,,Ladwa (26),,,30.626158,74.573835,synthetic_envelope,SRC_VB_SYNTHETIC,,True,0.0,,v0.1,False
LOC_7EBACA4B3FCE,shop,Yadav Steel & TMT,यादव स्टील एंड टीएमटी,Punjab,PB,Bathinda,VB-PB-BATHINDA,,,Ladwa Kalan (11),,,30.075215,74.7838,synthetic_envelope,SRC_VB_SYNTHETIC,,True,0.0,,v0.1,False
LOC_A50FAD832F4F,shop,Verma Bricks & Blocks,वर्मा ईंट भंडार,Punjab,PB,Ludhiana,VB-PB-LUDHIANA,,,Sikandarpur Majra (2),,,31.122913,75.750647,synthetic_envelope,SRC_VB_SYNTHETIC,,True,0.0,,v0.1,False
LOC_627C3B35005F,shop,National Paints,नेशनल पेंट्स,Uttar Pradesh,UP,Bulandshahr,VB-UP-BULANDSHAHR,,,Rasulpur Majra (28),,,28.457389,78.001915,synthetic_envelope,SRC_VB_SYNTHETIC,,True,0.0,,v0.1,True
LOC_3F1C9AD89E31,shop,Maa Durga Building Materials,माँ दुर्गा बिल्डिंग मटेरियल,Punjab,PB,Nawanshahr,VB-PB-NAWANSHAHR,,,Bhojpur Khurd (13),,,30.962947,76.242745,synthetic_envelope,SRC_VB_SYNTHETIC,,True,0.0,,v0.1,False
LOC_8E777E3C6BF1,shop,Singh Building Materials,सिंह बिल्डिंग मटेरियल,Uttar Pradesh,UP,Hathras,VB-UP-HATHRAS,,,Jamalpur Nagar (26),,,27.517742,78.167965,synthetic_envelope,SRC_VB_SYNTHETIC,,True,0.0,,v0.1,False
LOC_E305402C8D18,shop,National Bricks & Blocks,नेशनल ईंट भंडार,Haryana,HR,Jind,VB-HR-JIND,,,Todarpur Khurd (26),,,29.571412,76.390991,synthetic_envelope,SRC_VB_SYNTHETIC,,True,0.0,,v0.1,True
LOC_B3ED54832E70,shop,Shri Balaji Hardware,श्री बालाजी हार्डवेयर,Punjab,PB,Hoshiarpur,VB-PB-HOSHIARPUR,,,Todarpur Kalan,,,31.590301,75.732926,synthetic_envelope,SRC_VB_SYNTHETIC,,True,0.0,,v0.1,False
LOC_AE54402C70CD,shop,Guru Nanak Building Materials,गुरु नानक बिल्डिंग मटेरियल,Haryana,HR,Panchkula,VB-HR-PANCHKULA,,,Nathupur Kalan,,,30.778318,76.938317,synthetic_envelope,SRC_VB_SYNTHETIC,,True,0.0,,v0.1,False
LOC_1F922610D49A,shop,Gupta Paints,गुप्ता पेंट्स,Uttar Pradesh,UP,Sambhal,VB-UP-SAMBHAL,,,Jhinjhana Nagar (19),,,28.682615,78.594423,synthetic_envelope,SRC_VB_SYNTHETIC,,True,0.0,,v0.1,False
LOC_92874BC9CF28,shop,Hind Bricks & Blocks,हिन्द ईंट भंडार,Punjab,PB,Moga,VB-PB-MOGA,,,Basantpur Nagar (6),,,30.838717,75.315757,synthetic_envelope,SRC_VB_SYNTHETIC,,True,0.0,,v0.1,False
LOC_69F2237B2C24,shop,Hind Bricks & Blocks,हिन्द ईंट भंडार,Uttar Pradesh,UP,Pilibhit,VB-UP-PILIBHIT,,,Sikandarpur Khurd (23),,,28.402621,79.821561,synthetic_envelope,SRC_VB_SYNTHETIC,,True,0.0,,v0.1,False
LOC_403FF66E6D3E,shop,Gupta Cement Store,गुप्ता सीमेंट स्टोर,Haryana,HR,Yamunanagar,VB-HR-YAMUNANAGAR,,,Mubarikpur,,,30.274927,77.265853,synthetic_envelope,SRC_VB_SYNTHETIC,,True,0.0,,v0.1,False
LOC_1426FD9C4F3E,shop,Yadav Building Materials,यादव बिल्डिंग मटेरियल,Uttar Pradesh,UP,Firozabad,VB-UP-FIROZABAD,,,Nangla Kalan,,,27.220594,78.602028,synthetic_envelope,SRC_VB_SYNTHETIC,,True,0.0,,v0.1,False
LOC_649196742C10,shop,Hind Hardware,हिन्द हार्डवेयर,Punjab,PB,Tarn Taran,VB-PB-TARN-TARAN,,,Sikandarpur Khera (32),,,31.515625,74.876857,synthetic_envelope,SRC_VB_SYNTHETIC,,True,0.0,,v0.1,False
LOC_ED1764EE7355,shop,Ganpati Paints,गणपति पेंट्स,Uttar Pradesh,UP,Bulandshahr,VB-UP-BULANDSHAHR,,,Naurangpur (24),,,28.363098,77.685326,synthetic_envelope,SRC_VB_SYNTHETIC,,True,0.0,,v0.1,True
LOC_44D5DF9F664A,shop,Singh Steel & TMT,सिंह स्टील एंड टीएमटी,Uttar Pradesh,UP,Muzaffarnagar,VB-UP-MUZAFFARNAGA,,,Harjipur Majra (10),,,29.56782,77.805735,synthetic_envelope,SRC_VB_SYNTHETIC,,True,0.0,,v0.1,True
LOC_C1DA36AE48D0,shop,National Bricks & Blocks,नेशनल ईंट भंडार,Uttar Pradesh,UP,Mainpuri,VB-UP-MAINPURI,,,Salempur Nagar (7),,,27.040513,79.00866,synthetic_envelope,SRC_VB_SYNTHETIC,,True,0.0,,v0.1,False
LOC_476A09F7BD67,shop,Shri Balaji Building Materials,श्री बालाजी बिल्डिंग मटेरियल,Punjab,PB,Rupnagar,VB-PB-RUPNAGAR,,,Gopalpur Kalan,,,31.082973,76.621728,synthetic_envelope,SRC_VB_SYNTHETIC,,True,0.0,,v0.1,False
LOC_9B34AAADE026,shop,Singh Cement Store,सिंह सीमेंट स्टोर,Uttar Pradesh,UP,Pilibhit,VB-UP-PILIBHIT,,,Kheri Nagar (28),,,28.476337,79.754384,synthetic_envelope,SRC_VB_SYNTHETIC,,True,0.0,,v0.1,False
LOC_324B2C081073,shop,Sharma Building Materials,शर्मा बिल्डिंग मटेरियल,Punjab,PB,Mansa,VB-PB-MANSA,,,Naurangpur Khurd (2),,,29.845073,75.491674,synthetic_envelope,SRC_VB_SYNTHETIC,,True,0.0,,v0.1,False
LOC_A43CE755E73F,shop,Sharma Electricals,शर्मा इलेक्ट्रिकल्स,Haryana,HR,Panipat,VB-HR-PANIPAT,,,Salempur Majra,,,29.335646,77.078648,synthetic_envelope,SRC_VB_SYNTHETIC,,True,0.0,,v0.1,True
LOC_90EEB9C8CFDC,shop,Sharma Bricks & Blocks,शर्मा ईंट भंडार,Punjab,PB,Kapurthala,VB-PB-KAPURTHALA,,,Basantpur Khurd (6),,,31.406425,75.612308,synthetic_envelope,SRC_VB_SYNTHETIC,,True,0.0,,v0.1,False
LOC_48753A2C222D,shop,Bansal Building Materials,बंसल बिल्डिंग मटेरियल,Punjab,PB,Ludhiana,VB-PB-LUDHIANA,,,Bhagwanpur (21),,,31.103098,75.707681,synthetic_envelope,SRC_VB_SYNTHETIC,,True,0.0,,v0.1,False
LOC_4759FF475FF8,shop,Yadav Building Materials,यादव बिल्डिंग मटेरियल,Uttar Pradesh,UP,Gorakhpur,VB-UP-GORAKHPUR,,,Naurangpur Nagar,,,26.76405,83.482691,synthetic_envelope,SRC_VB_SYNTHETIC,,True,0.0,,v0.1,False
LOC_7511997CBA10,shop,Deep Building Materials,दीप बिल्डिंग मटेरियल,Punjab,PB,Patiala,VB-PB-PATIALA,,,Salempur Khurd (18),,,30.117017,76.398695,synthetic_envelope,SRC_VB_SYNTHETIC,,True,0.0,,v0.1,False
LOC_556DAA16FCD7,shop,Gupta Paints,गुप्ता पेंट्स,Punjab,PB,Faridkot,VB-PB-FARIDKOT,,,Rasulpur Khurd (30),,,30.568643,74.836746,synthetic_envelope,SRC_VB_SYNTHETIC,,True,0.0,,v0.1,False
LOC_D9A2510432FB,shop,Krishna Bricks & Blocks,कृष्णा ईंट भंडार,Haryana,HR,Fatehabad,VB-HR-FATEHABAD,,,Harjipur (5),,,29.539157,75.748276,synthetic_envelope,SRC_VB_SYNTHETIC,,True,0.0,,v0.1,False
LOC_941CF5679C5E,shop,Shanti Tiles,शांति टाइल्स,Uttar Pradesh,UP,Bulandshahr,VB-UP-BULANDSHAHR,,,Naurangpur (10),,,28.25094,77.702328,synthetic_envelope,SRC_VB_SYNTHETIC,,True,0.0,,v0.1,True
LOC_16C5B767D083,shop,Ambey Electricals,अंबे इलेक्ट्रिकल्स,Haryana,HR,Rohtak,VB-HR-ROHTAK,,,Bahadurpur,,,28.830078,76.758455,synthetic_envelope,SRC_VB_SYNTHETIC,,True,0.0,,v0.1,True
LOC_F9EDEB0869A0,shop,Gupta Building Materials,गुप्ता बिल्डिंग मटेरियल,Haryana,HR,Sonipat,VB-HR-SONIPAT,,,Nangla Kalan,,,29.057228,76.924853,synthetic_envelope,SRC_VB_SYNTHETIC,,True,0.0,,v0.1,True
LOC_D6D22B09F97A,shop,Hind Pipes & Fittings,हिन्द पाइप एंड फिटिंग्स,Haryana,HR,Panipat,VB-HR-PANIPAT,,,Shahpur Majra,,,29.428291,77.055058,synthetic_envelope,SRC_VB_SYNTHETIC,,True,0.0,,v0.1,True
LOC_DD781A84E96B,shop,Guru Nanak Paints,गुरु नानक पेंट्स,Uttar Pradesh,UP,Prayagraj,VB-UP-PRAYAGRAJ,,,Ladwa Khurd,,,25.31434,81.93955,synthetic_envelope,SRC_VB_SYNTHETIC,,True,0.0,,v0.1,False
LOC_6D46AB7862E5,shop,Sharma Bricks & Blocks,शर्मा ईंट भंडार,Haryana,HR,Faridabad,VB-HR-FARIDABAD,,,Gopalpur Khera,,,28.393895,77.448695,synthetic_envelope,SRC_VB_SYNTHETIC,,True,0.0,,v0.1,True
LOC_624F44F39ED7,shop,Maa Durga Tiles,माँ दुर्गा टाइल्स,Haryana,HR,Karnal,VB-HR-KARNAL,,,Salempur Majra (18),,,29.771927,77.128467,synthetic_envelope,SRC_VB_SYNTHETIC,,True,0.0,,v0.1,True
LOC_DC5505A8CE74,shop,Yadav Steel & TMT,यादव स्टील एंड टीएमटी,Punjab,PB,Amritsar,VB-PB-AMRITSAR,,,Shahpur Khurd,,,31.522133,74.831099,synthetic_envelope,SRC_VB_SYNTHETIC,,True,0.0,,v0.1,False
LOC_9126E873F39D,shop,Maa Durga Cement Store,माँ दुर्गा सीमेंट स्टोर,Punjab,PB,Fazilka,VB-PB-FAZILKA,,,Sultanpur Khera (15),,,30.164497,73.969257,synthetic_envelope,SRC_VB_SYNTHETIC,,True,0.0,,v0.1,False
LOC_81FDC4BE1E67,shop,Sharma Cement Store,शर्मा सीमेंट स्टोर,Uttar Pradesh,UP,Lucknow,VB-UP-LUCKNOW,,,Mubarikpur Nagar,,,26.907077,80.742352,synthetic_envelope,SRC_VB_SYNTHETIC,,True,0.0,,v0.1,False
LOC_15D842E8C704,shop,Verma Bricks & Blocks,वर्मा ईंट भंडार,Uttar Pradesh,UP,Varanasi,VB-UP-VARANASI,,,Todarpur Kalan,,,25.291397,82.928624,synthetic_envelope,SRC_VB_SYNTHETIC,,True,0.0,,v0.1,False
LOC_AD003ACA2FAF,shop,New Kisan Cement Store,न्यू किसान सीमेंट स्टोर,Uttar Pradesh,UP,Prayagraj,VB-UP-PRAYAGRAJ,,,Sikandarpur Kalan,,,25.336751,82.015909,synthetic_envelope,SRC_VB_SYNTHETIC,,True,0.0,,v0.1,False
LOC_EBB91BECC8E3,shop,Singh Building Materials,सिंह बिल्डिंग मटेरियल,Haryana,HR,Karnal,VB-HR-KARNAL,,,Manakpur Kalan (25),,,29.892946,77.147245,synthetic_envelope,SRC_VB_SYNTHETIC,,True,0.0,,v0.1,True
LOC_03C5C4292875,shop,Ambey Electricals,अंबे इलेक्ट्रिकल्स,Uttar Pradesh,UP,Saharanpur,VB-UP-SAHARANPUR,,,Alipur Majra,,,29.705696,77.525852,synthetic_envelope,SRC_VB_SYNTHETIC,,True,0.0,,v0.1,False
LOC_9C57DAABBE35,shop,Ambey Building Materials,अंबे बिल्डिंग मटेरियल,Uttar Pradesh,UP,Shahjahanpur,VB-UP-SHAHJAHANPUR,,,Jamalpur Majra (3),,,27.981651,79.942823,synthetic_envelope,SRC_VB_SYNTHETIC,,True,0.0,,v0.1,False
LOC_6D33D479392F,shop,New Kisan Hardware,न्यू किसान हार्डवेयर,Punjab,PB,Fazilka,VB-PB-FAZILKA,,,Sultanpur Khera (15),,,30.163491,73.964161,synthetic_envelope,SRC_VB_SYNTHETIC,,True,0.0,,v0.1,False
LOC_05AB0238AEDE,shop,Ganpati Building Materials,गणपति बिल्डिंग मटेरियल,Haryana,HR,Kurukshetra,VB-HR-KURUKSHETRA,,,Kishanpur Khurd (10),,,30.014356,76.675049,synthetic_envelope,SRC_VB_SYNTHETIC,,True,0.0,,v0.1,False
LOC_E59447620E1B,shop,Shri Balaji Building Materials,श्री बालाजी बिल्डिंग मटेरियल,Punjab,PB,Faridkot,VB-PB-FARIDKOT,,,Harjipur Khera (22),,,30.569209,74.846806,synthetic_envelope,SRC_VB_SYNTHETIC,,True,0.0,,v0.1,False
LOC_67943F864957,shop,Bansal Hardware,बंसल हार्डवेयर,Punjab,PB,Barnala,VB-PB-BARNALA,,,Alipur Khurd (28),,,30.43694,75.566166,synthetic_envelope,SRC_VB_SYNTHETIC,,True,0.0,,v0.1,False
LOC_49C0615D7808,shop,Shanti Building Materials,शांति बिल्डिंग मटेरियल,Haryana,HR,Jind,VB-HR-JIND,,,Rasulpur Nagar (18),,,29.290899,76.001903,synthetic_envelope,SRC_VB_SYNTHETIC,,True,0.0,,v0.1,True
LOC_3E070336F009,shop,Yadav Bricks & Blocks,यादव ईंट भंडार,Punjab,PB,Rupnagar,VB-PB-RUPNAGAR,,,Fatehpur Kalan,,,31.146354,76.652388,synthetic_envelope,SRC_VB_SYNTHETIC,,True,0.0,,v0.1,False
LOC_B72049EA426A,shop,Bansal Cement Store,बंसल सीमेंट स्टोर,Uttar Pradesh,UP,Prayagraj,VB-UP-PRAYAGRAJ,,,Bhojpur Kalan,,,25.265602,82.131845,synthetic_envelope,SRC_VB_SYNTHETIC,,True,0.0,,v0.1,False
LOC_59938612B9E8,shop,Krishna Bricks & Blocks,कृष्णा ईंट भंडार,Uttar Pradesh,UP,Sambhal,VB-UP-SAMBHAL,,,Nangla (14),,,28.628973,78.690206,synthetic_envelope,SRC_VB_SYNTHETIC,,True,0.0,,v0.1,False
LOC_9F4B4A228EC0,shop,Yadav Building Materials,यादव बिल्डिंग मटेरियल,Uttar Pradesh,UP,Aligarh,VB-UP-ALIGARH,,,Devipur Khera (6),,,27.923396,78.02829,synthetic_envelope,SRC_VB_SYNTHETIC,,True,0.0,,v0.1,False
LOC_51D3A965607E,shop,Hind Cement Store,हिन्द सीमेंट स्टोर,Haryana,HR,Palwal,VB-HR-PALWAL,,,Sultanpur Khera (7),,,28.215913,77.164654,synthetic_envelope,SRC_VB_SYNTHETIC,,True,0.0,,v0.1,True
LOC_6C04F50114EC,shop,Maa Durga Cement Store,माँ दुर्गा सीमेंट स्टोर,Haryana,HR,Palwal,VB-HR-PALWAL,,,Sikandarpur Khera (12),,,28.180959,77.126346,synthetic_envelope,SRC_VB_SYNTHETIC,,True,0.0,,v0.1,True
LOC_22947746A141,shop,Bansal Cement Store,बंसल सीमेंट स्टोर,Uttar Pradesh,UP,Firozabad,VB-UP-FIROZABAD,,,Jhinjhana Majra,,,27.055118,78.261629,synthetic_envelope,SRC_VB_SYNTHETIC,,True,0.0,,v0.1,False
LOC_D95E700BB604,shop,Guru Nanak Building Materials,गुरु नानक बिल्डिंग मटेरियल,Uttar Pradesh,UP,Pilibhit,VB-UP-PILIBHIT,,,Bhagwanpur Nagar (32),,,28.489034,79.809791,synthetic_envelope,SRC_VB_SYNTHETIC,,True,0.0,,v0.1,False
LOC_75DFA4C733F5,shop,Hind Building Materials,हिन्द बिल्डिंग मटेरियल,Haryana,HR,Panchkula,VB-HR-PANCHKULA,,,Rampur Majra,,,30.668662,76.985383,synthetic_envelope,SRC_VB_SYNTHETIC,,True,0.0,,v0.1,False
LOC_1781CBF035CE,shop,Singh Paints,सिंह पेंट्स,Haryana,HR,Jind,VB-HR-JIND,,,Rasulpur Kalan (20),,,29.558145,76.450163,synthetic_envelope,SRC_VB_SYNTHETIC,,True,0.0,,v0.1,True
LOC_D8558E9B8784,shop,Deep Building Materials,दीप बिल्डिंग मटेरियल,Uttar Pradesh,UP,Shamli,VB-UP-SHAMLI,,,Chandpur Khera (6),,,29.404749,77.400913,synthetic_envelope,SRC_VB_SYNTHETIC,,True,0.0,,v0.1,True
LOC_A27137822819,shop,New Kisan Building Materials,न्यू किसान बिल्डिंग मटेरियल,Punjab,PB,Fatehgarh Sahib,VB-PB-FATEHGARH-SA,,,Nathupur Nagar (3),,,30.646467,76.50989,synthetic_envelope,SRC_VB_SYNTHETIC,,True,0.0,,v0.1,False
LOC_5034F20B302A,shop,Jai Bharat Steel & TMT,जय भारत स्टील एंड टीएमटी,Punjab,PB,Kapurthala,VB-PB-KAPURTHALA,,,Basantpur (14),,,31.244604,75.489465,synthetic_envelope,SRC_VB_SYNTHETIC,,True,0.0,,v0.1,False
LOC_95E25A3F7339,shop,Verma Tiles,वर्मा टाइल्स,Haryana,HR,Panipat,VB-HR-PANIPAT,,,Devipur Kalan,,,29.291071,76.811698,synthetic_envelope,SRC_VB_SYNTHETIC,,True,0.0,,v0.1,True
LOC_04B8AB50F579,shop,Shri Balaji Cement Store,श्री बालाजी सीमेंट स्टोर,Punjab,PB,Moga,VB-PB-MOGA,,,Kishanpur (31),,,30.807667,75.016728,synthetic_envelope,SRC_VB_SYNTHETIC,,True,0.0,,v0.1,False
LOC_5B253B1A49D8,shop,Gupta Pipes & Fittings,गुप्ता पाइप एंड फिटिंग्स,Uttar Pradesh,UP,Muzaffarnagar,VB-UP-MUZAFFARNAGA,,,Sultanpur Khurd (28),,,29.591701,77.648521,synthetic_envelope,SRC_VB_SYNTHETIC,,True,0.0,,v0.1,True
LOC_C0643706BCB2,shop,Deep Paints,दीप पेंट्स,Uttar Pradesh,UP,Aligarh,VB-UP-ALIGARH,,,Basantpur Khera (14),,,27.976083,78.025229,synthetic_envelope,SRC_VB_SYNTHETIC,,True,0.0,,v0.1,False
LOC_550654DE827F,shop,National Cement Store,नेशनल सीमेंट स्टोर,Uttar Pradesh,UP,Sambhal,VB-UP-SAMBHAL,,,Naurangpur Majra (1),,,28.417806,78.496732,synthetic_envelope,SRC_VB_SYNTHETIC,,True,0.0,,v0.1,False
LOC_F4847214BCF2,shop,Gupta Tiles,गुप्ता टाइल्स,Delhi,DL,South West Delhi,VB-DL-SOUTH-WEST-D,,,Sikandarpur Nagar,,,28.583789,77.196145,synthetic_envelope,SRC_VB_SYNTHETIC,,True,0.0,,v0.1,True
LOC_A825DE4283FD,shop,Yadav Cement Store,यादव सीमेंट स्टोर,Uttar Pradesh,UP,Meerut,VB-UP-MEERUT,,,Rampur Khurd,,,28.899642,77.975008,synthetic_envelope,SRC_VB_SYNTHETIC,,True,0.0,,v0.1,True
LOC_FF655288F259,shop,Deep Steel & TMT,दीप स्टील एंड टीएमटी,Punjab,PB,Tarn Taran,VB-PB-TARN-TARAN,,,Naurangpur Khurd (16),,,31.582096,74.841852,synthetic_envelope,SRC_VB_SYNTHETIC,,True,0.0,,v0.1,False
LOC_A5B4007C3295,shop,Jai Bharat Building Materials,जय भारत बिल्डिंग मटेरियल,Haryana,HR,Hisar,VB-HR-HISAR,,,Sultanpur Khera (7),,,29.213759,75.578952,synthetic_envelope,SRC_VB_SYNTHETIC,,True,0.0,,v0.1,False
LOC_DE07B3CCE50F,shop,Bansal Building Materials,बंसल बिल्डिंग मटेरियल,Haryana,HR,Ambala,VB-HR-AMBALA,,,Ladwa Nagar,,,30.454016,76.888592,synthetic_envelope,SRC_VB_SYNTHETIC,,True,0.0,,v0.1,False
LOC_D8BA428C0772,shop,New Kisan Building Materials,न्यू किसान बिल्डिंग मटेरियल,Delhi,DL,North West Delhi,VB-DL-NORTH-WEST-D,,,Gopalpur Khera,,,28.832479,76.966228,synthetic_envelope,SRC_VB_SYNTHETIC,,True,0.0,,v0.1,True
LOC_9B4828D28B1C,shop,Deep Cement Store,दीप सीमेंट स्टोर,Uttar Pradesh,UP,Moradabad,VB-UP-MORADABAD,,,Ladwa Nagar,,,28.767367,78.616728,synthetic_envelope,SRC_VB_SYNTHETIC,,True,0.0,,v0.1,False
LOC_F256E42AAC1A,shop,National Building Materials,नेशनल बिल्डिंग मटेरियल,Uttar Pradesh,UP,Agra,VB-UP-AGRA,,,Umarpur Majra,,,27.140407,77.915597,synthetic_envelope,SRC_VB_SYNTHETIC,,True,0.0,,v0.1,False
LOC_1C185F6C3D64,shop,Shanti Hardware,शांति हार्डवेयर,Uttar Pradesh,UP,Firozabad,VB-UP-FIROZABAD,,,Chandpur Nagar,,,27.209127,78.578952,synthetic_envelope,SRC_VB_SYNTHETIC,,True,0.0,,v0.1,False
LOC_9FCAF7F84065,shop,Guru Nanak Bricks & Blocks,गुरु नानक ईंट भंडार,Punjab,PB,Bathinda,VB-PB-BATHINDA,,,Salempur Khurd (5),,,30.282778,74.923833,synthetic_envelope,SRC_VB_SYNTHETIC,,True,0.0,,v0.1,False
LOC_4305AD60447F,shop,Jai Bharat Steel & TMT,जय भारत स्टील एंड टीएमटी,Uttar Pradesh,UP,Ghaziabad,VB-UP-GHAZIABAD,,,Alipur,,,28.696874,77.615801,synthetic_envelope,SRC_VB_SYNTHETIC,,True,0.0,,v0.1,True
LOC_4ADAB865CAAB,shop,Yadav Building Materials,यादव बिल्डिंग मटेरियल,Punjab,PB,Amritsar,VB-PB-AMRITSAR,,,Ladwa Khurd,,,31.761619,74.956145,synthetic_envelope,SRC_VB_SYNTHETIC,,True,0.0,,v0.1,False
LOC_8701F938608F,shop,Krishna Hardware,कृष्णा हार्डवेयर,Punjab,PB,Jalandhar,VB-PB-JALANDHAR,,,Umarpur Khurd (3),,,31.329873,75.537241,synthetic_envelope,SRC_VB_SYNTHETIC,,True,0.0,,v0.1,False
LOC_6D28DCB75789,shop,Guru Nanak Steel & TMT,गुरु नानक स्टील एंड टीएमटी,Punjab,PB,Gurdaspur,VB-PB-GURDASPUR,,,Fatehpur Khera,,,32.100923,75.350946,synthetic_envelope,SRC_VB_SYNTHETIC,,True,0.0,,v0.1,False
LOC_099BF6551AFD,shop,Shanti Paints,शांति पेंट्स,Punjab,PB,Malerkotla,VB-PB-MALERKOTLA,,,Bahadurpur Kalan (28),,,30.41039,75.991864,synthetic_envelope,SRC_VB_SYNTHETIC,,True,0.0,,v0.1,False
LOC_EF05B98BAF0F,shop,Ganpati Hardware,गणपति हार्डवेयर,Punjab,PB,Rupnagar,VB-PB-RUPNAGAR,,,Devipur Kalan,,,31.103562,76.288874,synthetic_envelope,SRC_VB_SYNTHETIC,,True,0.0,,v0.1,False
LOC_C8CE62173EAD,shop,Guru Nanak Paints,गुरु नानक पेंट्स,Uttar Pradesh,UP,Shahjahanpur,VB-UP-SHAHJAHANPUR,,,Jamalpur Majra (3),,,27.965832,79.929467,synthetic_envelope,SRC_VB_SYNTHETIC,,True,0.0,,v0.1,False
LOC_89360346D8B3,shop,Yadav Sanitaryware,यादव सैनिटरीवेयर,Punjab,PB,Tarn Taran,VB-PB-TARN-TARAN,,,Barwala (21),,,31.539674,74.833792,synthetic_envelope,SRC_VB_SYNTHETIC,,True,0.0,,v0.1,False
LOC_53A32BA182F9,shop,Singh Cement Store,सिंह सीमेंट स्टोर,Uttar Pradesh,UP,Barabanki,VB-UP-BARABANKI,,,Todarpur (18),,,26.800825,81.313299,synthetic_envelope,SRC_VB_SYNTHETIC,,True,0.0,,v0.1,False
LOC_AF4636B79F35,shop,Ambey Cement Store,अंबे सीमेंट स्टोर,Uttar Pradesh,UP,Firozabad,VB-UP-FIROZABAD,,,Fatehpur Majra,,,27.168202,78.61663,synthetic_envelope,SRC_VB_SYNTHETIC,,True,0.0,,v0.1,False
LOC_A9AB72F496F8,shop,Sharma Building Materials,शर्मा बिल्डिंग मटेरियल,Punjab,PB,Hoshiarpur,VB-PB-HOSHIARPUR,,,Sikandarpur Nagar,,,31.393713,75.815318,synthetic_envelope,SRC_VB_SYNTHETIC,,True,0.0,,v0.1,False
LOC_080901AA9FDC,shop,Singh Hardware,सिंह हार्डवेयर,Punjab,PB,Barnala,VB-PB-BARNALA,,,Bhagwanpur (31),,,30.24085,75.523602,synthetic_envelope,SRC_VB_SYNTHETIC,,True,0.0,,v0.1,False
LOC_E366E0715A91,shop,Ganpati Electricals,गणपति इलेक्ट्रिकल्स,Uttar Pradesh,UP,Moradabad,VB-UP-MORADABAD,,,Rampur Kalan,,,28.776918,78.723397,synthetic_envelope,SRC_VB_SYNTHETIC,,True,0.0,,v0.1,False
LOC_BA305A3E883A,shop,National Building Materials,नेशनल बिल्डिंग मटेरियल,Haryana,HR,Karnal,VB-HR-KARNAL,,,Sultanpur Nagar (26),,,29.798887,77.238764,synthetic_envelope,SRC_VB_SYNTHETIC,,True,0.0,,v0.1,True
LOC_7154C591F2A4,shop,Yadav Cement Store,यादव सीमेंट स्टोर,Uttar Pradesh,UP,Shamli,VB-UP-SHAMLI,,,Bhojpur (26),,,29.371833,77.424143,synthetic_envelope,SRC_VB_SYNTHETIC,,True,0.0,,v0.1,True
LOC_C83A481CFDF2,shop,Sharma Hardware,शर्मा हार्डवेयर,Uttar Pradesh,UP,Prayagraj,VB-UP-PRAYAGRAJ,,,Gopalpur Khurd,,,25.213588,81.62679,synthetic_envelope,SRC_VB_SYNTHETIC,,True,0.0,,v0.1,False
LOC_824CD41D5354,shop,Bansal Building Materials,बंसल बिल्डिंग मटेरियल,Punjab,PB,Pathankot,VB-PB-PATHANKOT,,,Ladwa Majra,,,32.319766,75.658903,synthetic_envelope,SRC_VB_SYNTHETIC,,True,0.0,,v0.1,False
LOC_01BFB93A3011,shop,Shanti Building Materials,शांति बिल्डिंग मटेरियल,Punjab,PB,Faridkot,VB-PB-FARIDKOT,,,Mubarikpur Khurd (23),,,30.561194,74.875088,synthetic_envelope,SRC_VB_SYNTHETIC,,True,0.0,,v0.1,False
LOC_890435231C4D,shop,Deep Paints,दीप पेंट्स,Uttar Pradesh,UP,Agra,VB-UP-AGRA,,,Kishanpur Majra,,,27.008587,78.30911,synthetic_envelope,SRC_VB_SYNTHETIC,,True,0.0,,v0.1,False
LOC_A7639DB1BFCD,shop,Guru Nanak Tiles,गुरु नानक टाइल्स,Uttar Pradesh,UP,Shamli,VB-UP-SHAMLI,,,Sikandarpur Khurd (5),,,29.395317,77.4746,synthetic_envelope,SRC_VB_SYNTHETIC,,True,0.0,,v0.1,True
LOC_A67A50F18F4F,shop,Guru Nanak Hardware,गुरु नानक हार्डवेयर,Haryana,HR,Jind,VB-HR-JIND,,,Bhagwanpur Khurd (17),,,29.526972,76.466032,synthetic_envelope,SRC_VB_SYNTHETIC,,True,0.0,,v0.1,True
LOC_28536A56F4A9,shop,Ambey Steel & TMT,अंबे स्टील एंड टीएमटी,Punjab,PB,Bathinda,VB-PB-BATHINDA,,,Bhojpur Majra (13),,,30.026292,74.723667,synthetic_envelope,SRC_VB_SYNTHETIC,,True,0.0,,v0.1,False
LOC_776DFFF8AE52,shop,Gupta Hardware,गुप्ता हार्डवेयर,Haryana,HR,Karnal,VB-HR-KARNAL,,,Salempur Majra (18),,,29.781651,77.126226,synthetic_envelope,SRC_VB_SYNTHETIC,,True,0.0,,v0.1,True
LOC_5FBFB1B1D70B,shop,Yadav Cement Store,यादव सीमेंट स्टोर,Haryana,HR,Nuh,VB-HR-NUH,,,Nathupur Kalan,,,27.993768,77.056232,synthetic_envelope,SRC_VB_SYNTHETIC,,True,0.0,,v0.1,True
LOC_A2A5CB7830E1,shop,Jai Bharat Pipes & Fittings,जय भारत पाइप एंड फिटिंग्स,Uttar Pradesh,UP,Gautam Buddha Nagar,VB-UP-GAUTAM-BUDDH,,,Kheri Khera,,,28.354934,77.360418,synthetic_envelope,SRC_VB_SYNTHETIC,,True,0.0,,v0.1,True
LOC_67259FEB5528,shop,Shri Balaji Hardware,श्री बालाजी हार्डवेयर,Punjab,PB,Kapurthala,VB-PB-KAPURTHALA,,,Basantpur Khurd (6),,,31.405385,75.614106,synthetic_envelope,SRC_VB_SYNTHETIC,,True,0.0,,v0.1,False
LOC_4CBAEE581E04,shop,Jai Bharat Hardware,जय भारत हार्डवेयर,Uttar Pradesh,UP,Muzaffarnagar,VB-UP-MUZAFFARNAGA,,,Jamalpur (15),,,29.525775,77.85854,synthetic_envelope,SRC_VB_SYNTHETIC,,True,0.0,,v0.1,True
LOC_53E37AE024D2,shop,New Kisan Cement Store,न्यू किसान सीमेंट स्टोर,Punjab,PB,Jalandhar,VB-PB-JALANDHAR,,,Fatehpur Majra (10),,,31.327836,75.797211,synthetic_envelope,SRC_VB_SYNTHETIC,,True,0.0,,v0.1,False
LOC_75938E9D1D9C,shop,Gupta Building Materials,गुप्ता बिल्डिंग मटेरियल,Punjab,PB,Moga,VB-PB-MOGA,,,Chandpur Majra (25),,,30.741029,74.98872,synthetic_envelope,SRC_VB_SYNTHETIC,,True,0.0,,v0.1,False
LOC_D3330AB5F8CC,shop,Sharma Sanitaryware,शर्मा सैनिटरीवेयर,Punjab,PB,Pathankot,VB-PB-PATHANKOT,,,Alipur Khera,,,32.374252,75.738685,synthetic_envelope,SRC_VB_SYNTHETIC,,True,0.0,,v0.1,False
LOC_1400101A5627,shop,Shri Balaji Pipes & Fittings,श्री बालाजी पाइप एंड फिटिंग्स,Punjab,PB,Jalandhar,VB-PB-JALANDHAR,,,Sultanpur Nagar (30),,,31.359448,75.525164,synthetic_envelope,SRC_VB_SYNTHETIC,,True,0.0,,v0.1,False
LOC_F668B52E00C6,shop,National Paints,नेशनल पेंट्स,Punjab,PB,Faridkot,VB-PB-FARIDKOT,,,Mubarikpur Khurd (23),,,30.56819,74.867356,synthetic_envelope,SRC_VB_SYNTHETIC,,True,0.0,,v0.1,False
LOC_635B7779D331,shop,Bansal Steel & TMT,बंसल स्टील एंड टीएमटी,Punjab,PB,Faridkot,VB-PB-FARIDKOT,,,Barwala (14),,,30.631087,74.675122,synthetic_envelope,SRC_VB_SYNTHETIC,,True,0.0,,v0.1,False
LOC_BC09591348FC,shop,Singh Bricks & Blocks,सिंह ईंट भंडार,Haryana,HR,Charkhi Dadri,VB-HR-CHARKHI-DADR,,,Rampur Nagar,,,28.745972,76.220888,synthetic_envelope,SRC_VB_SYNTHETIC,,True,0.0,,v0.1,True
LOC_246FBC44A93C,shop,Gupta Bricks & Blocks,गुप्ता ईंट भंडार,Punjab,PB,Barnala,VB-PB-BARNALA,,,Mubarikpur Kalan (11),,,30.42831,75.537786,synthetic_envelope,SRC_VB_SYNTHETIC,,True,0.0,,v0.1,False
LOC_D4B8F483A977,shop,Verma Steel & TMT,वर्मा स्टील एंड टीएमटी,Punjab,PB,Faridkot,VB-PB-FARIDKOT,,,Todarpur Khera (29),,,30.507948,74.713812,synthetic_envelope,SRC_VB_SYNTHETIC,,True,0.0,,v0.1,False
LOC_28992B6E3705,shop,Deep Paints,दीप पेंट्स,Uttar Pradesh,UP,Prayagraj,VB-UP-PRAYAGRAJ,,,Ladwa Khurd,,,25.320144,81.931183,synthetic_envelope,SRC_VB_SYNTHETIC,,True,0.0,,v0.1,False
LOC_3200A7EC819F,shop,Shanti Building Materials,शांति बिल्डिंग मटेरियल,Haryana,HR,Jind,VB-HR-JIND,,,Sultanpur Khera (22),,,29.573891,76.441371,synthetic_envelope,SRC_VB_SYNTHETIC,,True,0.0,,v0.1,True
LOC_E5C13C1FF197,shop,Maa Durga Cement Store,माँ दुर्गा सीमेंट स्टोर,Uttar Pradesh,UP,Sitapur,VB-UP-SITAPUR,,,Kheri Khera (7),,,27.321856,80.608072,synthetic_envelope,SRC_VB_SYNTHETIC,,True,0.0,,v0.1,False
LOC_5439A9DEBA2A,shop,Maa Durga Electricals,माँ दुर्गा इलेक्ट्रिकल्स,Punjab,PB,Gurdaspur,VB-PB-GURDASPUR,,,Basantpur Khera,,,32.253305,75.220136,synthetic_envelope,SRC_VB_SYNTHETIC,,True,0.0,,v0.1,False
LOC_D00A7F2707B6,shop,Jai Bharat Hardware,जय भारत हार्डवेयर,Uttar Pradesh,UP,Hardoi,VB-UP-HARDOI,,,Nangla Majra (7),,,27.574185,80.161534,synthetic_envelope,SRC_VB_SYNTHETIC,,True,0.0,,v0.1,False
LOC_BCD3C291F80E,shop,Deep Steel & TMT,दीप स्टील एंड टीएमटी,Uttar Pradesh,UP,Etah,VB-UP-ETAH,,,Alipur Khera (12),,,27.411579,78.621588,synthetic_envelope,SRC_VB_SYNTHETIC,,True,0.0,,v0.1,False
LOC_2CA2B8E85988,shop,New Kisan Hardware,न्यू किसान हार्डवेयर,Uttar Pradesh,UP,Kanpur Nagar,VB-UP-KANPUR-NAGAR,,,Rasulpur Majra,,,26.473973,80.167876,synthetic_envelope,SRC_VB_SYNTHETIC,,True,0.0,,v0.1,False
LOC_6BEC6D57F28A,shop,New Kisan Building Materials,न्यू किसान बिल्डिंग मटेरियल,Punjab,PB,Moga,VB-PB-MOGA,,,Umarpur Majra (19),,,30.826224,75.00208,synthetic_envelope,SRC_VB_SYNTHETIC,,True,0.0,,v0.1,False
LOC_A118658F292A,shop,Sharma Steel & TMT,शर्मा स्टील एंड टीएमटी,Punjab,PB,Moga,VB-PB-MOGA,,,Chandpur Majra (5),,,30.769675,75.309305,synthetic_envelope,SRC_VB_SYNTHETIC,,True,0.0,,v0.1,False
LOC_84A7FBD5348C,shop,Krishna Tiles,कृष्णा टाइल्स,Uttar Pradesh,UP,Meerut,VB-UP-MEERUT,,,Alipur Khera,,,29.160816,77.676907,synthetic_envelope,SRC_VB_SYNTHETIC,,True,0.0,,v0.1,True
LOC_A3B33E82BF92,shop,Shanti Hardware,शांति हार्डवेयर,Haryana,HR,Rewari,VB-HR-REWARI,,,Bhojpur Nagar,,,27.980093,76.541857,synthetic_envelope,SRC_VB_SYNTHETIC,,True,0.0,,v0.1,True
LOC_A67135E74403,shop,Ganpati Pipes & Fittings,गणपति पाइप एंड फिटिंग्स,Uttar Pradesh,UP,Sambhal,VB-UP-SAMBHAL,,,Nathupur Kalan (23),,,28.632225,78.698719,synthetic_envelope,SRC_VB_SYNTHETIC,,True,0.0,,v0.1,False
LOC_E1D7DF739714,shop,Gupta Paints,गुप्ता पेंट्स,Haryana,HR,Gurugram,VB-HR-GURUGRAM,,,Ladwa Khera,,,28.440871,77.069916,synthetic_envelope,SRC_VB_SYNTHETIC,,True,0.0,,v0.1,True
LOC_D1E9BA865787,shop,New Kisan Hardware,न्यू किसान हार्डवेयर,Uttar Pradesh,UP,Etah,VB-UP-ETAH,,,Shahpur Khera (18),,,27.460162,78.649033,synthetic_envelope,SRC_VB_SYNTHETIC,,True,0.0,,v0.1,False
LOC_238424863F6F,shop,Sharma Building Materials,शर्मा बिल्डिंग मटेरियल,Punjab,PB,Sangrur,VB-PB-SANGRUR,,,Sultanpur Majra (9),,,30.346387,75.991865,synthetic_envelope,SRC_VB_SYNTHETIC,,True,0.0,,v0.1,False
LOC_1D50196E4CC5,shop,Jai Bharat Hardware,जय भारत हार्डवेयर,Punjab,PB,Malerkotla,VB-PB-MALERKOTLA,,,Barwala Khurd (33),,,30.53619,75.773434,synthetic_envelope,SRC_VB_SYNTHETIC,,True,0.0,,v0.1,False
LOC_CC06427D5184,shop,Ganpati Building Materials,गणपति बिल्डिंग मटेरियल,Uttar Pradesh,UP,Hathras,VB-UP-HATHRAS,,,Jhinjhana (1),,,27.471131,78.094607,synthetic_envelope,SRC_VB_SYNTHETIC,,True,0.0,,v0.1,False
LOC_B4E3DC376537,shop,Shanti Cement Store,शांति सीमेंट स्टोर,Haryana,HR,Rewari,VB-HR-REWARI,,,Alipur Majra,,,28.107214,76.600734,synthetic_envelope,SRC_VB_SYNTHETIC,,True,0.0,,v0.1,True
LOC_0F8D9B03C64B,shop,Gupta Building Materials,गुप्ता बिल्डिंग मटेरियल,Haryana,HR,Nuh,VB-HR-NUH,,,Chandpur Nagar,,,28.139286,76.971443,synthetic_envelope,SRC_VB_SYNTHETIC,,True,0.0,,v0.1,True
LOC_4CDA4E195E6C,shop,Shanti Cement Store,शांति सीमेंट स्टोर,Punjab,PB,Gurdaspur,VB-PB-GURDASPUR,,,Rasulpur Kalan,,,31.817495,75.490324,synthetic_envelope,SRC_VB_SYNTHETIC,,True,0.0,,v0.1,False
LOC_881860F51306,shop,Bansal Cement Store,बंसल सीमेंट स्टोर,Uttar Pradesh,UP,Mainpuri,VB-UP-MAINPURI,,,Kheri Kalan (8),,,27.052679,78.960112,synthetic_envelope,SRC_VB_SYNTHETIC,,True,0.0,,v0.1,False
LOC_53244F392972,shop,Krishna Building Materials,कृष्णा बिल्डिंग मटेरियल,Punjab,PB,Patiala,VB-PB-PATIALA,,,Bhagwanpur Khurd (19),,,30.141493,76.43895,synthetic_envelope,SRC_VB_SYNTHETIC,,True,0.0,,v0.1,False
LOC_D395A2E6F6BD,shop,Hind Bricks & Blocks,हिन्द ईंट भंडार,Uttar Pradesh,UP,Aligarh,VB-UP-ALIGARH,,,Jamalpur Khurd (32),,,27.901861,78.027652,synthetic_envelope,SRC_VB_SYNTHETIC,,True,0.0,,v0.1,False
LOC_244F1041C4F2,shop,Yadav Electricals,यादव इलेक्ट्रिकल्स,Uttar Pradesh,UP,Meerut,VB-UP-MEERUT,,,Jhinjhana Khera,,,28.785157,77.788612,synthetic_envelope,SRC_VB_SYNTHETIC,,True,0.0,,v0.1,True
LOC_1F5B3A62A5AE,shop,Verma Paints,वर्मा पेंट्स,Haryana,HR,Kurukshetra,VB-HR-KURUKSHETRA,,,Bhojpur Khurd (9),,,29.856439,76.918592,synthetic_envelope,SRC_VB_SYNTHETIC,,True,0.0,,v0.1,False
LOC_51D7E1DE72A7,shop,Gupta Bricks & Blocks,गुप्ता ईंट भंडार,Uttar Pradesh,UP,Moradabad,VB-UP-MORADABAD,,,Bhojpur Kalan,,,28.802215,78.746437,synthetic_envelope,SRC_VB_SYNTHETIC,,True,0.0,,v0.1,False
LOC_59E94CCD9F2A,shop,Sharma Bricks & Blocks,शर्मा ईंट भंडार,Uttar Pradesh,UP,Unnao,VB-UP-UNNAO,,,Basantpur Kalan (6),,,26.340073,80.588382,synthetic_envelope,SRC_VB_SYNTHETIC,,True,0.0,,v0.1,False
LOC_8C4BE0DC1D96,shop,Ambey Bricks & Blocks,अंबे ईंट भंडार,Uttar Pradesh,UP,Saharanpur,VB-UP-SAHARANPUR,,,Bhagwanpur Khurd,,,29.765297,77.608027,synthetic_envelope,SRC_VB_SYNTHETIC,,True,0.0,,v0.1,False
LOC_5DCABA3EF645,shop,Gupta Cement Store,गुप्ता सीमेंट स्टोर,Haryana,HR,Mahendragarh,VB-HR-MAHENDRAGARH,,,Umarpur,,,28.304279,76.193699,synthetic_envelope,SRC_VB_SYNTHETIC,,True,0.0,,v0.1,True
LOC_1FC9BB1EE2F8,shop,Singh Pipes & Fittings,सिंह पाइप एंड फिटिंग्स,Haryana,HR,Rewari,VB-HR-REWARI,,,Jhinjhana Majra,,,27.972576,76.564085,synthetic_envelope,SRC_VB_SYNTHETIC,,True,0.0,,v0.1,True
LOC_7CEEDB840896,shop,National Hardware,नेशनल हार्डवेयर,Haryana,HR,Rewari,VB-HR-REWARI,,,Jhinjhana Majra,,,27.980578,76.573118,synthetic_envelope,SRC_VB_SYNTHETIC,,True,0.0,,v0.1,True
LOC_EDEDB9BBB1E3,shop,Guru Nanak Cement Store,गुरु नानक सीमेंट स्टोर,Uttar Pradesh,UP,Kanpur Nagar,VB-UP-KANPUR-NAGAR,,,Kishanpur Khurd,,,26.531123,80.500159,synthetic_envelope,SRC_VB_SYNTHETIC,,True,0.0,,v0.1,False
LOC_DAB64ABE3AD6,shop,Hind Steel & TMT,हिन्द स्टील एंड टीएमटी,Punjab,PB,Ferozepur,VB-PB-FEROZEPUR,,,Basantpur Khera (7),,,30.941981,74.859433,synthetic_envelope,SRC_VB_SYNTHETIC,,True,0.0,,v0.1,False
LOC_D77B551D0966,shop,Shanti Sanitaryware,शांति सैनिटरीवेयर,Delhi,DL,North Delhi,VB-DL-NORTH-DELHI,,,Bhagwanpur Khurd,,,28.733336,77.212642,synthetic_envelope,SRC_VB_SYNTHETIC,,True,0.0,,v0.1,True
LOC_79C41E9BC69D,shop,Hind Pipes & Fittings,हिन्द पाइप एंड फिटिंग्स,Uttar Pradesh,UP,Pilibhit,VB-UP-PILIBHIT,,,Shahpur (2),,,28.851275,79.619919,synthetic_envelope,SRC_VB_SYNTHETIC,,True,0.0,,v0.1,False
LOC_138BE76700FE,shop,New Kisan Hardware,न्यू किसान हार्डवेयर,Punjab,PB,Malerkotla,VB-PB-MALERKOTLA,,,Jhinjhana Khurd (26),,,30.460179,75.962561,synthetic_envelope,SRC_VB_SYNTHETIC,,True,0.0,,v0.1,False
LOC_D723AC54D855,shop,Maa Durga Building Materials,माँ दुर्गा बिल्डिंग मटेरियल,Uttar Pradesh,UP,Budaun,VB-UP-BUDAUN,,,Bhagwanpur Khera (26),,,27.978568,79.170394,synthetic_envelope,SRC_VB_SYNTHETIC,,True,0.0,,v0.1,False
LOC_51CA92A0BE83,shop,New Kisan Building Materials,न्यू किसान बिल्डिंग मटेरियल,Haryana,HR,Rohtak,VB-HR-ROHTAK,,,Ladwa Khurd,,,28.831687,76.702303,synthetic_envelope,SRC_VB_SYNTHETIC,,True,0.0,,v0.1,True
LOC_80CCA55A68B9,shop,Yadav Building Materials,यादव बिल्डिंग मटेरियल,Haryana,HR,Hisar,VB-HR-HISAR,,,Jamalpur (13),,,29.180761,75.441455,synthetic_envelope,SRC_VB_SYNTHETIC,,True,0.0,,v0.1,False
LOC_A987F06594EB,shop,Sharma Hardware,शर्मा हार्डवेयर,Punjab,PB,Jalandhar,VB-PB-JALANDHAR,,,Umarpur Khurd (3),,,31.333237,75.544779,synthetic_envelope,SRC_VB_SYNTHETIC,,True,0.0,,v0.1,False
LOC_0FFEB5DE37BF,shop,Gupta Hardware,गुप्ता हार्डवेयर,Uttar Pradesh,UP,Ghaziabad,VB-UP-GHAZIABAD,,,Sikandarpur,,,28.697818,77.492231,synthetic_envelope,SRC_VB_SYNTHETIC,,True,0.0,,v0.1,True
LOC_C949A3174985,shop,Bansal Pipes & Fittings,बंसल पाइप एंड फिटिंग्स,Haryana,HR,Faridabad,VB-HR-FARIDABAD,,,Dhanaura Khurd,,,28.427131,77.366285,synthetic_envelope,SRC_VB_SYNTHETIC,,True,0.0,,v0.1,True
LOC_D73F53C1BFC7,shop,Ganpati Cement Store,गणपति सीमेंट स्टोर,Uttar Pradesh,UP,Bulandshahr,VB-UP-BULANDSHAHR,,,Nangla (15),,,28.513899,77.932223,synthetic_envelope,SRC_VB_SYNTHETIC,,True,0.0,,v0.1,True
LOC_923E76EEFD8D,shop,Hind Cement Store,हिन्द सीमेंट स्टोर,Punjab,PB,Muktsar,VB-PB-MUKTSAR,,,Sikandarpur Khurd (16),,,30.552513,74.697399,synthetic_envelope,SRC_VB_SYNTHETIC,,True,0.0,,v0.1,False
LOC_A55256BDB1AA,shop,Deep Steel & TMT,दीप स्टील एंड टीएमटी,Punjab,PB,Sangrur,VB-PB-SANGRUR,,,Naurangpur Khurd (28),,,30.38402,75.67721,synthetic_envelope,SRC_VB_SYNTHETIC,,True,0.0,,v0.1,False
LOC_87DD033DD07B,shop,Ambey Hardware,अंबे हार्डवेयर,Punjab,PB,Fatehgarh Sahib,VB-PB-FATEHGARH-SA,,,Dhanaura (21),,,30.736284,76.569937,synthetic_envelope,SRC_VB_SYNTHETIC,,True,0.0,,v0.1,False
LOC_AA065EB0924A,shop,Deep Paints,दीप पेंट्स,Uttar Pradesh,UP,Sitapur,VB-UP-SITAPUR,,,Shahpur Majra (1),,,27.41929,80.921672,synthetic_envelope,SRC_VB_SYNTHETIC,,True,0.0,,v0.1,False
LOC_ABBB91943169,shop,Sharma Building Materials,शर्मा बिल्डिंग मटेरियल,Haryana,HR,Bhiwani,VB-HR-BHIWANI,,,Bhojpur Majra,,,28.710797,76.280107,synthetic_envelope,SRC_VB_SYNTHETIC,,True,0.0,,v0.1,True
LOC_D48BA1326BDC,shop,Verma Paints,वर्मा पेंट्स,Haryana,HR,Rewari,VB-HR-REWARI,,,Gopalpur Khera,,,28.122264,76.622652,synthetic_envelope,SRC_VB_SYNTHETIC,,True,0.0,,v0.1,True
LOC_144CBA29CFEB,shop,Maa Durga Cement Store,माँ दुर्गा सीमेंट स्टोर,Uttar Pradesh,UP,Lucknow,VB-UP-LUCKNOW,,,Rampur Majra,,,26.807459,80.850356,synthetic_envelope,SRC_VB_SYNTHETIC,,True,0.0,,v0.1,False
LOC_5D86DA7D38F8,shop,Maa Durga Hardware,माँ दुर्गा हार्डवेयर,Punjab,PB,Kapurthala,VB-PB-KAPURTHALA,,,Gopalpur Khera (26),,,31.473548,75.525228,synthetic_envelope,SRC_VB_SYNTHETIC,,True,0.0,,v0.1,False
LOC_99B362C92689,shop,Hind Bricks & Blocks,हिन्द ईंट भंडार,Uttar Pradesh,UP,Bulandshahr,VB-UP-BULANDSHAHR,,,Bhojpur (19),,,28.320996,77.635309,synthetic_envelope,SRC_VB_SYNTHETIC,,True,0.0,,v0.1,True
LOC_1E309C0CFE75,shop,Jai Bharat Hardware,जय भारत हार्डवेयर,Punjab,PB,Gurdaspur,VB-PB-GURDASPUR,,,Mubarikpur,,,32.068105,75.406224,synthetic_envelope,SRC_VB_SYNTHETIC,,True,0.0,,v0.1,False
LOC_EF601CF94D4B,shop,Singh Paints,सिंह पेंट्स,Haryana,HR,Jind,VB-HR-JIND,,,Kheri Khurd (27),,,29.201617,76.556531,synthetic_envelope,SRC_VB_SYNTHETIC,,True,0.0,,v0.1,True
LOC_C37727A55B41,shop,Krishna Cement Store,कृष्णा सीमेंट स्टोर,Uttar Pradesh,UP,Bijnor,VB-UP-BIJNOR,,,Manakpur Khera (29),,,29.278778,78.185048,synthetic_envelope,SRC_VB_SYNTHETIC,,True,0.0,,v0.1,False
LOC_8510CB537E33,shop,Shri Balaji Electricals,श्री बालाजी इलेक्ट्रिकल्स,Punjab,PB,Gurdaspur,VB-PB-GURDASPUR,,,Mubarikpur,,,32.061875,75.401106,synthetic_envelope,SRC_VB_SYNTHETIC,,True,0.0,,v0.1,False
LOC_AD56528CACF5,shop,Maa Durga Bricks & Blocks,माँ दुर्गा ईंट भंडार,Uttar Pradesh,UP,Firozabad,VB-UP-FIROZABAD,,,Nathupur,,,27.093845,78.297125,synthetic_envelope,SRC_VB_SYNTHETIC,,True,0.0,,v0.1,False
LOC_A7D347948E22,shop,Ganpati Tiles,गणपति टाइल्स,Haryana,HR,Ambala,VB-HR-AMBALA,,,Kheri Majra,,,30.440902,76.844236,synthetic_envelope,SRC_VB_SYNTHETIC,,True,0.0,,v0.1,False
LOC_73CAEADF1A0E,shop,Deep Paints,दीप पेंट्स,Punjab,PB,Gurdaspur,VB-PB-GURDASPUR,,,Umarpur Kalan,,,32.0501,75.496793,synthetic_envelope,SRC_VB_SYNTHETIC,,True,0.0,,v0.1,False
LOC_12D5BA783324,shop,Shri Balaji Building Materials,श्री बालाजी बिल्डिंग मटेरियल,Uttar Pradesh,UP,Unnao,VB-UP-UNNAO,,,Devipur Khera (31),,,26.457137,80.564694,synthetic_envelope,SRC_VB_SYNTHETIC,,True,0.0,,v0.1,False
LOC_67483D65A860,shop,Shri Balaji Cement Store,श्री बालाजी सीमेंट स्टोर,Uttar Pradesh,UP,Kanpur Dehat,VB-UP-KANPUR-DEHAT,,,Kheri Khurd (24),,,26.279887,80.025883,synthetic_envelope,SRC_VB_SYNTHETIC,,True,0.0,,v0.1,False
LOC_87EE03B8DEC6,shop,Verma Pipes & Fittings,वर्मा पाइप एंड फिटिंग्स,Uttar Pradesh,UP,Bulandshahr,VB-UP-BULANDSHAHR,,,Alipur Kalan (31),,,28.274935,77.604713,synthetic_envelope,SRC_VB_SYNTHETIC,,True,0.0,,v0.1,True
LOC_31A1297E1EA0,shop,Maa Durga Cement Store,माँ दुर्गा सीमेंट स्टोर,Haryana,HR,Yamunanagar,VB-HR-YAMUNANAGAR,,,Rasulpur Majra,,,30.116499,77.165662,synthetic_envelope,SRC_VB_SYNTHETIC,,True,0.0,,v0.1,False
LOC_9E6A407E2E4A,shop,Guru Nanak Pipes & Fittings,गुरु नानक पाइप एंड फिटिंग्स,Punjab,PB,Barnala,VB-PB-BARNALA,,,Mubarikpur Kalan (11),,,30.424153,75.537981,synthetic_envelope,SRC_VB_SYNTHETIC,,True,0.0,,v0.1,False
LOC_78227A76958D,shop,Maa Durga Pipes & Fittings,माँ दुर्गा पाइप एंड फिटिंग्स,Haryana,HR,Rewari,VB-HR-REWARI,,,Sultanpur,,,28.048524,76.690096,synthetic_envelope,SRC_VB_SYNTHETIC,,True,0.0,,v0.1,True
LOC_44A1CCD2EECD,shop,Jai Bharat Steel & TMT,जय भारत स्टील एंड टीएमटी,Punjab,PB,Fazilka,VB-PB-FAZILKA,,,Sikandarpur Kalan (14),,,30.233973,73.935792,synthetic_envelope,SRC_VB_SYNTHETIC,,True,0.0,,v0.1,False
LOC_F68BAA8F7089,shop,Ganpati Building Materials,गणपति बिल्डिंग मटेरियल,Punjab,PB,Gurdaspur,VB-PB-GURDASPUR,,,Bhojpur Majra,,,32.262344,75.243007,synthetic_envelope,SRC_VB_SYNTHETIC,,True,0.0,,v0.1,False
LOC_7C06009FED86,shop,Gupta Hardware,गुप्ता हार्डवेयर,Punjab,PB,Patiala,VB-PB-PATIALA,,,Jhinjhana (6),,,30.313771,76.476511,synthetic_envelope,SRC_VB_SYNTHETIC,,True,0.0,,v0.1,False
LOC_134A3BB678D5,shop,Jai Bharat Steel & TMT,जय भारत स्टील एंड टीएमटी,Punjab,PB,Ludhiana,VB-PB-LUDHIANA,,,Sikandarpur Khera (17),,,31.054416,75.76361,synthetic_envelope,SRC_VB_SYNTHETIC,,True,0.0,,v0.1,False
LOC_5DE10FBC7480,shop,Jai Bharat Building Materials,जय भारत बिल्डिंग मटेरियल,Uttar Pradesh,UP,Lucknow,VB-UP-LUCKNOW,,,Bhagwanpur Majra,,,26.799399,80.934699,synthetic_envelope,SRC_VB_SYNTHETIC,,True,0.0,,v0.1,False
LOC_EA56926017B3,shop,Shanti Hardware,शांति हार्डवेयर,Uttar Pradesh,UP,Mainpuri,VB-UP-MAINPURI,,,Mubarikpur (6),,,27.028843,78.957716,synthetic_envelope,SRC_VB_SYNTHETIC,,True,0.0,,v0.1,False
LOC_0B4B065DFE4C,shop,Ambey Building Materials,अंबे बिल्डिंग मटेरियल,Uttar Pradesh,UP,Hardoi,VB-UP-HARDOI,,,Ladwa (15),,,27.144736,79.988444,synthetic_envelope,SRC_VB_SYNTHETIC,,True,0.0,,v0.1,False
LOC_8D464223886B,shop,Guru Nanak Building Materials,गुरु नानक बिल्डिंग मटेरियल,Haryana,HR,Gurugram,VB-HR-GURUGRAM,,,Harjipur Khera,,,28.347452,77.144443,synthetic_envelope,SRC_VB_SYNTHETIC,,True,0.0,,v0.1,True
LOC_DDEA977FF27F,shop,National Steel & TMT,नेशनल स्टील एंड टीएमटी,Punjab,PB,Barnala,VB-PB-BARNALA,,,Sikandarpur (34),,,30.422256,75.55209,synthetic_envelope,SRC_VB_SYNTHETIC,,True,0.0,,v0.1,False
LOC_97434A9B45F5,shop,Hind Bricks & Blocks,हिन्द ईंट भंडार,Uttar Pradesh,UP,Shahjahanpur,VB-UP-SHAHJAHANPUR,,,Nathupur Kalan (21),,,27.953687,79.912235,synthetic_envelope,SRC_VB_SYNTHETIC,,True,0.0,,v0.1,False
LOC_FFE8C08A91A5,shop,Verma Bricks & Blocks,वर्मा ईंट भंडार,Uttar Pradesh,UP,Moradabad,VB-UP-MORADABAD,,,Bhagwanpur Kalan,,,28.729932,78.653486,synthetic_envelope,SRC_VB_SYNTHETIC,,True,0.0,,v0.1,False
LOC_5766FAA23038,shop,Verma Bricks & Blocks,वर्मा ईंट भंडार,Uttar Pradesh,UP,Amroha,VB-UP-AMROHA,,,Shahpur (24),,,28.874434,78.262704,synthetic_envelope,SRC_VB_SYNTHETIC,,True,0.0,,v0.1,False
LOC_11ABFC13D36A,shop,Yadav Bricks & Blocks,यादव ईंट भंडार,Uttar Pradesh,UP,Firozabad,VB-UP-FIROZABAD,,,Basantpur Majra,,,27.185332,78.414887,synthetic_envelope,SRC_VB_SYNTHETIC,,True,0.0,,v0.1,False
LOC_3F4DEF1E9105,shop,Verma Electricals,वर्मा इलेक्ट्रिकल्स,Uttar Pradesh,UP,Kanpur Nagar,VB-UP-KANPUR-NAGAR,,,Bahadurpur Kalan,,,26.470534,80.150781,synthetic_envelope,SRC_VB_SYNTHETIC,,True,0.0,,v0.1,False
LOC_5C757D0743C0,shop,Guru Nanak Electricals,गुरु नानक इलेक्ट्रिकल्स,Haryana,HR,Faridabad,VB-HR-FARIDABAD,,,Sultanpur Kalan,,,28.399004,77.37015,synthetic_envelope,SRC_VB_SYNTHETIC,,True,0.0,,v0.1,True
LOC_D3B182AE9754,shop,Deep Steel & TMT,दीप स्टील एंड टीएमटी,Uttar Pradesh,UP,Pilibhit,VB-UP-PILIBHIT,,,Sultanpur Majra (31),,,28.650202,80.069593,synthetic_envelope,SRC_VB_SYNTHETIC,,True,0.0,,v0.1,False
LOC_00126C74EA45,shop,Verma Building Materials,वर्मा बिल्डिंग मटेरियल,Haryana,HR,Panipat,VB-HR-PANIPAT,,,Shahpur Majra,,,29.446531,77.04747,synthetic_envelope,SRC_VB_SYNTHETIC,,True,0.0,,v0.1,True
LOC_19E94EA0B5D0,shop,New Kisan Building Materials,न्यू किसान बिल्डिंग मटेरियल,Punjab,PB,Jalandhar,VB-PB-JALANDHAR,,,Dhanaura Khera (21),,,31.447692,75.557652,synthetic_envelope,SRC_VB_SYNTHETIC,,True,0.0,,v0.1,False
LOC_EAC7372B29B0,shop,Ambey Hardware,अंबे हार्डवेयर,Punjab,PB,Bathinda,VB-PB-BATHINDA,,,Umarpur Nagar (25),,,30.244918,74.93104,synthetic_envelope,SRC_VB_SYNTHETIC,,True,0.0,,v0.1,False
LOC_2AF491A5E3B0,shop,Shri Balaji Bricks & Blocks,श्री बालाजी ईंट भंडार,Punjab,PB,Moga,VB-PB-MOGA,,,Basantpur (27),,,30.785319,75.322935,synthetic_envelope,SRC_VB_SYNTHETIC,,True,0.0,,v0.1,False
LOC_618FB7B3D112,shop,National Cement Store,नेशनल सीमेंट स्टोर,Delhi,DL,North West Delhi,VB-DL-NORTH-WEST-D,,,Jhinjhana Khera,,,28.725528,77.239385,synthetic_envelope,SRC_VB_SYNTHETIC,,True,0.0,,v0.1,True
LOC_4AD46EDFF2A9,shop,Hind Pipes & Fittings,हिन्द पाइप एंड फिटिंग्स,Uttar Pradesh,UP,Amroha,VB-UP-AMROHA,,,Todarpur (28),,,28.954881,78.340051,synthetic_envelope,SRC_VB_SYNTHETIC,,True,0.0,,v0.1,False
LOC_5139F7728C9F,shop,Shanti Steel & TMT,शांति स्टील एंड टीएमटी,Punjab,PB,Sangrur,VB-PB-SANGRUR,,,Umarpur Kalan (34),,,30.242232,75.637945,synthetic_envelope,SRC_VB_SYNTHETIC,,True,0.0,,v0.1,False
LOC_88C24CDD6638,shop,Maa Durga Paints,माँ दुर्गा पेंट्स,Haryana,HR,Nuh,VB-HR-NUH,,,Fatehpur Nagar,,,27.997178,76.984059,synthetic_envelope,SRC_VB_SYNTHETIC,,True,0.0,,v0.1,True
LOC_55A4F8E9DBD2,shop,Shanti Pipes & Fittings,शांति पाइप एंड फिटिंग्स,Haryana,HR,Sonipat,VB-HR-SONIPAT,,,Shahpur,,,29.148234,77.181048,synthetic_envelope,SRC_VB_SYNTHETIC,,True,0.0,,v0.1,True
LOC_4448F0013899,shop,New Kisan Tiles,न्यू किसान टाइल्स,Uttar Pradesh,UP,Meerut,VB-UP-MEERUT,,,Todarpur Majra,,,29.131464,77.691194,synthetic_envelope,SRC_VB_SYNTHETIC,,True,0.0,,v0.1,True
LOC_FF24805295DC,shop,New Kisan Building Materials,न्यू किसान बिल्डिंग मटेरियल,Punjab,PB,Fazilka,VB-PB-FAZILKA,,,Kishanpur Khurd (16),,,30.226378,74.118118,synthetic_envelope,SRC_VB_SYNTHETIC,,True,0.0,,v0.1,False
LOC_F3E4556C6387,shop,Verma Electricals,वर्मा इलेक्ट्रिकल्स,Uttar Pradesh,UP,Kanpur Nagar,VB-UP-KANPUR-NAGAR,,,Jamalpur,,,26.514836,80.101003,synthetic_envelope,SRC_VB_SYNTHETIC,,True,0.0,,v0.1,False
LOC_22A98E829D6E,shop,Krishna Cement Store,कृष्णा सीमेंट स्टोर,Punjab,PB,Kapurthala,VB-PB-KAPURTHALA,,,Umarpur Nagar (25),,,31.487264,75.520801,synthetic_envelope,SRC_VB_SYNTHETIC,,True,0.0,,v0.1,False
LOC_490C9B01AD21,shop,Singh Bricks & Blocks,सिंह ईंट भंडार,Punjab,PB,Ludhiana,VB-PB-LUDHIANA,,,Bhojpur Kalan (26),,,30.774279,75.92776,synthetic_envelope,SRC_VB_SYNTHETIC,,True,0.0,,v0.1,False
LOC_3DF531018F74,shop,Shanti Steel & TMT,शांति स्टील एंड टीएमटी,Uttar Pradesh,UP,Varanasi,VB-UP-VARANASI,,,Fatehpur,,,25.277292,83.120108,synthetic_envelope,SRC_VB_SYNTHETIC,,True,0.0,,v0.1,False
LOC_EE0FEF6DEE47,shop,National Tiles,नेशनल टाइल्स,Punjab,PB,Gurdaspur,VB-PB-GURDASPUR,,,Salempur Khera,,,32.216203,75.248194,synthetic_envelope,SRC_VB_SYNTHETIC,,True,0.0,,v0.1,False
LOC_7A065D464061,shop,Maa Durga Building Materials,माँ दुर्गा बिल्डिंग मटेरियल,Punjab,PB,Nawanshahr,VB-PB-NAWANSHAHR,,,Todarpur Nagar (21),,,30.956403,76.231204,synthetic_envelope,SRC_VB_SYNTHETIC,,True,0.0,,v0.1,False
LOC_11CF0DDD13C6,shop,Hind Hardware,हिन्द हार्डवेयर,Haryana,HR,Rewari,VB-HR-REWARI,,,Devipur,,,28.05368,76.601259,synthetic_envelope,SRC_VB_SYNTHETIC,,True,0.0,,v0.1,True
LOC_2D40F9917353,shop,New Kisan Cement Store,न्यू किसान सीमेंट स्टोर,Uttar Pradesh,UP,Baghpat,VB-UP-BAGHPAT,,,Jhinjhana Kalan (15),,,28.901587,77.374154,synthetic_envelope,SRC_VB_SYNTHETIC,,True,0.0,,v0.1,True
LOC_EDE0CEA31A12,shop,Ambey Building Materials,अंबे बिल्डिंग मटेरियल,Punjab,PB,Jalandhar,VB-PB-JALANDHAR,,,Salempur (16),,,31.184115,75.431559,synthetic_envelope,SRC_VB_SYNTHETIC,,True,0.0,,v0.1,False
LOC_FFB4E0E94434,shop,Sharma Cement Store,शर्मा सीमेंट स्टोर,Punjab,PB,Kapurthala,VB-PB-KAPURTHALA,,,Bahadurpur Kalan (32),,,31.41023,75.546729,synthetic_envelope,SRC_VB_SYNTHETIC,,True,0.0,,v0.1,False
LOC_6A034FFD909A,shop,Ganpati Paints,गणपति पेंट्स,Punjab,PB,Gurdaspur,VB-PB-GURDASPUR,,,Basantpur Nagar,,,31.910076,75.43783,synthetic_envelope,SRC_VB_SYNTHETIC,,True,0.0,,v0.1,False
LOC_4E0F22F4FA1E,shop,Guru Nanak Building Materials,गुरु नानक बिल्डिंग मटेरियल,Haryana,HR,Palwal,VB-HR-PALWAL,,,Jamalpur Khera (27),,,28.075671,77.435155,synthetic_envelope,SRC_VB_SYNTHETIC,,True,0.0,,v0.1,True
LOC_C681DAA59683,shop,Krishna Roofing,कृष्णा रूफिंग,Punjab,PB,Sangrur,VB-PB-SANGRUR,,,Harjipur Nagar (6),,,30.32933,76.062618,synthetic_envelope,SRC_VB_SYNTHETIC,,True,0.0,,v0.1,False
LOC_F120247A9B3D,shop,Yadav Building Materials,यादव बिल्डिंग मटेरियल,Punjab,PB,Bathinda,VB-PB-BATHINDA,,,Salempur Khurd (5),,,30.27389,74.925766,synthetic_envelope,SRC_VB_SYNTHETIC,,True,0.0,,v0.1,False
LOC_DCF5806C0F14,shop,Guru Nanak Bricks & Blocks,गुरु नानक ईंट भंडार,Haryana,HR,Hisar,VB-HR-HISAR,,,Sikandarpur Majra (14),,,29.069907,76.026301,synthetic_envelope,SRC_VB_SYNTHETIC,,True,0.0,,v0.1,False
LOC_064FF5F7F81C,shop,Shanti Steel & TMT,शांति स्टील एंड टीएमटी,Haryana,HR,Rohtak,VB-HR-ROHTAK,,,Fatehpur,,,28.781727,76.44182,synthetic_envelope,SRC_VB_SYNTHETIC,,True,0.0,,v0.1,True
LOC_BD7E9A8F566B,shop,Hind Building Materials,हिन्द बिल्डिंग मटेरियल,Punjab,PB,SAS Nagar,VB-PB-SAS-NAGAR,,,Todarpur Khera,,,30.665955,76.604424,synthetic_envelope,SRC_VB_SYNTHETIC,,True,0.0,,v0.1,False
LOC_0DB438FFEE8B,shop,Jai Bharat Building Materials,जय भारत बिल्डिंग मटेरियल,Uttar Pradesh,UP,Unnao,VB-UP-UNNAO,,,Rampur Khurd (30),,,26.370831,80.654317,synthetic_envelope,SRC_VB_SYNTHETIC,,True,0.0,,v0.1,False
LOC_BCE36072920A,shop,Jai Bharat Pipes & Fittings,जय भारत पाइप एंड फिटिंग्स,Haryana,HR,Panipat,VB-HR-PANIPAT,,,Manakpur,,,29.564428,77.077728,synthetic_envelope,SRC_VB_SYNTHETIC,,True,0.0,,v0.1,True
LOC_B43D83F3489F,shop,Shanti Cement Store,शांति सीमेंट स्टोर,Punjab,PB,Pathankot,VB-PB-PATHANKOT,,,Harjipur,,,32.409047,75.711918,synthetic_envelope,SRC_VB_SYNTHETIC,,True,0.0,,v0.1,False
LOC_1A4E3430B6F0,shop,Ambey Hardware,अंबे हार्डवेयर,Uttar Pradesh,UP,Muzaffarnagar,VB-UP-MUZAFFARNAGA,,,Devipur Nagar (26),,,29.508545,77.624527,synthetic_envelope,SRC_VB_SYNTHETIC,,True,0.0,,v0.1,True
LOC_3BAB882027B8,shop,Bansal Cement Store,बंसल सीमेंट स्टोर,Haryana,HR,Rohtak,VB-HR-ROHTAK,,,Jamalpur,,,28.857317,76.4438,synthetic_envelope,SRC_VB_SYNTHETIC,,True,0.0,,v0.1,True
LOC_E87B5CA9DECC,shop,Ambey Building Materials,अंबे बिल्डिंग मटेरियल,Uttar Pradesh,UP,Etah,VB-UP-ETAH,,,Jamalpur Nagar (25),,,27.449948,78.832829,synthetic_envelope,SRC_VB_SYNTHETIC,,True,0.0,,v0.1,False
LOC_7E71CA1F0AFD,shop,Bansal Tiles,बंसल टाइल्स,Punjab,PB,Fatehgarh Sahib,VB-PB-FATEHGARH-SA,,,Dhanaura Nagar (25),,,30.673498,76.518265,synthetic_envelope,SRC_VB_SYNTHETIC,,True,0.0,,v0.1,False
LOC_22B55102B21A,shop,Shanti Building Materials,शांति बिल्डिंग मटेरियल,Haryana,HR,Sonipat,VB-HR-SONIPAT,,,Rasulpur,,,29.000388,76.896204,synthetic_envelope,SRC_VB_SYNTHETIC,,True,0.0,,v0.1,True
LOC_7D9A01AF5501,shop,Deep Steel & TMT,दीप स्टील एंड टीएमटी,Haryana,HR,Palwal,VB-HR-PALWAL,,,Ladwa Khurd (2),,,28.065921,77.236531,synthetic_envelope,SRC_VB_SYNTHETIC,,True,0.0,,v0.1,True
LOC_A6BAA43C0879,shop,Singh Building Materials,सिंह बिल्डिंग मटेरियल,Uttar Pradesh,UP,Hapur,VB-UP-HAPUR,,,Alipur (10),,,28.873248,77.672994,synthetic_envelope,SRC_VB_SYNTHETIC,,True,0.0,,v0.1,True
LOC_E1029972EA95,shop,National Cement Store,नेशनल सीमेंट स्टोर,Uttar Pradesh,UP,Hapur,VB-UP-HAPUR,,,Gopalpur Nagar (7),,,28.602486,77.904666,synthetic_envelope,SRC_VB_SYNTHETIC,,True,0.0,,v0.1,True
LOC_925670D0F64D,shop,Shri Balaji Hardware,श्री बालाजी हार्डवेयर,Haryana,HR,Palwal,VB-HR-PALWAL,,,Nangla Khera (23),,,28.148432,77.400282,synthetic_envelope,SRC_VB_SYNTHETIC,,True,0.0,,v0.1,True
LOC_D5CCC41953F7,shop,Gupta Bricks & Blocks,गुप्ता ईंट भंडार,Haryana,HR,Mahendragarh,VB-HR-MAHENDRAGARH,,,Rampur Kalan,,,28.35957,76.008189,synthetic_envelope,SRC_VB_SYNTHETIC,,True,0.0,,v0.1,True
LOC_D3C72D19131E,shop,Shanti Steel & TMT,शांति स्टील एंड टीएमटी,Punjab,PB,Fazilka,VB-PB-FAZILKA,,,Devipur Majra (24),,,30.218196,73.940099,synthetic_envelope,SRC_VB_SYNTHETIC,,True,0.0,,v0.1,False
LOC_70E8C576F377,shop,Ganpati Pipes & Fittings,गणपति पाइप एंड फिटिंग्स,Haryana,HR,Panipat,VB-HR-PANIPAT,,,Basantpur Majra,,,29.384262,77.134596,synthetic_envelope,SRC_VB_SYNTHETIC,,True,0.0,,v0.1,True
LOC_A0DAFE92E070,shop,Guru Nanak Hardware,गुरु नानक हार्डवेयर,Haryana,HR,Faridabad,VB-HR-FARIDABAD,,,Dhanaura Khurd,,,28.435935,77.364662,synthetic_envelope,SRC_VB_SYNTHETIC,,True,0.0,,v0.1,True
LOC_3E5292FCC544,shop,Shanti Building Materials,शांति बिल्डिंग मटेरियल,Haryana,HR,Sirsa,VB-HR-SIRSA,,,Bhagwanpur Nagar (19),,,29.423034,75.359087,synthetic_envelope,SRC_VB_SYNTHETIC,,True,0.0,,v0.1,False
LOC_C0F233C52353,shop,Ambey Building Materials,अंबे बिल्डिंग मटेरियल,Haryana,HR,Rewari,VB-HR-REWARI,,,Bhojpur Khurd,,,28.026028,76.603119,synthetic_envelope,SRC_VB_SYNTHETIC,,True,0.0,,v0.1,True
LOC_B3C5EBE7525F,shop,Deep Hardware,दीप हार्डवेयर,Uttar Pradesh,UP,Hardoi,VB-UP-HARDOI,,,Jamalpur Khera (6),,,27.628433,80.12538,synthetic_envelope,SRC_VB_SYNTHETIC,,True,0.0,,v0.1,False
LOC_AA7CC646BAFD,shop,Shanti Bricks & Blocks,शांति ईंट भंडार,Uttar Pradesh,UP,Agra,VB-UP-AGRA,,,Todarpur Khurd,,,27.193367,77.907394,synthetic_envelope,SRC_VB_SYNTHETIC,,True,0.0,,v0.1,False
LOC_927214D26EF4,shop,Krishna Paints,कृष्णा पेंट्स,Haryana,HR,Jind,VB-HR-JIND,,,Bhojpur Nagar (5),,,29.363547,76.068716,synthetic_envelope,SRC_VB_SYNTHETIC,,True,0.0,,v0.1,True
LOC_2EBE2D26EF1B,shop,Sharma Electricals,शर्मा इलेक्ट्रिकल्स,Uttar Pradesh,UP,Sitapur,VB-UP-SITAPUR,,,Jamalpur Khurd (33),,,27.340414,80.621079,synthetic_envelope,SRC_VB_SYNTHETIC,,True,0.0,,v0.1,False
LOC_23B8F3FE87BC,shop,National Cement Store,नेशनल सीमेंट स्टोर,Haryana,HR,Charkhi Dadri,VB-HR-CHARKHI-DADR,,,Ladwa Majra,,,28.546835,76.306724,synthetic_envelope,SRC_VB_SYNTHETIC,,True,0.0,,v0.1,True
LOC_646FF5EA6DBF,shop,Ganpati Steel & TMT,गणपति स्टील एंड टीएमटी,Uttar Pradesh,UP,Meerut,VB-UP-MEERUT,,,Sultanpur Khera,,,28.951749,77.96661,synthetic_envelope,SRC_VB_SYNTHETIC,,True,0.0,,v0.1,True
LOC_0332928AECA8,shop,Singh Tiles,सिंह टाइल्स,Uttar Pradesh,UP,Prayagraj,VB-UP-PRAYAGRAJ,,,Ladwa Khurd,,,25.32114,81.936377,synthetic_envelope,SRC_VB_SYNTHETIC,,True,0.0,,v0.1,False
LOC_99E5501D2A6D,shop,Bansal Steel & TMT,बंसल स्टील एंड टीएमटी,Haryana,HR,Rohtak,VB-HR-ROHTAK,,,Chandpur Khurd,,,28.692916,76.689297,synthetic_envelope,SRC_VB_SYNTHETIC,,True,0.0,,v0.1,True
LOC_98F1F446FFD7,shop,Guru Nanak Building Materials,गुरु नानक बिल्डिंग मटेरियल,Uttar Pradesh,UP,Hathras,VB-UP-HATHRAS,,,Basantpur Nagar (5),,,27.608579,78.153066,synthetic_envelope,SRC_VB_SYNTHETIC,,True,0.0,,v0.1,False
LOC_B4000DF7337F,shop,Sharma Bricks & Blocks,शर्मा ईंट भंडार,Punjab,PB,Fatehgarh Sahib,VB-PB-FATEHGARH-SA,,,Shahpur Majra (11),,,30.732202,76.295936,synthetic_envelope,SRC_VB_SYNTHETIC,,True,0.0,,v0.1,False
LOC_5C757EE148F1,shop,Ganpati Cement Store,गणपति सीमेंट स्टोर,Uttar Pradesh,UP,Mathura,VB-UP-MATHURA,,,Shahpur Khera,,,27.557692,77.570404,synthetic_envelope,SRC_VB_SYNTHETIC,,True,0.0,,v0.1,False
LOC_415D0CE666E8,shop,Hind Pipes & Fittings,हिन्द पाइप एंड फिटिंग्स,Punjab,PB,Ludhiana,VB-PB-LUDHIANA,,,Dhanaura (10),,,30.994784,75.830613,synthetic_envelope,SRC_VB_SYNTHETIC,,True,0.0,,v0.1,False
LOC_2A1CA8919AEE,shop,Gupta Pipes & Fittings,गुप्ता पाइप एंड फिटिंग्स,Uttar Pradesh,UP,Bareilly,VB-UP-BAREILLY,,,Barwala Khurd (11),,,28.392317,79.272594,synthetic_envelope,SRC_VB_SYNTHETIC,,True,0.0,,v0.1,False
LOC_DF7BDED56ADF,shop,Deep Bricks & Blocks,दीप ईंट भंडार,Uttar Pradesh,UP,Mainpuri,VB-UP-MAINPURI,,,Basantpur (2),,,27.042923,78.954385,synthetic_envelope,SRC_VB_SYNTHETIC,,True,0.0,,v0.1,False
LOC_604E99CC2B83,shop,Jai Bharat Building Materials,जय भारत बिल्डिंग मटेरियल,Haryana,HR,Charkhi Dadri,VB-HR-CHARKHI-DADR,,,Sikandarpur Khera,,,28.734794,76.165866,synthetic_envelope,SRC_VB_SYNTHETIC,,True,0.0,,v0.1,True
LOC_049761C8AEF7,shop,Verma Hardware,वर्मा हार्डवेयर,Delhi,DL,Central Delhi,VB-DL-CENTRAL-DELH,,,Sikandarpur Khera,,,28.614757,77.174778,synthetic_envelope,SRC_VB_SYNTHETIC,,True,0.0,,v0.1,True
LOC_239C236906EA,shop,Deep Building Materials,दीप बिल्डिंग मटेरियल,Haryana,HR,Jhajjar,VB-HR-JHAJJAR,,,Bahadurpur Khurd,,,28.525455,76.752832,synthetic_envelope,SRC_VB_SYNTHETIC,,True,0.0,,v0.1,True
LOC_740057DD1EFB,shop,Krishna Hardware,कृष्णा हार्डवेयर,Haryana,HR,Palwal,VB-HR-PALWAL,,,Naurangpur Khurd (14),,,28.232101,77.14921,synthetic_envelope,SRC_VB_SYNTHETIC,,True,0.0,,v0.1,True
LOC_A4DA484F9CD3,shop,Jai Bharat Cement Store,जय भारत सीमेंट स्टोर,Uttar Pradesh,UP,Sitapur,VB-UP-SITAPUR,,,Dhanaura Majra (29),,,27.354463,80.838189,synthetic_envelope,SRC_VB_SYNTHETIC,,True,0.0,,v0.1,False
LOC_5347E1D0C2F9,shop,Gupta Building Materials,गुप्ता बिल्डिंग मटेरियल,Haryana,HR,Mahendragarh,VB-HR-MAHENDRAGARH,,,Manakpur Kalan,,,28.263275,75.950626,synthetic_envelope,SRC_VB_SYNTHETIC,,True,0.0,,v0.1,True
LOC_716A2A52B988,shop,Maa Durga Cement Store,माँ दुर्गा सीमेंट स्टोर,Punjab,PB,Sangrur,VB-PB-SANGRUR,,,Nathupur (19),,,30.34141,75.582623,synthetic_envelope,SRC_VB_SYNTHETIC,,True,0.0,,v0.1,False
LOC_B66CA376BF3F,shop,Krishna Bricks & Blocks,कृष्णा ईंट भंडार,Haryana,HR,Kurukshetra,VB-HR-KURUKSHETRA,,,Mubarikpur Majra (7),,,29.981316,77.036969,synthetic_envelope,SRC_VB_SYNTHETIC,,True,0.0,,v0.1,False
LOC_E8CAC48E2A77,shop,Singh Electricals,सिंह इलेक्ट्रिकल्स,Uttar Pradesh,UP,Hardoi,VB-UP-HARDOI,,,Mubarikpur Kalan (3),,,27.136748,80.152528,synthetic_envelope,SRC_VB_SYNTHETIC,,True,0.0,,v0.1,False
LOC_E0C108018004,shop,Ganpati Building Materials,गणपति बिल्डिंग मटेरियल,Uttar Pradesh,UP,Prayagraj,VB-UP-PRAYAGRAJ,,,Kishanpur Majra,,,25.496376,81.733177,synthetic_envelope,SRC_VB_SYNTHETIC,,True,0.0,,v0.1,False
LOC_78654222C8B1,shop,Gupta Hardware,गुप्ता हार्डवेयर,Uttar Pradesh,UP,Prayagraj,VB-UP-PRAYAGRAJ,,,Jhinjhana Nagar,,,25.274097,82.071697,synthetic_envelope,SRC_VB_SYNTHETIC,,True,0.0,,v0.1,False
LOC_0B56C71F4DF9,shop,Guru Nanak Building Materials,गुरु नानक बिल्डिंग मटेरियल,Punjab,PB,Ferozepur,VB-PB-FEROZEPUR,,,Dhanaura Khera (19),,,31.098733,74.654667,synthetic_envelope,SRC_VB_SYNTHETIC,,True,0.0,,v0.1,False
LOC_FB120484C98F,shop,Gupta Sanitaryware,गुप्ता सैनिटरीवेयर,Punjab,PB,Malerkotla,VB-PB-MALERKOTLA,,,Nathupur Majra (23),,,30.57145,75.806317,synthetic_envelope,SRC_VB_SYNTHETIC,,True,0.0,,v0.1,False
LOC_D5A984C435B0,shop,National Building Materials,नेशनल बिल्डिंग मटेरियल,Uttar Pradesh,UP,Bijnor,VB-UP-BIJNOR,,,Shahpur Khurd (14),,,29.32821,77.984759,synthetic_envelope,SRC_VB_SYNTHETIC,,True,0.0,,v0.1,False
LOC_C922B0666201,shop,Deep Paints,दीप पेंट्स,Uttar Pradesh,UP,Hathras,VB-UP-HATHRAS,,,Harjipur (9),,,27.635533,78.176536,synthetic_envelope,SRC_VB_SYNTHETIC,,True,0.0,,v0.1,False
LOC_F3C98AA56379,shop,National Building Materials,नेशनल बिल्डिंग मटेरियल,Punjab,PB,Gurdaspur,VB-PB-GURDASPUR,,,Ladwa Khurd,,,31.821916,75.454146,synthetic_envelope,SRC_VB_SYNTHETIC,,True,0.0,,v0.1,False
LOC_289AB68BB632,shop,Shanti Sanitaryware,शांति सैनिटरीवेयर,Punjab,PB,Patiala,VB-PB-PATIALA,,,Shahpur (31),,,30.486379,76.364558,synthetic_envelope,SRC_VB_SYNTHETIC,,True,0.0,,v0.1,False
LOC_0107C72B75AF,shop,Jai Bharat Building Materials,जय भारत बिल्डिंग मटेरियल,Punjab,PB,Patiala,VB-PB-PATIALA,,,Naurangpur Nagar (15),,,30.2132,76.387205,synthetic_envelope,SRC_VB_SYNTHETIC,,True,0.0,,v0.1,False
LOC_36040F25EB48,shop,Shri Balaji Building Materials,श्री बालाजी बिल्डिंग मटेरियल,Punjab,PB,Malerkotla,VB-PB-MALERKOTLA,,,Rampur Khera (30),,,30.436611,75.986342,synthetic_envelope,SRC_VB_SYNTHETIC,,True,0.0,,v0.1,False
LOC_9B0D6D466694,shop,Sharma Steel & TMT,शर्मा स्टील एंड टीएमटी,Uttar Pradesh,UP,Etah,VB-UP-ETAH,,,Manakpur Khurd (1),,,27.361766,78.614029,synthetic_envelope,SRC_VB_SYNTHETIC,,True,0.0,,v0.1,False
LOC_045EFBFF2082,shop,Bansal Steel & TMT,बंसल स्टील एंड टीएमटी,Punjab,PB,Gurdaspur,VB-PB-GURDASPUR,,,Dhanaura,,,32.12952,75.263058,synthetic_envelope,SRC_VB_SYNTHETIC,,True,0.0,,v0.1,False
LOC_08CF17A67A94,shop,Yadav Paints,यादव पेंट्स,Uttar Pradesh,UP,Moradabad,VB-UP-MORADABAD,,,Nangla Kalan,,,28.829861,78.751741,synthetic_envelope,SRC_VB_SYNTHETIC,,True,0.0,,v0.1,False
LOC_E888733E19B3,shop,Verma Pipes & Fittings,वर्मा पाइप एंड फिटिंग्स,Uttar Pradesh,UP,Prayagraj,VB-UP-PRAYAGRAJ,,,Jhinjhana Nagar,,,25.278339,82.084764,synthetic_envelope,SRC_VB_SYNTHETIC,,True,0.0,,v0.1,False
LOC_73E11926AFB7,shop,Verma Building Materials,वर्मा बिल्डिंग मटेरियल,Haryana,HR,Nuh,VB-HR-NUH,,,Kishanpur Khera,,,28.028316,76.938498,synthetic_envelope,SRC_VB_SYNTHETIC,,True,0.0,,v0.1,True
LOC_B50598B59580,shop,Guru Nanak Bricks & Blocks,गुरु नानक ईंट भंडार,Uttar Pradesh,UP,Aligarh,VB-UP-ALIGARH,,,Devipur Khurd (10),,,28.040444,78.083107,synthetic_envelope,SRC_VB_SYNTHETIC,,True,0.0,,v0.1,False
LOC_27AB7D4EF3FF,shop,Yadav Hardware,यादव हार्डवेयर,Haryana,HR,Kaithal,VB-HR-KAITHAL,,,Dhanaura Kalan (33),,,29.69667,76.57055,synthetic_envelope,SRC_VB_SYNTHETIC,,True,0.0,,v0.1,False
LOC_2B066D3AA468,shop,Maa Durga Steel & TMT,माँ दुर्गा स्टील एंड टीएमटी,Uttar Pradesh,UP,Bareilly,VB-UP-BAREILLY,,,Basantpur Kalan (4),,,28.509746,79.553443,synthetic_envelope,SRC_VB_SYNTHETIC,,True,0.0,,v0.1,False
LOC_6069FC0391A2,shop,Verma Building Materials,वर्मा बिल्डिंग मटेरियल,Haryana,HR,Rohtak,VB-HR-ROHTAK,,,Ladwa Kalan,,,28.827125,76.661548,synthetic_envelope,SRC_VB_SYNTHETIC,,True,0.0,,v0.1,True
LOC_578229A8F1C7,shop,Jai Bharat Roofing,जय भारत रूफिंग,Punjab,PB,Muktsar,VB-PB-MUKTSAR,,,Chandpur Khurd (1),,,30.59129,74.637714,synthetic_envelope,SRC_VB_SYNTHETIC,,True,0.0,,v0.1,False
LOC_92C1ABF2553C,shop,Bansal Building Materials,बंसल बिल्डिंग मटेरियल,Uttar Pradesh,UP,Hardoi,VB-UP-HARDOI,,,Fatehpur Khera (12),,,27.589153,80.150068,synthetic_envelope,SRC_VB_SYNTHETIC,,True,0.0,,v0.1,False
LOC_E8BCFFF9E7EA,shop,Jai Bharat Electricals,जय भारत इलेक्ट्रिकल्स,Haryana,HR,Kurukshetra,VB-HR-KURUKSHETRA,,,Ladwa (13),,,29.926459,77.06427,synthetic_envelope,SRC_VB_SYNTHETIC,,True,0.0,,v0.1,False
LOC_9B7EB990D7D3,shop,Maa Durga Bricks & Blocks,माँ दुर्गा ईंट भंडार,Uttar Pradesh,UP,Sitapur,VB-UP-SITAPUR,,,Shahpur Khurd (24),,,27.452626,80.766098,synthetic_envelope,SRC_VB_SYNTHETIC,,True,0.0,,v0.1,False
LOC_5F1FEBD27EF9,shop,Krishna Roofing,कृष्णा रूफिंग,Uttar Pradesh,UP,Hardoi,VB-UP-HARDOI,,,Jamalpur Khera (6),,,27.627136,80.133923,synthetic_envelope,SRC_VB_SYNTHETIC,,True,0.0,,v0.1,False
LOC_06112FFFC3B3,shop,Deep Pipes & Fittings,दीप पाइप एंड फिटिंग्स,Haryana,HR,Rohtak,VB-HR-ROHTAK,,,Nathupur Khera,,,28.817328,76.643679,synthetic_envelope,SRC_VB_SYNTHETIC,,True,0.0,,v0.1,True
LOC_765EAFE7F9F6,shop,Gupta Building Materials,गुप्ता बिल्डिंग मटेरियल,Uttar Pradesh,UP,Etawah,VB-UP-ETAWAH,,,Jhinjhana Majra (29),,,26.951012,79.074484,synthetic_envelope,SRC_VB_SYNTHETIC,,True,0.0,,v0.1,False
LOC_8A09C40CAF75,shop,Maa Durga Bricks & Blocks,माँ दुर्गा ईंट भंडार,Uttar Pradesh,UP,Pilibhit,VB-UP-PILIBHIT,,,Sultanpur Kalan (17),,,28.455274,79.744017,synthetic_envelope,SRC_VB_SYNTHETIC,,True,0.0,,v0.1,False
LOC_CDF62D4D12C0,shop,New Kisan Building Materials,न्यू किसान बिल्डिंग मटेरियल,Haryana,HR,Rohtak,VB-HR-ROHTAK,,,Harjipur Kalan,,,28.789436,76.69672,synthetic_envelope,SRC_VB_SYNTHETIC,,True,0.0,,v0.1,True
LOC_255EBEFE8E5E,shop,National Building Materials,नेशनल बिल्डिंग मटेरियल,Haryana,HR,Rewari,VB-HR-REWARI,,,Umarpur Nagar,,,28.031662,76.606442,synthetic_envelope,SRC_VB_SYNTHETIC,,True,0.0,,v0.1,True
LOC_43D036816FDE,shop,Deep Building Materials,दीप बिल्डिंग मटेरियल,Uttar Pradesh,UP,Saharanpur,VB-UP-SAHARANPUR,,,Gopalpur Khera,,,29.887455,77.633495,synthetic_envelope,SRC_VB_SYNTHETIC,,True,0.0,,v0.1,False
LOC_7F596240CF42,shop,Yadav Electricals,यादव इलेक्ट्रिकल्स,Punjab,PB,Tarn Taran,VB-PB-TARN-TARAN,,,Mubarikpur Kalan (1),,,31.488634,75.09445,synthetic_envelope,SRC_VB_SYNTHETIC,,True,0.0,,v0.1,False
LOC_40FD160A6E2C,shop,Verma Hardware,वर्मा हार्डवेयर,Haryana,HR,Nuh,VB-HR-NUH,,,Fatehpur Khurd,,,27.930597,77.018803,synthetic_envelope,SRC_VB_SYNTHETIC,,True,0.0,,v0.1,True
LOC_7C5969D0D207,shop,Maa Durga Bricks & Blocks,माँ दुर्गा ईंट भंडार,Haryana,HR,Faridabad,VB-HR-FARIDABAD,,,Gopalpur Khera,,,28.386804,77.444914,synthetic_envelope,SRC_VB_SYNTHETIC,,True,0.0,,v0.1,True
LOC_8F31743F06C1,shop,Shanti Cement Store,शांति सीमेंट स्टोर,Punjab,PB,Fazilka,VB-PB-FAZILKA,,,Kishanpur Kalan (26),,,30.199892,73.931101,synthetic_envelope,SRC_VB_SYNTHETIC,,True,0.0,,v0.1,False
LOC_C4BF7F1199B0,shop,Verma Pipes & Fittings,वर्मा पाइप एंड फिटिंग्स,Punjab,PB,Nawanshahr,VB-PB-NAWANSHAHR,,,Rampur Khurd (15),,,30.948356,76.192594,synthetic_envelope,SRC_VB_SYNTHETIC,,True,0.0,,v0.1,False
LOC_337F5BB5BC01,shop,Ambey Sanitaryware,अंबे सैनिटरीवेयर,Haryana,HR,Panchkula,VB-HR-PANCHKULA,,,Jamalpur Majra,,,30.808312,76.928347,synthetic_envelope,SRC_VB_SYNTHETIC,,True,0.0,,v0.1,False
LOC_47DA2534F4F7,shop,Gupta Cement Store,गुप्ता सीमेंट स्टोर,Punjab,PB,Malerkotla,VB-PB-MALERKOTLA,,,Dhanaura Majra (24),,,30.404434,75.98389,synthetic_envelope,SRC_VB_SYNTHETIC,,True,0.0,,v0.1,False
LOC_019E7160537D,shop,Ambey Electricals,अंबे इलेक्ट्रिकल्स,Haryana,HR,Jhajjar,VB-HR-JHAJJAR,,,Kheri,,,28.628841,76.508967,synthetic_envelope,SRC_VB_SYNTHETIC,,True,0.0,,v0.1,True
LOC_332FC993B3B1,shop,Ganpati Building Materials,गणपति बिल्डिंग मटेरियल,Uttar Pradesh,UP,Bijnor,VB-UP-BIJNOR,,,Jhinjhana Majra (10),,,29.240113,78.210573,synthetic_envelope,SRC_VB_SYNTHETIC,,True,0.0,,v0.1,False
LOC_AD5CE380CD38,shop,Deep Sanitaryware,दीप सैनिटरीवेयर,Uttar Pradesh,UP,Pilibhit,VB-UP-PILIBHIT,,,Bhagwanpur (20),,,28.820633,79.680465,synthetic_envelope,SRC_VB_SYNTHETIC,,True,0.0,,v0.1,False
LOC_FE817093BD8A,shop,Singh Cement Store,सिंह सीमेंट स्टोर,Punjab,PB,Ferozepur,VB-PB-FEROZEPUR,,,Manakpur Nagar (28),,,31.093311,74.705332,synthetic_envelope,SRC_VB_SYNTHETIC,,True,0.0,,v0.1,False
LOC_4110DE6CB515,shop,Singh Steel & TMT,सिंह स्टील एंड टीएमटी,Punjab,PB,Barnala,VB-PB-BARNALA,,,Manakpur Kalan (17),,,30.356945,75.470767,synthetic_envelope,SRC_VB_SYNTHETIC,,True,0.0,,v0.1,False
LOC_86E4F2098EDD,shop,Shanti Hardware,शांति हार्डवेयर,Uttar Pradesh,UP,Saharanpur,VB-UP-SAHARANPUR,,,Sultanpur Majra,,,29.828585,77.830868,synthetic_envelope,SRC_VB_SYNTHETIC,,True,0.0,,v0.1,False
LOC_89B12A66D642,shop,Yadav Roofing,यादव रूफिंग,Uttar Pradesh,UP,Baghpat,VB-UP-BAGHPAT,,,Harjipur Kalan (30),,,29.105876,77.115704,synthetic_envelope,SRC_VB_SYNTHETIC,,True,0.0,,v0.1,True
LOC_53DFA88A06FA,shop,Shri Balaji Building Materials,श्री बालाजी बिल्डिंग मटेरियल,Haryana,HR,Hisar,VB-HR-HISAR,,,Sultanpur Majra (22),,,29.099226,75.916071,synthetic_envelope,SRC_VB_SYNTHETIC,,True,0.0,,v0.1,False
LOC_DA3800F24037,shop,Singh Bricks & Blocks,सिंह ईंट भंडार,Uttar Pradesh,UP,Bareilly,VB-UP-BAREILLY,,,Chandpur Nagar (12),,,28.473837,79.600647,synthetic_envelope,SRC_VB_SYNTHETIC,,True,0.0,,v0.1,False
LOC_ED3A062FF451,shop,Shri Balaji Building Materials,श्री बालाजी बिल्डिंग मटेरियल,Punjab,PB,Muktsar,VB-PB-MUKTSAR,,,Jamalpur Nagar (25),,,30.539938,74.74255,synthetic_envelope,SRC_VB_SYNTHETIC,,True,0.0,,v0.1,False
LOC_239CA1EC9E15,shop,Shanti Building Materials,शांति बिल्डिंग मटेरियल,Haryana,HR,Kaithal,VB-HR-KAITHAL,,,Fatehpur Kalan (19),,,29.710977,76.47803,synthetic_envelope,SRC_VB_SYNTHETIC,,True,0.0,,v0.1,False
LOC_B80891834DA0,shop,Guru Nanak Building Materials,गुरु नानक बिल्डिंग मटेरियल,Uttar Pradesh,UP,Sitapur,VB-UP-SITAPUR,,,Nangla (22),,,27.389507,80.721901,synthetic_envelope,SRC_VB_SYNTHETIC,,True,0.0,,v0.1,False
LOC_74328C6B211B,shop,Verma Steel & TMT,वर्मा स्टील एंड टीएमटी,Punjab,PB,Fatehgarh Sahib,VB-PB-FATEHGARH-SA,,,Alipur (20),,,30.657959,76.275918,synthetic_envelope,SRC_VB_SYNTHETIC,,True,0.0,,v0.1,False
LOC_EAB372E816E3,shop,Hind Pipes & Fittings,हिन्द पाइप एंड फिटिंग्स,Haryana,HR,Bhiwani,VB-HR-BHIWANI,,,Sultanpur Nagar,,,28.649944,76.293139,synthetic_envelope,SRC_VB_SYNTHETIC,,True,0.0,,v0.1,True
LOC_7F1C6E7B4CA3,shop,Verma Bricks & Blocks,वर्मा ईंट भंडार,Uttar Pradesh,UP,Bulandshahr,VB-UP-BULANDSHAHR,,,Nangla (15),,,28.518913,77.929416,synthetic_envelope,SRC_VB_SYNTHETIC,,True,0.0,,v0.1,True
LOC_9404236289BB,shop,Deep Tiles,दीप टाइल्स,Haryana,HR,Panipat,VB-HR-PANIPAT,,,Naurangpur Khera,,,29.33601,77.113187,synthetic_envelope,SRC_VB_SYNTHETIC,,True,0.0,,v0.1,True
LOC_2D18400CED6E,shop,Singh Roofing,सिंह रूफिंग,Uttar Pradesh,UP,Prayagraj,VB-UP-PRAYAGRAJ,,,Dhanaura,,,25.197557,81.710449,synthetic_envelope,SRC_VB_SYNTHETIC,,True,0.0,,v0.1,False
LOC_1680DB746899,shop,Deep Building Materials,दीप बिल्डिंग मटेरियल,Uttar Pradesh,UP,Shamli,VB-UP-SHAMLI,,,Rasulpur (3),,,29.384096,77.469822,synthetic_envelope,SRC_VB_SYNTHETIC,,True,0.0,,v0.1,True
LOC_EAD84A3E367F,shop,Deep Bricks & Blocks,दीप ईंट भंडार,Punjab,PB,Mansa,VB-PB-MANSA,,,Naurangpur Khurd (2),,,29.830525,75.49362,synthetic_envelope,SRC_VB_SYNTHETIC,,True,0.0,,v0.1,False
LOC_3513D7DDD413,shop,Deep Building Materials,दीप बिल्डिंग मटेरियल,Punjab,PB,Amritsar,VB-PB-AMRITSAR,,,Naurangpur,,,31.571335,74.846716,synthetic_envelope,SRC_VB_SYNTHETIC,,True,0.0,,v0.1,False
LOC_864B4A604347,shop,Hind Building Materials,हिन्द बिल्डिंग मटेरियल,Uttar Pradesh,UP,Varanasi,VB-UP-VARANASI,,,Jamalpur Khera,,,25.232328,82.946356,synthetic_envelope,SRC_VB_SYNTHETIC,,True,0.0,,v0.1,False
LOC_1C2623E66350,shop,Krishna Building Materials,कृष्णा बिल्डिंग मटेरियल,Haryana,HR,Karnal,VB-HR-KARNAL,,,Mubarikpur Khera (13),,,29.804085,77.263988,synthetic_envelope,SRC_VB_SYNTHETIC,,True,0.0,,v0.1,True
LOC_C241A127C50A,shop,Hind Cement Store,हिन्द सीमेंट स्टोर,Uttar Pradesh,UP,Hardoi,VB-UP-HARDOI,,,Dhanaura Majra (2),,,27.444109,80.298921,synthetic_envelope,SRC_VB_SYNTHETIC,,True,0.0,,v0.1,False
LOC_80EE3444FB73,shop,Jai Bharat Bricks & Blocks,जय भारत ईंट भंडार,Uttar Pradesh,UP,Hapur,VB-UP-HAPUR,,,Kheri Khera (23),,,28.60944,77.831112,synthetic_envelope,SRC_VB_SYNTHETIC,,True,0.0,,v0.1,True
LOC_845642EFC8A4,shop,Hind Pipes & Fittings,हिन्द पाइप एंड फिटिंग्स,Punjab,PB,Malerkotla,VB-PB-MALERKOTLA,,,Nathupur Khurd (10),,,30.562048,75.810145,synthetic_envelope,SRC_VB_SYNTHETIC,,True,0.0,,v0.1,False
LOC_4FDEB9F56076,shop,Sharma Electricals,शर्मा इलेक्ट्रिकल्स,Punjab,PB,Sangrur,VB-PB-SANGRUR,,,Nangla Majra (35),,,30.305636,75.55467,synthetic_envelope,SRC_VB_SYNTHETIC,,True,0.0,,v0.1,False
LOC_6F7BA38AA1C2,shop,Shri Balaji Hardware,श्री बालाजी हार्डवेयर,Uttar Pradesh,UP,Bareilly,VB-UP-BAREILLY,,,Sikandarpur Majra (24),,,28.48807,79.47211,synthetic_envelope,SRC_VB_SYNTHETIC,,True,0.0,,v0.1,False
LOC_E44530A93554,shop,Hind Tiles,हिन्द टाइल्स,Uttar Pradesh,UP,Moradabad,VB-UP-MORADABAD,,,Todarpur Nagar,,,28.856055,78.725856,synthetic_envelope,SRC_VB_SYNTHETIC,,True,0.0,,v0.1,False
LOC_448F52BB6AA1,shop,National Cement Store,नेशनल सीमेंट स्टोर,Punjab,PB,Fatehgarh Sahib,VB-PB-FATEHGARH-SA,,,Basantpur Nagar (13),,,30.62828,76.578762,synthetic_envelope,SRC_VB_SYNTHETIC,,True,0.0,,v0.1,False
LOC_85245A2F3C77,shop,Ganpati Sanitaryware,गणपति सैनिटरीवेयर,Uttar Pradesh,UP,Muzaffarnagar,VB-UP-MUZAFFARNAGA,,,Jamalpur (15),,,29.532414,77.874053,synthetic_envelope,SRC_VB_SYNTHETIC,,True,0.0,,v0.1,True
LOC_7A16C060A4AB,shop,Guru Nanak Pipes & Fittings,गुरु नानक पाइप एंड फिटिंग्स,Punjab,PB,Sangrur,VB-PB-SANGRUR,,,Chandpur (22),,,30.407216,75.552484,synthetic_envelope,SRC_VB_SYNTHETIC,,True,0.0,,v0.1,False
LOC_1F8237CCD161,shop,Deep Cement Store,दीप सीमेंट स्टोर,Punjab,PB,Malerkotla,VB-PB-MALERKOTLA,,,Kheri Nagar (17),,,30.460781,75.998768,synthetic_envelope,SRC_VB_SYNTHETIC,,True,0.0,,v0.1,False
LOC_3A05FE2C2DF7,shop,Shanti Steel & TMT,शांति स्टील एंड टीएमटी,Uttar Pradesh,UP,Kanpur Dehat,VB-UP-KANPUR-DEHAT,,,Alipur Khurd (26),,,26.471563,79.861795,synthetic_envelope,SRC_VB_SYNTHETIC,,True,0.0,,v0.1,False
LOC_7A867533DFEC,shop,Sharma Building Materials,शर्मा बिल्डिंग मटेरियल,Punjab,PB,Hoshiarpur,VB-PB-HOSHIARPUR,,,Fatehpur Kalan,,,31.614984,75.736791,synthetic_envelope,SRC_VB_SYNTHETIC,,True,0.0,,v0.1,False
LOC_29E4B1A4A5F2,shop,Ambey Cement Store,अंबे सीमेंट स्टोर,Punjab,PB,Amritsar,VB-PB-AMRITSAR,,,Fatehpur Nagar,,,31.564084,74.848514,synthetic_envelope,SRC_VB_SYNTHETIC,,True,0.0,,v0.1,False
LOC_44D4CEFE51B3,shop,Deep Cement Store,दीप सीमेंट स्टोर,Punjab,PB,Muktsar,VB-PB-MUKTSAR,,,Gopalpur Kalan (7),,,30.249101,74.473789,synthetic_envelope,SRC_VB_SYNTHETIC,,True,0.0,,v0.1,False
LOC_319265CC641F,shop,Deep Cement Store,दीप सीमेंट स्टोर,Uttar Pradesh,UP,Bulandshahr,VB-UP-BULANDSHAHR,,,Dhanaura Majra (6),,,28.514089,77.841752,synthetic_envelope,SRC_VB_SYNTHETIC,,True,0.0,,v0.1,True
LOC_91663ABAF2D1,shop,Singh Hardware,सिंह हार्डवेयर,Delhi,DL,South West Delhi,VB-DL-SOUTH-WEST-D,,,Naurangpur Majra,,,28.57835,77.195276,synthetic_envelope,SRC_VB_SYNTHETIC,,True,0.0,,v0.1,True
LOC_ACF9FD91A7AB,shop,Shanti Building Materials,शांति बिल्डिंग मटेरियल,Uttar Pradesh,UP,Moradabad,VB-UP-MORADABAD,,,Rasulpur Kalan,,,28.725911,78.643953,synthetic_envelope,SRC_VB_SYNTHETIC,,True,0.0,,v0.1,False
LOC_9D4A36680CD2,shop,Sharma Hardware,शर्मा हार्डवेयर,Punjab,PB,Sangrur,VB-PB-SANGRUR,,,Sultanpur Majra (9),,,30.3321,75.985596,synthetic_envelope,SRC_VB_SYNTHETIC,,True,0.0,,v0.1,False
LOC_F09CE08514F8,shop,Ambey Bricks & Blocks,अंबे ईंट भंडार,Uttar Pradesh,UP,Bijnor,VB-UP-BIJNOR,,,Fatehpur Majra (4),,,29.307848,77.973871,synthetic_envelope,SRC_VB_SYNTHETIC,,True,0.0,,v0.1,False
LOC_2EB59FEE5045,shop,Jai Bharat Building Materials,जय भारत बिल्डिंग मटेरियल,Delhi,DL,North West Delhi,VB-DL-NORTH-WEST-D,,,Jamalpur Khurd,,,28.863643,76.963085,synthetic_envelope,SRC_VB_SYNTHETIC,,True,0.0,,v0.1,True
LOC_473791E1BE2B,shop,Gupta Building Materials,गुप्ता बिल्डिंग मटेरियल,Uttar Pradesh,UP,Firozabad,VB-UP-FIROZABAD,,,Jhinjhana Khera,,,27.166161,78.586264,synthetic_envelope,SRC_VB_SYNTHETIC,,True,0.0,,v0.1,False
LOC_7C4D01C5CFBD,shop,Guru Nanak Steel & TMT,गुरु नानक स्टील एंड टीएमटी,Punjab,PB,Patiala,VB-PB-PATIALA,,,Bahadurpur Khurd (21),,,30.510216,76.405937,synthetic_envelope,SRC_VB_SYNTHETIC,,True,0.0,,v0.1,False
LOC_E6DA5F875D5D,shop,Ganpati Hardware,गणपति हार्डवेयर,Uttar Pradesh,UP,Kanpur Dehat,VB-UP-KANPUR-DEHAT,,,Ladwa Khera (5),,,26.384083,79.926343,synthetic_envelope,SRC_VB_SYNTHETIC,,True,0.0,,v0.1,False
LOC_448E545B6621,shop,Ambey Building Materials,अंबे बिल्डिंग मटेरियल,Uttar Pradesh,UP,Hapur,VB-UP-HAPUR,,,Devipur (22),,,28.578998,77.844503,synthetic_envelope,SRC_VB_SYNTHETIC,,True,0.0,,v0.1,True
LOC_4A2B466D15DB,shop,Ambey Building Materials,अंबे बिल्डिंग मटेरियल,Uttar Pradesh,UP,Budaun,VB-UP-BUDAUN,,,Bhojpur (17),,,27.986966,79.079842,synthetic_envelope,SRC_VB_SYNTHETIC,,True,0.0,,v0.1,False
LOC_52EE4C7928F1,shop,Hind Building Materials,हिन्द बिल्डिंग मटेरियल,Uttar Pradesh,UP,Prayagraj,VB-UP-PRAYAGRAJ,,,Kheri Khurd,,,25.507931,81.742417,synthetic_envelope,SRC_VB_SYNTHETIC,,True,0.0,,v0.1,False
LOC_707629869770,shop,Singh Paints,सिंह पेंट्स,Haryana,HR,Mahendragarh,VB-HR-MAHENDRAGARH,,,Dhanaura Kalan,,,28.356664,76.204043,synthetic_envelope,SRC_VB_SYNTHETIC,,True,0.0,,v0.1,True
LOC_9E0AF7CD14E4,shop,Singh Steel & TMT,सिंह स्टील एंड टीएमटी,Uttar Pradesh,UP,Etah,VB-UP-ETAH,,,Manakpur Khurd (1),,,27.367303,78.616302,synthetic_envelope,SRC_VB_SYNTHETIC,,True,0.0,,v0.1,False
LOC_B79BABA52A10,shop,Hind Cement Store,हिन्द सीमेंट स्टोर,Uttar Pradesh,UP,Kanpur Dehat,VB-UP-KANPUR-DEHAT,,,Salempur Khera (33),,,26.460516,79.872382,synthetic_envelope,SRC_VB_SYNTHETIC,,True,0.0,,v0.1,False
LOC_6674C7E3918F,shop,Guru Nanak Bricks & Blocks,गुरु नानक ईंट भंडार,Uttar Pradesh,UP,Sambhal,VB-UP-SAMBHAL,,,Salempur Khera (20),,,28.629301,78.602189,synthetic_envelope,SRC_VB_SYNTHETIC,,True,0.0,,v0.1,False
LOC_1B0C5869A751,shop,New Kisan Building Materials,न्यू किसान बिल्डिंग मटेरियल,Punjab,PB,Malerkotla,VB-PB-MALERKOTLA,,,Kheri Khurd (11),,,30.414926,76.000285,synthetic_envelope,SRC_VB_SYNTHETIC,,True,0.0,,v0.1,False
LOC_C34D06BA6002,shop,National Tiles,नेशनल टाइल्स,Haryana,HR,Sirsa,VB-HR-SIRSA,,,Jamalpur Khera (13),,,29.727085,74.855612,synthetic_envelope,SRC_VB_SYNTHETIC,,True,0.0,,v0.1,False
LOC_90CCBBAAE40B,shop,Jai Bharat Building Materials,जय भारत बिल्डिंग मटेरियल,Delhi,DL,South Delhi,VB-DL-SOUTH-DELHI,,,Sikandarpur Kalan,,,28.524083,77.238309,synthetic_envelope,SRC_VB_SYNTHETIC,,True,0.0,,v0.1,True
LOC_CE81B619FDE6,shop,Jai Bharat Paints,जय भारत पेंट्स,Uttar Pradesh,UP,Amroha,VB-UP-AMROHA,,,Jhinjhana Majra (13),,,28.962046,78.357118,synthetic_envelope,SRC_VB_SYNTHETIC,,True,0.0,,v0.1,False
LOC_7F3EADDA8CA5,shop,New Kisan Pipes & Fittings,न्यू किसान पाइप एंड फिटिंग्स,Haryana,HR,Karnal,VB-HR-KARNAL,,,Harjipur Khera (27),,,29.776305,77.280624,synthetic_envelope,SRC_VB_SYNTHETIC,,True,0.0,,v0.1,True
LOC_A9659137F0E5,shop,Krishna Hardware,कृष्णा हार्डवेयर,Punjab,PB,Bathinda,VB-PB-BATHINDA,,,Nathupur Nagar (27),,,30.376001,74.989138,synthetic_envelope,SRC_VB_SYNTHETIC,,True,0.0,,v0.1,False
LOC_6F44B376A167,shop,Bansal Bricks & Blocks,बंसल ईंट भंडार,Punjab,PB,Fatehgarh Sahib,VB-PB-FATEHGARH-SA,,,Alipur Kalan (9),,,30.628466,76.579635,synthetic_envelope,SRC_VB_SYNTHETIC,,True,0.0,,v0.1,False
LOC_F40C8A090788,shop,Deep Tiles,दीप टाइल्स,Haryana,HR,Jhajjar,VB-HR-JHAJJAR,,,Devipur Nagar,,,28.553828,76.717913,synthetic_envelope,SRC_VB_SYNTHETIC,,True,0.0,,v0.1,True
LOC_612D4C3A8689,shop,Deep Sanitaryware,दीप सैनिटरीवेयर,Uttar Pradesh,UP,Kanpur Nagar,VB-UP-KANPUR-NAGAR,,,Gopalpur Khurd,,,26.405734,80.408036,synthetic_envelope,SRC_VB_SYNTHETIC,,True,0.0,,v0.1,False
LOC_666D6E759559,shop,Shri Balaji Building Materials,श्री बालाजी बिल्डिंग मटेरियल,Punjab,PB,Moga,VB-PB-MOGA,,,Jamalpur Khurd (35),,,30.735849,75.005249,synthetic_envelope,SRC_VB_SYNTHETIC,,True,0.0,,v0.1,False
LOC_7C2DA312CC41,shop,Bansal Cement Store,बंसल सीमेंट स्टोर,Haryana,HR,Rohtak,VB-HR-ROHTAK,,,Jhinjhana Khurd,,,28.677664,76.682103,synthetic_envelope,SRC_VB_SYNTHETIC,,True,0.0,,v0.1,True
LOC_D7EE6336FB6E,shop,Hind Cement Store,हिन्द सीमेंट स्टोर,Uttar Pradesh,UP,Budaun,VB-UP-BUDAUN,,,Basantpur Khera (7),,,28.115979,79.250869,synthetic_envelope,SRC_VB_SYNTHETIC,,True,0.0,,v0.1,False
LOC_D8844E3C3359,shop,Yadav Building Materials,यादव बिल्डिंग मटेरियल,Uttar Pradesh,UP,Aligarh,VB-UP-ALIGARH,,,Alipur Khera (5),,,27.82843,77.944464,synthetic_envelope,SRC_VB_SYNTHETIC,,True,0.0,,v0.1,False
LOC_E58DAC290D24,shop,Maa Durga Building Materials,माँ दुर्गा बिल्डिंग मटेरियल,Uttar Pradesh,UP,Barabanki,VB-UP-BARABANKI,,,Shahpur Khera (24),,,27.111732,81.13017,synthetic_envelope,SRC_VB_SYNTHETIC,,True,0.0,,v0.1,False
LOC_30B2691E113C,shop,Shanti Electricals,शांति इलेक्ट्रिकल्स,Uttar Pradesh,UP,Baghpat,VB-UP-BAGHPAT,,,Shahpur Nagar (19),,,28.859545,77.169909,synthetic_envelope,SRC_VB_SYNTHETIC,,True,0.0,,v0.1,True
LOC_8B39D52C86B8,shop,Jai Bharat Steel & TMT,जय भारत स्टील एंड टीएमटी,Uttar Pradesh,UP,Hardoi,VB-UP-HARDOI,,,Fatehpur (25),,,27.159843,80.101273,synthetic_envelope,SRC_VB_SYNTHETIC,,True,0.0,,v0.1,False
LOC_74044FE579EC,shop,Shanti Cement Store,शांति सीमेंट स्टोर,Haryana,HR,Rewari,VB-HR-REWARI,,,Bhagwanpur Khera,,,28.141499,76.604327,synthetic_envelope,SRC_VB_SYNTHETIC,,True,0.0,,v0.1,True
LOC_30C791499C44,shop,Singh Cement Store,सिंह सीमेंट स्टोर,Uttar Pradesh,UP,Pilibhit,VB-UP-PILIBHIT,,,Harjipur Nagar (10),,,28.593718,79.773227,synthetic_envelope,SRC_VB_SYNTHETIC,,True,0.0,,v0.1,False
LOC_C8E24674060F,shop,Krishna Electricals,कृष्णा इलेक्ट्रिकल्स,Punjab,PB,Faridkot,VB-PB-FARIDKOT,,,Nathupur Khurd (27),,,30.549652,74.823582,synthetic_envelope,SRC_VB_SYNTHETIC,,True,0.0,,v0.1,False
LOC_2E504E87ED46,shop,Shri Balaji Hardware,श्री बालाजी हार्डवेयर,Punjab,PB,Nawanshahr,VB-PB-NAWANSHAHR,,,Alipur Khera (4),,,31.206631,75.966028,synthetic_envelope,SRC_VB_SYNTHETIC,,True,0.0,,v0.1,False
LOC_64332C66D7B6,shop,Gupta Steel & TMT,गुप्ता स्टील एंड टीएमटी,Uttar Pradesh,UP,Amroha,VB-UP-AMROHA,,,Kishanpur Majra (4),,,28.924524,78.336927,synthetic_envelope,SRC_VB_SYNTHETIC,,True,0.0,,v0.1,False
LOC_F4C4DEE82320,shop,Sharma Electricals,शर्मा इलेक्ट्रिकल्स,Uttar Pradesh,UP,Meerut,VB-UP-MEERUT,,,Alipur Majra,,,28.976919,77.874123,synthetic_envelope,SRC_VB_SYNTHETIC,,True,0.0,,v0.1,True
LOC_F941B2552667,shop,Shanti Building Materials,शांति बिल्डिंग मटेरियल,Haryana,HR,Karnal,VB-HR-KARNAL,,,Ladwa Khera (11),,,29.475786,77.039476,synthetic_envelope,SRC_VB_SYNTHETIC,,True,0.0,,v0.1,True
LOC_B282D32F5E0D,shop,Jai Bharat Pipes & Fittings,जय भारत पाइप एंड फिटिंग्स,Punjab,PB,Bathinda,VB-PB-BATHINDA,,,Bhagwanpur Khera (19),,,30.196874,74.831438,synthetic_envelope,SRC_VB_SYNTHETIC,,True,0.0,,v0.1,False
LOC_E3FBD832F925,shop,Ambey Steel & TMT,अंबे स्टील एंड टीएमटी,Delhi,DL,North West Delhi,VB-DL-NORTH-WEST-D,,,Ladwa,,,28.797769,76.979458,synthetic_envelope,SRC_VB_SYNTHETIC,,True,0.0,,v0.1,True
LOC_635A1522FCFB,shop,Bansal Hardware,बंसल हार्डवेयर,Punjab,PB,Nawanshahr,VB-PB-NAWANSHAHR,,,Alipur Majra (23),,,30.970079,76.215033,synthetic_envelope,SRC_VB_SYNTHETIC,,True,0.0,,v0.1,False
LOC_9CDA773CAE11,shop,Hind Tiles,हिन्द टाइल्स,Punjab,PB,Kapurthala,VB-PB-KAPURTHALA,,,Basantpur Khurd (9),,,31.216221,75.509442,synthetic_envelope,SRC_VB_SYNTHETIC,,True,0.0,,v0.1,False
LOC_17C8BBABFB17,shop,Sharma Building Materials,शर्मा बिल्डिंग मटेरियल,Uttar Pradesh,UP,Bareilly,VB-UP-BAREILLY,,,Harjipur Khurd (3),,,28.208074,79.482855,synthetic_envelope,SRC_VB_SYNTHETIC,,True,0.0,,v0.1,False
LOC_2EFCD3BD97AE,shop,New Kisan Hardware,न्यू किसान हार्डवेयर,Uttar Pradesh,UP,Saharanpur,VB-UP-SAHARANPUR,,,Shahpur Khurd,,,29.867532,77.769959,synthetic_envelope,SRC_VB_SYNTHETIC,,True,0.0,,v0.1,False
LOC_CC47C9F8CF81,shop,Hind Steel & TMT,हिन्द स्टील एंड टीएमटी,Uttar Pradesh,UP,Meerut,VB-UP-MEERUT,,,Umarpur Majra,,,28.746862,77.747963,synthetic_envelope,SRC_VB_SYNTHETIC,,True,0.0,,v0.1,True
LOC_394BF9C97F7A,shop,New Kisan Bricks & Blocks,न्यू किसान ईंट भंडार,Haryana,HR,Jhajjar,VB-HR-JHAJJAR,,,Basantpur,,,28.554638,76.853085,synthetic_envelope,SRC_VB_SYNTHETIC,,True,0.0,,v0.1,True
LOC_36C4551045FF,shop,Gupta Cement Store,गुप्ता सीमेंट स्टोर,Haryana,HR,Bhiwani,VB-HR-BHIWANI,,,Nangla Khera,,,28.859607,75.852949,synthetic_envelope,SRC_VB_SYNTHETIC,,True,0.0,,v0.1,True
LOC_314A8E665468,shop,Sharma Cement Store,शर्मा सीमेंट स्टोर,Punjab,PB,Fatehgarh Sahib,VB-PB-FATEHGARH-SA,,,Alipur (20),,,30.65773,76.279713,synthetic_envelope,SRC_VB_SYNTHETIC,,True,0.0,,v0.1,False
LOC_DE1378B65106,shop,Gupta Tiles,गुप्ता टाइल्स,Punjab,PB,Sangrur,VB-PB-SANGRUR,,,Basantpur Khurd (30),,,30.417138,75.587425,synthetic_envelope,SRC_VB_SYNTHETIC,,True,0.0,,v0.1,False
LOC_32FD7069867D,shop,Gupta Hardware,गुप्ता हार्डवेयर,Punjab,PB,Amritsar,VB-PB-AMRITSAR,,,Alipur Khera,,,31.58804,74.87895,synthetic_envelope,SRC_VB_SYNTHETIC,,True,0.0,,v0.1,False
LOC_3DECA6E7CFC8,shop,Yadav Sanitaryware,यादव सैनिटरीवेयर,Punjab,PB,Patiala,VB-PB-PATIALA,,,Bahadurpur Khurd (21),,,30.517432,76.400302,synthetic_envelope,SRC_VB_SYNTHETIC,,True,0.0,,v0.1,False
LOC_CE64D949401B,shop,Ganpati Cement Store,गणपति सीमेंट स्टोर,Haryana,HR,Charkhi Dadri,VB-HR-CHARKHI-DADR,,,Sikandarpur,,,28.575239,76.373785,synthetic_envelope,SRC_VB_SYNTHETIC,,True,0.0,,v0.1,True
LOC_CCD900FEC857,shop,Deep Pipes & Fittings,दीप पाइप एंड फिटिंग्स,Uttar Pradesh,UP,Bareilly,VB-UP-BAREILLY,,,Gopalpur Nagar (23),,,28.478374,79.502204,synthetic_envelope,SRC_VB_SYNTHETIC,,True,0.0,,v0.1,False
LOC_6B2D4B612A1C,shop,Deep Electricals,दीप इलेक्ट्रिकल्स,Haryana,HR,Rohtak,VB-HR-ROHTAK,,,Sikandarpur Khurd,,,28.819696,76.41418,synthetic_envelope,SRC_VB_SYNTHETIC,,True,0.0,,v0.1,True
LOC_5D65EB3DD06D,shop,Bansal Cement Store,बंसल सीमेंट स्टोर,Punjab,PB,Ferozepur,VB-PB-FEROZEPUR,,,Rasulpur Kalan (33),,,30.743957,74.596838,synthetic_envelope,SRC_VB_SYNTHETIC,,True,0.0,,v0.1,False
LOC_D50D1B76243F,shop,Krishna Steel & TMT,कृष्णा स्टील एंड टीएमटी,Haryana,HR,Rohtak,VB-HR-ROHTAK,,,Jhinjhana Nagar,,,28.885028,76.673002,synthetic_envelope,SRC_VB_SYNTHETIC,,True,0.0,,v0.1,True
LOC_F29F20A20145,shop,Singh Paints,सिंह पेंट्स,Punjab,PB,Bathinda,VB-PB-BATHINDA,,,Manakpur Khurd (3),,,30.046372,74.720847,synthetic_envelope,SRC_VB_SYNTHETIC,,True,0.0,,v0.1,False
LOC_D84DEF279BD2,shop,Deep Cement Store,दीप सीमेंट स्टोर,Uttar Pradesh,UP,Gautam Buddha Nagar,VB-UP-GAUTAM-BUDDH,,,Manakpur Khera,,,28.686055,77.375186,synthetic_envelope,SRC_VB_SYNTHETIC,,True,0.0,,v0.1,True
LOC_F1A1D9A0138C,shop,Hind Tiles,हिन्द टाइल्स,Punjab,PB,Pathankot,VB-PB-PATHANKOT,,,Jamalpur Khurd,,,32.402268,75.744322,synthetic_envelope,SRC_VB_SYNTHETIC,,True,0.0,,v0.1,False
LOC_9431CE46C581,shop,National Tiles,नेशनल टाइल्स,Uttar Pradesh,UP,Sambhal,VB-UP-SAMBHAL,,,Jhinjhana Nagar (19),,,28.687739,78.599129,synthetic_envelope,SRC_VB_SYNTHETIC,,True,0.0,,v0.1,False
LOC_8C68FE003A4A,shop,Shanti Cement Store,शांति सीमेंट स्टोर,Haryana,HR,Hisar,VB-HR-HISAR,,,Rasulpur Khera (11),,,29.168298,76.056909,synthetic_envelope,SRC_VB_SYNTHETIC,,True,0.0,,v0.1,False
LOC_B385D03D7A96,shop,Jai Bharat Steel & TMT,जय भारत स्टील एंड टीएमटी,Haryana,HR,Ambala,VB-HR-AMBALA,,,Umarpur Majra,,,30.258932,76.808718,synthetic_envelope,SRC_VB_SYNTHETIC,,True,0.0,,v0.1,False
LOC_74584CA341E8,shop,Guru Nanak Cement Store,गुरु नानक सीमेंट स्टोर,Uttar Pradesh,UP,Lucknow,VB-UP-LUCKNOW,,,Sultanpur,,,26.920013,80.796113,synthetic_envelope,SRC_VB_SYNTHETIC,,True,0.0,,v0.1,False
LOC_FD02420D8EC0,shop,Gupta Paints,गुप्ता पेंट्स,Uttar Pradesh,UP,Mainpuri,VB-UP-MAINPURI,,,Sikandarpur Majra (18),,,27.272536,79.226051,synthetic_envelope,SRC_VB_SYNTHETIC,,True,0.0,,v0.1,False
LOC_37BBFBE85512,shop,Ambey Building Materials,अंबे बिल्डिंग मटेरियल,Haryana,HR,Karnal,VB-HR-KARNAL,,,Bhojpur Nagar (4),,,29.514555,77.062799,synthetic_envelope,SRC_VB_SYNTHETIC,,True,0.0,,v0.1,True
LOC_EDB1F947A5D3,shop,New Kisan Bricks & Blocks,न्यू किसान ईंट भंडार,Punjab,PB,Bathinda,VB-PB-BATHINDA,,,Salempur Kalan (16),,,30.433143,74.987179,synthetic_envelope,SRC_VB_SYNTHETIC,,True,0.0,,v0.1,False
LOC_7D3BE4B9CCF9,shop,Shri Balaji Pipes & Fittings,श्री बालाजी पाइप एंड फिटिंग्स,Uttar Pradesh,UP,Hathras,VB-UP-HATHRAS,,,Naurangpur Khurd (32),,,27.49569,78.202988,synthetic_envelope,SRC_VB_SYNTHETIC,,True,0.0,,v0.1,False
LOC_D00058B00E5A,shop,Deep Building Materials,दीप बिल्डिंग मटेरियल,Haryana,HR,Panipat,VB-HR-PANIPAT,,,Naurangpur Khera,,,29.332844,77.106104,synthetic_envelope,SRC_VB_SYNTHETIC,,True,0.0,,v0.1,True
LOC_DE789EAE6CCC,shop,Ganpati Bricks & Blocks,गणपति ईंट भंडार,Uttar Pradesh,UP,Pilibhit,VB-UP-PILIBHIT,,,Shahpur (2),,,28.862784,79.61175,synthetic_envelope,SRC_VB_SYNTHETIC,,True,0.0,,v0.1,False
LOC_13852EDEE839,shop,Sharma Electricals,शर्मा इलेक्ट्रिकल्स,Haryana,HR,Jhajjar,VB-HR-JHAJJAR,,,Rampur,,,28.540321,76.699609,synthetic_envelope,SRC_VB_SYNTHETIC,,True,0.0,,v0.1,True
LOC_8C32592574F4,shop,Yadav Building Materials,यादव बिल्डिंग मटेरियल,Uttar Pradesh,UP,Etawah,VB-UP-ETAWAH,,,Rasulpur (23),,,26.822803,78.827763,synthetic_envelope,SRC_VB_SYNTHETIC,,True,0.0,,v0.1,False
LOC_5CE325C64DA5,shop,National Pipes & Fittings,नेशनल पाइप एंड फिटिंग्स,Uttar Pradesh,UP,Moradabad,VB-UP-MORADABAD,,,Mubarikpur Majra,,,28.819466,78.631401,synthetic_envelope,SRC_VB_SYNTHETIC,,True,0.0,,v0.1,False
LOC_181D2C2CDB98,shop,Sharma Paints,शर्मा पेंट्स,Uttar Pradesh,UP,Moradabad,VB-UP-MORADABAD,,,Todarpur Nagar,,,28.798396,78.774752,synthetic_envelope,SRC_VB_SYNTHETIC,,True,0.0,,v0.1,False
LOC_7976D0F01051,shop,Guru Nanak Cement Store,गुरु नानक सीमेंट स्टोर,Uttar Pradesh,UP,Bijnor,VB-UP-BIJNOR,,,Jhinjhana Majra (10),,,29.239464,78.207611,synthetic_envelope,SRC_VB_SYNTHETIC,,True,0.0,,v0.1,False
LOC_4985873C4DC4,shop,Guru Nanak Hardware,गुरु नानक हार्डवेयर,Punjab,PB,Patiala,VB-PB-PATIALA,,,Todarpur Nagar (10),,,30.141705,76.469041,synthetic_envelope,SRC_VB_SYNTHETIC,,True,0.0,,v0.1,False
LOC_5289EE0402BE,shop,Singh Electricals,सिंह इलेक्ट्रिकल्स,Uttar Pradesh,UP,Mainpuri,VB-UP-MAINPURI,,,Alipur Khera (33),,,27.040021,78.971395,synthetic_envelope,SRC_VB_SYNTHETIC,,True,0.0,,v0.1,False
LOC_8BA9CA8AEE4B,shop,Ambey Electricals,अंबे इलेक्ट्रिकल्स,Haryana,HR,Mahendragarh,VB-HR-MAHENDRAGARH,,,Harjipur Majra,,,28.256363,75.993009,synthetic_envelope,SRC_VB_SYNTHETIC,,True,0.0,,v0.1,True
LOC_58E7F384B092,shop,National Building Materials,नेशनल बिल्डिंग मटेरियल,Punjab,PB,Mansa,VB-PB-MANSA,,,Kishanpur Majra (7),,,29.863872,75.307141,synthetic_envelope,SRC_VB_SYNTHETIC,,True,0.0,,v0.1,False
LOC_805AD836CD43,shop,Deep Tiles,दीप टाइल्स,Uttar Pradesh,UP,Gorakhpur,VB-UP-GORAKHPUR,,,Bhagwanpur Kalan,,,26.855817,83.261937,synthetic_envelope,SRC_VB_SYNTHETIC,,True,0.0,,v0.1,False
LOC_55D5F7E61B43,shop,Shri Balaji Paints,श्री बालाजी पेंट्स,Haryana,HR,Bhiwani,VB-HR-BHIWANI,,,Bahadurpur Majra,,,28.829308,76.359063,synthetic_envelope,SRC_VB_SYNTHETIC,,True,0.0,,v0.1,True
LOC_5E56AB1D7DA1,shop,Hind Pipes & Fittings,हिन्द पाइप एंड फिटिंग्स,Uttar Pradesh,UP,Bulandshahr,VB-UP-BULANDSHAHR,,,Devipur Khurd (8),,,28.459631,77.88742,synthetic_envelope,SRC_VB_SYNTHETIC,,True,0.0,,v0.1,True
LOC_615671A13C8E,shop,National Hardware,नेशनल हार्डवेयर,Haryana,HR,Ambala,VB-HR-AMBALA,,,Gopalpur Khurd,,,30.506885,76.929151,synthetic_envelope,SRC_VB_SYNTHETIC,,True,0.0,,v0.1,False
LOC_9DFA6BA1917E,shop,Hind Electricals,हिन्द इलेक्ट्रिकल्स,Punjab,PB,Mansa,VB-PB-MANSA,,,Chandpur Nagar (32),,,30.051773,75.324529,synthetic_envelope,SRC_VB_SYNTHETIC,,True,0.0,,v0.1,False
LOC_14B216CC7F4A,shop,Hind Hardware,हिन्द हार्डवेयर,Punjab,PB,Amritsar,VB-PB-AMRITSAR,,,Bhojpur Nagar,,,31.664784,74.90671,synthetic_envelope,SRC_VB_SYNTHETIC,,True,0.0,,v0.1,False
LOC_B64BA2B3228D,shop,Deep Steel & TMT,दीप स्टील एंड टीएमटी,Haryana,HR,Sirsa,VB-HR-SIRSA,,,Harjipur Majra (14),,,29.808712,74.886772,synthetic_envelope,SRC_VB_SYNTHETIC,,True,0.0,,v0.1,False
LOC_783E5CB6F6CD,shop,Gupta Tiles,गुप्ता टाइल्स,Haryana,HR,Yamunanagar,VB-HR-YAMUNANAGAR,,,Kishanpur Khera,,,30.227024,77.168636,synthetic_envelope,SRC_VB_SYNTHETIC,,True,0.0,,v0.1,False
LOC_4C94D47C55EF,shop,Hind Bricks & Blocks,हिन्द ईंट भंडार,Punjab,PB,Muktsar,VB-PB-MUKTSAR,,,Gopalpur Kalan (7),,,30.238676,74.461596,synthetic_envelope,SRC_VB_SYNTHETIC,,True,0.0,,v0.1,False
LOC_FC2502DCF170,shop,Shanti Pipes & Fittings,शांति पाइप एंड फिटिंग्स,Uttar Pradesh,UP,Mainpuri,VB-UP-MAINPURI,,,Dhanaura Khera (14),,,27.252505,79.267971,synthetic_envelope,SRC_VB_SYNTHETIC,,True,0.0,,v0.1,False
LOC_792B0B06D1F0,shop,Guru Nanak Hardware,गुरु नानक हार्डवेयर,Uttar Pradesh,UP,Mathura,VB-UP-MATHURA,,,Ladwa,,,27.386321,77.669393,synthetic_envelope,SRC_VB_SYNTHETIC,,True,0.0,,v0.1,False
LOC_FDED8319F805,shop,New Kisan Building Materials,न्यू किसान बिल्डिंग मटेरियल,Uttar Pradesh,UP,Mathura,VB-UP-MATHURA,,,Harjipur Khera,,,27.533519,77.533521,synthetic_envelope,SRC_VB_SYNTHETIC,,True,0.0,,v0.1,False
LOC_54986F4090E5,shop,Jai Bharat Roofing,जय भारत रूफिंग,Haryana,HR,Hisar,VB-HR-HISAR,,,Mubarikpur (26),,,28.875489,75.627265,synthetic_envelope,SRC_VB_SYNTHETIC,,True,0.0,,v0.1,False
LOC_12B905837E55,shop,Jai Bharat Steel & TMT,जय भारत स्टील एंड टीएमटी,Uttar Pradesh,UP,Agra,VB-UP-AGRA,,,Fatehpur Khera,,,27.205508,77.871958,synthetic_envelope,SRC_VB_SYNTHETIC,,True,0.0,,v0.1,False
LOC_B8109A7DBB69,shop,Maa Durga Sanitaryware,माँ दुर्गा सैनिटरीवेयर,Haryana,HR,Kurukshetra,VB-HR-KURUKSHETRA,,,Jamalpur (12),,,29.943821,76.700281,synthetic_envelope,SRC_VB_SYNTHETIC,,True,0.0,,v0.1,False
LOC_4135BA3A0D6D,shop,Ganpati Building Materials,गणपति बिल्डिंग मटेरियल,Uttar Pradesh,UP,Hathras,VB-UP-HATHRAS,,,Rampur Khurd (23),,,27.468144,78.172701,synthetic_envelope,SRC_VB_SYNTHETIC,,True,0.0,,v0.1,False
LOC_929FBD353730,shop,Maa Durga Electricals,माँ दुर्गा इलेक्ट्रिकल्स,Uttar Pradesh,UP,Barabanki,VB-UP-BARABANKI,,,Ladwa Khera (8),,,26.720525,81.400361,synthetic_envelope,SRC_VB_SYNTHETIC,,True,0.0,,v0.1,False
LOC_28CEEFD14DAD,shop,Krishna Cement Store,कृष्णा सीमेंट स्टोर,Punjab,PB,Patiala,VB-PB-PATIALA,,,Salempur Khurd (18),,,30.12108,76.400206,synthetic_envelope,SRC_VB_SYNTHETIC,,True,0.0,,v0.1,False
LOC_91622B963229,shop,Krishna Hardware,कृष्णा हार्डवेयर,Uttar Pradesh,UP,Rampur,VB-UP-RAMPUR,,,Dhanaura Nagar (2),,,28.649581,78.958927,synthetic_envelope,SRC_VB_SYNTHETIC,,True,0.0,,v0.1,False
LOC_5C144B635654,shop,Ambey Steel & TMT,अंबे स्टील एंड टीएमटी,Punjab,PB,Gurdaspur,VB-PB-GURDASPUR,,,Todarpur Majra,,,32.01517,75.38615,synthetic_envelope,SRC_VB_SYNTHETIC,,True,0.0,,v0.1,False
LOC_9498876F1587,shop,Singh Bricks & Blocks,सिंह ईंट भंडार,Haryana,HR,Karnal,VB-HR-KARNAL,,,Nathupur Khera (14),,,29.457155,77.093476,synthetic_envelope,SRC_VB_SYNTHETIC,,True,0.0,,v0.1,True
LOC_0F4A165C7D15,shop,Guru Nanak Cement Store,गुरु नानक सीमेंट स्टोर,Uttar Pradesh,UP,Barabanki,VB-UP-BARABANKI,,,Manakpur Khurd (27),,,26.992234,81.106949,synthetic_envelope,SRC_VB_SYNTHETIC,,True,0.0,,v0.1,False
LOC_37F2942097CE,shop,Deep Paints,दीप पेंट्स,Uttar Pradesh,UP,Hardoi,VB-UP-HARDOI,,,Bhagwanpur Kalan (11),,,27.144694,80.004392,synthetic_envelope,SRC_VB_SYNTHETIC,,True,0.0,,v0.1,False
LOC_3AA37D8CEDA4,shop,Ambey Bricks & Blocks,अंबे ईंट भंडार,Punjab,PB,Bathinda,VB-PB-BATHINDA,,,Manakpur Khurd (3),,,30.034388,74.715466,synthetic_envelope,SRC_VB_SYNTHETIC,,True,0.0,,v0.1,False
LOC_18D12051261E,shop,Krishna Electricals,कृष्णा इलेक्ट्रिकल्स,Uttar Pradesh,UP,Hapur,VB-UP-HAPUR,,,Kishanpur Khurd (11),,,28.631472,77.924199,synthetic_envelope,SRC_VB_SYNTHETIC,,True,0.0,,v0.1,True
LOC_C175F9760FCC,shop,Sharma Hardware,शर्मा हार्डवेयर,Uttar Pradesh,UP,Firozabad,VB-UP-FIROZABAD,,,Basantpur Majra,,,27.18715,78.42192,synthetic_envelope,SRC_VB_SYNTHETIC,,True,0.0,,v0.1,False
LOC_2E40923FB8FC,shop,Bansal Cement Store,बंसल सीमेंट स्टोर,Haryana,HR,Panipat,VB-HR-PANIPAT,,,Basantpur Majra,,,29.382989,77.1128,synthetic_envelope,SRC_VB_SYNTHETIC,,True,0.0,,v0.1,True
LOC_500E6891807A,shop,Deep Hardware,दीप हार्डवेयर,Uttar Pradesh,UP,Hathras,VB-UP-HATHRAS,,,Alipur Nagar (4),,,27.503021,78.1514,synthetic_envelope,SRC_VB_SYNTHETIC,,True,0.0,,v0.1,False
LOC_1124507692E7,shop,National Building Materials,नेशनल बिल्डिंग मटेरियल,Haryana,HR,Karnal,VB-HR-KARNAL,,,Chandpur (7),,,29.79496,77.083455,synthetic_envelope,SRC_VB_SYNTHETIC,,True,0.0,,v0.1,True
LOC_27FF5D7D879C,shop,Ganpati Paints,गणपति पेंट्स,Delhi,DL,North East Delhi,VB-DL-NORTH-EAST-D,,,Jhinjhana Kalan,,,28.730225,77.319799,synthetic_envelope,SRC_VB_SYNTHETIC,,True,0.0,,v0.1,True
LOC_6AA0A3603F26,shop,Bansal Paints,बंसल पेंट्स,Uttar Pradesh,UP,Unnao,VB-UP-UNNAO,,,Rampur Khurd (30),,,26.381701,80.661186,synthetic_envelope,SRC_VB_SYNTHETIC,,True,0.0,,v0.1,False
LOC_5F91358376B7,shop,Hind Building Materials,हिन्द बिल्डिंग मटेरियल,Punjab,PB,Sangrur,VB-PB-SANGRUR,,,Harjipur Khera (12),,,30.320068,75.524251,synthetic_envelope,SRC_VB_SYNTHETIC,,True,0.0,,v0.1,False
LOC_4F148763CB49,shop,Shri Balaji Pipes & Fittings,श्री बालाजी पाइप एंड फिटिंग्स,Uttar Pradesh,UP,Prayagraj,VB-UP-PRAYAGRAJ,,,Kheri Nagar,,,25.403453,81.836126,synthetic_envelope,SRC_VB_SYNTHETIC,,True,0.0,,v0.1,False
LOC_4831E844B2E4,shop,Krishna Cement Store,कृष्णा सीमेंट स्टोर,Haryana,HR,Rohtak,VB-HR-ROHTAK,,,Devipur Majra,,,28.894404,76.686555,synthetic_envelope,SRC_VB_SYNTHETIC,,True,0.0,,v0.1,True
LOC_7ED1541E373D,shop,Ambey Bricks & Blocks,अंबे ईंट भंडार,Uttar Pradesh,UP,Meerut,VB-UP-MEERUT,,,Devipur Majra,,,28.746699,77.79247,synthetic_envelope,SRC_VB_SYNTHETIC,,True,0.0,,v0.1,True
LOC_C833BC45EC2E,shop,Hind Steel & TMT,हिन्द स्टील एंड टीएमटी,Punjab,PB,Tarn Taran,VB-PB-TARN-TARAN,,,Basantpur Nagar (8),,,31.530111,75.117843,synthetic_envelope,SRC_VB_SYNTHETIC,,True,0.0,,v0.1,False
LOC_871C1748D754,shop,Ganpati Bricks & Blocks,गणपति ईंट भंडार,Punjab,PB,Kapurthala,VB-PB-KAPURTHALA,,,Rasulpur Khera (21),,,31.237952,75.527932,synthetic_envelope,SRC_VB_SYNTHETIC,,True,0.0,,v0.1,False
LOC_9D86C58A9E60,shop,Bansal Hardware,बंसल हार्डवेयर,Punjab,PB,Barnala,VB-PB-BARNALA,,,Fatehpur Majra (4),,,30.439734,75.58712,synthetic_envelope,SRC_VB_SYNTHETIC,,True,0.0,,v0.1,False
LOC_A69DE2DA38FB,shop,Gupta Hardware,गुप्ता हार्डवेयर,Uttar Pradesh,UP,Firozabad,VB-UP-FIROZABAD,,,Rampur Kalan,,,27.067516,78.318871,synthetic_envelope,SRC_VB_SYNTHETIC,,True,0.0,,v0.1,False
LOC_50F4044B9018,shop,Krishna Building Materials,कृष्णा बिल्डिंग मटेरियल,Punjab,PB,Hoshiarpur,VB-PB-HOSHIARPUR,,,Umarpur Kalan,,,31.480539,75.892302,synthetic_envelope,SRC_VB_SYNTHETIC,,True,0.0,,v0.1,False
LOC_342DDA203A66,shop,Guru Nanak Hardware,गुरु नानक हार्डवेयर,Punjab,PB,Muktsar,VB-PB-MUKTSAR,,,Dhanaura (32),,,30.251928,74.438622,synthetic_envelope,SRC_VB_SYNTHETIC,,True,0.0,,v0.1,False
LOC_601D2C506F06,shop,Yadav Building Materials,यादव बिल्डिंग मटेरियल,Uttar Pradesh,UP,Sitapur,VB-UP-SITAPUR,,,Barwala Nagar (13),,,27.302755,80.703378,synthetic_envelope,SRC_VB_SYNTHETIC,,True,0.0,,v0.1,False
LOC_D491B500BFD5,shop,Shri Balaji Steel & TMT,श्री बालाजी स्टील एंड टीएमटी,Uttar Pradesh,UP,Aligarh,VB-UP-ALIGARH,,,Bahadurpur Nagar (29),,,28.052335,78.213477,synthetic_envelope,SRC_VB_SYNTHETIC,,True,0.0,,v0.1,False
LOC_9B390EF3B835,shop,National Building Materials,नेशनल बिल्डिंग मटेरियल,Punjab,PB,Tarn Taran,VB-PB-TARN-TARAN,,,Dhanaura Kalan (24),,,31.519742,75.155589,synthetic_envelope,SRC_VB_SYNTHETIC,,True,0.0,,v0.1,False
LOC_43ABA0D92AC9,shop,Bansal Roofing,बंसल रूफिंग,Uttar Pradesh,UP,Pilibhit,VB-UP-PILIBHIT,,,Salempur Khera (21),,,28.690753,79.705162,synthetic_envelope,SRC_VB_SYNTHETIC,,True,0.0,,v0.1,False
LOC_EB01F695F6B4,shop,Verma Building Materials,वर्मा बिल्डिंग मटेरियल,Uttar Pradesh,UP,Muzaffarnagar,VB-UP-MUZAFFARNAGA,,,Ladwa Majra (25),,,29.611254,77.725484,synthetic_envelope,SRC_VB_SYNTHETIC,,True,0.0,,v0.1,True
LOC_B9619A210766,shop,Hind Electricals,हिन्द इलेक्ट्रिकल्स,Haryana,HR,Sirsa,VB-HR-SIRSA,,,Bahadurpur Khera (15),,,29.628087,74.936004,synthetic_envelope,SRC_VB_SYNTHETIC,,True,0.0,,v0.1,False
LOC_67C87C4F88CD,shop,Singh Cement Store,सिंह सीमेंट स्टोर,Delhi,DL,North West Delhi,VB-DL-NORTH-WEST-D,,,Gopalpur Khera,,,28.842069,76.962795,synthetic_envelope,SRC_VB_SYNTHETIC,,True,0.0,,v0.1,True
LOC_A89F5BB99034,shop,Ambey Building Materials,अंबे बिल्डिंग मटेरियल,Uttar Pradesh,UP,Shamli,VB-UP-SHAMLI,,,Rampur Khurd (13),,,29.394292,77.395044,synthetic_envelope,SRC_VB_SYNTHETIC,,True,0.0,,v0.1,True
LOC_CC8DAD7436E1,shop,Ambey Electricals,अंबे इलेक्ट्रिकल्स,Punjab,PB,Malerkotla,VB-PB-MALERKOTLA,,,Basantpur Khera (6),,,30.473539,76.017345,synthetic_envelope,SRC_VB_SYNTHETIC,,True,0.0,,v0.1,False
LOC_86359DB229FC,shop,Shri Balaji Hardware,श्री बालाजी हार्डवेयर,Uttar Pradesh,UP,Saharanpur,VB-UP-SAHARANPUR,,,Ladwa Khurd,,,29.851507,77.75072,synthetic_envelope,SRC_VB_SYNTHETIC,,True,0.0,,v0.1,False
LOC_1BCE1D5032CF,shop,Sharma Electricals,शर्मा इलेक्ट्रिकल्स,Uttar Pradesh,UP,Mathura,VB-UP-MATHURA,,,Naurangpur Majra,,,27.499491,77.598815,synthetic_envelope,SRC_VB_SYNTHETIC,,True,0.0,,v0.1,False
LOC_CBEE22616EB2,shop,Shanti Hardware,शांति हार्डवेयर,Haryana,HR,Rohtak,VB-HR-ROHTAK,,,Jhinjhana Khurd,,,28.674712,76.677701,synthetic_envelope,SRC_VB_SYNTHETIC,,True,0.0,,v0.1,True
LOC_84937D91D6E9,shop,Hind Paints,हिन्द पेंट्स,Uttar Pradesh,UP,Hardoi,VB-UP-HARDOI,,,Nathupur Nagar (29),,,27.357137,80.232802,synthetic_envelope,SRC_VB_SYNTHETIC,,True,0.0,,v0.1,False
LOC_58306B330DE5,shop,Deep Hardware,दीप हार्डवेयर,Uttar Pradesh,UP,Kanpur Dehat,VB-UP-KANPUR-DEHAT,,,Kheri Khurd (16),,,26.458226,79.907835,synthetic_envelope,SRC_VB_SYNTHETIC,,True,0.0,,v0.1,False
LOC_D8F4AD7D31EF,shop,Ganpati Sanitaryware,गणपति सैनिटरीवेयर,Punjab,PB,Moga,VB-PB-MOGA,,,Salempur (7),,,30.654313,75.019648,synthetic_envelope,SRC_VB_SYNTHETIC,,True,0.0,,v0.1,False
LOC_170127EDB10E,shop,Ganpati Tiles,गणपति टाइल्स,Haryana,HR,Faridabad,VB-HR-FARIDABAD,,,Kishanpur Nagar,,,28.366663,77.412842,synthetic_envelope,SRC_VB_SYNTHETIC,,True,0.0,,v0.1,True
LOC_150E8F686E08,shop,National Roofing,नेशनल रूफिंग,Punjab,PB,Rupnagar,VB-PB-RUPNAGAR,,,Nangla Nagar,,,31.080965,76.309341,synthetic_envelope,SRC_VB_SYNTHETIC,,True,0.0,,v0.1,False
LOC_60DDF125CBA3,shop,Maa Durga Pipes & Fittings,माँ दुर्गा पाइप एंड फिटिंग्स,Uttar Pradesh,UP,Gorakhpur,VB-UP-GORAKHPUR,,,Chandpur,,,26.855818,83.318081,synthetic_envelope,SRC_VB_SYNTHETIC,,True,0.0,,v0.1,False
LOC_25BA9BF71B34,shop,Singh Steel & TMT,सिंह स्टील एंड टीएमटी,Haryana,HR,Karnal,VB-HR-KARNAL,,,Bhagwanpur Nagar (3),,,29.774184,77.189723,synthetic_envelope,SRC_VB_SYNTHETIC,,True,0.0,,v0.1,True
LOC_BAB073436498,shop,Krishna Pipes & Fittings,कृष्णा पाइप एंड फिटिंग्स,Haryana,HR,Panipat,VB-HR-PANIPAT,,,Salempur Majra,,,29.344305,77.083034,synthetic_envelope,SRC_VB_SYNTHETIC,,True,0.0,,v0.1,True
LOC_AF3E3722388E,shop,Ambey Bricks & Blocks,अंबे ईंट भंडार,Punjab,PB,Ludhiana,VB-PB-LUDHIANA,,,Sikandarpur Khera (28),,,31.133033,75.789522,synthetic_envelope,SRC_VB_SYNTHETIC,,True,0.0,,v0.1,False
LOC_E20470A1FBBE,shop,Krishna Bricks & Blocks,कृष्णा ईंट भंडार,Punjab,PB,Rupnagar,VB-PB-RUPNAGAR,,,Harjipur Kalan,,,30.990848,76.419753,synthetic_envelope,SRC_VB_SYNTHETIC,,True,0.0,,v0.1,False
LOC_FDBB8D417F15,shop,Guru Nanak Building Materials,गुरु नानक बिल्डिंग मटेरियल,Haryana,HR,Charkhi Dadri,VB-HR-CHARKHI-DADR,,,Chandpur Nagar,,,28.507714,76.455566,synthetic_envelope,SRC_VB_SYNTHETIC,,True,0.0,,v0.1,True
LOC_6B0DD79A19AE,shop,Sharma Hardware,शर्मा हार्डवेयर,Uttar Pradesh,UP,Barabanki,VB-UP-BARABANKI,,,Fatehpur Khurd (7),,,27.078719,81.051824,synthetic_envelope,SRC_VB_SYNTHETIC,,True,0.0,,v0.1,False
LOC_CB2BE6D84B35,shop,Krishna Electricals,कृष्णा इलेक्ट्रिकल्स,Uttar Pradesh,UP,Rampur,VB-UP-RAMPUR,,,Salempur (20),,,28.691587,79.034033,synthetic_envelope,SRC_VB_SYNTHETIC,,True,0.0,,v0.1,False
LOC_8BA7765C2136,shop,Ambey Hardware,अंबे हार्डवेयर,Punjab,PB,Rupnagar,VB-PB-RUPNAGAR,,,Nathupur Majra,,,31.038754,76.349043,synthetic_envelope,SRC_VB_SYNTHETIC,,True,0.0,,v0.1,False
LOC_BF764BADF30C,shop,Ganpati Building Materials,गणपति बिल्डिंग मटेरियल,Punjab,PB,Fazilka,VB-PB-FAZILKA,,,Bahadurpur Khera (10),,,30.199976,73.983819,synthetic_envelope,SRC_VB_SYNTHETIC,,True,0.0,,v0.1,False
LOC_2C0610005408,shop,Sharma Building Materials,शर्मा बिल्डिंग मटेरियल,Uttar Pradesh,UP,Mathura,VB-UP-MATHURA,,,Sikandarpur Khera,,,27.469811,77.468222,synthetic_envelope,SRC_VB_SYNTHETIC,,True,0.0,,v0.1,False
LOC_CF9C3693060C,shop,New Kisan Cement Store,न्यू किसान सीमेंट स्टोर,Uttar Pradesh,UP,Ghaziabad,VB-UP-GHAZIABAD,,,Naurangpur Nagar,,,28.707452,77.470521,synthetic_envelope,SRC_VB_SYNTHETIC,,True,0.0,,v0.1,True
LOC_94D5B7973FF1,shop,Krishna Paints,कृष्णा पेंट्स,Uttar Pradesh,UP,Amroha,VB-UP-AMROHA,,,Basantpur Majra (16),,,29.009673,78.324721,synthetic_envelope,SRC_VB_SYNTHETIC,,True,0.0,,v0.1,False
LOC_3FCC0BAE4218,shop,Bansal Hardware,बंसल हार्डवेयर,Uttar Pradesh,UP,Rampur,VB-UP-RAMPUR,,,Dhanaura Nagar (2),,,28.634561,78.952613,synthetic_envelope,SRC_VB_SYNTHETIC,,True,0.0,,v0.1,False
LOC_AFC1482FEC5B,shop,Bansal Steel & TMT,बंसल स्टील एंड टीएमटी,Haryana,HR,Rewari,VB-HR-REWARI,,,Todarpur Majra,,,28.100553,76.651526,synthetic_envelope,SRC_VB_SYNTHETIC,,True,0.0,,v0.1,True
LOC_A730C6C75659,shop,Maa Durga Electricals,माँ दुर्गा इलेक्ट्रिकल्स,Haryana,HR,Bhiwani,VB-HR-BHIWANI,,,Nangla Khera,,,28.862843,75.856637,synthetic_envelope,SRC_VB_SYNTHETIC,,True,0.0,,v0.1,True
LOC_F0127AF3448A,shop,Verma Pipes & Fittings,वर्मा पाइप एंड फिटिंग्स,Punjab,PB,Bathinda,VB-PB-BATHINDA,,,Bhagwanpur Khera (19),,,30.190231,74.849047,synthetic_envelope,SRC_VB_SYNTHETIC,,True,0.0,,v0.1,False
LOC_DBE9D363C0B6,shop,Ambey Paints,अंबे पेंट्स,Punjab,PB,Moga,VB-PB-MOGA,,,Rasulpur (30),,,30.825679,75.029958,synthetic_envelope,SRC_VB_SYNTHETIC,,True,0.0,,v0.1,False
LOC_5250C66349E4,shop,Guru Nanak Building Materials,गुरु नानक बिल्डिंग मटेरियल,Haryana,HR,Sonipat,VB-HR-SONIPAT,,,Umarpur Nagar,,,28.917663,76.853784,synthetic_envelope,SRC_VB_SYNTHETIC,,True,0.0,,v0.1,True
LOC_1CA6E4871E58,shop,National Hardware,नेशनल हार्डवेयर,Delhi,DL,North Delhi,VB-DL-NORTH-DELHI,,,Gopalpur Kalan,,,28.788745,77.258708,synthetic_envelope,SRC_VB_SYNTHETIC,,True,0.0,,v0.1,True
LOC_B26520D0AFBB,shop,Singh Building Materials,सिंह बिल्डिंग मटेरियल,Punjab,PB,Amritsar,VB-PB-AMRITSAR,,,Devipur Majra,,,31.632326,75.178941,synthetic_envelope,SRC_VB_SYNTHETIC,,True,0.0,,v0.1,False
LOC_45A305D32894,shop,Deep Building Materials,दीप बिल्डिंग मटेरियल,Uttar Pradesh,UP,Gorakhpur,VB-UP-GORAKHPUR,,,Jamalpur Nagar,,,26.85038,83.523296,synthetic_envelope,SRC_VB_SYNTHETIC,,True,0.0,,v0.1,False
LOC_1B2061ADCD4A,shop,Krishna Cement Store,कृष्णा सीमेंट स्टोर,Uttar Pradesh,UP,Unnao,VB-UP-UNNAO,,,Shahpur Khurd (24),,,26.445265,80.619849,synthetic_envelope,SRC_VB_SYNTHETIC,,True,0.0,,v0.1,False
LOC_7755D98B9ABE,shop,New Kisan Building Materials,न्यू किसान बिल्डिंग मटेरियल,Punjab,PB,Mansa,VB-PB-MANSA,,,Kheri Majra (34),,,29.875211,75.300013,synthetic_envelope,SRC_VB_SYNTHETIC,,True,0.0,,v0.1,False
LOC_FB88F04F2520,shop,Deep Hardware,दीप हार्डवेयर,Haryana,HR,Kaithal,VB-HR-KAITHAL,,,Alipur Khurd (2),,,29.857802,76.298463,synthetic_envelope,SRC_VB_SYNTHETIC,,True,0.0,,v0.1,False
LOC_180F6C56633E,shop,Sharma Cement Store,शर्मा सीमेंट स्टोर,Haryana,HR,Jind,VB-HR-JIND,,,Kheri Majra (8),,,29.216081,76.552174,synthetic_envelope,SRC_VB_SYNTHETIC,,True,0.0,,v0.1,True
LOC_A0C7F465E65C,shop,Yadav Bricks & Blocks,यादव ईंट भंडार,Punjab,PB,Mansa,VB-PB-MANSA,,,Shahpur Khurd (15),,,29.986194,75.252798,synthetic_envelope,SRC_VB_SYNTHETIC,,True,0.0,,v0.1,False
LOC_1171D612EDDE,shop,Jai Bharat Building Materials,जय भारत बिल्डिंग मटेरियल,Uttar Pradesh,UP,Ghaziabad,VB-UP-GHAZIABAD,,,Alipur,,,28.707677,77.607893,synthetic_envelope,SRC_VB_SYNTHETIC,,True,0.0,,v0.1,True
LOC_1AE727A4FAF4,shop,Sharma Building Materials,शर्मा बिल्डिंग मटेरियल,Punjab,PB,Rupnagar,VB-PB-RUPNAGAR,,,Dhanaura Khurd,,,31.112335,76.555567,synthetic_envelope,SRC_VB_SYNTHETIC,,True,0.0,,v0.1,False
LOC_F3CC2D339E55,shop,Shanti Building Materials,शांति बिल्डिंग मटेरियल,Punjab,PB,Jalandhar,VB-PB-JALANDHAR,,,Bhagwanpur Nagar (25),,,31.280685,75.459495,synthetic_envelope,SRC_VB_SYNTHETIC,,True,0.0,,v0.1,False
LOC_B682E7E8FE36,shop,National Electricals,नेशनल इलेक्ट्रिकल्स,Haryana,HR,Panchkula,VB-HR-PANCHKULA,,,Nangla Nagar,,,30.692411,76.988834,synthetic_envelope,SRC_VB_SYNTHETIC,,True,0.0,,v0.1,False
LOC_E34E567A8DA5,shop,National Building Materials,नेशनल बिल्डिंग मटेरियल,Punjab,PB,Fazilka,VB-PB-FAZILKA,,,Basantpur Khera (11),,,30.27569,73.956024,synthetic_envelope,SRC_VB_SYNTHETIC,,True,0.0,,v0.1,False
LOC_B9EB6B106588,shop,Sharma Steel & TMT,शर्मा स्टील एंड टीएमटी,Punjab,PB,Moga,VB-PB-MOGA,,,Fatehpur Khurd (15),,,30.739081,75.375031,synthetic_envelope,SRC_VB_SYNTHETIC,,True,0.0,,v0.1,False
LOC_E4F85359113A,shop,Gupta Building Materials,गुप्ता बिल्डिंग मटेरियल,Uttar Pradesh,UP,Ghaziabad,VB-UP-GHAZIABAD,,,Jhinjhana Kalan,,,28.742856,77.559912,synthetic_envelope,SRC_VB_SYNTHETIC,,True,0.0,,v0.1,True
LOC_F5497618B083,shop,Krishna Hardware,कृष्णा हार्डवेयर,Haryana,HR,Rohtak,VB-HR-ROHTAK,,,Alipur Khera,,,28.829143,76.444232,synthetic_envelope,SRC_VB_SYNTHETIC,,True,0.0,,v0.1,True
LOC_0F8DD11A10E3,shop,Verma Electricals,वर्मा इलेक्ट्रिकल्स,Uttar Pradesh,UP,Bijnor,VB-UP-BIJNOR,,,Gopalpur Kalan (20),,,29.285803,78.02804,synthetic_envelope,SRC_VB_SYNTHETIC,,True,0.0,,v0.1,False
LOC_A8135AFB7DBD,shop,National Building Materials,नेशनल बिल्डिंग मटेरियल,Uttar Pradesh,UP,Pilibhit,VB-UP-PILIBHIT,,,Rasulpur Majra (13),,,28.606274,80.052802,synthetic_envelope,SRC_VB_SYNTHETIC,,True,0.0,,v0.1,False
LOC_643A0C757811,shop,Jai Bharat Paints,जय भारत पेंट्स,Punjab,PB,Mansa,VB-PB-MANSA,,,Shahpur Khurd (15),,,29.987607,75.241784,synthetic_envelope,SRC_VB_SYNTHETIC,,True,0.0,,v0.1,False
LOC_978435A84A1D,shop,Shanti Hardware,शांति हार्डवेयर,Haryana,HR,Hisar,VB-HR-HISAR,,,Manakpur Khera (31),,,28.905131,75.511594,synthetic_envelope,SRC_VB_SYNTHETIC,,True,0.0,,v0.1,False
LOC_45D25F57CF69,shop,Guru Nanak Electricals,गुरु नानक इलेक्ट्रिकल्स,Uttar Pradesh,UP,Etawah,VB-UP-ETAWAH,,,Rasulpur (23),,,26.8325,78.839233,synthetic_envelope,SRC_VB_SYNTHETIC,,True,0.0,,v0.1,False
LOC_EB4F974108FE,shop,Singh Cement Store,सिंह सीमेंट स्टोर,Punjab,PB,Fazilka,VB-PB-FAZILKA,,,Alipur Khurd (22),,,30.178351,73.990153,synthetic_envelope,SRC_VB_SYNTHETIC,,True,0.0,,v0.1,False
LOC_D3176B2F3B80,shop,Gupta Electricals,गुप्ता इलेक्ट्रिकल्स,Uttar Pradesh,UP,Sambhal,VB-UP-SAMBHAL,,,Barwala Nagar (15),,,28.357406,78.534073,synthetic_envelope,SRC_VB_SYNTHETIC,,True,0.0,,v0.1,False
LOC_4A83F083AA87,shop,Singh Building Materials,सिंह बिल्डिंग मटेरियल,Punjab,PB,Malerkotla,VB-PB-MALERKOTLA,,,Nathupur Khurd (10),,,30.570614,75.809104,synthetic_envelope,SRC_VB_SYNTHETIC,,True,0.0,,v0.1,False
LOC_0239CF87014D,shop,Maa Durga Building Materials,माँ दुर्गा बिल्डिंग मटेरियल,Haryana,HR,Hisar,VB-HR-HISAR,,,Barwala Nagar (3),,,29.299422,75.508216,synthetic_envelope,SRC_VB_SYNTHETIC,,True,0.0,,v0.1,False
LOC_443A147EB161,shop,Ganpati Building Materials,गणपति बिल्डिंग मटेरियल,Punjab,PB,Jalandhar,VB-PB-JALANDHAR,,,Basantpur Kalan (4),,,31.389793,75.575257,synthetic_envelope,SRC_VB_SYNTHETIC,,True,0.0,,v0.1,False
LOC_B6C3185ED5F6,shop,Deep Hardware,दीप हार्डवेयर,Uttar Pradesh,UP,Prayagraj,VB-UP-PRAYAGRAJ,,,Dhanaura,,,25.220355,81.654756,synthetic_envelope,SRC_VB_SYNTHETIC,,True,0.0,,v0.1,False
LOC_D8A66226E5A7,shop,Yadav Electricals,यादव इलेक्ट्रिकल्स,Uttar Pradesh,UP,Muzaffarnagar,VB-UP-MUZAFFARNAGA,,,Sultanpur Khurd (28),,,29.601603,77.644143,synthetic_envelope,SRC_VB_SYNTHETIC,,True,0.0,,v0.1,True
LOC_3ED15FAB9C32,shop,Shri Balaji Pipes & Fittings,श्री बालाजी पाइप एंड फिटिंग्स,Punjab,PB,Mansa,VB-PB-MANSA,,,Sikandarpur Khera (11),,,29.97207,75.253833,synthetic_envelope,SRC_VB_SYNTHETIC,,True,0.0,,v0.1,False
LOC_961B116EDCA4,shop,Hind Cement Store,हिन्द सीमेंट स्टोर,Haryana,HR,Kaithal,VB-HR-KAITHAL,,,Fatehpur Kalan (19),,,29.710191,76.481536,synthetic_envelope,SRC_VB_SYNTHETIC,,True,0.0,,v0.1,False
LOC_626F7CC8CA19,shop,Jai Bharat Hardware,जय भारत हार्डवेयर,Punjab,PB,SAS Nagar,VB-PB-SAS-NAGAR,,,Bahadurpur Kalan,,,30.885952,76.754571,synthetic_envelope,SRC_VB_SYNTHETIC,,True,0.0,,v0.1,False
LOC_518BF53ECE78,shop,Sharma Pipes & Fittings,शर्मा पाइप एंड फिटिंग्स,Uttar Pradesh,UP,Saharanpur,VB-UP-SAHARANPUR,,,Dhanaura Nagar,,,29.935396,77.784738,synthetic_envelope,SRC_VB_SYNTHETIC,,True,0.0,,v0.1,False
LOC_5C0D32AFF38B,shop,Gupta Building Materials,गुप्ता बिल्डिंग मटेरियल,Punjab,PB,Bathinda,VB-PB-BATHINDA,,,Salempur Kalan (16),,,30.425674,74.995245,synthetic_envelope,SRC_VB_SYNTHETIC,,True,0.0,,v0.1,False
LOC_1CCD719A6C6B,shop,Maa Durga Building Materials,माँ दुर्गा बिल्डिंग मटेरियल,Punjab,PB,Sangrur,VB-PB-SANGRUR,,,Nathupur (19),,,30.34804,75.584826,synthetic_envelope,SRC_VB_SYNTHETIC,,True,0.0,,v0.1,False
LOC_43E7D8E0550F,shop,Sharma Building Materials,शर्मा बिल्डिंग मटेरियल,Haryana,HR,Palwal,VB-HR-PALWAL,,,Bahadurpur Khurd (18),,,28.091422,77.437455,synthetic_envelope,SRC_VB_SYNTHETIC,,True,0.0,,v0.1,True
LOC_3D4D36398F9B,shop,Ganpati Building Materials,गणपति बिल्डिंग मटेरियल,Haryana,HR,Mahendragarh,VB-HR-MAHENDRAGARH,,,Fatehpur,,,28.286276,75.966581,synthetic_envelope,SRC_VB_SYNTHETIC,,True,0.0,,v0.1,True
LOC_06F2A9139332,shop,Shri Balaji Paints,श्री बालाजी पेंट्स,Uttar Pradesh,UP,Meerut,VB-UP-MEERUT,,,Rampur Khurd,,,28.966723,77.877551,synthetic_envelope,SRC_VB_SYNTHETIC,,True,0.0,,v0.1,True
LOC_A2992E040ED3,shop,Shanti Building Materials,शांति बिल्डिंग मटेरियल,Punjab,PB,Malerkotla,VB-PB-MALERKOTLA,,,Harjipur (31),,,30.43388,76.018522,synthetic_envelope,SRC_VB_SYNTHETIC,,True,0.0,,v0.1,False
LOC_209222C4685B,shop,Verma Hardware,वर्मा हार्डवेयर,Haryana,HR,Nuh,VB-HR-NUH,,,Manakpur Nagar,,,27.985514,77.013539,synthetic_envelope,SRC_VB_SYNTHETIC,,True,0.0,,v0.1,True
LOC_06D71CBCD67D,shop,Deep Bricks & Blocks,दीप ईंट भंडार,Punjab,PB,Sangrur,VB-PB-SANGRUR,,,Shahpur Khurd (23),,,30.334126,75.620774,synthetic_envelope,SRC_VB_SYNTHETIC,,True,0.0,,v0.1,False
LOC_ECA94BE1885A,shop,National Hardware,नेशनल हार्डवेयर,Uttar Pradesh,UP,Agra,VB-UP-AGRA,,,Dhanaura Khurd,,,27.141314,77.96964,synthetic_envelope,SRC_VB_SYNTHETIC,,True,0.0,,v0.1,False
LOC_404FC9AE3874,shop,Jai Bharat Building Materials,जय भारत बिल्डिंग मटेरियल,Punjab,PB,Faridkot,VB-PB-FARIDKOT,,,Nathupur Khurd (24),,,30.554375,74.547635,synthetic_envelope,SRC_VB_SYNTHETIC,,True,0.0,,v0.1,False
LOC_6AC651FC5D6A,shop,Deep Electricals,दीप इलेक्ट्रिकल्स,Punjab,PB,Hoshiarpur,VB-PB-HOSHIARPUR,,,Fatehpur Kalan,,,31.608388,75.723385,synthetic_envelope,SRC_VB_SYNTHETIC,,True,0.0,,v0.1,False
LOC_0302519862B2,shop,Verma Pipes & Fittings,वर्मा पाइप एंड फिटिंग्स,Uttar Pradesh,UP,Rampur,VB-UP-RAMPUR,,,Salempur (20),,,28.698995,79.026196,synthetic_envelope,SRC_VB_SYNTHETIC,,True,0.0,,v0.1,False
LOC_71BAF6172335,shop,Krishna Paints,कृष्णा पेंट्स,Punjab,PB,Rupnagar,VB-PB-RUPNAGAR,,,Harjipur Khera,,,31.125498,76.63826,synthetic_envelope,SRC_VB_SYNTHETIC,,True,0.0,,v0.1,False
LOC_43568E789EBE,shop,Maa Durga Steel & TMT,माँ दुर्गा स्टील एंड टीएमटी,Uttar Pradesh,UP,Agra,VB-UP-AGRA,,,Ladwa,,,27.288411,77.768735,synthetic_envelope,SRC_VB_SYNTHETIC,,True,0.0,,v0.1,False
LOC_5E0AAF10645C,shop,Ganpati Bricks & Blocks,गणपति ईंट भंडार,Haryana,HR,Sonipat,VB-HR-SONIPAT,,,Chandpur Khera,,,29.092666,77.244238,synthetic_envelope,SRC_VB_SYNTHETIC,,True,0.0,,v0.1,True
LOC_0AB6A2CAEEB5,shop,New Kisan Hardware,न्यू किसान हार्डवेयर,Uttar Pradesh,UP,Lucknow,VB-UP-LUCKNOW,,,Gopalpur Khera,,,26.876716,80.76663,synthetic_envelope,SRC_VB_SYNTHETIC,,True,0.0,,v0.1,False
LOC_C06D4C626294,shop,Deep Pipes & Fittings,दीप पाइप एंड फिटिंग्स,Uttar Pradesh,UP,Hapur,VB-UP-HAPUR,,,Bhagwanpur Khurd (27),,,28.790362,77.921266,synthetic_envelope,SRC_VB_SYNTHETIC,,True,0.0,,v0.1,True
LOC_4579316AB097,shop,Jai Bharat Steel & TMT,जय भारत स्टील एंड टीएमटी,Punjab,PB,Hoshiarpur,VB-PB-HOSHIARPUR,,,Sultanpur Khera,,,31.528214,75.731743,synthetic_envelope,SRC_VB_SYNTHETIC,,True,0.0,,v0.1,False
LOC_19FAF90AD04E,shop,Ganpati Electricals,गणपति इलेक्ट्रिकल्स,Punjab,PB,Kapurthala,VB-PB-KAPURTHALA,,,Salempur Khera (7),,,31.373156,75.610438,synthetic_envelope,SRC_VB_SYNTHETIC,,True,0.0,,v0.1,False
LOC_CA98F631DCC4,shop,Ambey Cement Store,अंबे सीमेंट स्टोर,Uttar Pradesh,UP,Kanpur Dehat,VB-UP-KANPUR-DEHAT,,,Bhojpur (11),,,26.322233,79.827103,synthetic_envelope,SRC_VB_SYNTHETIC,,True,0.0,,v0.1,False
LOC_228DBA28DAC6,shop,Ganpati Building Materials,गणपति बिल्डिंग मटेरियल,Punjab,PB,Amritsar,VB-PB-AMRITSAR,,,Bhojpur Khurd,,,31.587214,75.148878,synthetic_envelope,SRC_VB_SYNTHETIC,,True,0.0,,v0.1,False
LOC_CD7EC6F38557,shop,Maa Durga Paints,माँ दुर्गा पेंट्स,Uttar Pradesh,UP,Kanpur Dehat,VB-UP-KANPUR-DEHAT,,,Kheri Khurd (24),,,26.269153,80.014393,synthetic_envelope,SRC_VB_SYNTHETIC,,True,0.0,,v0.1,False
LOC_1C6FE4E5EA5E,shop,Maa Durga Hardware,माँ दुर्गा हार्डवेयर,Uttar Pradesh,UP,Moradabad,VB-UP-MORADABAD,,,Todarpur Nagar,,,28.849007,78.710868,synthetic_envelope,SRC_VB_SYNTHETIC,,True,0.0,,v0.1,False
LOC_B807A920FB50,shop,Krishna Electricals,कृष्णा इलेक्ट्रिकल्स,Haryana,HR,Panchkula,VB-HR-PANCHKULA,,,Jamalpur Majra,,,30.807841,76.925079,synthetic_envelope,SRC_VB_SYNTHETIC,,True,0.0,,v0.1,False
LOC_3BDD6764CC56,shop,Shri Balaji Bricks & Blocks,श्री बालाजी ईंट भंडार,Haryana,HR,Rewari,VB-HR-REWARI,,,Rasulpur Kalan,,,28.035066,76.701616,synthetic_envelope,SRC_VB_SYNTHETIC,,True,0.0,,v0.1,True
LOC_CA18D220BB14,shop,Guru Nanak Bricks & Blocks,गुरु नानक ईंट भंडार,Uttar Pradesh,UP,Etah,VB-UP-ETAH,,,Nathupur Majra (16),,,27.379044,78.549684,synthetic_envelope,SRC_VB_SYNTHETIC,,True,0.0,,v0.1,False
LOC_146B60D74008,shop,Singh Steel & TMT,सिंह स्टील एंड टीएमटी,Uttar Pradesh,UP,Prayagraj,VB-UP-PRAYAGRAJ,,,Dhanaura,,,25.297115,82.044239,synthetic_envelope,SRC_VB_SYNTHETIC,,True,0.0,,v0.1,False
LOC_EEA7897F908E,shop,Ambey Steel & TMT,अंबे स्टील एंड टीएमटी,Uttar Pradesh,UP,Muzaffarnagar,VB-UP-MUZAFFARNAGA,,,Devipur Nagar (26),,,29.505877,77.626004,synthetic_envelope,SRC_VB_SYNTHETIC,,True,0.0,,v0.1,True
LOC_C94FD7E92ED7,shop,Ganpati Steel & TMT,गणपति स्टील एंड टीएमटी,Uttar Pradesh,UP,Mathura,VB-UP-MATHURA,,,Kishanpur Majra,,,27.587885,77.523745,synthetic_envelope,SRC_VB_SYNTHETIC,,True,0.0,,v0.1,False
LOC_539A07314DD9,shop,Ganpati Building Materials,गणपति बिल्डिंग मटेरियल,Uttar Pradesh,UP,Kanpur Nagar,VB-UP-KANPUR-NAGAR,,,Basantpur Khurd,,,26.516772,80.10221,synthetic_envelope,SRC_VB_SYNTHETIC,,True,0.0,,v0.1,False
LOC_9C1CCC5D136C,shop,Ambey Building Materials,अंबे बिल्डिंग मटेरियल,Haryana,HR,Charkhi Dadri,VB-HR-CHARKHI-DADR,,,Naurangpur Khera,,,28.545539,76.35562,synthetic_envelope,SRC_VB_SYNTHETIC,,True,0.0,,v0.1,True
LOC_82CAFA467B3B,shop,Singh Electricals,सिंह इलेक्ट्रिकल्स,Uttar Pradesh,UP,Varanasi,VB-UP-VARANASI,,,Fatehpur,,,25.265783,83.128057,synthetic_envelope,SRC_VB_SYNTHETIC,,True,0.0,,v0.1,False
LOC_D45C2BC45D01,shop,Sharma Sanitaryware,शर्मा सैनिटरीवेयर,Haryana,HR,Kurukshetra,VB-HR-KURUKSHETRA,,,Salempur Majra (29),,,29.968071,76.680674,synthetic_envelope,SRC_VB_SYNTHETIC,,True,0.0,,v0.1,False
LOC_7506DD3C275A,shop,National Electricals,नेशनल इलेक्ट्रिकल्स,Uttar Pradesh,UP,Etawah,VB-UP-ETAWAH,,,Bahadurpur (18),,,26.861882,79.010188,synthetic_envelope,SRC_VB_SYNTHETIC,,True,0.0,,v0.1,False
LOC_76C8B46D434B,shop,Jai Bharat Hardware,जय भारत हार्डवेयर,Uttar Pradesh,UP,Muzaffarnagar,VB-UP-MUZAFFARNAGA,,,Devipur Nagar (26),,,29.500664,77.611163,synthetic_envelope,SRC_VB_SYNTHETIC,,True,0.0,,v0.1,True
LOC_93EF886BE804,shop,Gupta Building Materials,गुप्ता बिल्डिंग मटेरियल,Uttar Pradesh,UP,Hapur,VB-UP-HAPUR,,,Chandpur Kalan (13),,,28.81664,77.675847,synthetic_envelope,SRC_VB_SYNTHETIC,,True,0.0,,v0.1,True
LOC_1DE5CAEAC6B3,shop,Hind Bricks & Blocks,हिन्द ईंट भंडार,Uttar Pradesh,UP,Lucknow,VB-UP-LUCKNOW,,,Chandpur Khurd,,,26.858125,80.888759,synthetic_envelope,SRC_VB_SYNTHETIC,,True,0.0,,v0.1,False
LOC_D889BFDFB9B4,shop,Bansal Steel & TMT,बंसल स्टील एंड टीएमटी,Uttar Pradesh,UP,Sitapur,VB-UP-SITAPUR,,,Basantpur Khurd (30),,,27.37719,80.757048,synthetic_envelope,SRC_VB_SYNTHETIC,,True,0.0,,v0.1,False
LOC_FE6081BEF519,shop,National Hardware,नेशनल हार्डवेयर,Uttar Pradesh,UP,Hardoi,VB-UP-HARDOI,,,Salempur Khera (22),,,27.441138,80.296959,synthetic_envelope,SRC_VB_SYNTHETIC,,True,0.0,,v0.1,False
LOC_29952E2C2594,shop,Shri Balaji Building Materials,श्री बालाजी बिल्डिंग मटेरियल,Haryana,HR,Jind,VB-HR-JIND,,,Sultanpur Khera (22),,,29.568841,76.445878,synthetic_envelope,SRC_VB_SYNTHETIC,,True,0.0,,v0.1,True
LOC_F96FF8C02684,shop,Krishna Steel & TMT,कृष्णा स्टील एंड टीएमटी,Punjab,PB,Barnala,VB-PB-BARNALA,,,Naurangpur Khurd (14),,,30.252427,75.571163,synthetic_envelope,SRC_VB_SYNTHETIC,,True,0.0,,v0.1,False
LOC_9C985084D230,shop,Hind Building Materials,हिन्द बिल्डिंग मटेरियल,Haryana,HR,Gurugram,VB-HR-GURUGRAM,,,Harjipur Khera,,,28.344696,77.145602,synthetic_envelope,SRC_VB_SYNTHETIC,,True,0.0,,v0.1,True
LOC_674114AF161D,shop,Ambey Cement Store,अंबे सीमेंट स्टोर,Uttar Pradesh,UP,Varanasi,VB-UP-VARANASI,,,Todarpur Kalan,,,25.486882,83.080986,synthetic_envelope,SRC_VB_SYNTHETIC,,True,0.0,,v0.1,False
LOC_14640C9EF5A5,shop,Gupta Steel & TMT,गुप्ता स्टील एंड टीएमटी,Uttar Pradesh,UP,Agra,VB-UP-AGRA,,,Fatehpur Majra,,,27.256354,77.908834,synthetic_envelope,SRC_VB_SYNTHETIC,,True,0.0,,v0.1,False
LOC_4A4AE1658C7F,shop,Verma Building Materials,वर्मा बिल्डिंग मटेरियल,Haryana,HR,Ambala,VB-HR-AMBALA,,,Rampur,,,30.505728,76.910043,synthetic_envelope,SRC_VB_SYNTHETIC,,True,0.0,,v0.1,False
LOC_AF2AC114F118,shop,Hind Building Materials,हिन्द बिल्डिंग मटेरियल,Uttar Pradesh,UP,Mainpuri,VB-UP-MAINPURI,,,Mubarikpur (6),,,27.020466,78.964982,synthetic_envelope,SRC_VB_SYNTHETIC,,True,0.0,,v0.1,False
LOC_AE07209E5472,shop,Hind Bricks & Blocks,हिन्द ईंट भंडार,Uttar Pradesh,UP,Aligarh,VB-UP-ALIGARH,,,Naurangpur Khera (3),,,27.914333,78.011115,synthetic_envelope,SRC_VB_SYNTHETIC,,True,0.0,,v0.1,False
LOC_835B7A597DA0,shop,Maa Durga Steel & TMT,माँ दुर्गा स्टील एंड टीएमटी,Uttar Pradesh,UP,Bareilly,VB-UP-BAREILLY,,,Barwala Khurd (11),,,28.386593,79.263448,synthetic_envelope,SRC_VB_SYNTHETIC,,True,0.0,,v0.1,False
LOC_1684A7687A8B,shop,New Kisan Building Materials,न्यू किसान बिल्डिंग मटेरियल,Uttar Pradesh,UP,Kanpur Nagar,VB-UP-KANPUR-NAGAR,,,Todarpur Nagar,,,26.375784,80.42475,synthetic_envelope,SRC_VB_SYNTHETIC,,True,0.0,,v0.1,False
LOC_0405E3A118FD,shop,Guru Nanak Pipes & Fittings,गुरु नानक पाइप एंड फिटिंग्स,Haryana,HR,Panchkula,VB-HR-PANCHKULA,,,Salempur Majra,,,30.67361,77.006066,synthetic_envelope,SRC_VB_SYNTHETIC,,True,0.0,,v0.1,False
LOC_CC13F90FD633,shop,Ambey Cement Store,अंबे सीमेंट स्टोर,Haryana,HR,Nuh,VB-HR-NUH,,,Dhanaura Majra,,,28.009912,77.036462,synthetic_envelope,SRC_VB_SYNTHETIC,,True,0.0,,v0.1,True
LOC_CEACBD8E971B,shop,Maa Durga Hardware,माँ दुर्गा हार्डवेयर,Uttar Pradesh,UP,Agra,VB-UP-AGRA,,,Umarpur Khera,,,27.006652,78.288581,synthetic_envelope,SRC_VB_SYNTHETIC,,True,0.0,,v0.1,False
LOC_C4699E0AE5EA,shop,Singh Steel & TMT,सिंह स्टील एंड टीएमटी,Uttar Pradesh,UP,Firozabad,VB-UP-FIROZABAD,,,Barwala Khurd,,,27.187709,78.616128,synthetic_envelope,SRC_VB_SYNTHETIC,,True,0.0,,v0.1,False
LOC_0739E38E7263,shop,Hind Hardware,हिन्द हार्डवेयर,Haryana,HR,Ambala,VB-HR-AMBALA,,,Nathupur,,,30.249183,76.889965,synthetic_envelope,SRC_VB_SYNTHETIC,,True,0.0,,v0.1,False
LOC_ABAEC745EDCA,shop,New Kisan Cement Store,न्यू किसान सीमेंट स्टोर,Uttar Pradesh,UP,Kanpur Dehat,VB-UP-KANPUR-DEHAT,,,Bhojpur (11),,,26.327449,79.811149,synthetic_envelope,SRC_VB_SYNTHETIC,,True,0.0,,v0.1,False
LOC_36ADB7E2ECC9,shop,Shanti Paints,शांति पेंट्स,Uttar Pradesh,UP,Mainpuri,VB-UP-MAINPURI,,,Jamalpur Khera (21),,,27.075575,78.927859,synthetic_envelope,SRC_VB_SYNTHETIC,,True,0.0,,v0.1,False
LOC_1D52AE4A2C5B,shop,Yadav Paints,यादव पेंट्स,Haryana,HR,Nuh,VB-HR-NUH,,,Rampur Kalan,,,27.942795,76.970457,synthetic_envelope,SRC_VB_SYNTHETIC,,True,0.0,,v0.1,True
LOC_EC37C11D9A8D,shop,Shri Balaji Electricals,श्री बालाजी इलेक्ट्रिकल्स,Haryana,HR,Karnal,VB-HR-KARNAL,,,Dhanaura Khurd (23),,,29.442104,77.031701,synthetic_envelope,SRC_VB_SYNTHETIC,,True,0.0,,v0.1,True
LOC_F5ADA5DF179C,shop,Jai Bharat Cement Store,जय भारत सीमेंट स्टोर,Uttar Pradesh,UP,Shamli,VB-UP-SHAMLI,,,Jhinjhana Majra (17),,,29.341507,77.43979,synthetic_envelope,SRC_VB_SYNTHETIC,,True,0.0,,v0.1,True
LOC_38FFB49D1CD8,shop,Ganpati Bricks & Blocks,गणपति ईंट भंडार,Punjab,PB,Pathankot,VB-PB-PATHANKOT,,,Kheri Khurd,,,32.106811,75.587894,synthetic_envelope,SRC_VB_SYNTHETIC,,True,0.0,,v0.1,False
LOC_03E0AABA2763,shop,Krishna Steel & TMT,कृष्णा स्टील एंड टीएमटी,Haryana,HR,Rewari,VB-HR-REWARI,,,Dhanaura,,,28.044208,76.44478,synthetic_envelope,SRC_VB_SYNTHETIC,,True,0.0,,v0.1,True
LOC_E0F8C91782B4,shop,Gupta Building Materials,गुप्ता बिल्डिंग मटेरियल,Punjab,PB,Sangrur,VB-PB-SANGRUR,,,Naurangpur Khurd (28),,,30.389182,75.689637,synthetic_envelope,SRC_VB_SYNTHETIC,,True,0.0,,v0.1,False
LOC_E2D9378FB8EC,shop,Ganpati Building Materials,गणपति बिल्डिंग मटेरियल,Haryana,HR,Bhiwani,VB-HR-BHIWANI,,,Nangla Khera,,,28.853861,75.852007,synthetic_envelope,SRC_VB_SYNTHETIC,,True,0.0,,v0.1,True
LOC_8C3AB59C5EE7,shop,National Building Materials,नेशनल बिल्डिंग मटेरियल,Punjab,PB,Malerkotla,VB-PB-MALERKOTLA,,,Rampur Kalan (22),,,30.427863,76.003181,synthetic_envelope,SRC_VB_SYNTHETIC,,True,0.0,,v0.1,False
LOC_D3BBBC566E4A,shop,Sharma Steel & TMT,शर्मा स्टील एंड टीएमटी,Punjab,PB,Muktsar,VB-PB-MUKTSAR,,,Chandpur Khurd (28),,,30.562625,74.600673,synthetic_envelope,SRC_VB_SYNTHETIC,,True,0.0,,v0.1,False
LOC_24712A970761,shop,Verma Hardware,वर्मा हार्डवेयर,Punjab,PB,Fatehgarh Sahib,VB-PB-FATEHGARH-SA,,,Jhinjhana Khera (28),,,30.650775,76.540456,synthetic_envelope,SRC_VB_SYNTHETIC,,True,0.0,,v0.1,False
LOC_4D7BFC92A0D6,shop,Ambey Hardware,अंबे हार्डवेयर,Haryana,HR,Sirsa,VB-HR-SIRSA,,,Rasulpur Kalan (24),,,29.813266,74.88354,synthetic_envelope,SRC_VB_SYNTHETIC,,True,0.0,,v0.1,False
LOC_3AEAAC951F39,shop,Deep Paints,दीप पेंट्स,Uttar Pradesh,UP,Kanpur Nagar,VB-UP-KANPUR-NAGAR,,,Rasulpur Majra,,,26.468765,80.160039,synthetic_envelope,SRC_VB_SYNTHETIC,,True,0.0,,v0.1,False
LOC_A9095253ABDE,shop,Shri Balaji Sanitaryware,श्री बालाजी सैनिटरीवेयर,Uttar Pradesh,UP,Bulandshahr,VB-UP-BULANDSHAHR,,,Bhagwanpur Khurd (7),,,28.429474,77.953152,synthetic_envelope,SRC_VB_SYNTHETIC,,True,0.0,,v0.1,True
LOC_A3CBCF3D9057,shop,Deep Paints,दीप पेंट्स,Uttar Pradesh,UP,Unnao,VB-UP-UNNAO,,,Alipur Khurd (9),,,26.341558,80.65409,synthetic_envelope,SRC_VB_SYNTHETIC,,True,0.0,,v0.1,False
LOC_4C695EE47680,shop,Sharma Paints,शर्मा पेंट्स,Haryana,HR,Fatehabad,VB-HR-FATEHABAD,,,Bahadurpur Nagar (8),,,29.278452,75.47235,synthetic_envelope,SRC_VB_SYNTHETIC,,True,0.0,,v0.1,False
LOC_862E09F7765C,shop,Bansal Bricks & Blocks,बंसल ईंट भंडार,Punjab,PB,Faridkot,VB-PB-FARIDKOT,,,Nathupur Khurd (24),,,30.553749,74.54679,synthetic_envelope,SRC_VB_SYNTHETIC,,True,0.0,,v0.1,False
LOC_BC11B24AF4C3,shop,New Kisan Cement Store,न्यू किसान सीमेंट स्टोर,Punjab,PB,SAS Nagar,VB-PB-SAS-NAGAR,,,Rasulpur Khera,,,30.836957,76.705379,synthetic_envelope,SRC_VB_SYNTHETIC,,True,0.0,,v0.1,False
LOC_0A4078CEA6F8,shop,New Kisan Cement Store,न्यू किसान सीमेंट स्टोर,Punjab,PB,Nawanshahr,VB-PB-NAWANSHAHR,,,Nangla Kalan (12),,,31.081871,76.172273,synthetic_envelope,SRC_VB_SYNTHETIC,,True,0.0,,v0.1,False
LOC_BF2E62B92594,shop,Yadav Tiles,यादव टाइल्स,Punjab,PB,Moga,VB-PB-MOGA,,,Gopalpur Majra (8),,,30.617659,75.013517,synthetic_envelope,SRC_VB_SYNTHETIC,,True,0.0,,v0.1,False
LOC_374B017B9233,shop,Shri Balaji Cement Store,श्री बालाजी सीमेंट स्टोर,Punjab,PB,SAS Nagar,VB-PB-SAS-NAGAR,,,Rasulpur Khera,,,30.838631,76.693459,synthetic_envelope,SRC_VB_SYNTHETIC,,True,0.0,,v0.1,False
LOC_68186530C39E,shop,Guru Nanak Paints,गुरु नानक पेंट्स,Haryana,HR,Sonipat,VB-HR-SONIPAT,,,Salempur Nagar,,,28.924186,76.840401,synthetic_envelope,SRC_VB_SYNTHETIC,,True,0.0,,v0.1,True
LOC_E625D299D2C2,shop,Jai Bharat Electricals,जय भारत इलेक्ट्रिकल्स,Haryana,HR,Mahendragarh,VB-HR-MAHENDRAGARH,,,Rampur Kalan,,,28.306437,76.049433,synthetic_envelope,SRC_VB_SYNTHETIC,,True,0.0,,v0.1,True
LOC_1CE00BB2AC19,shop,New Kisan Electricals,न्यू किसान इलेक्ट्रिकल्स,Uttar Pradesh,UP,Kanpur Dehat,VB-UP-KANPUR-DEHAT,,,Ladwa Majra (3),,,26.312964,79.834795,synthetic_envelope,SRC_VB_SYNTHETIC,,True,0.0,,v0.1,False
LOC_31E5BD06BDBC,shop,Gupta Building Materials,गुप्ता बिल्डिंग मटेरियल,Punjab,PB,Ferozepur,VB-PB-FEROZEPUR,,,Harjipur Nagar (16),,,30.8851,74.932296,synthetic_envelope,SRC_VB_SYNTHETIC,,True,0.0,,v0.1,False
LOC_A70CD6641546,shop,Shri Balaji Hardware,श्री बालाजी हार्डवेयर,Punjab,PB,Mansa,VB-PB-MANSA,,,Bhojpur (14),,,29.928417,75.318221,synthetic_envelope,SRC_VB_SYNTHETIC,,True,0.0,,v0.1,False
LOC_81B02AFB9241,shop,Singh Steel & TMT,सिंह स्टील एंड टीएमटी,Haryana,HR,Panchkula,VB-HR-PANCHKULA,,,Barwala Kalan,,,30.682416,77.051708,synthetic_envelope,SRC_VB_SYNTHETIC,,True,0.0,,v0.1,False
LOC_DF9E34A4E48A,shop,Ambey Tiles,अंबे टाइल्स,Haryana,HR,Sirsa,VB-HR-SIRSA,,,Sultanpur Khurd (26),,,29.7036,74.764737,synthetic_envelope,SRC_VB_SYNTHETIC,,True,0.0,,v0.1,False
LOC_50EDA5081556,shop,Ganpati Building Materials,गणपति बिल्डिंग मटेरियल,Uttar Pradesh,UP,Ghaziabad,VB-UP-GHAZIABAD,,,Manakpur Nagar,,,28.715081,77.434933,synthetic_envelope,SRC_VB_SYNTHETIC,,True,0.0,,v0.1,True
LOC_03A98EF2A911,shop,Shri Balaji Cement Store,श्री बालाजी सीमेंट स्टोर,Uttar Pradesh,UP,Agra,VB-UP-AGRA,,,Rasulpur Nagar,,,27.318624,77.720773,synthetic_envelope,SRC_VB_SYNTHETIC,,True,0.0,,v0.1,False
LOC_D0083356660B,shop,Hind Steel & TMT,हिन्द स्टील एंड टीएमटी,Punjab,PB,Fazilka,VB-PB-FAZILKA,,,Jamalpur Khurd (12),,,30.225671,73.913269,synthetic_envelope,SRC_VB_SYNTHETIC,,True,0.0,,v0.1,False
LOC_D041019AE7E4,shop,Bansal Paints,बंसल पेंट्स,Uttar Pradesh,UP,Varanasi,VB-UP-VARANASI,,,Barwala Khera,,,25.488968,83.056593,synthetic_envelope,SRC_VB_SYNTHETIC,,True,0.0,,v0.1,False
LOC_24BA1B3217EB,shop,Ambey Cement Store,अंबे सीमेंट स्टोर,Haryana,HR,Sonipat,VB-HR-SONIPAT,,,Chandpur,,,29.048355,77.177042,synthetic_envelope,SRC_VB_SYNTHETIC,,True,0.0,,v0.1,True
LOC_A3531E2E5C53,shop,Shri Balaji Steel & TMT,श्री बालाजी स्टील एंड टीएमटी,Haryana,HR,Panipat,VB-HR-PANIPAT,,,Shahpur Kalan,,,29.325123,76.810331,synthetic_envelope,SRC_VB_SYNTHETIC,,True,0.0,,v0.1,True
LOC_FE17E4524560,shop,Maa Durga Hardware,माँ दुर्गा हार्डवेयर,Uttar Pradesh,UP,Hapur,VB-UP-HAPUR,,,Bahadurpur (12),,,28.75702,77.907691,synthetic_envelope,SRC_VB_SYNTHETIC,,True,0.0,,v0.1,True
LOC_CCA184932476,shop,Jai Bharat Bricks & Blocks,जय भारत ईंट भंडार,Uttar Pradesh,UP,Muzaffarnagar,VB-UP-MUZAFFARNAGA,,,Chandpur Nagar (6),,,29.633742,77.855484,synthetic_envelope,SRC_VB_SYNTHETIC,,True,0.0,,v0.1,True
LOC_9BE95238D965,shop,Krishna Building Materials,कृष्णा बिल्डिंग मटेरियल,Punjab,PB,Muktsar,VB-PB-MUKTSAR,,,Sikandarpur Khurd (16),,,30.547228,74.689419,synthetic_envelope,SRC_VB_SYNTHETIC,,True,0.0,,v0.1,False
LOC_7D70DF778B6B,shop,Deep Bricks & Blocks,दीप ईंट भंडार,Punjab,PB,Tarn Taran,VB-PB-TARN-TARAN,,,Alipur Kalan (7),,,31.538973,74.827717,synthetic_envelope,SRC_VB_SYNTHETIC,,True,0.0,,v0.1,False
LOC_AB6A7781C9BE,shop,Gupta Hardware,गुप्ता हार्डवेयर,Haryana,HR,Bhiwani,VB-HR-BHIWANI,,,Jamalpur Khurd,,,28.953678,75.906778,synthetic_envelope,SRC_VB_SYNTHETIC,,True,0.0,,v0.1,True
LOC_44989360DA6D,shop,Gupta Hardware,गुप्ता हार्डवेयर,Uttar Pradesh,UP,Bareilly,VB-UP-BAREILLY,,,Alipur Khera (27),,,28.448366,79.277821,synthetic_envelope,SRC_VB_SYNTHETIC,,True,0.0,,v0.1,False
LOC_EFEF1362F1DE,shop,Gupta Tiles,गुप्ता टाइल्स,Haryana,HR,Bhiwani,VB-HR-BHIWANI,,,Nangla,,,28.786567,76.215749,synthetic_envelope,SRC_VB_SYNTHETIC,,True,0.0,,v0.1,True
LOC_2462A8C5B1A8,shop,National Building Materials,नेशनल बिल्डिंग मटेरियल,Punjab,PB,Jalandhar,VB-PB-JALANDHAR,,,Salempur (16),,,31.18124,75.418947,synthetic_envelope,SRC_VB_SYNTHETIC,,True,0.0,,v0.1,False
LOC_B7DDD06E0D76,shop,Ambey Building Materials,अंबे बिल्डिंग मटेरियल,Haryana,HR,Rewari,VB-HR-REWARI,,,Jhinjhana Nagar,,,28.067859,76.591438,synthetic_envelope,SRC_VB_SYNTHETIC,,True,0.0,,v0.1,True
LOC_0D093C7D7DE6,shop,Shri Balaji Cement Store,श्री बालाजी सीमेंट स्टोर,Uttar Pradesh,UP,Kanpur Nagar,VB-UP-KANPUR-NAGAR,,,Kheri Khurd,,,26.497381,80.461788,synthetic_envelope,SRC_VB_SYNTHETIC,,True,0.0,,v0.1,False
LOC_57C566C5CEAB,shop,Sharma Steel & TMT,शर्मा स्टील एंड टीएमटी,Delhi,DL,Shahdara,VB-DL-SHAHDARA,,,Bhagwanpur,,,28.618644,77.261373,synthetic_envelope,SRC_VB_SYNTHETIC,,True,0.0,,v0.1,True
LOC_F3A6400195B5,shop,Shri Balaji Paints,श्री बालाजी पेंट्स,Uttar Pradesh,UP,Baghpat,VB-UP-BAGHPAT,,,Mubarikpur Khera (2),,,28.910727,77.429959,synthetic_envelope,SRC_VB_SYNTHETIC,,True,0.0,,v0.1,True
LOC_B061E34E9CDA,shop,Shanti Cement Store,शांति सीमेंट स्टोर,Punjab,PB,Malerkotla,VB-PB-MALERKOTLA,,,Devipur Khera (3),,,30.422788,75.958103,synthetic_envelope,SRC_VB_SYNTHETIC,,True,0.0,,v0.1,False
LOC_D769BB9ABC12,shop,Yadav Steel & TMT,यादव स्टील एंड टीएमटी,Haryana,HR,Charkhi Dadri,VB-HR-CHARKHI-DADR,,,Sikandarpur Nagar,,,28.4992,76.446479,synthetic_envelope,SRC_VB_SYNTHETIC,,True,0.0,,v0.1,True
LOC_A1E108B84EFD,shop,Krishna Building Materials,कृष्णा बिल्डिंग मटेरियल,Uttar Pradesh,UP,Bareilly,VB-UP-BAREILLY,,,Rampur Kalan (10),,,28.414564,79.200956,synthetic_envelope,SRC_VB_SYNTHETIC,,True,0.0,,v0.1,False
LOC_9CFB512B4E42,shop,Ambey Electricals,अंबे इलेक्ट्रिकल्स,Haryana,HR,Hisar,VB-HR-HISAR,,,Basantpur Nagar (19),,,29.04385,76.05004,synthetic_envelope,SRC_VB_SYNTHETIC,,True,0.0,,v0.1,False
LOC_400F7C8BD17F,shop,Bansal Steel & TMT,बंसल स्टील एंड टीएमटी,Haryana,HR,Karnal,VB-HR-KARNAL,,,Barwala Kalan (28),,,29.575523,77.073013,synthetic_envelope,SRC_VB_SYNTHETIC,,True,0.0,,v0.1,True
LOC_EE857BDF4977,shop,National Electricals,नेशनल इलेक्ट्रिकल्स,Punjab,PB,SAS Nagar,VB-PB-SAS-NAGAR,,,Sultanpur,,,30.846324,76.721312,synthetic_envelope,SRC_VB_SYNTHETIC,,True,0.0,,v0.1,False
LOC_C50FD03785F8,shop,National Cement Store,नेशनल सीमेंट स्टोर,Punjab,PB,Jalandhar,VB-PB-JALANDHAR,,,Jhinjhana Kalan (1),,,31.39533,75.496718,synthetic_envelope,SRC_VB_SYNTHETIC,,True,0.0,,v0.1,False
LOC_297A0EBB8C55,shop,Maa Durga Building Materials,माँ दुर्गा बिल्डिंग मटेरियल,Uttar Pradesh,UP,Barabanki,VB-UP-BARABANKI,,,Sultanpur Majra (13),,,27.089983,81.050457,synthetic_envelope,SRC_VB_SYNTHETIC,,True,0.0,,v0.1,False
LOC_D459A5B54CED,shop,Ganpati Building Materials,गणपति बिल्डिंग मटेरियल,Punjab,PB,Sangrur,VB-PB-SANGRUR,,,Umarpur Kalan (34),,,30.226908,75.649621,synthetic_envelope,SRC_VB_SYNTHETIC,,True,0.0,,v0.1,False
LOC_F9B8780D75C5,shop,Shri Balaji Bricks & Blocks,श्री बालाजी ईंट भंडार,Haryana,HR,Palwal,VB-HR-PALWAL,,,Sultanpur (28),,,28.244636,77.150942,synthetic_envelope,SRC_VB_SYNTHETIC,,True,0.0,,v0.1,True
LOC_29872CB2D347,shop,Deep Building Materials,दीप बिल्डिंग मटेरियल,Punjab,PB,Barnala,VB-PB-BARNALA,,,Mubarikpur Kalan (11),,,30.421315,75.538188,synthetic_envelope,SRC_VB_SYNTHETIC,,True,0.0,,v0.1,False
LOC_FB56F66DFCAB,shop,Deep Paints,दीप पेंट्स,Punjab,PB,Bathinda,VB-PB-BATHINDA,,,Nathupur Nagar (27),,,30.373497,74.994391,synthetic_envelope,SRC_VB_SYNTHETIC,,True,0.0,,v0.1,False
LOC_627340AC6BAD,shop,Shanti Building Materials,शांति बिल्डिंग मटेरियल,Punjab,PB,Nawanshahr,VB-PB-NAWANSHAHR,,,Umarpur Nagar (25),,,31.076732,76.188268,synthetic_envelope,SRC_VB_SYNTHETIC,,True,0.0,,v0.1,False
LOC_A83C17A3B3D5,shop,Maa Durga Bricks & Blocks,माँ दुर्गा ईंट भंडार,Uttar Pradesh,UP,Budaun,VB-UP-BUDAUN,,,Bhojpur Nagar (27),,,28.101905,79.198344,synthetic_envelope,SRC_VB_SYNTHETIC,,True,0.0,,v0.1,False
LOC_D1DE894BA1A1,shop,Shri Balaji Paints,श्री बालाजी पेंट्स,Uttar Pradesh,UP,Lucknow,VB-UP-LUCKNOW,,,Salempur Nagar,,,26.779751,80.913692,synthetic_envelope,SRC_VB_SYNTHETIC,,True,0.0,,v0.1,False
LOC_4D72E48BE37E,shop,Shanti Building Materials,शांति बिल्डिंग मटेरियल,Uttar Pradesh,UP,Unnao,VB-UP-UNNAO,,,Basantpur (22),,,26.417349,80.671551,synthetic_envelope,SRC_VB_SYNTHETIC,,True,0.0,,v0.1,False
LOC_9BEB0284BAB3,shop,New Kisan Paints,न्यू किसान पेंट्स,Punjab,PB,Moga,VB-PB-MOGA,,,Mubarikpur Khurd (28),,,30.74417,75.295279,synthetic_envelope,SRC_VB_SYNTHETIC,,True,0.0,,v0.1,False
LOC_006EAC06670E,shop,Bansal Electricals,बंसल इलेक्ट्रिकल्स,Punjab,PB,Ferozepur,VB-PB-FEROZEPUR,,,Rampur Khera (31),,,31.141004,74.650276,synthetic_envelope,SRC_VB_SYNTHETIC,,True,0.0,,v0.1,False
LOC_C2B3A7A901C6,shop,Singh Hardware,सिंह हार्डवेयर,Uttar Pradesh,UP,Etawah,VB-UP-ETAWAH,,,Naurangpur Nagar (20),,,26.856431,79.038648,synthetic_envelope,SRC_VB_SYNTHETIC,,True,0.0,,v0.1,False
LOC_18EF48FCDE3D,shop,Verma Building Materials,वर्मा बिल्डिंग मटेरियल,Punjab,PB,Hoshiarpur,VB-PB-HOSHIARPUR,,,Fatehpur Khurd,,,31.498421,75.719272,synthetic_envelope,SRC_VB_SYNTHETIC,,True,0.0,,v0.1,False
LOC_9075315DB50F,shop,Yadav Cement Store,यादव सीमेंट स्टोर,Punjab,PB,Patiala,VB-PB-PATIALA,,,Shahpur (31),,,30.48169,76.378392,synthetic_envelope,SRC_VB_SYNTHETIC,,True,0.0,,v0.1,False
LOC_C86CAD0F251A,shop,Maa Durga Sanitaryware,माँ दुर्गा सैनिटरीवेयर,Punjab,PB,Faridkot,VB-PB-FARIDKOT,,,Fatehpur Nagar (11),,,30.517484,74.702638,synthetic_envelope,SRC_VB_SYNTHETIC,,True,0.0,,v0.1,False
LOC_D392244728B8,shop,New Kisan Hardware,न्यू किसान हार्डवेयर,Haryana,HR,Yamunanagar,VB-HR-YAMUNANAGAR,,,Mubarikpur,,,30.282631,77.263106,synthetic_envelope,SRC_VB_SYNTHETIC,,True,0.0,,v0.1,False
LOC_E2600F35217F,shop,Maa Durga Roofing,माँ दुर्गा रूफिंग,Punjab,PB,Tarn Taran,VB-PB-TARN-TARAN,,,Bahadurpur Khurd (12),,,31.504517,75.095523,synthetic_envelope,SRC_VB_SYNTHETIC,,True,0.0,,v0.1,False
LOC_4973A18A7B07,shop,Shanti Paints,शांति पेंट्स,Uttar Pradesh,UP,Sitapur,VB-UP-SITAPUR,,,Barwala Nagar (13),,,27.303146,80.69989,synthetic_envelope,SRC_VB_SYNTHETIC,,True,0.0,,v0.1,False
LOC_DCDE45D84498,shop,Ganpati Bricks & Blocks,गणपति ईंट भंडार,Haryana,HR,Gurugram,VB-HR-GURUGRAM,,,Todarpur Khurd,,,28.547307,77.096934,synthetic_envelope,SRC_VB_SYNTHETIC,,True,0.0,,v0.1,True
LOC_8FCB36A4DF1C,shop,Deep Steel & TMT,दीप स्टील एंड टीएमटी,Haryana,HR,Jind,VB-HR-JIND,,,Dhanaura Kalan (30),,,29.205607,76.506936,synthetic_envelope,SRC_VB_SYNTHETIC,,True,0.0,,v0.1,True
LOC_44ADCC085F69,shop,Guru Nanak Electricals,गुरु नानक इलेक्ट्रिकल्स,Uttar Pradesh,UP,Unnao,VB-UP-UNNAO,,,Barwala Nagar (18),,,26.553907,80.629209,synthetic_envelope,SRC_VB_SYNTHETIC,,True,0.0,,v0.1,False
LOC_A3C5BB7313C0,shop,Guru Nanak Cement Store,गुरु नानक सीमेंट स्टोर,Uttar Pradesh,UP,Muzaffarnagar,VB-UP-MUZAFFARNAGA,,,Mubarikpur Kalan (11),,,29.526496,77.54914,synthetic_envelope,SRC_VB_SYNTHETIC,,True,0.0,,v0.1,True
LOC_21D071516A56,shop,Ganpati Tiles,गणपति टाइल्स,Uttar Pradesh,UP,Rampur,VB-UP-RAMPUR,,,Kishanpur Khurd (11),,,28.720961,79.06603,synthetic_envelope,SRC_VB_SYNTHETIC,,True,0.0,,v0.1,False
LOC_7D5015703973,shop,Maa Durga Steel & TMT,माँ दुर्गा स्टील एंड टीएमटी,Uttar Pradesh,UP,Varanasi,VB-UP-VARANASI,,,Fatehpur Khera,,,25.387006,83.070118,synthetic_envelope,SRC_VB_SYNTHETIC,,True,0.0,,v0.1,False
LOC_A07DA2117ED4,shop,Deep Hardware,दीप हार्डवेयर,Uttar Pradesh,UP,Varanasi,VB-UP-VARANASI,,,Jamalpur Nagar,,,25.287875,83.075807,synthetic_envelope,SRC_VB_SYNTHETIC,,True,0.0,,v0.1,False
LOC_8C31AFFE80C0,shop,New Kisan Building Materials,न्यू किसान बिल्डिंग मटेरियल,Haryana,HR,Rohtak,VB-HR-ROHTAK,,,Gopalpur Khurd,,,28.761994,76.786332,synthetic_envelope,SRC_VB_SYNTHETIC,,True,0.0,,v0.1,True
LOC_AEE045F3D9DC,shop,National Tiles,नेशनल टाइल्स,Uttar Pradesh,UP,Kanpur Dehat,VB-UP-KANPUR-DEHAT,,,Basantpur Majra (25),,,26.559279,79.974982,synthetic_envelope,SRC_VB_SYNTHETIC,,True,0.0,,v0.1,False
LOC_3E412AB59084,shop,Jai Bharat Building Materials,जय भारत बिल्डिंग मटेरियल,Punjab,PB,Faridkot,VB-PB-FARIDKOT,,,Barwala (14),,,30.628364,74.6662,synthetic_envelope,SRC_VB_SYNTHETIC,,True,0.0,,v0.1,False
LOC_2A492ED8A23E,shop,Maa Durga Bricks & Blocks,माँ दुर्गा ईंट भंडार,Punjab,PB,Moga,VB-PB-MOGA,,,Dhanaura Nagar (26),,,30.804007,75.009944,synthetic_envelope,SRC_VB_SYNTHETIC,,True,0.0,,v0.1,False
LOC_334736961586,shop,Sharma Hardware,शर्मा हार्डवेयर,Uttar Pradesh,UP,Rampur,VB-UP-RAMPUR,,,Basantpur Khurd (22),,,28.750665,79.26133,synthetic_envelope,SRC_VB_SYNTHETIC,,True,0.0,,v0.1,False
LOC_707C3537E057,shop,Yadav Electricals,यादव इलेक्ट्रिकल्स,Uttar Pradesh,UP,Gorakhpur,VB-UP-GORAKHPUR,,,Chandpur,,,26.851459,83.313054,synthetic_envelope,SRC_VB_SYNTHETIC,,True,0.0,,v0.1,False
LOC_170C1B91834D,shop,Gupta Building Materials,गुप्ता बिल्डिंग मटेरियल,Uttar Pradesh,UP,Hapur,VB-UP-HAPUR,,,Shahpur Kalan (14),,,28.606195,77.879592,synthetic_envelope,SRC_VB_SYNTHETIC,,True,0.0,,v0.1,True
LOC_FC525A84D4B2,shop,Krishna Steel & TMT,कृष्णा स्टील एंड टीएमटी,Haryana,HR,Charkhi Dadri,VB-HR-CHARKHI-DADR,,,Bhojpur Khurd,,,28.700665,76.177993,synthetic_envelope,SRC_VB_SYNTHETIC,,True,0.0,,v0.1,True
LOC_DA774CF93B44,shop,Gupta Pipes & Fittings,गुप्ता पाइप एंड फिटिंग्स,Haryana,HR,Faridabad,VB-HR-FARIDABAD,,,Sultanpur Kalan,,,28.397224,77.35872,synthetic_envelope,SRC_VB_SYNTHETIC,,True,0.0,,v0.1,True
LOC_D4AB6C7AB3E4,shop,New Kisan Hardware,न्यू किसान हार्डवेयर,Punjab,PB,SAS Nagar,VB-PB-SAS-NAGAR,,,Devipur Majra,,,30.602102,76.845201,synthetic_envelope,SRC_VB_SYNTHETIC,,True,0.0,,v0.1,False
LOC_931DC60A7F80,shop,Ganpati Electricals,गणपति इलेक्ट्रिकल्स,Punjab,PB,Bathinda,VB-PB-BATHINDA,,,Manakpur Khera (9),,,30.299958,74.831224,synthetic_envelope,SRC_VB_SYNTHETIC,,True,0.0,,v0.1,False
LOC_CA2913D8B5CC,shop,New Kisan Hardware,न्यू किसान हार्डवेयर,Haryana,HR,Jhajjar,VB-HR-JHAJJAR,,,Harjipur Khurd,,,28.532503,76.896524,synthetic_envelope,SRC_VB_SYNTHETIC,,True,0.0,,v0.1,True
LOC_FEF1583A9002,shop,Verma Pipes & Fittings,वर्मा पाइप एंड फिटिंग्स,Haryana,HR,Rohtak,VB-HR-ROHTAK,,,Jamalpur,,,28.852121,76.437272,synthetic_envelope,SRC_VB_SYNTHETIC,,True,0.0,,v0.1,True
LOC_080B9BB61441,shop,Yadav Cement Store,यादव सीमेंट स्टोर,Punjab,PB,Jalandhar,VB-PB-JALANDHAR,,,Todarpur Khurd (28),,,31.397168,75.52593,synthetic_envelope,SRC_VB_SYNTHETIC,,True,0.0,,v0.1,False
LOC_C04535274F0B,shop,Shanti Building Materials,शांति बिल्डिंग मटेरियल,Uttar Pradesh,UP,Firozabad,VB-UP-FIROZABAD,,,Harjipur Khera,,,27.292943,78.439431,synthetic_envelope,SRC_VB_SYNTHETIC,,True,0.0,,v0.1,False
LOC_1251A3AF5BC9,shop,Krishna Bricks & Blocks,कृष्णा ईंट भंडार,Haryana,HR,Faridabad,VB-HR-FARIDABAD,,,Kishanpur Nagar,,,28.368909,77.414412,synthetic_envelope,SRC_VB_SYNTHETIC,,True,0.0,,v0.1,True
LOC_2B9538ED67A7,shop,Sharma Building Materials,शर्मा बिल्डिंग मटेरियल,Punjab,PB,Rupnagar,VB-PB-RUPNAGAR,,,Dhanaura Khurd,,,31.123739,76.555947,synthetic_envelope,SRC_VB_SYNTHETIC,,True,0.0,,v0.1,False
LOC_9F9758095B1E,shop,Shri Balaji Pipes & Fittings,श्री बालाजी पाइप एंड फिटिंग्स,Uttar Pradesh,UP,Muzaffarnagar,VB-UP-MUZAFFARNAGA,,,Jamalpur (15),,,29.531089,77.863634,synthetic_envelope,SRC_VB_SYNTHETIC,,True,0.0,,v0.1,True
LOC_BA4B1F8F764F,shop,New Kisan Building Materials,न्यू किसान बिल्डिंग मटेरियल,Uttar Pradesh,UP,Amroha,VB-UP-AMROHA,,,Sikandarpur (8),,,28.953223,78.403539,synthetic_envelope,SRC_VB_SYNTHETIC,,True,0.0,,v0.1,False
LOC_5045D92BA3C4,shop,Bansal Building Materials,बंसल बिल्डिंग मटेरियल,Uttar Pradesh,UP,Agra,VB-UP-AGRA,,,Rasulpur Nagar,,,27.319396,77.717423,synthetic_envelope,SRC_VB_SYNTHETIC,,True,0.0,,v0.1,False
LOC_5E676530EE67,shop,Hind Steel & TMT,हिन्द स्टील एंड टीएमटी,Haryana,HR,Charkhi Dadri,VB-HR-CHARKHI-DADR,,,Devipur,,,28.513999,76.353704,synthetic_envelope,SRC_VB_SYNTHETIC,,True,0.0,,v0.1,True
LOC_05684F33F82A,shop,Singh Building Materials,सिंह बिल्डिंग मटेरियल,Uttar Pradesh,UP,Sambhal,VB-UP-SAMBHAL,,,Dhanaura Majra (18),,,28.633846,78.710686,synthetic_envelope,SRC_VB_SYNTHETIC,,True,0.0,,v0.1,False
LOC_4710C9ABF138,shop,Bansal Steel & TMT,बंसल स्टील एंड टीएमटी,Haryana,HR,Yamunanagar,VB-HR-YAMUNANAGAR,,,Kishanpur Nagar,,,30.21334,77.173693,synthetic_envelope,SRC_VB_SYNTHETIC,,True,0.0,,v0.1,False
LOC_9FF59D80862B,shop,National Bricks & Blocks,नेशनल ईंट भंडार,Punjab,PB,Ferozepur,VB-PB-FEROZEPUR,,,Nathupur Majra (27),,,31.081666,74.701457,synthetic_envelope,SRC_VB_SYNTHETIC,,True,0.0,,v0.1,False
LOC_E0A30B1206E0,shop,Bansal Steel & TMT,बंसल स्टील एंड टीएमटी,Punjab,PB,Faridkot,VB-PB-FARIDKOT,,,Chandpur Khurd (21),,,30.541811,74.826851,synthetic_envelope,SRC_VB_SYNTHETIC,,True,0.0,,v0.1,False
LOC_278F093D022C,shop,Krishna Steel & TMT,कृष्णा स्टील एंड टीएमटी,Uttar Pradesh,UP,Gautam Buddha Nagar,VB-UP-GAUTAM-BUDDH,,,Fatehpur Khera,,,28.334741,77.323154,synthetic_envelope,SRC_VB_SYNTHETIC,,True,0.0,,v0.1,True
LOC_8CF5653BD9F5,shop,Shri Balaji Tiles,श्री बालाजी टाइल्स,Punjab,PB,Muktsar,VB-PB-MUKTSAR,,,Chandpur Khurd (1),,,30.595729,74.627567,synthetic_envelope,SRC_VB_SYNTHETIC,,True,0.0,,v0.1,False
LOC_8DA7BD0001B7,shop,Verma Cement Store,वर्मा सीमेंट स्टोर,Haryana,HR,Faridabad,VB-HR-FARIDABAD,,,Dhanaura Khurd,,,28.438251,77.373889,synthetic_envelope,SRC_VB_SYNTHETIC,,True,0.0,,v0.1,True
LOC_02C6559D8F8D,shop,Shri Balaji Sanitaryware,श्री बालाजी सैनिटरीवेयर,Punjab,PB,Mansa,VB-PB-MANSA,,,Naurangpur Khera (5),,,29.966972,75.276504,synthetic_envelope,SRC_VB_SYNTHETIC,,True,0.0,,v0.1,False
LOC_DFA1D5A46BED,shop,Singh Building Materials,सिंह बिल्डिंग मटेरियल,Haryana,HR,Hisar,VB-HR-HISAR,,,Rasulpur Khera (11),,,29.174639,76.052332,synthetic_envelope,SRC_VB_SYNTHETIC,,True,0.0,,v0.1,False
LOC_09052498E21B,shop,Shanti Bricks & Blocks,शांति ईंट भंडार,Uttar Pradesh,UP,Agra,VB-UP-AGRA,,,Fatehpur Khurd,,,27.017627,78.323428,synthetic_envelope,SRC_VB_SYNTHETIC,,True,0.0,,v0.1,False
LOC_4A39CA2FD884,shop,Bansal Steel & TMT,बंसल स्टील एंड टीएमटी,Punjab,PB,Amritsar,VB-PB-AMRITSAR,,,Naurangpur Kalan,,,31.754753,74.96874,synthetic_envelope,SRC_VB_SYNTHETIC,,True,0.0,,v0.1,False
LOC_8EB50AE8272A,shop,Maa Durga Hardware,माँ दुर्गा हार्डवेयर,Delhi,DL,North East Delhi,VB-DL-NORTH-EAST-D,,,Jhinjhana Kalan,,,28.733838,77.320854,synthetic_envelope,SRC_VB_SYNTHETIC,,True,0.0,,v0.1,True
LOC_C38DCF4A4DDE,shop,Guru Nanak Tiles,गुरु नानक टाइल्स,Punjab,PB,Fatehgarh Sahib,VB-PB-FATEHGARH-SA,,,Sikandarpur Khurd (30),,,30.63535,76.438063,synthetic_envelope,SRC_VB_SYNTHETIC,,True,0.0,,v0.1,False
LOC_0090B6C235F5,shop,Verma Steel & TMT,वर्मा स्टील एंड टीएमटी,Delhi,DL,North Delhi,VB-DL-NORTH-DELHI,,,Bhagwanpur Khurd,,,28.726121,77.222609,synthetic_envelope,SRC_VB_SYNTHETIC,,True,0.0,,v0.1,True
LOC_EDA85E128E58,shop,Ganpati Cement Store,गणपति सीमेंट स्टोर,Uttar Pradesh,UP,Etawah,VB-UP-ETAWAH,,,Devipur Khurd (30),,,26.960222,79.172561,synthetic_envelope,SRC_VB_SYNTHETIC,,True,0.0,,v0.1,False
LOC_2AA2188D71BB,shop,Jai Bharat Electricals,जय भारत इलेक्ट्रिकल्स,Uttar Pradesh,UP,Shahjahanpur,VB-UP-SHAHJAHANPUR,,,Mubarikpur Kalan (2),,,27.751978,80.048031,synthetic_envelope,SRC_VB_SYNTHETIC,,True,0.0,,v0.1,False
LOC_FE04F40EEF15,shop,Bansal Hardware,बंसल हार्डवेयर,Uttar Pradesh,UP,Etah,VB-UP-ETAH,,,Rasulpur Majra (28),,,27.461649,78.802679,synthetic_envelope,SRC_VB_SYNTHETIC,,True,0.0,,v0.1,False
LOC_9A360235A836,shop,Gupta Paints,गुप्ता पेंट्स,Punjab,PB,SAS Nagar,VB-PB-SAS-NAGAR,,,Barwala Kalan,,,30.645899,76.653388,synthetic_envelope,SRC_VB_SYNTHETIC,,True,0.0,,v0.1,False
LOC_DAA841AD91D7,shop,Hind Steel & TMT,हिन्द स्टील एंड टीएमटी,Uttar Pradesh,UP,Firozabad,VB-UP-FIROZABAD,,,Nangla Kalan,,,27.247315,78.388118,synthetic_envelope,SRC_VB_SYNTHETIC,,True,0.0,,v0.1,False
LOC_51FE3AF8701E,shop,Guru Nanak Sanitaryware,गुरु नानक सैनिटरीवेयर,Punjab,PB,Bathinda,VB-PB-BATHINDA,,,Bhagwanpur Khera (19),,,30.195333,74.841077,synthetic_envelope,SRC_VB_SYNTHETIC,,True,0.0,,v0.1,False
LOC_C80275E45D52,shop,Shanti Bricks & Blocks,शांति ईंट भंडार,Uttar Pradesh,UP,Ghaziabad,VB-UP-GHAZIABAD,,,Naurangpur Nagar,,,28.697957,77.478912,synthetic_envelope,SRC_VB_SYNTHETIC,,True,0.0,,v0.1,True
LOC_92FD9882533B,shop,National Building Materials,नेशनल बिल्डिंग मटेरियल,Haryana,HR,Rewari,VB-HR-REWARI,,,Alipur Majra,,,28.105596,76.604671,synthetic_envelope,SRC_VB_SYNTHETIC,,True,0.0,,v0.1,True
LOC_73CFD4840C4A,shop,Singh Pipes & Fittings,सिंह पाइप एंड फिटिंग्स,Punjab,PB,Nawanshahr,VB-PB-NAWANSHAHR,,,Harjipur Khurd (7),,,31.274211,75.977432,synthetic_envelope,SRC_VB_SYNTHETIC,,True,0.0,,v0.1,False
LOC_6B970D62B6EC,shop,Shri Balaji Electricals,श्री बालाजी इलेक्ट्रिकल्स,Uttar Pradesh,UP,Budaun,VB-UP-BUDAUN,,,Fatehpur (4),,,28.190247,79.178755,synthetic_envelope,SRC_VB_SYNTHETIC,,True,0.0,,v0.1,False
LOC_581874002800,shop,Krishna Paints,कृष्णा पेंट्स,Uttar Pradesh,UP,Meerut,VB-UP-MEERUT,,,Rampur Khurd,,,28.906763,77.965553,synthetic_envelope,SRC_VB_SYNTHETIC,,True,0.0,,v0.1,True
LOC_DD21D0ADF4D3,shop,Shri Balaji Building Materials,श्री बालाजी बिल्डिंग मटेरियल,Haryana,HR,Hisar,VB-HR-HISAR,,,Salempur Majra (4),,,29.029852,75.995458,synthetic_envelope,SRC_VB_SYNTHETIC,,True,0.0,,v0.1,False
LOC_E278E3848EA2,shop,Maa Durga Bricks & Blocks,माँ दुर्गा ईंट भंडार,Haryana,HR,Kaithal,VB-HR-KAITHAL,,,Jhinjhana (9),,,29.825046,76.272736,synthetic_envelope,SRC_VB_SYNTHETIC,,True,0.0,,v0.1,False
LOC_66AFA936DEFB,shop,Bansal Building Materials,बंसल बिल्डिंग मटेरियल,Haryana,HR,Sirsa,VB-HR-SIRSA,,,Shahpur (1),,,29.401194,75.182308,synthetic_envelope,SRC_VB_SYNTHETIC,,True,0.0,,v0.1,False
LOC_1586480A94D9,shop,Shri Balaji Tiles,श्री बालाजी टाइल्स,Haryana,HR,Ambala,VB-HR-AMBALA,,,Umarpur Majra,,,30.257884,76.806002,synthetic_envelope,SRC_VB_SYNTHETIC,,True,0.0,,v0.1,False
LOC_B2DBB08CEB0B,shop,Bansal Bricks & Blocks,बंसल ईंट भंडार,Punjab,PB,Jalandhar,VB-PB-JALANDHAR,,,Bahadurpur Khurd (15),,,31.300022,75.755863,synthetic_envelope,SRC_VB_SYNTHETIC,,True,0.0,,v0.1,False
LOC_3588746DE2E8,shop,Hind Steel & TMT,हिन्द स्टील एंड टीएमटी,Uttar Pradesh,UP,Amroha,VB-UP-AMROHA,,,Rampur Majra (31),,,28.976282,78.355058,synthetic_envelope,SRC_VB_SYNTHETIC,,True,0.0,,v0.1,False
LOC_A99299BA794B,shop,Maa Durga Electricals,माँ दुर्गा इलेक्ट्रिकल्स,Haryana,HR,Panipat,VB-HR-PANIPAT,,,Shahpur Nagar,,,29.480798,77.032122,synthetic_envelope,SRC_VB_SYNTHETIC,,True,0.0,,v0.1,True
LOC_A22636AA150A,shop,Krishna Hardware,कृष्णा हार्डवेयर,Punjab,PB,Amritsar,VB-PB-AMRITSAR,,,Alipur Khera,,,31.583211,74.895026,synthetic_envelope,SRC_VB_SYNTHETIC,,True,0.0,,v0.1,False
LOC_BA53E8984486,shop,Ambey Hardware,अंबे हार्डवेयर,Punjab,PB,SAS Nagar,VB-PB-SAS-NAGAR,,,Umarpur Kalan,,,30.570536,76.845293,synthetic_envelope,SRC_VB_SYNTHETIC,,True,0.0,,v0.1,False
LOC_4FD28EC4649C,shop,Verma Building Materials,वर्मा बिल्डिंग मटेरियल,Haryana,HR,Ambala,VB-HR-AMBALA,,,Umarpur Majra,,,30.256159,76.811932,synthetic_envelope,SRC_VB_SYNTHETIC,,True,0.0,,v0.1,False
LOC_1DFA5CA91284,shop,Shanti Building Materials,शांति बिल्डिंग मटेरियल,Uttar Pradesh,UP,Kanpur Dehat,VB-UP-KANPUR-DEHAT,,,Basantpur Majra (25),,,26.561629,79.962376,synthetic_envelope,SRC_VB_SYNTHETIC,,True,0.0,,v0.1,False
LOC_099E3E879350,shop,Sharma Electricals,शर्मा इलेक्ट्रिकल्स,Uttar Pradesh,UP,Gorakhpur,VB-UP-GORAKHPUR,,,Rasulpur Kalan,,,26.650304,83.541016,synthetic_envelope,SRC_VB_SYNTHETIC,,True,0.0,,v0.1,False
LOC_5AE1441EFE18,shop,Shanti Cement Store,शांति सीमेंट स्टोर,Punjab,PB,Barnala,VB-PB-BARNALA,,,Manakpur Khurd (10),,,30.338026,75.506439,synthetic_envelope,SRC_VB_SYNTHETIC,,True,0.0,,v0.1,False
LOC_DA6ECC6B5BD4,shop,Ganpati Building Materials,गणपति बिल्डिंग मटेरियल,Punjab,PB,Patiala,VB-PB-PATIALA,,,Bahadurpur Khera (13),,,30.326643,76.522498,synthetic_envelope,SRC_VB_SYNTHETIC,,True,0.0,,v0.1,False
LOC_DBE553767245,shop,Gupta Pipes & Fittings,गुप्ता पाइप एंड फिटिंग्स,Haryana,HR,Yamunanagar,VB-HR-YAMUNANAGAR,,,Chandpur,,,30.271218,77.142997,synthetic_envelope,SRC_VB_SYNTHETIC,,True,0.0,,v0.1,False
LOC_9B90950C6AFC,shop,Ambey Hardware,अंबे हार्डवेयर,Punjab,PB,Ludhiana,VB-PB-LUDHIANA,,,Shahpur (16),,,30.802919,76.018725,synthetic_envelope,SRC_VB_SYNTHETIC,,True,0.0,,v0.1,False
LOC_AB598B3D6657,shop,Deep Building Materials,दीप बिल्डिंग मटेरियल,Uttar Pradesh,UP,Kanpur Dehat,VB-UP-KANPUR-DEHAT,,,Basantpur Majra (25),,,26.550646,79.968012,synthetic_envelope,SRC_VB_SYNTHETIC,,True,0.0,,v0.1,False
LOC_C227C0A54E4F,shop,Singh Roofing,सिंह रूफिंग,Delhi,DL,South West Delhi,VB-DL-SOUTH-WEST-D,,,Umarpur Kalan,,,28.609136,77.186271,synthetic_envelope,SRC_VB_SYNTHETIC,,True,0.0,,v0.1,True
LOC_A18650FAD65D,shop,Singh Cement Store,सिंह सीमेंट स्टोर,Punjab,PB,Jalandhar,VB-PB-JALANDHAR,,,Rasulpur Majra (13),,,31.418283,75.575673,synthetic_envelope,SRC_VB_SYNTHETIC,,True,0.0,,v0.1,False
LOC_8373460C5165,shop,National Cement Store,नेशनल सीमेंट स्टोर,Punjab,PB,Gurdaspur,VB-PB-GURDASPUR,,,Rampur Majra,,,32.132442,75.171852,synthetic_envelope,SRC_VB_SYNTHETIC,,True,0.0,,v0.1,False
LOC_B2672CE31037,shop,Gupta Bricks & Blocks,गुप्ता ईंट भंडार,Punjab,PB,Kapurthala,VB-PB-KAPURTHALA,,,Chandpur Khera (16),,,31.222073,75.50792,synthetic_envelope,SRC_VB_SYNTHETIC,,True,0.0,,v0.1,False
LOC_DF4954364A68,shop,Singh Electricals,सिंह इलेक्ट्रिकल्स,Uttar Pradesh,UP,Baghpat,VB-UP-BAGHPAT,,,Sikandarpur Kalan (14),,,29.067821,77.131406,synthetic_envelope,SRC_VB_SYNTHETIC,,True,0.0,,v0.1,True
LOC_BD6EF5987A5C,shop,Jai Bharat Pipes & Fittings,जय भारत पाइप एंड फिटिंग्स,Haryana,HR,Charkhi Dadri,VB-HR-CHARKHI-DADR,,,Sikandarpur,,,28.568888,76.373933,synthetic_envelope,SRC_VB_SYNTHETIC,,True,0.0,,v0.1,True
LOC_20EA095807F2,shop,Krishna Bricks & Blocks,कृष्णा ईंट भंडार,Uttar Pradesh,UP,Saharanpur,VB-UP-SAHARANPUR,,,Rasulpur Kalan,,,29.83455,77.792757,synthetic_envelope,SRC_VB_SYNTHETIC,,True,0.0,,v0.1,False
LOC_56ABC4181D4A,shop,Deep Hardware,दीप हार्डवेयर,Punjab,PB,Tarn Taran,VB-PB-TARN-TARAN,,,Bahadurpur Kalan (34),,,31.541209,74.883791,synthetic_envelope,SRC_VB_SYNTHETIC,,True,0.0,,v0.1,False
LOC_BCB51DEC5D7A,shop,Krishna Building Materials,कृष्णा बिल्डिंग मटेरियल,Uttar Pradesh,UP,Saharanpur,VB-UP-SAHARANPUR,,,Ladwa Khurd,,,29.85692,77.765782,synthetic_envelope,SRC_VB_SYNTHETIC,,True,0.0,,v0.1,False
LOC_7E6C6AB4BB75,shop,National Building Materials,नेशनल बिल्डिंग मटेरियल,Haryana,HR,Rohtak,VB-HR-ROHTAK,,,Shahpur Khera,,,28.837944,76.612112,synthetic_envelope,SRC_VB_SYNTHETIC,,True,0.0,,v0.1,True
LOC_5C6EF53AD04F,shop,Ambey Tiles,अंबे टाइल्स,Delhi,DL,North West Delhi,VB-DL-NORTH-WEST-D,,,Bhagwanpur Khurd,,,28.807877,76.994985,synthetic_envelope,SRC_VB_SYNTHETIC,,True,0.0,,v0.1,True
LOC_DDAF018C8FC5,shop,Verma Paints,वर्मा पेंट्स,Uttar Pradesh,UP,Unnao,VB-UP-UNNAO,,,Harjipur Khera (27),,,26.462392,80.596724,synthetic_envelope,SRC_VB_SYNTHETIC,,True,0.0,,v0.1,False
LOC_76F0B953B066,shop,Jai Bharat Cement Store,जय भारत सीमेंट स्टोर,Uttar Pradesh,UP,Bareilly,VB-UP-BAREILLY,,,Salempur Majra (26),,,28.607903,79.454818,synthetic_envelope,SRC_VB_SYNTHETIC,,True,0.0,,v0.1,False
LOC_BB65F84F670E,shop,National Sanitaryware,नेशनल सैनिटरीवेयर,Delhi,DL,North Delhi,VB-DL-NORTH-DELHI,,,Naurangpur Khera,,,28.789329,77.170876,synthetic_envelope,SRC_VB_SYNTHETIC,,True,0.0,,v0.1,True
LOC_725552EFC53C,shop,Verma Sanitaryware,वर्मा सैनिटरीवेयर,Haryana,HR,Rohtak,VB-HR-ROHTAK,,,Jhinjhana Khurd,,,28.727048,76.728599,synthetic_envelope,SRC_VB_SYNTHETIC,,True,0.0,,v0.1,True
LOC_7D1D7B3AE337,shop,Ambey Bricks & Blocks,अंबे ईंट भंडार,Uttar Pradesh,UP,Hardoi,VB-UP-HARDOI,,,Sikandarpur Khurd (13),,,27.188471,80.059393,synthetic_envelope,SRC_VB_SYNTHETIC,,True,0.0,,v0.1,False
LOC_ADFDD7511AB4,shop,Singh Steel & TMT,सिंह स्टील एंड टीएमटी,Uttar Pradesh,UP,Hapur,VB-UP-HAPUR,,,Kishanpur Khurd (11),,,28.62849,77.910092,synthetic_envelope,SRC_VB_SYNTHETIC,,True,0.0,,v0.1,True
LOC_FF776261E0CA,shop,Guru Nanak Bricks & Blocks,गुरु नानक ईंट भंडार,Uttar Pradesh,UP,Amroha,VB-UP-AMROHA,,,Mubarikpur (20),,,28.965966,78.332467,synthetic_envelope,SRC_VB_SYNTHETIC,,True,0.0,,v0.1,False
LOC_443C250E1AEF,shop,Jai Bharat Steel & TMT,जय भारत स्टील एंड टीएमटी,Punjab,PB,Kapurthala,VB-PB-KAPURTHALA,,,Salempur Nagar (8),,,31.509113,75.577053,synthetic_envelope,SRC_VB_SYNTHETIC,,True,0.0,,v0.1,False
LOC_52CE5DE14406,shop,Shanti Cement Store,शांति सीमेंट स्टोर,Uttar Pradesh,UP,Aligarh,VB-UP-ALIGARH,,,Naurangpur (25),,,27.880654,78.019742,synthetic_envelope,SRC_VB_SYNTHETIC,,True,0.0,,v0.1,False
LOC_9E18B91467AD,shop,Sharma Building Materials,शर्मा बिल्डिंग मटेरियल,Punjab,PB,Bathinda,VB-PB-BATHINDA,,,Bhagwanpur Nagar (15),,,30.132731,74.712569,synthetic_envelope,SRC_VB_SYNTHETIC,,True,0.0,,v0.1,False
LOC_FE9E2337F5B8,shop,Singh Tiles,सिंह टाइल्स,Punjab,PB,Sangrur,VB-PB-SANGRUR,,,Barwala Khurd (3),,,30.33294,75.569129,synthetic_envelope,SRC_VB_SYNTHETIC,,True,0.0,,v0.1,False
LOC_53D644D4F4B9,shop,National Cement Store,नेशनल सीमेंट स्टोर,Uttar Pradesh,UP,Hathras,VB-UP-HATHRAS,,,Alipur Nagar (4),,,27.505452,78.14931,synthetic_envelope,SRC_VB_SYNTHETIC,,True,0.0,,v0.1,False
LOC_60D91080F3D6,shop,National Cement Store,नेशनल सीमेंट स्टोर,Punjab,PB,Kapurthala,VB-PB-KAPURTHALA,,,Todarpur Kalan (24),,,31.346906,75.597228,synthetic_envelope,SRC_VB_SYNTHETIC,,True,0.0,,v0.1,False
LOC_7F206D194F5C,shop,Yadav Cement Store,यादव सीमेंट स्टोर,Haryana,HR,Yamunanagar,VB-HR-YAMUNANAGAR,,,Fatehpur Nagar,,,30.231831,77.293722,synthetic_envelope,SRC_VB_SYNTHETIC,,True,0.0,,v0.1,False
LOC_E677D6E20497,shop,Gupta Cement Store,गुप्ता सीमेंट स्टोर,Punjab,PB,Jalandhar,VB-PB-JALANDHAR,,,Barwala Khera (6),,,31.122367,75.405504,synthetic_envelope,SRC_VB_SYNTHETIC,,True,0.0,,v0.1,False
LOC_B706840A7000,shop,Yadav Steel & TMT,यादव स्टील एंड टीएमटी,Punjab,PB,Amritsar,VB-PB-AMRITSAR,,,Nathupur Majra,,,31.606219,75.134147,synthetic_envelope,SRC_VB_SYNTHETIC,,True,0.0,,v0.1,False
LOC_F71F7B862875,shop,Shri Balaji Bricks & Blocks,श्री बालाजी ईंट भंडार,Haryana,HR,Mahendragarh,VB-HR-MAHENDRAGARH,,,Rampur Kalan,,,28.313941,76.062833,synthetic_envelope,SRC_VB_SYNTHETIC,,True,0.0,,v0.1,True
LOC_97DC6DFA1707,shop,Yadav Building Materials,यादव बिल्डिंग मटेरियल,Punjab,PB,Moga,VB-PB-MOGA,,,Jamalpur Khurd (35),,,30.727774,75.000927,synthetic_envelope,SRC_VB_SYNTHETIC,,True,0.0,,v0.1,False
LOC_0C83F9F96D45,shop,Jai Bharat Building Materials,जय भारत बिल्डिंग मटेरियल,Punjab,PB,Malerkotla,VB-PB-MALERKOTLA,,,Dhanaura Majra (24),,,30.407553,75.986622,synthetic_envelope,SRC_VB_SYNTHETIC,,True,0.0,,v0.1,False
LOC_8C36CC6AA41C,shop,Gupta Cement Store,गुप्ता सीमेंट स्टोर,Haryana,HR,Karnal,VB-HR-KARNAL,,,Sultanpur Nagar (26),,,29.804485,77.259177,synthetic_envelope,SRC_VB_SYNTHETIC,,True,0.0,,v0.1,True
LOC_B117B6455E37,shop,Hind Hardware,हिन्द हार्डवेयर,Punjab,PB,Patiala,VB-PB-PATIALA,,,Mubarikpur Kalan (11),,,30.106936,76.296072,synthetic_envelope,SRC_VB_SYNTHETIC,,True,0.0,,v0.1,False
LOC_7E43A719265F,shop,National Hardware,नेशनल हार्डवेयर,Punjab,PB,Kapurthala,VB-PB-KAPURTHALA,,,Jhinjhana Khurd (11),,,31.432467,75.475047,synthetic_envelope,SRC_VB_SYNTHETIC,,True,0.0,,v0.1,False
LOC_E41271B79B88,shop,National Cement Store,नेशनल सीमेंट स्टोर,Punjab,PB,Amritsar,VB-PB-AMRITSAR,,,Nathupur Majra,,,31.601208,75.130846,synthetic_envelope,SRC_VB_SYNTHETIC,,True,0.0,,v0.1,False
LOC_D684C6822093,shop,Shri Balaji Paints,श्री बालाजी पेंट्स,Uttar Pradesh,UP,Muzaffarnagar,VB-UP-MUZAFFARNAGA,,,Dhanaura (12),,,29.445482,77.707426,synthetic_envelope,SRC_VB_SYNTHETIC,,True,0.0,,v0.1,True
LOC_EBFFC9FC7267,shop,Shanti Cement Store,शांति सीमेंट स्टोर,Uttar Pradesh,UP,Amroha,VB-UP-AMROHA,,,Manakpur Kalan (15),,,28.984584,78.384666,synthetic_envelope,SRC_VB_SYNTHETIC,,True,0.0,,v0.1,False
LOC_F4BEFE83137A,shop,Shanti Bricks & Blocks,शांति ईंट भंडार,Punjab,PB,Amritsar,VB-PB-AMRITSAR,,,Chandpur Khurd,,,31.629744,75.126734,synthetic_envelope,SRC_VB_SYNTHETIC,,True,0.0,,v0.1,False
LOC_F85A4F521EA5,shop,Deep Building Materials,दीप बिल्डिंग मटेरियल,Uttar Pradesh,UP,Kanpur Dehat,VB-UP-KANPUR-DEHAT,,,Jamalpur Khurd (28),,,26.331568,79.727101,synthetic_envelope,SRC_VB_SYNTHETIC,,True,0.0,,v0.1,False
LOC_AAC0787788B9,shop,Ambey Building Materials,अंबे बिल्डिंग मटेरियल,Uttar Pradesh,UP,Aligarh,VB-UP-ALIGARH,,,Ladwa Khurd (28),,,27.953143,77.899666,synthetic_envelope,SRC_VB_SYNTHETIC,,True,0.0,,v0.1,False
LOC_9F33673120FE,shop,Gupta Paints,गुप्ता पेंट्स,Haryana,HR,Kaithal,VB-HR-KAITHAL,,,Fatehpur Kalan (19),,,29.711643,76.472335,synthetic_envelope,SRC_VB_SYNTHETIC,,True,0.0,,v0.1,False
LOC_BCD8FC74BBCC,shop,Maa Durga Pipes & Fittings,माँ दुर्गा पाइप एंड फिटिंग्स,Punjab,PB,Nawanshahr,VB-PB-NAWANSHAHR,,,Dhanaura Kalan (6),,,31.290726,76.019522,synthetic_envelope,SRC_VB_SYNTHETIC,,True,0.0,,v0.1,False
LOC_E578472DA3F1,shop,Guru Nanak Tiles,गुरु नानक टाइल्स,Punjab,PB,Ludhiana,VB-PB-LUDHIANA,,,Kheri Khera (29),,,31.113736,75.777986,synthetic_envelope,SRC_VB_SYNTHETIC,,True,0.0,,v0.1,False
LOC_A6B4148E3B2F,shop,Ambey Building Materials,अंबे बिल्डिंग मटेरियल,Haryana,HR,Mahendragarh,VB-HR-MAHENDRAGARH,,,Gopalpur,,,28.251298,75.978703,synthetic_envelope,SRC_VB_SYNTHETIC,,True,0.0,,v0.1,True
LOC_6329A340B395,shop,Singh Tiles,सिंह टाइल्स,Uttar Pradesh,UP,Moradabad,VB-UP-MORADABAD,,,Rampur Kalan,,,28.785422,78.739263,synthetic_envelope,SRC_VB_SYNTHETIC,,True,0.0,,v0.1,False
LOC_F8949F167DAB,shop,Hind Bricks & Blocks,हिन्द ईंट भंडार,Punjab,PB,Ludhiana,VB-PB-LUDHIANA,,,Naurangpur Khera (1),,,30.703192,75.977476,synthetic_envelope,SRC_VB_SYNTHETIC,,True,0.0,,v0.1,False
LOC_DD8D601D0792,shop,Krishna Hardware,कृष्णा हार्डवेयर,Uttar Pradesh,UP,Prayagraj,VB-UP-PRAYAGRAJ,,,Sikandarpur Kalan,,,25.331484,82.018169,synthetic_envelope,SRC_VB_SYNTHETIC,,True,0.0,,v0.1,False
LOC_CB06F885CDFC,shop,Gupta Building Materials,गुप्ता बिल्डिंग मटेरियल,Haryana,HR,Jind,VB-HR-JIND,,,Bhagwanpur Majra (10),,,29.555366,76.435664,synthetic_envelope,SRC_VB_SYNTHETIC,,True,0.0,,v0.1,True
LOC_06314540FB4B,shop,Ambey Cement Store,अंबे सीमेंट स्टोर,Haryana,HR,Rohtak,VB-HR-ROHTAK,,,Bhojpur Kalan,,,28.785604,76.705064,synthetic_envelope,SRC_VB_SYNTHETIC,,True,0.0,,v0.1,True
LOC_93B8BE2265E2,shop,Yadav Building Materials,यादव बिल्डिंग मटेरियल,Uttar Pradesh,UP,Firozabad,VB-UP-FIROZABAD,,,Basantpur Majra,,,27.190885,78.423686,synthetic_envelope,SRC_VB_SYNTHETIC,,True,0.0,,v0.1,False
LOC_284031636304,shop,Gupta Hardware,गुप्ता हार्डवेयर,Haryana,HR,Ambala,VB-HR-AMBALA,,,Naurangpur,,,30.209248,76.856523,synthetic_envelope,SRC_VB_SYNTHETIC,,True,0.0,,v0.1,False
LOC_DB0CA0E99190,shop,Singh Hardware,सिंह हार्डवेयर,Punjab,PB,SAS Nagar,VB-PB-SAS-NAGAR,,,Devipur Majra,,,30.590749,76.837477,synthetic_envelope,SRC_VB_SYNTHETIC,,True,0.0,,v0.1,False
LOC_A61985D02EBE,shop,New Kisan Cement Store,न्यू किसान सीमेंट स्टोर,Uttar Pradesh,UP,Firozabad,VB-UP-FIROZABAD,,,Jhinjhana Khera,,,27.176859,78.58849,synthetic_envelope,SRC_VB_SYNTHETIC,,True,0.0,,v0.1,False
LOC_7F147FF97B51,shop,Jai Bharat Cement Store,जय भारत सीमेंट स्टोर,Uttar Pradesh,UP,Hathras,VB-UP-HATHRAS,,,Umarpur (2),,,27.487134,78.196934,synthetic_envelope,SRC_VB_SYNTHETIC,,True,0.0,,v0.1,False
LOC_1F30D6E1CC0D,shop,Gupta Hardware,गुप्ता हार्डवेयर,Punjab,PB,Fatehgarh Sahib,VB-PB-FATEHGARH-SA,,,Nathupur Nagar (3),,,30.657333,76.515444,synthetic_envelope,SRC_VB_SYNTHETIC,,True,0.0,,v0.1,False
LOC_F33ED20DAC3F,shop,Bansal Building Materials,बंसल बिल्डिंग मटेरियल,Uttar Pradesh,UP,Lucknow,VB-UP-LUCKNOW,,,Fatehpur Khurd,,,26.941183,81.090357,synthetic_envelope,SRC_VB_SYNTHETIC,,True,0.0,,v0.1,False
LOC_738B15240335,shop,Maa Durga Building Materials,माँ दुर्गा बिल्डिंग मटेरियल,Punjab,PB,Patiala,VB-PB-PATIALA,,,Nathupur Majra (9),,,30.205338,76.544244,synthetic_envelope,SRC_VB_SYNTHETIC,,True,0.0,,v0.1,False
LOC_FF8AFE1824E0,shop,National Paints,नेशनल पेंट्स,Uttar Pradesh,UP,Baghpat,VB-UP-BAGHPAT,,,Harjipur Kalan (30),,,29.115364,77.114388,synthetic_envelope,SRC_VB_SYNTHETIC,,True,0.0,,v0.1,True
LOC_8084DACE189F,shop,Verma Hardware,वर्मा हार्डवेयर,Uttar Pradesh,UP,Rampur,VB-UP-RAMPUR,,,Basantpur Khurd (22),,,28.740894,79.269623,synthetic_envelope,SRC_VB_SYNTHETIC,,True,0.0,,v0.1,False
LOC_FECD1EFA8432,shop,Gupta Hardware,गुप्ता हार्डवेयर,Punjab,PB,Amritsar,VB-PB-AMRITSAR,,,Salempur,,,31.572774,75.164285,synthetic_envelope,SRC_VB_SYNTHETIC,,True,0.0,,v0.1,False
LOC_665D891CEBD0,shop,Krishna Pipes & Fittings,कृष्णा पाइप एंड फिटिंग्स,Uttar Pradesh,UP,Budaun,VB-UP-BUDAUN,,,Naurangpur Khurd (30),,,28.067036,79.001406,synthetic_envelope,SRC_VB_SYNTHETIC,,True,0.0,,v0.1,False
LOC_C244A2913278,shop,Singh Hardware,सिंह हार्डवेयर,Haryana,HR,Sonipat,VB-HR-SONIPAT,,,Alipur,,,28.94051,76.940568,synthetic_envelope,SRC_VB_SYNTHETIC,,True,0.0,,v0.1,True
LOC_0EC7760E14EB,shop,Jai Bharat Building Materials,जय भारत बिल्डिंग मटेरियल,Uttar Pradesh,UP,Saharanpur,VB-UP-SAHARANPUR,,,Dhanaura Nagar,,,29.93054,77.776723,synthetic_envelope,SRC_VB_SYNTHETIC,,True,0.0,,v0.1,False
LOC_2384035C74E0,shop,Shri Balaji Roofing,श्री बालाजी रूफिंग,Punjab,PB,Mansa,VB-PB-MANSA,,,Fatehpur Khurd (24),,,29.793756,75.400881,synthetic_envelope,SRC_VB_SYNTHETIC,,True,0.0,,v0.1,False
LOC_88F8A59EE838,shop,National Paints,नेशनल पेंट्स,Uttar Pradesh,UP,Kanpur Dehat,VB-UP-KANPUR-DEHAT,,,Kheri Khurd (16),,,26.457187,79.912805,synthetic_envelope,SRC_VB_SYNTHETIC,,True,0.0,,v0.1,False
LOC_9721D8C5D5E3,shop,Singh Paints,सिंह पेंट्स,Punjab,PB,Barnala,VB-PB-BARNALA,,,Bhagwanpur (31),,,30.249332,75.521955,synthetic_envelope,SRC_VB_SYNTHETIC,,True,0.0,,v0.1,False
LOC_DEE83A50EE54,shop,Shanti Cement Store,शांति सीमेंट स्टोर,Uttar Pradesh,UP,Bijnor,VB-UP-BIJNOR,,,Manakpur Khera (29),,,29.26592,78.189701,synthetic_envelope,SRC_VB_SYNTHETIC,,True,0.0,,v0.1,False
LOC_D107EB444A9F,shop,New Kisan Paints,न्यू किसान पेंट्स,Punjab,PB,Jalandhar,VB-PB-JALANDHAR,,,Bahadurpur Khera (12),,,31.35248,75.494433,synthetic_envelope,SRC_VB_SYNTHETIC,,True,0.0,,v0.1,False
LOC_B34C1CF4095D,shop,Krishna Hardware,कृष्णा हार्डवेयर,Uttar Pradesh,UP,Gorakhpur,VB-UP-GORAKHPUR,,,Alipur Nagar,,,26.794856,83.47757,synthetic_envelope,SRC_VB_SYNTHETIC,,True,0.0,,v0.1,False
LOC_11FDDE047BCC,shop,Maa Durga Building Materials,माँ दुर्गा बिल्डिंग मटेरियल,Uttar Pradesh,UP,Hathras,VB-UP-HATHRAS,,,Barwala Khera (29),,,27.499621,78.081945,synthetic_envelope,SRC_VB_SYNTHETIC,,True,0.0,,v0.1,False
LOC_9CB87861E00F,shop,Ganpati Hardware,गणपति हार्डवेयर,Uttar Pradesh,UP,Hardoi,VB-UP-HARDOI,,,Bahadurpur Majra (31),,,27.502543,80.203329,synthetic_envelope,SRC_VB_SYNTHETIC,,True,0.0,,v0.1,False
LOC_6A2FF7C70DF6,shop,National Bricks & Blocks,नेशनल ईंट भंडार,Uttar Pradesh,UP,Rampur,VB-UP-RAMPUR,,,Kishanpur Khurd (11),,,28.724136,79.066071,synthetic_envelope,SRC_VB_SYNTHETIC,,True,0.0,,v0.1,False
LOC_127065E9066D,shop,Deep Hardware,दीप हार्डवेयर,Punjab,PB,Pathankot,VB-PB-PATHANKOT,,,Kheri Khurd,,,32.393623,75.679854,synthetic_envelope,SRC_VB_SYNTHETIC,,True,0.0,,v0.1,False
LOC_ADB89B8C8803,shop,Sharma Cement Store,शर्मा सीमेंट स्टोर,Haryana,HR,Faridabad,VB-HR-FARIDABAD,,,Gopalpur Khera,,,28.396956,77.436599,synthetic_envelope,SRC_VB_SYNTHETIC,,True,0.0,,v0.1,True
LOC_7220900F445D,shop,Yadav Bricks & Blocks,यादव ईंट भंडार,Punjab,PB,Nawanshahr,VB-PB-NAWANSHAHR,,,Devipur (10),,,31.047241,76.23447,synthetic_envelope,SRC_VB_SYNTHETIC,,True,0.0,,v0.1,False
LOC_9F09C6A63D1D,shop,Ganpati Building Materials,गणपति बिल्डिंग मटेरियल,Punjab,PB,Rupnagar,VB-PB-RUPNAGAR,,,Nangla Khurd,,,30.908535,76.368671,synthetic_envelope,SRC_VB_SYNTHETIC,,True,0.0,,v0.1,False
LOC_A0B1ACD04871,shop,Guru Nanak Building Materials,गुरु नानक बिल्डिंग मटेरियल,Uttar Pradesh,UP,Shamli,VB-UP-SHAMLI,,,Kheri Khurd (4),,,29.409272,77.387636,synthetic_envelope,SRC_VB_SYNTHETIC,,True,0.0,,v0.1,True
LOC_9636722853F3,shop,Bansal Pipes & Fittings,बंसल पाइप एंड फिटिंग्स,Uttar Pradesh,UP,Agra,VB-UP-AGRA,,,Sultanpur,,,27.263772,77.946838,synthetic_envelope,SRC_VB_SYNTHETIC,,True,0.0,,v0.1,False
LOC_9AA0601CFBEF,shop,Deep Sanitaryware,दीप सैनिटरीवेयर,Uttar Pradesh,UP,Baghpat,VB-UP-BAGHPAT,,,Salempur (20),,,29.013013,77.135018,synthetic_envelope,SRC_VB_SYNTHETIC,,True,0.0,,v0.1,True
LOC_F3765E0D66AC,shop,Singh Sanitaryware,सिंह सैनिटरीवेयर,Punjab,PB,Mansa,VB-PB-MANSA,,,Kishanpur Majra (7),,,29.861386,75.291068,synthetic_envelope,SRC_VB_SYNTHETIC,,True,0.0,,v0.1,False
LOC_E9C0489E261A,shop,Ambey Building Materials,अंबे बिल्डिंग मटेरियल,Punjab,PB,Sangrur,VB-PB-SANGRUR,,,Bhojpur Majra (29),,,30.283077,75.581455,synthetic_envelope,SRC_VB_SYNTHETIC,,True,0.0,,v0.1,False
LOC_3C4FFEFD9BB9,shop,Shanti Building Materials,शांति बिल्डिंग मटेरियल,Punjab,PB,Hoshiarpur,VB-PB-HOSHIARPUR,,,Naurangpur Majra,,,31.421939,75.830908,synthetic_envelope,SRC_VB_SYNTHETIC,,True,0.0,,v0.1,False
LOC_63A22CB87E10,shop,Guru Nanak Cement Store,गुरु नानक सीमेंट स्टोर,Haryana,HR,Fatehabad,VB-HR-FATEHABAD,,,Salempur Nagar (3),,,29.277176,75.588679,synthetic_envelope,SRC_VB_SYNTHETIC,,True,0.0,,v0.1,False
LOC_2C5995105A7F,shop,Sharma Building Materials,शर्मा बिल्डिंग मटेरियल,Punjab,PB,SAS Nagar,VB-PB-SAS-NAGAR,,,Barwala Kalan,,,30.648229,76.641261,synthetic_envelope,SRC_VB_SYNTHETIC,,True,0.0,,v0.1,False
LOC_BF30744F0A5D,shop,Gupta Electricals,गुप्ता इलेक्ट्रिकल्स,Haryana,HR,Ambala,VB-HR-AMBALA,,,Rampur Majra,,,30.259889,76.923546,synthetic_envelope,SRC_VB_SYNTHETIC,,True,0.0,,v0.1,False
LOC_B3F83EDC343B,shop,New Kisan Building Materials,न्यू किसान बिल्डिंग मटेरियल,Punjab,PB,Sangrur,VB-PB-SANGRUR,,,Bahadurpur Majra (15),,,30.380987,75.547689,synthetic_envelope,SRC_VB_SYNTHETIC,,True,0.0,,v0.1,False
LOC_9BD622FC3666,shop,Bansal Pipes & Fittings,बंसल पाइप एंड फिटिंग्स,Punjab,PB,Patiala,VB-PB-PATIALA,,,Ladwa Kalan (23),,,30.516674,76.295943,synthetic_envelope,SRC_VB_SYNTHETIC,,True,0.0,,v0.1,False
LOC_7EE3DF04FE77,shop,National Building Materials,नेशनल बिल्डिंग मटेरियल,Uttar Pradesh,UP,Bijnor,VB-UP-BIJNOR,,,Umarpur Khera (27),,,29.259584,78.043907,synthetic_envelope,SRC_VB_SYNTHETIC,,True,0.0,,v0.1,False
LOC_067BDDB52057,shop,Shanti Cement Store,शांति सीमेंट स्टोर,Uttar Pradesh,UP,Hapur,VB-UP-HAPUR,,,Mubarikpur Nagar (16),,,28.839257,77.71747,synthetic_envelope,SRC_VB_SYNTHETIC,,True,0.0,,v0.1,True
LOC_FB8FF05DA709,shop,Krishna Pipes & Fittings,कृष्णा पाइप एंड फिटिंग्स,Punjab,PB,Bathinda,VB-PB-BATHINDA,,,Bhojpur Majra (13),,,30.032337,74.718201,synthetic_envelope,SRC_VB_SYNTHETIC,,True,0.0,,v0.1,False
LOC_5EF15C922370,shop,Bansal Sanitaryware,बंसल सैनिटरीवेयर,Uttar Pradesh,UP,Mainpuri,VB-UP-MAINPURI,,,Naurangpur Khurd (22),,,27.095611,79.013462,synthetic_envelope,SRC_VB_SYNTHETIC,,True,0.0,,v0.1,False
LOC_2EBEDB6EB8A5,shop,Yadav Building Materials,यादव बिल्डिंग मटेरियल,Uttar Pradesh,UP,Ghaziabad,VB-UP-GHAZIABAD,,,Alipur,,,28.708892,77.613478,synthetic_envelope,SRC_VB_SYNTHETIC,,True,0.0,,v0.1,True
LOC_CFDBB456ADE1,shop,Krishna Building Materials,कृष्णा बिल्डिंग मटेरियल,Punjab,PB,Gurdaspur,VB-PB-GURDASPUR,,,Sultanpur Nagar,,,32.110673,75.352126,synthetic_envelope,SRC_VB_SYNTHETIC,,True,0.0,,v0.1,False
LOC_D3E3D126618E,shop,National Cement Store,नेशनल सीमेंट स्टोर,Uttar Pradesh,UP,Aligarh,VB-UP-ALIGARH,,,Basantpur Khera (14),,,27.972835,78.033091,synthetic_envelope,SRC_VB_SYNTHETIC,,True,0.0,,v0.1,False
LOC_7C54F7A91FA0,shop,Gupta Pipes & Fittings,गुप्ता पाइप एंड फिटिंग्स,Uttar Pradesh,UP,Budaun,VB-UP-BUDAUN,,,Bahadurpur Nagar (3),,,28.0284,78.972881,synthetic_envelope,SRC_VB_SYNTHETIC,,True,0.0,,v0.1,False
LOC_65BF4EF2F0AC,shop,Maa Durga Building Materials,माँ दुर्गा बिल्डिंग मटेरियल,Uttar Pradesh,UP,Mathura,VB-UP-MATHURA,,,Jamalpur Nagar,,,27.341144,77.614086,synthetic_envelope,SRC_VB_SYNTHETIC,,True,0.0,,v0.1,False
LOC_95C8FB331E0F,shop,Jai Bharat Steel & TMT,जय भारत स्टील एंड टीएमटी,Punjab,PB,Nawanshahr,VB-PB-NAWANSHAHR,,,Bahadurpur Khera (30),,,31.212284,75.96339,synthetic_envelope,SRC_VB_SYNTHETIC,,True,0.0,,v0.1,False
LOC_335880A43139,shop,Gupta Cement Store,गुप्ता सीमेंट स्टोर,Punjab,PB,Bathinda,VB-PB-BATHINDA,,,Rampur Khera (29),,,30.447972,74.960411,synthetic_envelope,SRC_VB_SYNTHETIC,,True,0.0,,v0.1,False
LOC_01AC2493C4B1,shop,Shri Balaji Building Materials,श्री बालाजी बिल्डिंग मटेरियल,Haryana,HR,Karnal,VB-HR-KARNAL,,,Barwala Kalan (28),,,29.573067,77.054353,synthetic_envelope,SRC_VB_SYNTHETIC,,True,0.0,,v0.1,True
LOC_6C00623DA66D,shop,Deep Hardware,दीप हार्डवेयर,Haryana,HR,Sirsa,VB-HR-SIRSA,,,Harjipur (3),,,29.784537,74.859969,synthetic_envelope,SRC_VB_SYNTHETIC,,True,0.0,,v0.1,False
LOC_FD6A216FFB7D,shop,Deep Building Materials,दीप बिल्डिंग मटेरियल,Uttar Pradesh,UP,Meerut,VB-UP-MEERUT,,,Sultanpur Khera,,,28.945498,77.975488,synthetic_envelope,SRC_VB_SYNTHETIC,,True,0.0,,v0.1,True
LOC_ADE34F147C3D,shop,Hind Bricks & Blocks,हिन्द ईंट भंडार,Uttar Pradesh,UP,Baghpat,VB-UP-BAGHPAT,,,Kishanpur Khurd (13),,,28.924154,77.389443,synthetic_envelope,SRC_VB_SYNTHETIC,,True,0.0,,v0.1,True
LOC_C68F5FA53702,shop,New Kisan Hardware,न्यू किसान हार्डवेयर,Punjab,PB,Nawanshahr,VB-PB-NAWANSHAHR,,,Umarpur (11),,,31.259376,75.988438,synthetic_envelope,SRC_VB_SYNTHETIC,,True,0.0,,v0.1,False
LOC_83B67D38E775,shop,Deep Tiles,दीप टाइल्स,Punjab,PB,Sangrur,VB-PB-SANGRUR,,,Sultanpur Nagar (11),,,30.271998,76.156771,synthetic_envelope,SRC_VB_SYNTHETIC,,True,0.0,,v0.1,False
LOC_E04200A8D5EF,shop,Sharma Electricals,शर्मा इलेक्ट्रिकल्स,Uttar Pradesh,UP,Budaun,VB-UP-BUDAUN,,,Barwala Nagar (2),,,28.060967,79.22533,synthetic_envelope,SRC_VB_SYNTHETIC,,True,0.0,,v0.1,False
LOC_D6CCB4A9F4B2,shop,Ganpati Steel & TMT,गणपति स्टील एंड टीएमटी,Punjab,PB,Faridkot,VB-PB-FARIDKOT,,,Harjipur Khera (25),,,30.492666,74.681721,synthetic_envelope,SRC_VB_SYNTHETIC,,True,0.0,,v0.1,False
LOC_BE7E2FF212B1,shop,Sharma Steel & TMT,शर्मा स्टील एंड टीएमटी,Uttar Pradesh,UP,Meerut,VB-UP-MEERUT,,,Rampur Kalan,,,28.740388,77.719092,synthetic_envelope,SRC_VB_SYNTHETIC,,True,0.0,,v0.1,True
LOC_AA170E99F281,shop,Yadav Cement Store,यादव सीमेंट स्टोर,Uttar Pradesh,UP,Etah,VB-UP-ETAH,,,Jhinjhana Nagar (7),,,27.452317,78.599541,synthetic_envelope,SRC_VB_SYNTHETIC,,True,0.0,,v0.1,False
LOC_1DF722046C08,shop,Ambey Cement Store,अंबे सीमेंट स्टोर,Punjab,PB,Fatehgarh Sahib,VB-PB-FATEHGARH-SA,,,Nathupur Nagar (3),,,30.651435,76.504016,synthetic_envelope,SRC_VB_SYNTHETIC,,True,0.0,,v0.1,False
LOC_82FA1B5C95A0,shop,Guru Nanak Building Materials,गुरु नानक बिल्डिंग मटेरियल,Haryana,HR,Faridabad,VB-HR-FARIDABAD,,,Sultanpur Kalan,,,28.401161,77.365894,synthetic_envelope,SRC_VB_SYNTHETIC,,True,0.0,,v0.1,True
LOC_F7C6E16378A4,shop,Maa Durga Hardware,माँ दुर्गा हार्डवेयर,Punjab,PB,Ludhiana,VB-PB-LUDHIANA,,,Sikandarpur Majra (2),,,31.141487,75.753694,synthetic_envelope,SRC_VB_SYNTHETIC,,True,0.0,,v0.1,False
LOC_0286F43504A4,shop,National Cement Store,नेशनल सीमेंट स्टोर,Punjab,PB,Jalandhar,VB-PB-JALANDHAR,,,Shahpur Khera (18),,,31.446176,75.57321,synthetic_envelope,SRC_VB_SYNTHETIC,,True,0.0,,v0.1,False
LOC_49593033D04E,shop,Verma Cement Store,वर्मा सीमेंट स्टोर,Punjab,PB,Pathankot,VB-PB-PATHANKOT,,,Kheri Nagar,,,32.375501,75.71638,synthetic_envelope,SRC_VB_SYNTHETIC,,True,0.0,,v0.1,False
LOC_7FFB08638A9D,shop,Gupta Steel & TMT,गुप्ता स्टील एंड टीएमटी,Haryana,HR,Hisar,VB-HR-HISAR,,,Manakpur Khera (31),,,28.906555,75.509195,synthetic_envelope,SRC_VB_SYNTHETIC,,True,0.0,,v0.1,False
LOC_9065672D43C4,shop,New Kisan Building Materials,न्यू किसान बिल्डिंग मटेरियल,Haryana,HR,Charkhi Dadri,VB-HR-CHARKHI-DADR,,,Bahadurpur Majra,,,28.477858,76.472988,synthetic_envelope,SRC_VB_SYNTHETIC,,True,0.0,,v0.1,True
LOC_3DED4D8BE319,shop,Bansal Cement Store,बंसल सीमेंट स्टोर,Uttar Pradesh,UP,Gorakhpur,VB-UP-GORAKHPUR,,,Jhinjhana,,,26.867611,83.261044,synthetic_envelope,SRC_VB_SYNTHETIC,,True,0.0,,v0.1,False
LOC_A094AC63B8E6,shop,Bansal Tiles,बंसल टाइल्स,Uttar Pradesh,UP,Bijnor,VB-UP-BIJNOR,,,Umarpur Khera (27),,,29.273709,78.057479,synthetic_envelope,SRC_VB_SYNTHETIC,,True,0.0,,v0.1,False
LOC_BFCCF51607D0,shop,National Steel & TMT,नेशनल स्टील एंड टीएमटी,Haryana,HR,Yamunanagar,VB-HR-YAMUNANAGAR,,,Nathupur Majra,,,30.250215,77.112497,synthetic_envelope,SRC_VB_SYNTHETIC,,True,0.0,,v0.1,False
LOC_F986D90587C6,shop,Bansal Steel & TMT,बंसल स्टील एंड टीएमटी,Haryana,HR,Bhiwani,VB-HR-BHIWANI,,,Chandpur Khurd,,,28.811451,75.8968,synthetic_envelope,SRC_VB_SYNTHETIC,,True,0.0,,v0.1,True
LOC_7D1937814AA4,shop,Bansal Steel & TMT,बंसल स्टील एंड टीएमटी,Punjab,PB,Moga,VB-PB-MOGA,,,Basantpur Nagar (6),,,30.832505,75.325487,synthetic_envelope,SRC_VB_SYNTHETIC,,True,0.0,,v0.1,False
LOC_F3787CE65842,shop,Jai Bharat Paints,जय भारत पेंट्स,Uttar Pradesh,UP,Hapur,VB-UP-HAPUR,,,Alipur Nagar (9),,,28.662456,77.907198,synthetic_envelope,SRC_VB_SYNTHETIC,,True,0.0,,v0.1,True
LOC_CF9EC9B03A16,shop,New Kisan Paints,न्यू किसान पेंट्स,Delhi,DL,West Delhi,VB-DL-WEST-DELHI,,,Bahadurpur Majra,,,28.64499,77.054329,synthetic_envelope,SRC_VB_SYNTHETIC,,True,0.0,,v0.1,True
LOC_8D54E252DB57,shop,Hind Cement Store,हिन्द सीमेंट स्टोर,Uttar Pradesh,UP,Shamli,VB-UP-SHAMLI,,,Rasulpur Kalan (15),,,29.378644,77.448162,synthetic_envelope,SRC_VB_SYNTHETIC,,True,0.0,,v0.1,True
LOC_C6ED471636E7,shop,Gupta Tiles,गुप्ता टाइल्स,Uttar Pradesh,UP,Moradabad,VB-UP-MORADABAD,,,Nangla Khurd,,,28.791831,78.640661,synthetic_envelope,SRC_VB_SYNTHETIC,,True,0.0,,v0.1,False
LOC_AE656E9E4EF6,shop,Hind Electricals,हिन्द इलेक्ट्रिकल्स,Uttar Pradesh,UP,Etawah,VB-UP-ETAWAH,,,Harjipur Kalan (10),,,27.021694,79.19418,synthetic_envelope,SRC_VB_SYNTHETIC,,True,0.0,,v0.1,False
LOC_34D991F296B2,shop,Hind Steel & TMT,हिन्द स्टील एंड टीएमटी,Haryana,HR,Palwal,VB-HR-PALWAL,,,Dhanaura (19),,,28.09761,77.411122,synthetic_envelope,SRC_VB_SYNTHETIC,,True,0.0,,v0.1,True
LOC_FA819C0E7C8D,shop,Gupta Hardware,गुप्ता हार्डवेयर,Haryana,HR,Jind,VB-HR-JIND,,,Dhanaura Kalan (1),,,29.199102,76.543256,synthetic_envelope,SRC_VB_SYNTHETIC,,True,0.0,,v0.1,True
LOC_9A85FA52157D,shop,Singh Pipes & Fittings,सिंह पाइप एंड फिटिंग्स,Haryana,HR,Panipat,VB-HR-PANIPAT,,,Shahpur Khurd,,,29.362664,76.741204,synthetic_envelope,SRC_VB_SYNTHETIC,,True,0.0,,v0.1,True
LOC_D3D5F936C730,shop,Ambey Steel & TMT,अंबे स्टील एंड टीएमटी,Uttar Pradesh,UP,Kanpur Nagar,VB-UP-KANPUR-NAGAR,,,Gopalpur Khurd,,,26.404863,80.42734,synthetic_envelope,SRC_VB_SYNTHETIC,,True,0.0,,v0.1,False
LOC_84253133F595,shop,Bansal Building Materials,बंसल बिल्डिंग मटेरियल,Punjab,PB,Fazilka,VB-PB-FAZILKA,,,Jhinjhana Majra (25),,,30.244365,74.095042,synthetic_envelope,SRC_VB_SYNTHETIC,,True,0.0,,v0.1,False
LOC_9777454B6208,shop,Maa Durga Hardware,माँ दुर्गा हार्डवेयर,Haryana,HR,Ambala,VB-HR-AMBALA,,,Fatehpur Majra,,,30.248168,76.956856,synthetic_envelope,SRC_VB_SYNTHETIC,,True,0.0,,v0.1,False
LOC_FB8F4CB9CFC3,shop,Hind Bricks & Blocks,हिन्द ईंट भंडार,Uttar Pradesh,UP,Bijnor,VB-UP-BIJNOR,,,Todarpur Khurd (24),,,29.396602,78.068668,synthetic_envelope,SRC_VB_SYNTHETIC,,True,0.0,,v0.1,False
LOC_B1EC3F2A6E5B,shop,Yadav Building Materials,यादव बिल्डिंग मटेरियल,Punjab,PB,Ferozepur,VB-PB-FEROZEPUR,,,Barwala (8),,,30.920278,74.863653,synthetic_envelope,SRC_VB_SYNTHETIC,,True,0.0,,v0.1,False
LOC_A7C23B8D7FC4,shop,Krishna Building Materials,कृष्णा बिल्डिंग मटेरियल,Uttar Pradesh,UP,Hathras,VB-UP-HATHRAS,,,Bhagwanpur Nagar (12),,,27.44405,78.120276,synthetic_envelope,SRC_VB_SYNTHETIC,,True,0.0,,v0.1,False
