farmer_node_id,village_location_id,district,state_code,latitude,longitude,farm_size_ha,primary_crop_id,primary_crop_key,secondary_crop_id,secondary_crop_key,market_preference_mandi_id,road_access_km,is_synthetic,generation_method,seed,dataset_version
FRM_B05D4D9F0585,LOC_CB4DC5D8B868,Gurdaspur,PB,32.10525,75.323553,1.82,CRP_5ED728C2FA5D,tomato,,,MND_E2F2E16B54CD,0.469,True,agri_envelope_ring_v1,20260903,v0.1
FRM_ED26D3777638,LOC_3A229DEAA8B7,Barnala,PB,30.222607,75.539026,2.65,CRP_CAA75103C53B,gram,CRP_E91C254AD588,potato,MND_DEA1CD5F415B,0.826,True,agri_envelope_ring_v1,20260903,v0.1
FRM_CE4E12252703,LOC_543B72BED05E,Muktsar,PB,30.296941,74.456507,6.49,CRP_CAA75103C53B,gram,CRP_D955CA97E44D,maize,MND_AE02C36E7ACD,0.783,True,agri_envelope_ring_v1,20260903,v0.1
FRM_285C67C19A11,LOC_CA1347BCF32E,Nawanshahr,PB,31.070007,76.246131,3.15,CRP_69E399851C84,cotton,,,MND_D400EAD28DB3,0.478,True,agri_envelope_ring_v1,20260903,v0.1
FRM_40009B2616D3,LOC_80A8D38A7B19,Hapur,UP,28.861583,77.693543,1.25,CRP_7CC27C59C145,urad,,,MND_596F86458307,1.064,True,agri_envelope_ring_v1,20260903,v0.1
FRM_512B3DC71691,LOC_C6C7F5E19B5F,Mansa,PB,29.994358,75.285255,1.44,CRP_B2E55E456CF4,sugarcane,CRP_2554D1918FBC,paddy,MND_BA2F125FAB06,0.337,True,agri_envelope_ring_v1,20260903,v0.1
FRM_A801B74EB84A,LOC_046BA1419F25,Mahendragarh,HR,28.397358,75.988142,5.66,CRP_B2E55E456CF4,sugarcane,CRP_E2253B73169D,guar,MND_F02880680127,0.471,True,agri_envelope_ring_v1,20260903,v0.1
FRM_5F78CB51287C,LOC_81A50B4A6DF9,Amritsar,PB,31.64267,75.179219,0.77,CRP_D955CA97E44D,maize,CRP_E91C254AD588,potato,MND_E2F2E16B54CD,1.658,True,agri_envelope_ring_v1,20260903,v0.1
FRM_575C9D2006A7,LOC_5C6E093BA2F7,Rupnagar,PB,30.936295,76.434674,25.23,CRP_2554D1918FBC,paddy,CRP_CAA75103C53B,gram,MND_D400EAD28DB3,0.386,True,agri_envelope_ring_v1,20260903,v0.1
FRM_82A9AFB310C1,LOC_1096F2BBC2F2,Charkhi Dadri,HR,28.570397,76.392737,1.55,CRP_BF35A2D3261F,cauliflower,CRP_2554D1918FBC,paddy,MND_F02880680127,1.69,True,agri_envelope_ring_v1,20260903,v0.1
FRM_E67FF5A05659,LOC_D0E60D9B3376,Muktsar,PB,30.246234,74.508304,0.96,CRP_B2E55E456CF4,sugarcane,CRP_8F398886C326,sunflower,MND_AE02C36E7ACD,0.24,True,agri_envelope_ring_v1,20260903,v0.1
FRM_D9C63579FC6F,LOC_AED1D557D0E4,Rupnagar,PB,30.913526,76.383576,0.71,CRP_69E399851C84,cotton,CRP_D955CA97E44D,maize,MND_D400EAD28DB3,1.672,True,agri_envelope_ring_v1,20260903,v0.1
FRM_03218DE5CB53,LOC_A2C24DA14D7E,Sonipat,HR,28.999521,76.94849,1.64,CRP_352B5B6699D8,mustard,CRP_B2E55E456CF4,sugarcane,MND_538E435A4360,0.576,True,agri_envelope_ring_v1,20260903,v0.1
FRM_D59982AA1065,LOC_1C45156BD4BD,Hoshiarpur,PB,31.625787,75.721817,2.15,CRP_D7A9EAD0B15C,barley,CRP_5ED728C2FA5D,tomato,MND_46CD786BC585,0.78,True,agri_envelope_ring_v1,20260903,v0.1
FRM_C2AFBAF824FC,LOC_3FBE94730A3F,Kurukshetra,HR,29.973737,77.037837,1.29,CRP_2554D1918FBC,paddy,CRP_E91C254AD588,potato,MND_4ADE384C6981,0.118,True,agri_envelope_ring_v1,20260903,v0.1
FRM_7B93C3A2C3FB,LOC_1BEF49DA6156,Kaithal,HR,29.727316,76.545086,0.71,CRP_D7A9EAD0B15C,barley,CRP_8F398886C326,sunflower,MND_7491C25B20FE,0.316,True,agri_envelope_ring_v1,20260903,v0.1
FRM_44C8DE38EF6B,LOC_B653FCB43810,Agra,UP,27.165524,78.27705,0.67,CRP_352B5B6699D8,mustard,CRP_2554D1918FBC,paddy,MND_5B5C6B926181,0.298,True,agri_envelope_ring_v1,20260903,v0.1
FRM_6D236F42A425,LOC_C012A5DC785F,Panipat,HR,29.406631,77.052513,0.58,CRP_69E399851C84,cotton,CRP_7CC27C59C145,urad,MND_283ED6EAAB84,0.872,True,agri_envelope_ring_v1,20260903,v0.1
FRM_A82209DFCA04,LOC_10436ADB91D6,Sonipat,HR,29.062171,76.914622,4.08,CRP_8F398886C326,sunflower,CRP_DE6C334339AC,wheat,MND_538E435A4360,1.713,True,agri_envelope_ring_v1,20260903,v0.1
FRM_2970156D7FFF,LOC_7036847809B3,Sangrur,PB,30.388083,75.572065,1.78,CRP_2554D1918FBC,paddy,,,MND_BA2F125FAB06,1.288,True,agri_envelope_ring_v1,20260903,v0.1
FRM_259AFD241EDE,LOC_7DFA77872B91,Rewari,HR,28.102604,76.644466,1.6,CRP_E91C254AD588,potato,CRP_352B5B6699D8,mustard,MND_3F94E23EB0A5,0.904,True,agri_envelope_ring_v1,20260903,v0.1
FRM_D6143AB621DD,LOC_1BA556DD8934,Sambhal,UP,28.53259,78.372744,4.77,CRP_352B5B6699D8,mustard,CRP_7CC27C59C145,urad,MND_B8828956892C,1.443,True,agri_envelope_ring_v1,20260903,v0.1
FRM_F5D36320778A,LOC_759A1B4F43D7,Bhiwani,HR,28.921063,75.897556,0.71,CRP_B2E55E456CF4,sugarcane,,,MND_F02880680127,0.932,True,agri_envelope_ring_v1,20260903,v0.1
FRM_4342397AF199,LOC_96D9724E2F71,Mainpuri,UP,27.246942,79.243309,0.55,CRP_5ED728C2FA5D,tomato,,,MND_9AC86A6D5AEC,1.211,True,agri_envelope_ring_v1,20260903,v0.1
FRM_34D6FB2812B7,LOC_6B62822E95E7,Moradabad,UP,28.746576,78.675401,1.2,CRP_D955CA97E44D,maize,CRP_4DDD4816119A,arhar,MND_B8828956892C,2.429,True,agri_envelope_ring_v1,20260903,v0.1
FRM_B33008FCBA64,LOC_E3C65AFE4C82,Hapur,UP,28.770926,77.65952,1.26,CRP_E91C254AD588,potato,CRP_2554D1918FBC,paddy,MND_596F86458307,0.475,True,agri_envelope_ring_v1,20260903,v0.1
FRM_1B86DF960F7F,LOC_C91136F7DA2D,Sambhal,UP,28.442132,78.5157,9.18,CRP_352B5B6699D8,mustard,CRP_E91C254AD588,potato,MND_B8828956892C,1.131,True,agri_envelope_ring_v1,20260903,v0.1
FRM_FFEA15224699,LOC_4AC8B3E2CC6B,Rampur,UP,28.711485,79.082828,1.15,CRP_4DDD4816119A,arhar,CRP_E91C254AD588,potato,MND_B8828956892C,2.137,True,agri_envelope_ring_v1,20260903,v0.1
FRM_BA905842067B,LOC_FBBDCE4D51BE,Hisar,HR,29.038266,76.001685,1.54,CRP_28F945D9AC9C,bajra,CRP_2554D1918FBC,paddy,MND_F02880680127,0.489,True,agri_envelope_ring_v1,20260903,v0.1
FRM_F2C1AD84FC41,LOC_E82DB40AE668,Shamli,UP,29.32222,77.439606,2.17,CRP_D955CA97E44D,maize,CRP_B2E55E456CF4,sugarcane,MND_C163C6E4A832,0.281,True,agri_envelope_ring_v1,20260903,v0.1
FRM_2E55BF8779AB,LOC_D24294F70C96,Shamli,UP,29.396968,77.4057,1.71,CRP_5ED728C2FA5D,tomato,CRP_352B5B6699D8,mustard,MND_283ED6EAAB84,0.767,True,agri_envelope_ring_v1,20260903,v0.1
FRM_1AA1AC84D5E7,LOC_71A0C74FD1A2,Baghpat,UP,28.86358,77.083088,1.69,CRP_28F945D9AC9C,bajra,CRP_5ED728C2FA5D,tomato,MND_1796B26F4DCC,0.343,True,agri_envelope_ring_v1,20260903,v0.1
FRM_3D70C3AB1473,LOC_A6232DB6ED9D,Prayagraj,UP,25.331636,82.006452,1.45,CRP_7CC27C59C145,urad,,,MND_EE2349EB6FB3,1.372,True,agri_envelope_ring_v1,20260903,v0.1
FRM_D380F8C0E12C,LOC_E4901F87FB92,Amroha,UP,28.899602,78.384503,1.12,CRP_2554D1918FBC,paddy,CRP_D955CA97E44D,maize,MND_B8828956892C,0.677,True,agri_envelope_ring_v1,20260903,v0.1
FRM_B5F5DA2645F7,LOC_BAD659FFF6D2,Mathura,UP,27.383994,77.650284,1.11,CRP_E91C254AD588,potato,CRP_2554D1918FBC,paddy,MND_BBFD6D659730,0.506,True,agri_envelope_ring_v1,20260903,v0.1
FRM_EC89B7C56DB3,LOC_2001428C34E3,Ferozepur,PB,30.94589,74.892567,6.12,CRP_8F398886C326,sunflower,,,MND_AE02C36E7ACD,0.796,True,agri_envelope_ring_v1,20260903,v0.1
FRM_51613D307C91,LOC_755E69FE5840,Shamli,UP,29.400161,77.37221,1.13,CRP_DE6C334339AC,wheat,CRP_D7A9EAD0B15C,barley,MND_C163C6E4A832,1.008,True,agri_envelope_ring_v1,20260903,v0.1
FRM_B4B02F645D64,LOC_E153757816AF,Nuh,HR,28.116814,76.903866,2.47,CRP_7CC27C59C145,urad,CRP_E2253B73169D,guar,MND_50FC19D7AEC4,1.075,True,agri_envelope_ring_v1,20260903,v0.1
FRM_301050D76310,LOC_53A43137CDA4,Nuh,HR,28.040607,76.973166,1.77,CRP_5ED728C2FA5D,tomato,CRP_288971671685,onion,MND_BBFD6D659730,0.654,True,agri_envelope_ring_v1,20260903,v0.1
FRM_37302D84DB05,LOC_7DFE95B957B4,Muzaffarnagar,UP,29.648556,77.882792,1.4,CRP_CAA75103C53B,gram,CRP_DE6C334339AC,wheat,MND_05333875B51A,2.192,True,agri_envelope_ring_v1,20260903,v0.1
FRM_E3BE926FF891,LOC_2DD8759B2434,Sirsa,HR,29.750479,74.842157,1.5,CRP_5ED728C2FA5D,tomato,CRP_E2253B73169D,guar,MND_AE02C36E7ACD,0.992,True,agri_envelope_ring_v1,20260903,v0.1
FRM_569E33779BB1,LOC_89FF3E5626BA,Baghpat,UP,28.895122,77.145558,1.07,CRP_D955CA97E44D,maize,CRP_2554D1918FBC,paddy,MND_1796B26F4DCC,0.985,True,agri_envelope_ring_v1,20260903,v0.1
FRM_F75B2250ECC9,LOC_3F3FE3682CCE,Kapurthala,PB,31.434438,75.574876,1.06,CRP_C7952894B2A5,moong,CRP_CAA75103C53B,gram,MND_46CD786BC585,0.2,True,agri_envelope_ring_v1,20260903,v0.1
FRM_02B1D627AC5F,LOC_4DF28344DC93,Malerkotla,PB,30.576314,75.769406,0.68,CRP_B2E55E456CF4,sugarcane,,,MND_DEA1CD5F415B,0.53,True,agri_envelope_ring_v1,20260903,v0.1
FRM_5D74457281A6,LOC_A9E61941B248,Rampur,UP,28.674853,78.861901,0.83,CRP_D955CA97E44D,maize,CRP_C7952894B2A5,moong,MND_B8828956892C,0.994,True,agri_envelope_ring_v1,20260903,v0.1
FRM_6DF7A002C46D,LOC_E9EBF9CE0D4B,Agra,UP,27.254876,77.870222,1.83,CRP_288971671685,onion,CRP_28F945D9AC9C,bajra,MND_316B3A33D09D,0.35,True,agri_envelope_ring_v1,20260903,v0.1
FRM_520809877004,LOC_23104BADCA84,Budaun,UP,28.06859,79.236533,1.18,CRP_BF35A2D3261F,cauliflower,CRP_288971671685,onion,MND_B8828956892C,0.78,True,agri_envelope_ring_v1,20260903,v0.1
FRM_5D4A6053A6FB,LOC_24994F2BB6C1,Tarn Taran,PB,31.553394,74.773362,1.82,CRP_DE6C334339AC,wheat,CRP_CAA75103C53B,gram,MND_E2F2E16B54CD,1.843,True,agri_envelope_ring_v1,20260903,v0.1
FRM_5BDAA2C4470E,LOC_DC13DD3AE2C9,Rohtak,HR,28.695796,76.707155,1.02,CRP_D955CA97E44D,maize,CRP_BF35A2D3261F,cauliflower,MND_372DA5A01CDA,1.265,True,agri_envelope_ring_v1,20260903,v0.1
FRM_FDC296A97914,LOC_EC72BC99600E,Patiala,PB,30.148519,76.469493,0.8,CRP_69E399851C84,cotton,,,MND_9C5A213D03D2,0.865,True,agri_envelope_ring_v1,20260903,v0.1
FRM_691A400C0703,LOC_1162988D1108,Gorakhpur,UP,26.663787,83.557152,0.98,CRP_28F945D9AC9C,bajra,CRP_B2E55E456CF4,sugarcane,MND_362E0E09CB0D,1.269,True,agri_envelope_ring_v1,20260903,v0.1
FRM_2D551100735F,LOC_1B0921645D5A,Bathinda,PB,30.070509,74.744441,3.38,CRP_C7952894B2A5,moong,CRP_352B5B6699D8,mustard,MND_BA2F125FAB06,2.339,True,agri_envelope_ring_v1,20260903,v0.1
FRM_74F89D9354DD,LOC_099DA3942A2D,Fazilka,PB,30.219223,74.004457,3.34,CRP_D955CA97E44D,maize,,,MND_AE02C36E7ACD,1.46,True,agri_envelope_ring_v1,20260903,v0.1
FRM_B1C1378ACBA3,LOC_12E2CEAA35E2,Hapur,UP,28.753167,77.694544,1.88,CRP_5ED728C2FA5D,tomato,CRP_BF35A2D3261F,cauliflower,MND_96D277426B8A,1.019,True,agri_envelope_ring_v1,20260903,v0.1
FRM_A65B1123D758,LOC_480CAA297FBD,Kanpur Dehat,UP,26.505332,79.870656,0.46,CRP_DE6C334339AC,wheat,CRP_7CC27C59C145,urad,MND_301551655568,0.444,True,agri_envelope_ring_v1,20260903,v0.1
FRM_B48BE577F3F5,LOC_A136E606D1EF,Bhiwani,HR,28.746373,76.275458,3.4,CRP_C7952894B2A5,moong,CRP_D955CA97E44D,maize,MND_F02880680127,0.27,True,agri_envelope_ring_v1,20260903,v0.1
FRM_D0B06EE64F9E,LOC_9EA68EF5F884,Palwal,HR,28.068342,77.468724,0.45,CRP_28F945D9AC9C,bajra,CRP_D955CA97E44D,maize,MND_BBFD6D659730,1.361,True,agri_envelope_ring_v1,20260903,v0.1
FRM_281FC71DECCB,LOC_E8F4B3A165CE,Faridkot,PB,30.486905,74.663812,9.22,CRP_B2E55E456CF4,sugarcane,,,MND_FE8D567E9001,0.398,True,agri_envelope_ring_v1,20260903,v0.1
FRM_1E9C955324BF,LOC_6C8CB2018F48,Rampur,UP,28.652062,79.027715,3.44,CRP_DE6C334339AC,wheat,,,MND_B8828956892C,1.276,True,agri_envelope_ring_v1,20260903,v0.1
FRM_B7F460DEB744,LOC_9D2F8358A79A,Shamli,UP,29.414455,77.310245,2.07,CRP_E91C254AD588,potato,,,MND_C163C6E4A832,0.126,True,agri_envelope_ring_v1,20260903,v0.1
FRM_9A2E57085399,LOC_B93ABC1A7A1E,Moga,PB,30.715825,75.284931,1.22,CRP_5ED728C2FA5D,tomato,CRP_69E399851C84,cotton,MND_FE8D567E9001,0.588,True,agri_envelope_ring_v1,20260903,v0.1
FRM_03C972E95D34,LOC_4EDE6D436356,Ambala,HR,30.249385,76.980737,1.45,CRP_69E399851C84,cotton,,,MND_3F6468C86419,0.799,True,agri_envelope_ring_v1,20260903,v0.1
FRM_79B408C31B8D,LOC_F48DBE1A3175,Mansa,PB,29.856543,75.359276,2.24,CRP_C7952894B2A5,moong,CRP_DE6C334339AC,wheat,MND_BA2F125FAB06,1.164,True,agri_envelope_ring_v1,20260903,v0.1
FRM_2D8541B77563,LOC_4F5C4100BBAD,Nawanshahr,PB,31.273145,76.020824,2.41,CRP_352B5B6699D8,mustard,CRP_C7952894B2A5,moong,MND_DA6DF57ACFEE,2.014,True,agri_envelope_ring_v1,20260903,v0.1
FRM_B41581243C72,LOC_726959C345DF,Fazilka,PB,30.240302,73.957559,0.83,CRP_5ED728C2FA5D,tomato,CRP_C7952894B2A5,moong,MND_AE02C36E7ACD,0.102,True,agri_envelope_ring_v1,20260903,v0.1
FRM_1B5354B99504,LOC_09356C6B58C9,Nawanshahr,PB,30.941842,76.242211,1.7,CRP_D955CA97E44D,maize,CRP_2554D1918FBC,paddy,MND_D400EAD28DB3,1.038,True,agri_envelope_ring_v1,20260903,v0.1
FRM_D5A7D5AAF293,LOC_E4750ED4564A,Hapur,UP,28.584583,77.863878,1.66,CRP_352B5B6699D8,mustard,CRP_5ED728C2FA5D,tomato,MND_96D277426B8A,1.017,True,agri_envelope_ring_v1,20260903,v0.1
FRM_61B941D753DB,LOC_9447DA7C958A,Fatehgarh Sahib,PB,30.681601,76.49468,0.83,CRP_E91C254AD588,potato,,,MND_D3D37BB2E2D7,1.23,True,agri_envelope_ring_v1,20260903,v0.1
FRM_0BFB5F2039DD,LOC_F300C0C87036,Faridkot,PB,30.521174,74.685651,0.76,CRP_D955CA97E44D,maize,CRP_69E399851C84,cotton,MND_AE02C36E7ACD,0.544,True,agri_envelope_ring_v1,20260903,v0.1
FRM_FDBC258C8292,LOC_FE9011588D59,Shahjahanpur,UP,27.816695,80.015194,1.05,CRP_28F945D9AC9C,bajra,CRP_7CC27C59C145,urad,MND_301551655568,0.39,True,agri_envelope_ring_v1,20260903,v0.1
FRM_2C27CD16BFE0,LOC_7F990C6BE303,Malerkotla,PB,30.527994,75.86684,1.45,CRP_DE6C334339AC,wheat,CRP_D955CA97E44D,maize,MND_548773D47A30,1.613,True,agri_envelope_ring_v1,20260903,v0.1
FRM_9502F53219A7,LOC_80F96B8B277C,Rampur,UP,28.650677,78.98423,0.72,CRP_BF35A2D3261F,cauliflower,CRP_28F945D9AC9C,bajra,MND_B8828956892C,0.126,True,agri_envelope_ring_v1,20260903,v0.1
FRM_B2A2357DA0C8,LOC_E9E991D04B95,Meerut,UP,28.877735,77.993574,1.33,CRP_352B5B6699D8,mustard,CRP_B2E55E456CF4,sugarcane,MND_96D277426B8A,1.344,True,agri_envelope_ring_v1,20260903,v0.1
FRM_A94805AE56FF,LOC_BE67611A99B4,Bulandshahr,UP,28.456164,77.840841,3.06,CRP_4DDD4816119A,arhar,,,MND_2E59AF542C18,0.233,True,agri_envelope_ring_v1,20260903,v0.1
FRM_91EB88AAA9A5,LOC_1DDDFDAEE94A,Sonipat,HR,29.047144,77.197247,1.89,CRP_28F945D9AC9C,bajra,CRP_288971671685,onion,MND_538E435A4360,0.077,True,agri_envelope_ring_v1,20260903,v0.1
FRM_04BF3CAD14E7,LOC_D3625EF562B9,Budaun,UP,28.184277,79.18656,0.54,CRP_28F945D9AC9C,bajra,CRP_2554D1918FBC,paddy,MND_9AC86A6D5AEC,1.211,True,agri_envelope_ring_v1,20260903,v0.1
FRM_B9C17FEEE92F,LOC_DFDF67D49C6B,Sangrur,PB,30.416342,75.593259,3.4,CRP_2554D1918FBC,paddy,CRP_69E399851C84,cotton,MND_DEA1CD5F415B,1.538,True,agri_envelope_ring_v1,20260903,v0.1
FRM_D4E625B4B32C,LOC_0163623C3753,Barnala,PB,30.233898,75.519991,1.45,CRP_B2E55E456CF4,sugarcane,,,MND_DEA1CD5F415B,0.51,True,agri_envelope_ring_v1,20260903,v0.1
FRM_24FD0B038F29,LOC_30566802A547,Etawah,UP,26.872099,78.77102,1.26,CRP_288971671685,onion,CRP_7CC27C59C145,urad,MND_316B3A33D09D,0.865,True,agri_envelope_ring_v1,20260903,v0.1
FRM_B63540B3EA02,LOC_6ECB487D5CF7,Hoshiarpur,PB,31.488584,75.725238,6.08,CRP_352B5B6699D8,mustard,CRP_69E399851C84,cotton,MND_46CD786BC585,1.018,True,agri_envelope_ring_v1,20260903,v0.1
FRM_943029C5FAAD,LOC_DF0C862C6CFE,Hisar,HR,29.092167,75.974364,0.33,CRP_D955CA97E44D,maize,,,MND_CB2E88CD3113,1.504,True,agri_envelope_ring_v1,20260903,v0.1
FRM_35E4ABE6CD30,LOC_F2720701A610,Meerut,UP,28.922554,77.911242,2.26,CRP_D955CA97E44D,maize,,,MND_596F86458307,1.052,True,agri_envelope_ring_v1,20260903,v0.1
FRM_F961E592FD85,LOC_6A6522ECAF15,Kanpur Nagar,UP,26.487307,80.150954,2.61,CRP_BF35A2D3261F,cauliflower,CRP_DE6C334339AC,wheat,MND_301551655568,0.96,True,agri_envelope_ring_v1,20260903,v0.1
FRM_68B7E13FD36A,LOC_99235E34344C,Faridkot,PB,30.545384,74.89949,0.99,CRP_352B5B6699D8,mustard,CRP_69E399851C84,cotton,MND_AE02C36E7ACD,0.833,True,agri_envelope_ring_v1,20260903,v0.1
FRM_F996FD6F9FC6,LOC_F02DB64FEDB9,Jind,HR,29.301871,76.039493,1.0,CRP_E2253B73169D,guar,CRP_352B5B6699D8,mustard,MND_07DDCCA966AE,0.724,True,agri_envelope_ring_v1,20260903,v0.1
FRM_968BC40555D1,LOC_1FC99A17CD93,Panchkula,HR,30.835235,76.921112,1.2,CRP_E2253B73169D,guar,CRP_8F398886C326,sunflower,MND_D3D37BB2E2D7,1.074,True,agri_envelope_ring_v1,20260903,v0.1
FRM_988E23D3E0BB,LOC_C2DF33543F22,Mainpuri,UP,27.297639,79.251547,0.72,CRP_28F945D9AC9C,bajra,CRP_B2E55E456CF4,sugarcane,MND_9AC86A6D5AEC,0.338,True,agri_envelope_ring_v1,20260903,v0.1
FRM_6C218504DF71,LOC_DD6C3D8ADB09,Patiala,PB,30.206498,76.580076,1.65,CRP_8F398886C326,sunflower,CRP_D7A9EAD0B15C,barley,MND_9C5A213D03D2,1.171,True,agri_envelope_ring_v1,20260903,v0.1
FRM_FD77ED4F9099,LOC_0996F6BD75B6,Bijnor,UP,29.339803,78.144101,1.45,CRP_352B5B6699D8,mustard,CRP_2554D1918FBC,paddy,MND_05333875B51A,2.168,True,agri_envelope_ring_v1,20260903,v0.1
FRM_B04FD884D6B9,LOC_6E5437ECF9D5,Muktsar,PB,30.626155,74.67309,0.73,CRP_B2E55E456CF4,sugarcane,CRP_D955CA97E44D,maize,MND_AE02C36E7ACD,0.451,True,agri_envelope_ring_v1,20260903,v0.1
FRM_8A305AF72410,LOC_5352866B41D8,Palwal,HR,28.091429,77.390768,1.78,CRP_28F945D9AC9C,bajra,CRP_352B5B6699D8,mustard,MND_BBFD6D659730,0.547,True,agri_envelope_ring_v1,20260903,v0.1
FRM_BD386CB85887,LOC_42C9C04CE554,Sitapur,UP,27.358548,80.673366,2.25,CRP_352B5B6699D8,mustard,CRP_BF35A2D3261F,cauliflower,MND_954F0551D2D8,0.139,True,agri_envelope_ring_v1,20260903,v0.1
FRM_B05BB2D61AE3,LOC_726959C345DF,Fazilka,PB,30.267298,73.934009,1.58,CRP_5ED728C2FA5D,tomato,CRP_D7A9EAD0B15C,barley,MND_AE02C36E7ACD,1.301,True,agri_envelope_ring_v1,20260903,v0.1
FRM_24980EF0899B,LOC_55F9B34C658A,Sambhal,UP,28.524095,78.376911,4.86,CRP_D7A9EAD0B15C,barley,CRP_2554D1918FBC,paddy,MND_B8828956892C,1.034,True,agri_envelope_ring_v1,20260903,v0.1
FRM_CF3C2498E023,LOC_FB4DA877B4E7,Mathura,UP,27.600513,77.531781,1.39,CRP_4DDD4816119A,arhar,CRP_D955CA97E44D,maize,MND_BBFD6D659730,1.886,True,agri_envelope_ring_v1,20260903,v0.1
FRM_CFCF1B67B507,LOC_011D3FFD0D7A,Jind,HR,29.547408,76.456621,1.74,CRP_352B5B6699D8,mustard,CRP_28F945D9AC9C,bajra,MND_7491C25B20FE,1.116,True,agri_envelope_ring_v1,20260903,v0.1
FRM_352664C514D6,LOC_7722E66AA1E4,Shahjahanpur,UP,27.936455,79.882994,1.35,CRP_CAA75103C53B,gram,CRP_B2E55E456CF4,sugarcane,MND_9AC86A6D5AEC,1.407,True,agri_envelope_ring_v1,20260903,v0.1
FRM_3895037B1E4B,LOC_D31A2E25FC78,Bareilly,UP,28.485733,79.574131,0.58,CRP_7CC27C59C145,urad,CRP_BF35A2D3261F,cauliflower,MND_9AC86A6D5AEC,0.193,True,agri_envelope_ring_v1,20260903,v0.1
FRM_7516DF2BD2AB,LOC_5A121ABD68FC,Baghpat,UP,28.965364,77.402942,2.5,CRP_352B5B6699D8,mustard,CRP_D955CA97E44D,maize,MND_4217655002FF,0.789,True,agri_envelope_ring_v1,20260903,v0.1
FRM_188C8E5A5A89,LOC_4070FA2E3B2C,Nawanshahr,PB,30.962748,76.187573,3.74,CRP_5ED728C2FA5D,tomato,,,MND_D400EAD28DB3,0.893,True,agri_envelope_ring_v1,20260903,v0.1
FRM_E4F470192FC3,LOC_BC441C1982A8,Hathras,UP,27.51893,78.148355,2.23,CRP_E91C254AD588,potato,CRP_DE6C334339AC,wheat,MND_316B3A33D09D,2.186,True,agri_envelope_ring_v1,20260903,v0.1
FRM_5CEFE7A72F53,LOC_5ED96B91B910,Baghpat,UP,29.097044,77.122478,2.49,CRP_352B5B6699D8,mustard,CRP_D955CA97E44D,maize,MND_538E435A4360,1.441,True,agri_envelope_ring_v1,20260903,v0.1
FRM_AB22708DA5B6,LOC_ED1659E61382,Muzaffarnagar,UP,29.671137,77.788814,0.83,CRP_7CC27C59C145,urad,CRP_DE6C334339AC,wheat,MND_05333875B51A,0.286,True,agri_envelope_ring_v1,20260903,v0.1
FRM_73F717A2C636,LOC_241DA091A28B,Muktsar,PB,30.27203,74.386822,5.6,CRP_D955CA97E44D,maize,CRP_D7A9EAD0B15C,barley,MND_AE02C36E7ACD,0.483,True,agri_envelope_ring_v1,20260903,v0.1
FRM_0057A6442553,LOC_598C5C7B65F9,Palwal,HR,28.221987,77.137166,0.85,CRP_BF35A2D3261F,cauliflower,CRP_8F398886C326,sunflower,MND_BBFD6D659730,1.39,True,agri_envelope_ring_v1,20260903,v0.1
FRM_1F094266A7C6,LOC_AF7AE44CC5C7,Unnao,UP,26.588487,80.555449,1.33,CRP_352B5B6699D8,mustard,CRP_7CC27C59C145,urad,MND_F0BDDB3CC08D,1.571,True,agri_envelope_ring_v1,20260903,v0.1
FRM_E92683CEFCB7,LOC_679EA7BE4A16,Baghpat,UP,28.903041,77.373791,1.03,CRP_5ED728C2FA5D,tomato,CRP_352B5B6699D8,mustard,MND_4217655002FF,0.514,True,agri_envelope_ring_v1,20260903,v0.1
FRM_7C5B9CAA4FA4,LOC_1DCE8D81B91E,Fazilka,PB,30.161868,73.994914,3.35,CRP_5ED728C2FA5D,tomato,,,MND_AE02C36E7ACD,0.071,True,agri_envelope_ring_v1,20260903,v0.1
FRM_379613C510B9,LOC_B6FF5DEFE6BE,Malerkotla,PB,30.467096,75.990688,0.78,CRP_69E399851C84,cotton,CRP_E91C254AD588,potato,MND_548773D47A30,0.533,True,agri_envelope_ring_v1,20260903,v0.1
FRM_CD3C50B20E02,LOC_EEA297E34182,Mainpuri,UP,27.077384,78.936921,0.22,CRP_C7952894B2A5,moong,CRP_CAA75103C53B,gram,MND_316B3A33D09D,0.572,True,agri_envelope_ring_v1,20260903,v0.1
FRM_D1A1441E3465,LOC_1A9C7ACA9394,Saharanpur,UP,29.895177,77.819133,1.16,CRP_4DDD4816119A,arhar,,,MND_D5BFCB18509B,0.987,True,agri_envelope_ring_v1,20260903,v0.1
FRM_4C62847FE0E6,LOC_8730AA17B1A5,Bareilly,UP,28.248246,79.628239,1.07,CRP_D7A9EAD0B15C,barley,CRP_4DDD4816119A,arhar,MND_9AC86A6D5AEC,1.394,True,agri_envelope_ring_v1,20260903,v0.1
FRM_1FD296C60173,LOC_C8250E20BC21,Kanpur Nagar,UP,26.518647,80.099392,2.16,CRP_7CC27C59C145,urad,CRP_B2E55E456CF4,sugarcane,MND_F0BDDB3CC08D,1.508,True,agri_envelope_ring_v1,20260903,v0.1
FRM_F57EA576EF2F,LOC_BA3175B9D6D7,Tarn Taran,PB,31.51662,75.095478,0.77,CRP_B2E55E456CF4,sugarcane,CRP_DE6C334339AC,wheat,MND_E2F2E16B54CD,0.496,True,agri_envelope_ring_v1,20260903,v0.1
FRM_0BC6473A73E4,LOC_20177FB88660,Patiala,PB,30.303683,76.499418,1.45,CRP_B2E55E456CF4,sugarcane,CRP_DE6C334339AC,wheat,MND_9AE87167EF0F,1.17,True,agri_envelope_ring_v1,20260903,v0.1
FRM_E39BACF8C180,LOC_2315B843B621,Moga,PB,30.803515,75.29534,1.21,CRP_DE6C334339AC,wheat,CRP_B2E55E456CF4,sugarcane,MND_FE8D567E9001,0.923,True,agri_envelope_ring_v1,20260903,v0.1
FRM_509C160CF823,LOC_1DF0E63EFA3F,Rupnagar,PB,31.14693,76.62616,0.98,CRP_DE6C334339AC,wheat,,,MND_D400EAD28DB3,0.899,True,agri_envelope_ring_v1,20260903,v0.1
FRM_F1A5DDF502D1,LOC_61D258442C7C,Etawah,UP,26.873656,79.053574,4.46,CRP_CAA75103C53B,gram,CRP_288971671685,onion,MND_301551655568,0.251,True,agri_envelope_ring_v1,20260903,v0.1
FRM_C99E416AF12D,LOC_D153CC66E5EA,Budaun,UP,28.024698,79.125249,0.85,CRP_DE6C334339AC,wheat,CRP_D955CA97E44D,maize,MND_9AC86A6D5AEC,1.552,True,agri_envelope_ring_v1,20260903,v0.1
FRM_22745FF16C1B,LOC_1EFC6D3A16E5,Mansa,PB,29.909175,75.264873,1.35,CRP_8F398886C326,sunflower,CRP_352B5B6699D8,mustard,MND_BA2F125FAB06,1.592,True,agri_envelope_ring_v1,20260903,v0.1
FRM_81085FC222C8,LOC_2357C4C47593,Agra,UP,27.01099,78.304838,1.94,CRP_B2E55E456CF4,sugarcane,CRP_D955CA97E44D,maize,MND_316B3A33D09D,2.222,True,agri_envelope_ring_v1,20260903,v0.1
FRM_0075B88D9C18,LOC_01A7F878FCE7,Muzaffarnagar,UP,29.494072,77.93354,1.13,CRP_D955CA97E44D,maize,,,MND_05333875B51A,0.755,True,agri_envelope_ring_v1,20260903,v0.1
FRM_933CF862D733,LOC_694B16AE5673,Varanasi,UP,25.369551,82.998506,0.36,CRP_28F945D9AC9C,bajra,,,MND_EE2349EB6FB3,0.35,True,agri_envelope_ring_v1,20260903,v0.1
FRM_67F69D2FD7B7,LOC_62A3444B1071,Bathinda,PB,30.271283,74.762997,5.06,CRP_DE6C334339AC,wheat,CRP_8F398886C326,sunflower,MND_AE02C36E7ACD,0.541,True,agri_envelope_ring_v1,20260903,v0.1
FRM_F6E75728485E,LOC_473538DB2B53,Fazilka,PB,30.206905,74.097265,2.31,CRP_CAA75103C53B,gram,CRP_8F398886C326,sunflower,MND_AE02C36E7ACD,1.56,True,agri_envelope_ring_v1,20260903,v0.1
FRM_CD3DD30CCA74,LOC_6AA8472A6CE1,Muzaffarnagar,UP,29.523582,77.619501,1.17,CRP_2554D1918FBC,paddy,CRP_BF35A2D3261F,cauliflower,MND_D5BFCB18509B,0.817,True,agri_envelope_ring_v1,20260903,v0.1
FRM_4A06FB098E3A,LOC_782A9DB3C01B,Hathras,UP,27.491891,78.212511,13.26,CRP_352B5B6699D8,mustard,,,MND_316B3A33D09D,0.816,True,agri_envelope_ring_v1,20260903,v0.1
FRM_777E449A1BB2,LOC_97BA86C62DB3,Kaithal,HR,29.643511,76.507345,0.91,CRP_69E399851C84,cotton,,,MND_7491C25B20FE,0.934,True,agri_envelope_ring_v1,20260903,v0.1
FRM_A784EE30C70E,LOC_D6895D30FF85,Karnal,HR,29.5096,77.095574,0.56,CRP_D955CA97E44D,maize,,,MND_283ED6EAAB84,0.457,True,agri_envelope_ring_v1,20260903,v0.1
FRM_4577F60F12EB,LOC_E8D6896520B5,Prayagraj,UP,25.3045,82.096915,2.05,CRP_DE6C334339AC,wheat,,,MND_362E0E09CB0D,2.093,True,agri_envelope_ring_v1,20260903,v0.1
FRM_B679517C4AE7,LOC_E6674766C312,Agra,UP,27.282554,77.832347,0.63,CRP_7CC27C59C145,urad,CRP_CAA75103C53B,gram,MND_316B3A33D09D,0.807,True,agri_envelope_ring_v1,20260903,v0.1
FRM_E0D7C9DDC742,LOC_CD1064F737ED,Ferozepur,PB,30.966668,74.883002,2.49,CRP_D7A9EAD0B15C,barley,CRP_C7952894B2A5,moong,MND_FE8D567E9001,1.643,True,agri_envelope_ring_v1,20260903,v0.1
FRM_750BC960126C,LOC_E434EAF408B9,Muktsar,PB,30.58448,74.584047,9.04,CRP_5ED728C2FA5D,tomato,,,MND_AE02C36E7ACD,0.427,True,agri_envelope_ring_v1,20260903,v0.1
FRM_A637E3FB8F2D,LOC_BE3D8071E341,Unnao,UP,26.511062,80.552119,5.16,CRP_DE6C334339AC,wheat,CRP_C7952894B2A5,moong,MND_301551655568,0.494,True,agri_envelope_ring_v1,20260903,v0.1
FRM_2353EE674548,LOC_19213ACDF995,Aligarh,UP,27.888344,77.998925,1.88,CRP_C7952894B2A5,moong,CRP_28F945D9AC9C,bajra,MND_1BD2DF2540D5,1.859,True,agri_envelope_ring_v1,20260903,v0.1
FRM_382B71CC24B9,LOC_694ACC065B19,Rampur,UP,28.693597,79.005584,1.37,CRP_4DDD4816119A,arhar,CRP_DE6C334339AC,wheat,MND_1BD2DF2540D5,0.51,True,agri_envelope_ring_v1,20260903,v0.1
FRM_FA0BEAF76269,LOC_1FC99A17CD93,Panchkula,HR,30.806216,76.925852,1.41,CRP_B2E55E456CF4,sugarcane,,,MND_3F6468C86419,0.596,True,agri_envelope_ring_v1,20260903,v0.1
FRM_F7AFE7F45EDD,LOC_32535D5EBDA9,Firozabad,UP,27.252113,78.417416,1.5,CRP_352B5B6699D8,mustard,CRP_2554D1918FBC,paddy,MND_316B3A33D09D,0.091,True,agri_envelope_ring_v1,20260903,v0.1
FRM_1BBDDF21B351,LOC_3FA38B328DC7,Palwal,HR,28.05547,77.249561,1.97,CRP_DE6C334339AC,wheat,,,MND_BBFD6D659730,0.503,True,agri_envelope_ring_v1,20260903,v0.1
FRM_9E14448AB22C,LOC_79569E9A257F,Baghpat,UP,29.088386,77.101061,1.4,CRP_C7952894B2A5,moong,,,MND_538E435A4360,1.635,True,agri_envelope_ring_v1,20260903,v0.1
FRM_2EFAA966E34E,LOC_74A4E8ADE918,Ludhiana,PB,31.045459,75.721234,0.39,CRP_352B5B6699D8,mustard,CRP_CAA75103C53B,gram,MND_DA6DF57ACFEE,2.093,True,agri_envelope_ring_v1,20260903,v0.1
FRM_6F7C379AFDCA,LOC_E397785990D7,Etah,UP,27.443519,78.849287,0.6,CRP_D955CA97E44D,maize,CRP_288971671685,onion,MND_316B3A33D09D,0.322,True,agri_envelope_ring_v1,20260903,v0.1
FRM_6D4A24F9A0AF,LOC_694B59223BCA,Gurdaspur,PB,31.808428,75.478464,3.22,CRP_5ED728C2FA5D,tomato,CRP_D955CA97E44D,maize,MND_46CD786BC585,0.229,True,agri_envelope_ring_v1,20260903,v0.1
FRM_651B234AAD2E,LOC_E561CC0C15EA,Faridkot,PB,30.515402,74.714173,0.84,CRP_2554D1918FBC,paddy,CRP_C7952894B2A5,moong,MND_AE02C36E7ACD,0.505,True,agri_envelope_ring_v1,20260903,v0.1
FRM_200507E581D2,LOC_1AC0B06D5346,Sambhal,UP,28.528395,78.385086,0.53,CRP_28F945D9AC9C,bajra,,,MND_B8828956892C,1.64,True,agri_envelope_ring_v1,20260903,v0.1
FRM_F95B35A99E85,LOC_9A58B9D504D3,Karnal,HR,29.777129,77.146041,2.41,CRP_D955CA97E44D,maize,CRP_288971671685,onion,MND_4ADE384C6981,0.625,True,agri_envelope_ring_v1,20260903,v0.1
FRM_C99104277390,LOC_7989CE5325DB,Pilibhit,UP,28.445567,79.752575,1.25,CRP_28F945D9AC9C,bajra,CRP_2554D1918FBC,paddy,MND_B8828956892C,1.248,True,agri_envelope_ring_v1,20260903,v0.1
FRM_88B343663C39,LOC_18374E6C9245,Etah,UP,27.453775,78.845239,0.38,CRP_352B5B6699D8,mustard,CRP_CAA75103C53B,gram,MND_1BD2DF2540D5,1.468,True,agri_envelope_ring_v1,20260903,v0.1
FRM_BD6651958910,LOC_AF1413CAD74C,Unnao,UP,26.616095,80.640018,4.78,CRP_5ED728C2FA5D,tomato,CRP_BF35A2D3261F,cauliflower,MND_301551655568,0.759,True,agri_envelope_ring_v1,20260903,v0.1
FRM_6E21B54B7891,LOC_6B62822E95E7,Moradabad,UP,28.751416,78.639127,1.85,CRP_2554D1918FBC,paddy,CRP_D7A9EAD0B15C,barley,MND_B8828956892C,1.08,True,agri_envelope_ring_v1,20260903,v0.1
FRM_8AF18FFD39F1,LOC_31EBF97D2162,Ghaziabad,UP,28.691429,77.546517,0.64,CRP_5ED728C2FA5D,tomato,,,MND_4217655002FF,1.782,True,agri_envelope_ring_v1,20260903,v0.1
FRM_E72716FF717C,LOC_66482C82979F,Moga,PB,30.745147,75.297821,1.17,CRP_D955CA97E44D,maize,CRP_E91C254AD588,potato,MND_FE8D567E9001,0.596,True,agri_envelope_ring_v1,20260903,v0.1
FRM_6B1E9AC963FE,LOC_D746F78D184F,Sambhal,UP,28.588767,78.662426,2.39,CRP_288971671685,onion,CRP_4DDD4816119A,arhar,MND_B8828956892C,1.092,True,agri_envelope_ring_v1,20260903,v0.1
FRM_5DD2ABDE9AE0,LOC_CBCED33C4AAF,Muktsar,PB,30.278016,74.487928,0.56,CRP_C7952894B2A5,moong,CRP_B2E55E456CF4,sugarcane,MND_AE02C36E7ACD,1.569,True,agri_envelope_ring_v1,20260903,v0.1
FRM_0EAD987A7079,LOC_E098EA9B8EDC,Fatehgarh Sahib,PB,30.654523,76.609394,0.98,CRP_69E399851C84,cotton,CRP_DE6C334339AC,wheat,MND_D3D37BB2E2D7,1.173,True,agri_envelope_ring_v1,20260903,v0.1
FRM_B411D681DE4C,LOC_F772F85EB629,Hapur,UP,28.776481,77.931446,2.45,CRP_BF35A2D3261F,cauliflower,,,MND_96D277426B8A,1.275,True,agri_envelope_ring_v1,20260903,v0.1
FRM_E7112395DF0E,LOC_452A11141689,Varanasi,UP,25.473625,83.007909,3.38,CRP_7CC27C59C145,urad,CRP_28F945D9AC9C,bajra,MND_EE2349EB6FB3,0.756,True,agri_envelope_ring_v1,20260903,v0.1
FRM_97416861F572,LOC_4DA630143815,Hisar,HR,29.241101,75.435034,2.24,CRP_69E399851C84,cotton,CRP_D955CA97E44D,maize,MND_4427C76F4F6F,0.367,True,agri_envelope_ring_v1,20260903,v0.1
FRM_B79FA2DB2400,LOC_DA3DB3A26023,Bathinda,PB,30.10894,74.705251,3.39,CRP_D7A9EAD0B15C,barley,CRP_B2E55E456CF4,sugarcane,MND_BA2F125FAB06,0.185,True,agri_envelope_ring_v1,20260903,v0.1
FRM_F974B5AEF1AD,LOC_375DB72B5241,Hisar,HR,29.202197,75.408132,0.63,CRP_B2E55E456CF4,sugarcane,CRP_CAA75103C53B,gram,MND_4427C76F4F6F,1.209,True,agri_envelope_ring_v1,20260903,v0.1
FRM_B4DB85262C52,LOC_A0C07297CCA5,Yamunanagar,HR,30.158087,77.075829,0.62,CRP_69E399851C84,cotton,,,MND_3F6468C86419,0.459,True,agri_envelope_ring_v1,20260903,v0.1
FRM_1A7FD538F5FA,LOC_1AF5327CB11F,Sambhal,UP,28.604997,78.586347,1.64,CRP_B2E55E456CF4,sugarcane,CRP_CAA75103C53B,gram,MND_1BD2DF2540D5,1.18,True,agri_envelope_ring_v1,20260903,v0.1
FRM_23DF8AD85E75,LOC_626A2FCCCA32,Karnal,HR,29.805234,77.263294,0.95,CRP_8F398886C326,sunflower,CRP_DE6C334339AC,wheat,MND_283ED6EAAB84,0.984,True,agri_envelope_ring_v1,20260903,v0.1
FRM_E85D41960826,LOC_7AFDF4F8CF27,Faridabad,HR,28.398215,77.265162,1.19,CRP_D955CA97E44D,maize,CRP_28F945D9AC9C,bajra,MND_96A0566277F9,0.936,True,agri_envelope_ring_v1,20260903,v0.1
FRM_91872D12D291,LOC_73C97DB5D628,Panipat,HR,29.316319,76.839639,3.48,CRP_2554D1918FBC,paddy,,,MND_283ED6EAAB84,0.726,True,agri_envelope_ring_v1,20260903,v0.1
FRM_153A1C890F31,LOC_43BC8E83F94E,Barnala,PB,30.460956,75.565851,3.19,CRP_D7A9EAD0B15C,barley,CRP_CAA75103C53B,gram,MND_DEA1CD5F415B,0.996,True,agri_envelope_ring_v1,20260903,v0.1
FRM_2C7641FCACF1,LOC_CB327E2A8A7F,Hapur,UP,28.798046,77.95245,1.02,CRP_5ED728C2FA5D,tomato,CRP_7CC27C59C145,urad,MND_96D277426B8A,1.994,True,agri_envelope_ring_v1,20260903,v0.1
FRM_B1F62DDA3920,LOC_0FB268C4D76D,Muzaffarnagar,UP,29.514647,77.620862,1.18,CRP_DE6C334339AC,wheat,,,MND_05333875B51A,1.575,True,agri_envelope_ring_v1,20260903,v0.1
FRM_05531116341A,LOC_E4CB3BF19303,Fatehabad,HR,29.284874,75.47201,4.66,CRP_28F945D9AC9C,bajra,CRP_D7A9EAD0B15C,barley,MND_4427C76F4F6F,0.719,True,agri_envelope_ring_v1,20260903,v0.1
FRM_BC85795A6999,LOC_98D23F6E5E1E,Jind,HR,29.196796,76.531644,0.29,CRP_352B5B6699D8,mustard,,,MND_07DDCCA966AE,1.003,True,agri_envelope_ring_v1,20260903,v0.1
FRM_A7DDE0D45800,LOC_0F9BDECB35FC,Rampur,UP,28.778996,79.242124,1.35,CRP_2554D1918FBC,paddy,CRP_C7952894B2A5,moong,MND_2E59AF542C18,0.69,True,agri_envelope_ring_v1,20260903,v0.1
FRM_8A6F82C131BA,LOC_F691003C80DE,Etawah,UP,26.94272,79.098939,2.38,CRP_4DDD4816119A,arhar,CRP_5ED728C2FA5D,tomato,MND_316B3A33D09D,0.594,True,agri_envelope_ring_v1,20260903,v0.1
FRM_5A0CEA7EF4A8,LOC_F691003C80DE,Etawah,UP,26.932751,79.053492,0.78,CRP_B2E55E456CF4,sugarcane,CRP_C7952894B2A5,moong,MND_1BD2DF2540D5,1.098,True,agri_envelope_ring_v1,20260903,v0.1
FRM_F3A086F0CA93,LOC_F0BCD44AFBF8,Panchkula,HR,30.660898,77.014044,2.29,CRP_2554D1918FBC,paddy,CRP_C7952894B2A5,moong,MND_3F6468C86419,0.796,True,agri_envelope_ring_v1,20260903,v0.1
FRM_CC8BB4F59CF4,LOC_BE24BF9B3339,Faridkot,PB,30.490006,74.829452,1.1,CRP_D955CA97E44D,maize,CRP_B2E55E456CF4,sugarcane,MND_AE02C36E7ACD,0.947,True,agri_envelope_ring_v1,20260903,v0.1
FRM_B308B558A1D4,LOC_FD52755A0338,Yamunanagar,HR,30.259917,77.290312,1.78,CRP_BF35A2D3261F,cauliflower,CRP_D955CA97E44D,maize,MND_D5BFCB18509B,1.71,True,agri_envelope_ring_v1,20260903,v0.1
FRM_82D0BD932412,LOC_B98392EDE105,Rampur,UP,28.62379,79.052439,2.38,CRP_BF35A2D3261F,cauliflower,,,MND_2E59AF542C18,0.496,True,agri_envelope_ring_v1,20260903,v0.1
FRM_71D02325CC6B,LOC_1253BE101B2C,Hathras,UP,27.60111,78.189281,2.83,CRP_E91C254AD588,potato,,,MND_5B5C6B926181,0.279,True,agri_envelope_ring_v1,20260903,v0.1
FRM_4959744982D0,LOC_538D5DA1DDA7,Tarn Taran,PB,31.617655,74.841385,4.04,CRP_69E399851C84,cotton,CRP_D7A9EAD0B15C,barley,MND_E2F2E16B54CD,0.767,True,agri_envelope_ring_v1,20260903,v0.1
FRM_6CAB558E8CD9,LOC_D1E55A5DB01A,SAS Nagar,PB,30.588929,76.854563,1.26,CRP_8F398886C326,sunflower,CRP_352B5B6699D8,mustard,MND_3F6468C86419,0.349,True,agri_envelope_ring_v1,20260903,v0.1
FRM_FB3854DE3356,LOC_B8ACEF59B8E6,Muktsar,PB,30.564644,74.745657,3.0,CRP_C7952894B2A5,moong,CRP_69E399851C84,cotton,MND_784599D2DCF5,0.307,True,agri_envelope_ring_v1,20260903,v0.1
FRM_08954DCDAFE2,LOC_FDC93775A619,Fatehabad,HR,29.616945,75.283948,5.17,CRP_D7A9EAD0B15C,barley,,,MND_5C10FF171343,0.224,True,agri_envelope_ring_v1,20260903,v0.1
FRM_5D6EF15DC80B,LOC_0C644F4A1F8C,Hapur,UP,28.593865,77.957028,1.23,CRP_2554D1918FBC,paddy,CRP_D7A9EAD0B15C,barley,MND_2E59AF542C18,0.806,True,agri_envelope_ring_v1,20260903,v0.1
FRM_BB83466EB444,LOC_4FAD10BD768B,Sangrur,PB,30.202982,75.591498,2.99,CRP_352B5B6699D8,mustard,,,MND_DEA1CD5F415B,0.379,True,agri_envelope_ring_v1,20260903,v0.1
FRM_369555EEC722,LOC_1C4A4354CA3C,Rupnagar,PB,31.083995,76.589623,0.91,CRP_B2E55E456CF4,sugarcane,CRP_CAA75103C53B,gram,MND_D400EAD28DB3,1.253,True,agri_envelope_ring_v1,20260903,v0.1
FRM_FB15DD469BEA,LOC_E5776B97D477,Fatehgarh Sahib,PB,30.638004,76.245683,2.47,CRP_352B5B6699D8,mustard,CRP_D955CA97E44D,maize,MND_D3D37BB2E2D7,0.62,True,agri_envelope_ring_v1,20260903,v0.1
FRM_1BE8425A40FA,LOC_7097342BE77C,Amroha,UP,28.943192,78.376726,1.05,CRP_4DDD4816119A,arhar,CRP_C7952894B2A5,moong,MND_B8828956892C,2.094,True,agri_envelope_ring_v1,20260903,v0.1
FRM_4001D09D9157,LOC_D8F4721022D3,Kaithal,HR,29.722609,76.555706,1.74,CRP_E2253B73169D,guar,CRP_2554D1918FBC,paddy,MND_7491C25B20FE,0.886,True,agri_envelope_ring_v1,20260903,v0.1
FRM_F2FDC7E8F5F2,LOC_F713A0D3AB78,Karnal,HR,29.863725,77.169492,0.97,CRP_D7A9EAD0B15C,barley,,,MND_4ADE384C6981,0.399,True,agri_envelope_ring_v1,20260903,v0.1
FRM_A0D4F857F85C,LOC_B602D8E8A5B5,Nawanshahr,PB,31.287714,76.012726,0.71,CRP_8F398886C326,sunflower,CRP_5ED728C2FA5D,tomato,MND_DA6DF57ACFEE,0.604,True,agri_envelope_ring_v1,20260903,v0.1
FRM_994B801E28C5,LOC_634A449D1004,Shamli,UP,29.419595,77.437425,0.26,CRP_7CC27C59C145,urad,CRP_5ED728C2FA5D,tomato,MND_283ED6EAAB84,0.134,True,agri_envelope_ring_v1,20260903,v0.1
FRM_DACE4F3BBB1A,LOC_588C0075C4C1,Palwal,HR,27.975753,77.248064,2.84,CRP_DE6C334339AC,wheat,CRP_352B5B6699D8,mustard,MND_BBFD6D659730,1.491,True,agri_envelope_ring_v1,20260903,v0.1
FRM_84A507FA2ECB,LOC_D40D340DA03E,Moga,PB,30.819107,75.028778,0.64,CRP_D7A9EAD0B15C,barley,CRP_B2E55E456CF4,sugarcane,MND_FE8D567E9001,0.267,True,agri_envelope_ring_v1,20260903,v0.1
FRM_D8B7B079B0CD,LOC_B949EDF1B775,Bareilly,UP,28.523707,79.562601,0.93,CRP_C7952894B2A5,moong,,,MND_9AC86A6D5AEC,0.7,True,agri_envelope_ring_v1,20260903,v0.1
FRM_93921B45E342,LOC_E69E8484FBC3,Amroha,UP,28.937335,78.327351,2.34,CRP_28F945D9AC9C,bajra,,,MND_B8828956892C,1.57,True,agri_envelope_ring_v1,20260903,v0.1
FRM_B009D49616E8,LOC_ED792703519C,Fazilka,PB,30.211505,73.921156,1.1,CRP_D7A9EAD0B15C,barley,CRP_352B5B6699D8,mustard,MND_AE02C36E7ACD,1.385,True,agri_envelope_ring_v1,20260903,v0.1
FRM_730B9D8F15A4,LOC_0A4CA4E2646B,Amritsar,PB,31.852052,74.958066,1.55,CRP_8F398886C326,sunflower,CRP_5ED728C2FA5D,tomato,MND_E2F2E16B54CD,0.441,True,agri_envelope_ring_v1,20260903,v0.1
FRM_1B68F264845F,LOC_8E40E8997824,Unnao,UP,26.598282,80.640305,0.47,CRP_D7A9EAD0B15C,barley,CRP_CAA75103C53B,gram,MND_301551655568,0.927,True,agri_envelope_ring_v1,20260903,v0.1
FRM_B145A9CCB199,LOC_DF7D0882EEBD,Fatehabad,HR,29.376365,75.569337,1.38,CRP_69E399851C84,cotton,,,MND_4427C76F4F6F,0.289,True,agri_envelope_ring_v1,20260903,v0.1
FRM_303ABDBBB42C,LOC_60F4705FC202,Nawanshahr,PB,31.279603,75.939703,3.02,CRP_C7952894B2A5,moong,CRP_B2E55E456CF4,sugarcane,MND_DA6DF57ACFEE,0.519,True,agri_envelope_ring_v1,20260903,v0.1
FRM_8DC41C30A867,LOC_3A5FAAEFEB9B,Nuh,HR,27.911838,77.012396,2.37,CRP_D7A9EAD0B15C,barley,CRP_8F398886C326,sunflower,MND_BBFD6D659730,0.969,True,agri_envelope_ring_v1,20260903,v0.1
FRM_0778A5151B0A,LOC_F9DAD14D407F,Hathras,UP,27.470072,78.059325,0.6,CRP_2554D1918FBC,paddy,CRP_BF35A2D3261F,cauliflower,MND_316B3A33D09D,0.08,True,agri_envelope_ring_v1,20260903,v0.1
FRM_66A1566B59B5,LOC_A272EF326AD0,Sambhal,UP,28.487133,78.376684,0.71,CRP_BF35A2D3261F,cauliflower,,,MND_B8828956892C,0.848,True,agri_envelope_ring_v1,20260903,v0.1
FRM_EB2D5BA357F4,LOC_937F81774CED,Agra,UP,27.047785,78.335983,3.77,CRP_CAA75103C53B,gram,CRP_DE6C334339AC,wheat,MND_316B3A33D09D,1.294,True,agri_envelope_ring_v1,20260903,v0.1
FRM_671B36C336F5,LOC_B93ABC1A7A1E,Moga,PB,30.722862,75.260181,2.06,CRP_69E399851C84,cotton,,,MND_FE8D567E9001,0.313,True,agri_envelope_ring_v1,20260903,v0.1
FRM_2BD36953F6A3,LOC_1470BE7F135A,Nawanshahr,PB,30.971363,76.234065,0.49,CRP_D7A9EAD0B15C,barley,CRP_CAA75103C53B,gram,MND_D400EAD28DB3,1.569,True,agri_envelope_ring_v1,20260903,v0.1
FRM_25824C5C4363,LOC_8E40E8997824,Unnao,UP,26.560294,80.630772,2.24,CRP_CAA75103C53B,gram,CRP_E91C254AD588,potato,MND_301551655568,0.088,True,agri_envelope_ring_v1,20260903,v0.1
FRM_7A60BF650BF9,LOC_5336E29536B8,Karnal,HR,29.78182,77.098046,1.87,CRP_CAA75103C53B,gram,,,MND_4ADE384C6981,1.691,True,agri_envelope_ring_v1,20260903,v0.1
FRM_76F09B1D80EC,LOC_B49F0E4BFB10,Nawanshahr,PB,31.061321,76.229888,0.81,CRP_69E399851C84,cotton,CRP_352B5B6699D8,mustard,MND_D400EAD28DB3,0.538,True,agri_envelope_ring_v1,20260903,v0.1
FRM_B2C1F226AC0F,LOC_C293748EBCAB,Muktsar,PB,30.554629,74.651422,0.54,CRP_69E399851C84,cotton,CRP_5ED728C2FA5D,tomato,MND_AE02C36E7ACD,0.774,True,agri_envelope_ring_v1,20260903,v0.1
FRM_46E4D932A1A9,LOC_06E17C6E7FCD,Panipat,HR,29.305663,77.141438,1.87,CRP_352B5B6699D8,mustard,CRP_B2E55E456CF4,sugarcane,MND_283ED6EAAB84,0.545,True,agri_envelope_ring_v1,20260903,v0.1
FRM_A6814B800F4C,LOC_378B9AEE096D,Muktsar,PB,30.596979,74.636506,1.24,CRP_D955CA97E44D,maize,CRP_8F398886C326,sunflower,MND_AE02C36E7ACD,0.378,True,agri_envelope_ring_v1,20260903,v0.1
FRM_9198726F2077,LOC_9D42CBEB8139,Nawanshahr,PB,31.105858,76.175625,5.45,CRP_DE6C334339AC,wheat,CRP_2554D1918FBC,paddy,MND_DA6DF57ACFEE,1.754,True,agri_envelope_ring_v1,20260903,v0.1
FRM_C85DD21BD83C,LOC_5336E29536B8,Karnal,HR,29.785178,77.080721,2.47,CRP_C7952894B2A5,moong,CRP_5ED728C2FA5D,tomato,MND_4ADE384C6981,0.809,True,agri_envelope_ring_v1,20260903,v0.1
FRM_18F9C7D408E8,LOC_4070FA2E3B2C,Nawanshahr,PB,30.961321,76.219703,2.69,CRP_D7A9EAD0B15C,barley,CRP_2554D1918FBC,paddy,MND_D400EAD28DB3,1.648,True,agri_envelope_ring_v1,20260903,v0.1
FRM_2BA0B138AA36,LOC_B53AE40A3709,Hathras,UP,27.636243,78.161928,1.03,CRP_E91C254AD588,potato,CRP_D955CA97E44D,maize,MND_1BD2DF2540D5,0.785,True,agri_envelope_ring_v1,20260903,v0.1
FRM_E0EE515E1CB5,LOC_DF1B395264F0,Muzaffarnagar,UP,29.585116,77.649866,1.06,CRP_D955CA97E44D,maize,,,MND_05333875B51A,0.092,True,agri_envelope_ring_v1,20260903,v0.1
FRM_2E6C8C6B6BB0,LOC_5A121ABD68FC,Baghpat,UP,28.972102,77.425486,1.73,CRP_CAA75103C53B,gram,CRP_DE6C334339AC,wheat,MND_596F86458307,0.452,True,agri_envelope_ring_v1,20260903,v0.1
FRM_2B62956AA5E9,LOC_0AB874E17FA3,Palwal,HR,28.132831,77.393699,3.15,CRP_B2E55E456CF4,sugarcane,,,MND_A59F6598A624,1.573,True,agri_envelope_ring_v1,20260903,v0.1
FRM_906B1595344C,LOC_B8164C94EAB8,Sambhal,UP,28.590279,78.611913,0.68,CRP_B2E55E456CF4,sugarcane,CRP_2554D1918FBC,paddy,MND_B8828956892C,0.427,True,agri_envelope_ring_v1,20260903,v0.1
FRM_2BD0BC5C78F4,LOC_726E320832DD,Gurdaspur,PB,32.265333,75.246108,0.64,CRP_352B5B6699D8,mustard,,,MND_E2F2E16B54CD,0.148,True,agri_envelope_ring_v1,20260903,v0.1
FRM_97BA0061BEB5,LOC_4930C469E163,Agra,UP,27.191322,77.881096,0.81,CRP_E91C254AD588,potato,,,MND_316B3A33D09D,0.137,True,agri_envelope_ring_v1,20260903,v0.1
FRM_09E6007855EF,LOC_A2A2A301892F,Etah,UP,27.411231,78.649288,3.49,CRP_CAA75103C53B,gram,,,MND_316B3A33D09D,0.376,True,agri_envelope_ring_v1,20260903,v0.1
FRM_F00CB3E9A600,LOC_3187FC77AE04,Unnao,UP,26.383804,80.623145,3.24,CRP_352B5B6699D8,mustard,CRP_BF35A2D3261F,cauliflower,MND_301551655568,0.068,True,agri_envelope_ring_v1,20260903,v0.1
FRM_8A6F1725150A,LOC_CB0B5B0861B9,Jhajjar,HR,28.563275,76.890253,1.19,CRP_5ED728C2FA5D,tomato,CRP_C7952894B2A5,moong,MND_50FC19D7AEC4,1.037,True,agri_envelope_ring_v1,20260903,v0.1
FRM_2AA4D7901219,LOC_59FA6B068067,Charkhi Dadri,HR,28.68892,76.155465,0.55,CRP_69E399851C84,cotton,,,MND_F02880680127,1.196,True,agri_envelope_ring_v1,20260903,v0.1
FRM_F5FB631FA629,LOC_3DBCD746917E,Barabanki,UP,26.887251,81.401845,1.05,CRP_BF35A2D3261F,cauliflower,CRP_CAA75103C53B,gram,MND_362E0E09CB0D,1.217,True,agri_envelope_ring_v1,20260903,v0.1
FRM_DB606642CE66,LOC_0BF5E52F8D58,Rewari,HR,28.018213,76.680389,4.66,CRP_D955CA97E44D,maize,CRP_8F398886C326,sunflower,MND_3F94E23EB0A5,0.518,True,agri_envelope_ring_v1,20260903,v0.1
FRM_EE02890B2F12,LOC_1D42774DFC42,Faridkot,PB,30.491354,74.663144,2.63,CRP_D7A9EAD0B15C,barley,CRP_2554D1918FBC,paddy,MND_AE02C36E7ACD,1.521,True,agri_envelope_ring_v1,20260903,v0.1
FRM_122F4D8030A1,LOC_1B87DCE1CCAF,Prayagraj,UP,25.516258,81.722629,1.18,CRP_2554D1918FBC,paddy,,,MND_EE2349EB6FB3,1.276,True,agri_envelope_ring_v1,20260903,v0.1
FRM_01C971186E0A,LOC_F79621094DB5,Karnal,HR,29.807212,77.083475,1.37,CRP_E2253B73169D,guar,CRP_352B5B6699D8,mustard,MND_D5BFCB18509B,1.946,True,agri_envelope_ring_v1,20260903,v0.1
FRM_406EBD7C8260,LOC_6F5C0AC579A6,Mansa,PB,29.870355,75.272447,3.22,CRP_C7952894B2A5,moong,CRP_5ED728C2FA5D,tomato,MND_4427C76F4F6F,0.744,True,agri_envelope_ring_v1,20260903,v0.1
FRM_C21D071DF527,LOC_1E9084DFB553,Kurukshetra,HR,29.873284,77.026828,0.85,CRP_DE6C334339AC,wheat,CRP_352B5B6699D8,mustard,MND_C163C6E4A832,0.445,True,agri_envelope_ring_v1,20260903,v0.1
FRM_2674AE741764,LOC_9F50C94DA89A,Gorakhpur,UP,26.844542,83.30738,1.68,CRP_D7A9EAD0B15C,barley,CRP_BF35A2D3261F,cauliflower,MND_362E0E09CB0D,0.888,True,agri_envelope_ring_v1,20260903,v0.1
FRM_2671155171EA,LOC_851C12CF8CC6,Moradabad,UP,28.802677,78.781412,3.41,CRP_BF35A2D3261F,cauliflower,CRP_4DDD4816119A,arhar,MND_B8828956892C,0.648,True,agri_envelope_ring_v1,20260903,v0.1
FRM_85F83173A723,LOC_5FBBA6643E25,Moradabad,UP,28.886913,78.763085,1.66,CRP_BF35A2D3261F,cauliflower,,,MND_B8828956892C,0.213,True,agri_envelope_ring_v1,20260903,v0.1
FRM_893CB1E3D653,LOC_4A1C12FAA7FF,Bijnor,UP,29.318346,78.314031,0.28,CRP_BF35A2D3261F,cauliflower,CRP_28F945D9AC9C,bajra,MND_B8828956892C,1.144,True,agri_envelope_ring_v1,20260903,v0.1
FRM_C9EE5DE3DE8F,LOC_559364B1B1E4,Sangrur,PB,30.356283,75.552017,1.73,CRP_E91C254AD588,potato,,,MND_DEA1CD5F415B,0.499,True,agri_envelope_ring_v1,20260903,v0.1
FRM_7C3ED19E8909,LOC_E961B1A580B4,Rampur,UP,28.682549,79.002336,0.39,CRP_E91C254AD588,potato,CRP_2554D1918FBC,paddy,MND_B8828956892C,1.518,True,agri_envelope_ring_v1,20260903,v0.1
FRM_0EDCC86B21E0,LOC_3BF9AD1E6204,Muzaffarnagar,UP,29.532698,77.930779,2.45,CRP_B2E55E456CF4,sugarcane,,,MND_596F86458307,1.116,True,agri_envelope_ring_v1,20260903,v0.1
FRM_F61320658DF3,LOC_7AFAEA7E1C39,Meerut,UP,29.147214,77.631217,1.68,CRP_4DDD4816119A,arhar,CRP_7CC27C59C145,urad,MND_596F86458307,0.638,True,agri_envelope_ring_v1,20260903,v0.1
FRM_95DC525C2AD9,LOC_917B3A2FBEE9,Patiala,PB,30.199211,76.462319,8.08,CRP_CAA75103C53B,gram,CRP_C7952894B2A5,moong,MND_9AE87167EF0F,0.126,True,agri_envelope_ring_v1,20260903,v0.1
FRM_C65D5131FCCB,LOC_DADC33C71EAB,Amroha,UP,28.988211,78.303464,1.2,CRP_288971671685,onion,,,MND_B8828956892C,1.277,True,agri_envelope_ring_v1,20260903,v0.1
FRM_5FBE2C8749C8,LOC_1D8E14F98835,Panipat,HR,29.251677,76.829858,0.73,CRP_8F398886C326,sunflower,CRP_E2253B73169D,guar,MND_283ED6EAAB84,0.09,True,agri_envelope_ring_v1,20260903,v0.1
FRM_B1EC7DC27A37,LOC_336543A9F35E,Sangrur,PB,30.278962,75.554193,2.36,CRP_C7952894B2A5,moong,CRP_CAA75103C53B,gram,MND_DEA1CD5F415B,0.665,True,agri_envelope_ring_v1,20260903,v0.1
FRM_5289A231EC1B,LOC_0C111571CB4C,Fazilka,PB,30.209337,73.940326,3.75,CRP_D955CA97E44D,maize,CRP_352B5B6699D8,mustard,MND_AE02C36E7ACD,1.391,True,agri_envelope_ring_v1,20260903,v0.1
FRM_09300DB7E230,LOC_633356B12AA6,Moga,PB,30.74823,75.383447,1.56,CRP_E91C254AD588,potato,,,MND_FE8D567E9001,0.729,True,agri_envelope_ring_v1,20260903,v0.1
FRM_190CC3449F2B,LOC_F691003C80DE,Etawah,UP,26.960681,79.103155,2.12,CRP_28F945D9AC9C,bajra,,,MND_9AC86A6D5AEC,1.672,True,agri_envelope_ring_v1,20260903,v0.1
FRM_2024ACB0BE42,LOC_91C75D3BC445,Yamunanagar,HR,30.2513,77.102567,0.49,CRP_E2253B73169D,guar,,,MND_3F6468C86419,1.614,True,agri_envelope_ring_v1,20260903,v0.1
FRM_B374DD258702,LOC_ACFB018FCB71,Hisar,HR,29.230524,75.586099,1.09,CRP_7CC27C59C145,urad,CRP_D955CA97E44D,maize,MND_CB2E88CD3113,2.387,True,agri_envelope_ring_v1,20260903,v0.1
FRM_377DC4944052,LOC_10EF45002501,Sitapur,UP,27.411198,80.860121,1.66,CRP_5ED728C2FA5D,tomato,CRP_352B5B6699D8,mustard,MND_F0BDDB3CC08D,1.063,True,agri_envelope_ring_v1,20260903,v0.1
FRM_7CCE91A98972,LOC_30566802A547,Etawah,UP,26.849152,78.776064,0.62,CRP_D7A9EAD0B15C,barley,CRP_B2E55E456CF4,sugarcane,MND_316B3A33D09D,1.154,True,agri_envelope_ring_v1,20260903,v0.1
FRM_10CA10EB5DE2,LOC_B2DB7246C54A,Shamli,UP,29.39002,77.363404,4.38,CRP_28F945D9AC9C,bajra,,,MND_C163C6E4A832,1.294,True,agri_envelope_ring_v1,20260903,v0.1
FRM_EA0EC6873D26,LOC_A7CBF2650B02,Bijnor,UP,29.237518,78.085991,5.42,CRP_2554D1918FBC,paddy,,,MND_05333875B51A,2.228,True,agri_envelope_ring_v1,20260903,v0.1
FRM_1F5606DA26FF,LOC_41CAD4226D00,Varanasi,UP,25.388239,83.086643,0.91,CRP_BF35A2D3261F,cauliflower,,,MND_EE2349EB6FB3,0.378,True,agri_envelope_ring_v1,20260903,v0.1
FRM_59C53D9C8952,LOC_830A85CC3641,Hoshiarpur,PB,31.619853,75.707818,0.42,CRP_8F398886C326,sunflower,CRP_352B5B6699D8,mustard,MND_E2F2E16B54CD,1.467,True,agri_envelope_ring_v1,20260903,v0.1
FRM_4B6FCF20D5BF,LOC_D9A41AF6C3DB,Muzaffarnagar,UP,29.65941,77.718564,1.35,CRP_4DDD4816119A,arhar,,,MND_05333875B51A,1.211,True,agri_envelope_ring_v1,20260903,v0.1
FRM_1282FC856934,LOC_E01FBB4F1226,Aligarh,UP,28.052432,78.091166,1.08,CRP_BF35A2D3261F,cauliflower,CRP_D7A9EAD0B15C,barley,MND_1BD2DF2540D5,1.381,True,agri_envelope_ring_v1,20260903,v0.1
FRM_33666D794BDE,LOC_D723ABF17440,Ghaziabad,UP,28.638989,77.457685,0.76,CRP_E91C254AD588,potato,CRP_352B5B6699D8,mustard,MND_4217655002FF,0.761,True,agri_envelope_ring_v1,20260903,v0.1
FRM_BE6C42280AD2,LOC_B5D7614D80EF,Etawah,UP,26.843258,78.761279,0.58,CRP_7CC27C59C145,urad,CRP_D955CA97E44D,maize,MND_301551655568,1.406,True,agri_envelope_ring_v1,20260903,v0.1
FRM_0B899F519292,LOC_700486D84480,Aligarh,UP,27.841263,77.954278,1.49,CRP_CAA75103C53B,gram,,,MND_316B3A33D09D,1.651,True,agri_envelope_ring_v1,20260903,v0.1
FRM_D7E089CDFE76,LOC_1AF5327CB11F,Sambhal,UP,28.621657,78.602818,0.97,CRP_28F945D9AC9C,bajra,,,MND_B8828956892C,0.454,True,agri_envelope_ring_v1,20260903,v0.1
FRM_024E8BB2F424,LOC_4E0DBFCAF9D2,Rewari,HR,28.050657,76.518997,0.69,CRP_5ED728C2FA5D,tomato,,,MND_A59F6598A624,1.018,True,agri_envelope_ring_v1,20260903,v0.1
FRM_E976CD46A526,LOC_4A0FE3F319C7,Charkhi Dadri,HR,28.529506,76.407806,0.9,CRP_8F398886C326,sunflower,CRP_7CC27C59C145,urad,MND_F02880680127,1.61,True,agri_envelope_ring_v1,20260903,v0.1
FRM_876870505DBF,LOC_09462D324C11,Hoshiarpur,PB,31.583244,75.726388,1.1,CRP_8F398886C326,sunflower,CRP_5ED728C2FA5D,tomato,MND_46CD786BC585,0.414,True,agri_envelope_ring_v1,20260903,v0.1
FRM_757F227F26E9,LOC_1BD13709A53C,Gurdaspur,PB,32.223117,75.251203,0.52,CRP_8F398886C326,sunflower,CRP_D7A9EAD0B15C,barley,MND_E2F2E16B54CD,1.105,True,agri_envelope_ring_v1,20260903,v0.1
FRM_D3C54194EFDF,LOC_12468554C938,Mainpuri,UP,27.078863,78.938416,0.7,CRP_2554D1918FBC,paddy,CRP_D7A9EAD0B15C,barley,MND_316B3A33D09D,0.83,True,agri_envelope_ring_v1,20260903,v0.1
FRM_BB55B91791F8,LOC_EB2359E1EB69,Etah,UP,27.459791,78.86653,2.44,CRP_BF35A2D3261F,cauliflower,,,MND_1BD2DF2540D5,0.172,True,agri_envelope_ring_v1,20260903,v0.1
FRM_A63E76CFFC6A,LOC_1EFC6D3A16E5,Mansa,PB,29.945338,75.27489,2.01,CRP_5ED728C2FA5D,tomato,CRP_CAA75103C53B,gram,MND_BA2F125FAB06,0.297,True,agri_envelope_ring_v1,20260903,v0.1
FRM_8D8A4F9A8A30,LOC_DE598C3A651D,Sitapur,UP,27.465905,80.674897,4.08,CRP_352B5B6699D8,mustard,,,MND_954F0551D2D8,0.461,True,agri_envelope_ring_v1,20260903,v0.1
FRM_8A2B2318513A,LOC_BDAE42063E9E,Tarn Taran,PB,31.595827,75.189083,5.19,CRP_2554D1918FBC,paddy,,,MND_E2F2E16B54CD,0.291,True,agri_envelope_ring_v1,20260903,v0.1
FRM_53C6F5BB08CF,LOC_444CEEF919F0,Pilibhit,UP,28.62753,80.029885,2.02,CRP_D7A9EAD0B15C,barley,CRP_7CC27C59C145,urad,MND_F0BDDB3CC08D,2.105,True,agri_envelope_ring_v1,20260903,v0.1
FRM_7CFD0A3A7398,LOC_2C8A8981F482,Faridkot,PB,30.561034,74.891784,1.86,CRP_352B5B6699D8,mustard,CRP_E91C254AD588,potato,MND_AE02C36E7ACD,1.1,True,agri_envelope_ring_v1,20260903,v0.1
FRM_7A21875BA0CD,LOC_7B278DE72848,Shamli,UP,29.331149,77.37966,2.81,CRP_5ED728C2FA5D,tomato,CRP_C7952894B2A5,moong,MND_05333875B51A,1.628,True,agri_envelope_ring_v1,20260903,v0.1
FRM_7810FBFEFEE4,LOC_9A17E769B2DD,Firozabad,UP,27.058757,78.228171,1.61,CRP_28F945D9AC9C,bajra,,,MND_2E59AF542C18,0.913,True,agri_envelope_ring_v1,20260903,v0.1
FRM_C0CA558FF1E1,LOC_E7BB943740C1,Patiala,PB,30.129677,76.43715,2.56,CRP_352B5B6699D8,mustard,CRP_DE6C334339AC,wheat,MND_9C5A213D03D2,0.827,True,agri_envelope_ring_v1,20260903,v0.1
FRM_2BC02C8C4066,LOC_4FC63A886C97,Gorakhpur,UP,26.792403,83.494392,0.78,CRP_C7952894B2A5,moong,CRP_D955CA97E44D,maize,MND_362E0E09CB0D,0.893,True,agri_envelope_ring_v1,20260903,v0.1
FRM_07474F0FD6A8,LOC_7643F5D973AA,Mansa,PB,29.882385,75.404277,1.7,CRP_B2E55E456CF4,sugarcane,CRP_8F398886C326,sunflower,MND_BA2F125FAB06,0.148,True,agri_envelope_ring_v1,20260903,v0.1
FRM_82AE4F602E9C,LOC_C289E3BC533E,Kaithal,HR,29.840735,76.291476,0.87,CRP_B2E55E456CF4,sugarcane,CRP_352B5B6699D8,mustard,MND_7491C25B20FE,1.916,True,agri_envelope_ring_v1,20260903,v0.1
FRM_7791C7AC2121,LOC_96756DC41616,Budaun,UP,27.954879,79.072697,3.94,CRP_B2E55E456CF4,sugarcane,,,MND_9AC86A6D5AEC,1.917,True,agri_envelope_ring_v1,20260903,v0.1
FRM_79384D5ECCC7,LOC_45297F477DF7,Hoshiarpur,PB,31.384023,75.819592,2.2,CRP_69E399851C84,cotton,,,MND_46CD786BC585,0.603,True,agri_envelope_ring_v1,20260903,v0.1
FRM_0113B64383CF,LOC_3D10BE9A3263,Ludhiana,PB,30.824468,75.736111,1.48,CRP_8F398886C326,sunflower,CRP_2554D1918FBC,paddy,MND_DA6DF57ACFEE,1.65,True,agri_envelope_ring_v1,20260903,v0.1
FRM_E7DF3E4E32CF,LOC_5286FBDC9E58,Nuh,HR,28.017201,76.951623,1.24,CRP_69E399851C84,cotton,CRP_C7952894B2A5,moong,MND_3F94E23EB0A5,1.278,True,agri_envelope_ring_v1,20260903,v0.1
FRM_9099C8272468,LOC_0816447034C5,Rewari,HR,28.041685,76.723077,2.03,CRP_B2E55E456CF4,sugarcane,,,MND_3F94E23EB0A5,0.441,True,agri_envelope_ring_v1,20260903,v0.1
FRM_C547DECE9F33,LOC_D09FFF270654,Ferozepur,PB,30.982797,74.8515,6.5,CRP_B2E55E456CF4,sugarcane,,,MND_FE8D567E9001,1.417,True,agri_envelope_ring_v1,20260903,v0.1
FRM_0325A5BD4C69,LOC_52329AB40C61,Bulandshahr,UP,28.323181,77.64509,1.94,CRP_D7A9EAD0B15C,barley,,,MND_BBFD6D659730,0.977,True,agri_envelope_ring_v1,20260903,v0.1
FRM_A7A92D4C4A97,LOC_920381EFE5E0,Jalandhar,PB,31.425921,75.511109,1.72,CRP_CAA75103C53B,gram,CRP_C7952894B2A5,moong,MND_46CD786BC585,1.417,True,agri_envelope_ring_v1,20260903,v0.1
FRM_8F0BC0443620,LOC_9C16977B7987,Gorakhpur,UP,26.80199,83.521187,3.43,CRP_DE6C334339AC,wheat,,,MND_362E0E09CB0D,1.614,True,agri_envelope_ring_v1,20260903,v0.1
FRM_920E2FF76812,LOC_B42BACA9CADA,Kanpur Dehat,UP,26.260345,80.141952,1.8,CRP_CAA75103C53B,gram,CRP_352B5B6699D8,mustard,MND_301551655568,0.674,True,agri_envelope_ring_v1,20260903,v0.1
FRM_EBEB3308A40C,LOC_A0BE457DBA9E,Pilibhit,UP,28.482225,79.729979,2.08,CRP_C7952894B2A5,moong,,,MND_9AC86A6D5AEC,0.505,True,agri_envelope_ring_v1,20260903,v0.1
FRM_48BE7AF98FAB,LOC_3E509566F83D,Fatehabad,HR,29.58909,75.667331,0.51,CRP_28F945D9AC9C,bajra,CRP_DE6C334339AC,wheat,MND_4427C76F4F6F,0.183,True,agri_envelope_ring_v1,20260903,v0.1
FRM_9A064A338634,LOC_0F33B1909839,Hoshiarpur,PB,31.372188,75.857752,0.87,CRP_DE6C334339AC,wheat,CRP_8F398886C326,sunflower,MND_DA6DF57ACFEE,0.583,True,agri_envelope_ring_v1,20260903,v0.1
FRM_5AE7C58E90B3,LOC_634A449D1004,Shamli,UP,29.411241,77.408427,1.21,CRP_28F945D9AC9C,bajra,CRP_B2E55E456CF4,sugarcane,MND_C163C6E4A832,0.797,True,agri_envelope_ring_v1,20260903,v0.1
FRM_D88A2B19BFF1,LOC_7257D10CF61B,Nuh,HR,28.248837,76.819477,1.82,CRP_B2E55E456CF4,sugarcane,CRP_E91C254AD588,potato,MND_3F94E23EB0A5,0.19,True,agri_envelope_ring_v1,20260903,v0.1
FRM_6E9BE9E825B8,LOC_EB13069A8576,Ferozepur,PB,30.97934,74.784801,1.53,CRP_8F398886C326,sunflower,CRP_DE6C334339AC,wheat,MND_784599D2DCF5,1.041,True,agri_envelope_ring_v1,20260903,v0.1
FRM_3FF7954F34AB,LOC_78A3FE181985,Saharanpur,UP,29.719978,77.5289,0.97,CRP_C7952894B2A5,moong,,,MND_D5BFCB18509B,0.687,True,agri_envelope_ring_v1,20260903,v0.1
FRM_EF6C4811A8A7,LOC_3FF7AAD78447,Amroha,UP,28.954271,78.389945,8.15,CRP_BF35A2D3261F,cauliflower,CRP_5ED728C2FA5D,tomato,MND_96D277426B8A,1.169,True,agri_envelope_ring_v1,20260903,v0.1
FRM_09F2DECC470E,LOC_4C1DE592A6BD,Varanasi,UP,25.267552,83.096246,0.9,CRP_288971671685,onion,CRP_CAA75103C53B,gram,MND_301551655568,1.562,True,agri_envelope_ring_v1,20260903,v0.1
FRM_34C8A5CE2F3C,LOC_95F45E3D0D30,Barnala,PB,30.198953,75.501185,0.94,CRP_352B5B6699D8,mustard,CRP_2554D1918FBC,paddy,MND_DEA1CD5F415B,0.483,True,agri_envelope_ring_v1,20260903,v0.1
FRM_569BCDB49DC4,LOC_674873747CA7,Barabanki,UP,26.793667,81.252498,1.18,CRP_D7A9EAD0B15C,barley,CRP_352B5B6699D8,mustard,MND_F0BDDB3CC08D,0.916,True,agri_envelope_ring_v1,20260903,v0.1
FRM_8D4D313F24BD,LOC_D84DCF7F7B0F,Moga,PB,30.692464,75.026792,1.95,CRP_CAA75103C53B,gram,CRP_D955CA97E44D,maize,MND_FE8D567E9001,0.761,True,agri_envelope_ring_v1,20260903,v0.1
FRM_1620CA3F11C4,LOC_43BC8E83F94E,Barnala,PB,30.443112,75.573108,1.21,CRP_8F398886C326,sunflower,CRP_DE6C334339AC,wheat,MND_DEA1CD5F415B,0.072,True,agri_envelope_ring_v1,20260903,v0.1
FRM_8BED11F65FDB,LOC_421508D39ECF,Malerkotla,PB,30.549409,75.792389,1.24,CRP_B2E55E456CF4,sugarcane,CRP_E91C254AD588,potato,MND_DEA1CD5F415B,0.438,True,agri_envelope_ring_v1,20260903,v0.1
FRM_645757EE6EDF,LOC_81360F6D916F,Rampur,UP,28.701378,78.978222,2.74,CRP_BF35A2D3261F,cauliflower,CRP_7CC27C59C145,urad,MND_B8828956892C,1.022,True,agri_envelope_ring_v1,20260903,v0.1
FRM_845A2D19552A,LOC_FBD8B8C69D2E,Malerkotla,PB,30.423392,75.990542,1.16,CRP_B2E55E456CF4,sugarcane,,,MND_DEA1CD5F415B,0.916,True,agri_envelope_ring_v1,20260903,v0.1
FRM_77BB6AD1A736,LOC_33436F15A718,Kurukshetra,HR,29.946786,76.701306,1.2,CRP_288971671685,onion,CRP_E2253B73169D,guar,MND_3F6468C86419,0.097,True,agri_envelope_ring_v1,20260903,v0.1
FRM_196081EAAD63,LOC_DAE219ED312F,Sambhal,UP,28.616058,78.65364,1.58,CRP_D955CA97E44D,maize,CRP_D7A9EAD0B15C,barley,MND_B8828956892C,0.878,True,agri_envelope_ring_v1,20260903,v0.1
FRM_96D64B2A5545,LOC_A0012B4C7A98,Shahjahanpur,UP,27.789862,80.007599,2.32,CRP_BF35A2D3261F,cauliflower,CRP_E91C254AD588,potato,MND_954F0551D2D8,1.9,True,agri_envelope_ring_v1,20260903,v0.1
FRM_B10AA842B0EB,LOC_6085E97F04DB,Saharanpur,UP,29.83773,77.728656,0.69,CRP_7CC27C59C145,urad,CRP_288971671685,onion,MND_D5BFCB18509B,1.164,True,agri_envelope_ring_v1,20260903,v0.1
FRM_03BB432B0498,LOC_B5412F333B08,Bulandshahr,UP,28.329403,77.690793,2.03,CRP_D7A9EAD0B15C,barley,CRP_5ED728C2FA5D,tomato,MND_2E59AF542C18,1.64,True,agri_envelope_ring_v1,20260903,v0.1
FRM_ECF1051551CD,LOC_482EF967BC5D,Barabanki,UP,27.042963,81.134878,0.64,CRP_D955CA97E44D,maize,CRP_D7A9EAD0B15C,barley,MND_F0BDDB3CC08D,1.262,True,agri_envelope_ring_v1,20260903,v0.1
FRM_47162A3F0D7E,LOC_444CEEF919F0,Pilibhit,UP,28.659401,80.034726,1.41,CRP_7CC27C59C145,urad,CRP_E91C254AD588,potato,MND_9AC86A6D5AEC,1.037,True,agri_envelope_ring_v1,20260903,v0.1
FRM_BDD90B17E5B5,LOC_A8914F5E568C,Kaithal,HR,29.664788,76.646618,6.49,CRP_7CC27C59C145,urad,,,MND_7491C25B20FE,0.351,True,agri_envelope_ring_v1,20260903,v0.1
FRM_371E25F639B0,LOC_4A96FFAE3055,Unnao,UP,26.413075,80.613467,1.7,CRP_DE6C334339AC,wheat,CRP_D955CA97E44D,maize,MND_301551655568,0.269,True,agri_envelope_ring_v1,20260903,v0.1
FRM_DA9E26146BE1,LOC_D879F644CD06,Sangrur,PB,30.297858,75.536115,2.77,CRP_352B5B6699D8,mustard,CRP_B2E55E456CF4,sugarcane,MND_DEA1CD5F415B,0.377,True,agri_envelope_ring_v1,20260903,v0.1
FRM_4EE51A1BFEA0,LOC_7097342BE77C,Amroha,UP,28.932339,78.36538,1.66,CRP_E91C254AD588,potato,CRP_5ED728C2FA5D,tomato,MND_B8828956892C,0.434,True,agri_envelope_ring_v1,20260903,v0.1
FRM_88B5D71C6751,LOC_7D618F6A6A34,Firozabad,UP,27.015175,78.229744,1.91,CRP_D955CA97E44D,maize,,,MND_316B3A33D09D,0.365,True,agri_envelope_ring_v1,20260903,v0.1
FRM_0621651D9A4F,LOC_9C262D787DB3,Jind,HR,29.193721,76.508328,0.77,CRP_E2253B73169D,guar,CRP_288971671685,onion,MND_07DDCCA966AE,0.157,True,agri_envelope_ring_v1,20260903,v0.1
FRM_7E3DBB16760F,LOC_F93C1B8B022C,Bulandshahr,UP,28.407757,77.99947,1.27,CRP_352B5B6699D8,mustard,CRP_D7A9EAD0B15C,barley,MND_2E59AF542C18,0.501,True,agri_envelope_ring_v1,20260903,v0.1
FRM_28985E57C625,LOC_AEBD136A15E4,Tarn Taran,PB,31.493747,75.067276,2.64,CRP_2554D1918FBC,paddy,,,MND_E2F2E16B54CD,0.981,True,agri_envelope_ring_v1,20260903,v0.1
FRM_0D7E66283DF4,LOC_B570EDA1EDC5,Jind,HR,29.30208,76.09022,1.95,CRP_B2E55E456CF4,sugarcane,CRP_DE6C334339AC,wheat,MND_F02880680127,0.344,True,agri_envelope_ring_v1,20260903,v0.1
FRM_09250C8800F6,LOC_4E0DBFCAF9D2,Rewari,HR,28.092086,76.522686,1.38,CRP_69E399851C84,cotton,,,MND_3F94E23EB0A5,1.318,True,agri_envelope_ring_v1,20260903,v0.1
FRM_33FED5E4D731,LOC_95F45E3D0D30,Barnala,PB,30.230185,75.508601,8.43,CRP_352B5B6699D8,mustard,CRP_C7952894B2A5,moong,MND_BA2F125FAB06,0.564,True,agri_envelope_ring_v1,20260903,v0.1
FRM_C299999B9E09,LOC_E6A4B6E3AA34,Sirsa,HR,29.666094,75.02117,3.39,CRP_E2253B73169D,guar,CRP_C7952894B2A5,moong,MND_5C10FF171343,0.173,True,agri_envelope_ring_v1,20260903,v0.1
FRM_F31BAF46BEBC,LOC_A4BE300C49F0,Barabanki,UP,26.831573,81.459467,1.8,CRP_352B5B6699D8,mustard,,,MND_954F0551D2D8,0.805,True,agri_envelope_ring_v1,20260903,v0.1
FRM_62E651CBA0A5,LOC_1A9C7ACA9394,Saharanpur,UP,29.908085,77.825699,0.73,CRP_CAA75103C53B,gram,,,MND_05333875B51A,0.216,True,agri_envelope_ring_v1,20260903,v0.1
FRM_D7F8C02DCA89,LOC_C11FC6BE45DA,Panchkula,HR,30.659895,77.025636,0.62,CRP_5ED728C2FA5D,tomato,CRP_BF35A2D3261F,cauliflower,MND_3F6468C86419,1.729,True,agri_envelope_ring_v1,20260903,v0.1
FRM_F2761AA090AE,LOC_AB12453E1879,Sirsa,HR,29.410551,75.326287,0.91,CRP_8F398886C326,sunflower,CRP_352B5B6699D8,mustard,MND_CB2E88CD3113,2.176,True,agri_envelope_ring_v1,20260903,v0.1
FRM_6C2AA10F2CE6,LOC_6782560C023F,Ludhiana,PB,30.733345,75.992729,1.07,CRP_69E399851C84,cotton,,,MND_784599D2DCF5,0.614,True,agri_envelope_ring_v1,20260903,v0.1
FRM_0CE20E303429,LOC_4172DACF5DE2,Rupnagar,PB,31.087567,76.700321,1.91,CRP_D955CA97E44D,maize,CRP_2554D1918FBC,paddy,MND_D400EAD28DB3,0.358,True,agri_envelope_ring_v1,20260903,v0.1
FRM_4AF797605DDE,LOC_4D280F7825DC,Mathura,UP,27.375704,77.624334,0.63,CRP_D7A9EAD0B15C,barley,,,MND_BBFD6D659730,0.391,True,agri_envelope_ring_v1,20260903,v0.1
FRM_CD7D547C6756,LOC_BF61E6A0A738,Muzaffarnagar,UP,29.565847,77.927126,1.63,CRP_E91C254AD588,potato,CRP_DE6C334339AC,wheat,MND_05333875B51A,0.41,True,agri_envelope_ring_v1,20260903,v0.1
FRM_04A6D78D42ED,LOC_0ED4FCA3B5F4,Ludhiana,PB,30.812257,76.044047,1.43,CRP_E91C254AD588,potato,CRP_B2E55E456CF4,sugarcane,MND_DA6DF57ACFEE,1.421,True,agri_envelope_ring_v1,20260903,v0.1
FRM_C2CF123E5ECB,LOC_2A551C1CBADB,Mansa,PB,29.997694,75.357986,4.28,CRP_E91C254AD588,potato,CRP_CAA75103C53B,gram,MND_BA2F125FAB06,0.759,True,agri_envelope_ring_v1,20260903,v0.1
FRM_C086FE0932D8,LOC_241DA091A28B,Muktsar,PB,30.247817,74.409646,0.62,CRP_D7A9EAD0B15C,barley,CRP_B2E55E456CF4,sugarcane,MND_FE8D567E9001,0.947,True,agri_envelope_ring_v1,20260903,v0.1
FRM_535792BCF7B5,LOC_D9CB3D8F8358,Moga,PB,30.842552,75.015665,2.93,CRP_2554D1918FBC,paddy,CRP_D7A9EAD0B15C,barley,MND_FE8D567E9001,1.683,True,agri_envelope_ring_v1,20260903,v0.1
FRM_43C7177BF3FA,LOC_9F331B15AE3E,Shahjahanpur,UP,27.762593,80.020383,0.98,CRP_28F945D9AC9C,bajra,CRP_BF35A2D3261F,cauliflower,MND_954F0551D2D8,0.612,True,agri_envelope_ring_v1,20260903,v0.1
FRM_795E6D517FDE,LOC_60A075B37E45,Barabanki,UP,27.149386,81.045744,0.59,CRP_BF35A2D3261F,cauliflower,CRP_D7A9EAD0B15C,barley,MND_954F0551D2D8,0.509,True,agri_envelope_ring_v1,20260903,v0.1
FRM_E29441B246AB,LOC_AA2960E68555,Barnala,PB,30.331748,75.458106,3.63,CRP_DE6C334339AC,wheat,CRP_69E399851C84,cotton,MND_DEA1CD5F415B,0.363,True,agri_envelope_ring_v1,20260903,v0.1
FRM_269BC220B187,LOC_72D7B4523383,Bulandshahr,UP,28.312553,77.731338,0.61,CRP_CAA75103C53B,gram,CRP_7CC27C59C145,urad,MND_2E59AF542C18,0.955,True,agri_envelope_ring_v1,20260903,v0.1
FRM_1B6584BA5E1F,LOC_8070B7083866,Shamli,UP,29.374019,77.343689,0.57,CRP_E91C254AD588,potato,CRP_BF35A2D3261F,cauliflower,MND_C163C6E4A832,0.427,True,agri_envelope_ring_v1,20260903,v0.1
FRM_8A07E6693D52,LOC_0A364F3DD11E,Pilibhit,UP,28.827529,79.708048,1.31,CRP_D7A9EAD0B15C,barley,CRP_DE6C334339AC,wheat,MND_9AC86A6D5AEC,1.215,True,agri_envelope_ring_v1,20260903,v0.1
FRM_26DFAC13E68B,LOC_EBF06649A3EC,Ambala,HR,30.47915,76.859346,0.67,CRP_352B5B6699D8,mustard,,,MND_3F6468C86419,0.434,True,agri_envelope_ring_v1,20260903,v0.1
FRM_102104D2459B,LOC_B94C3DB4DB74,Firozabad,UP,27.177702,78.587869,0.5,CRP_7CC27C59C145,urad,,,MND_316B3A33D09D,0.626,True,agri_envelope_ring_v1,20260903,v0.1
FRM_BE2251E22508,LOC_8AF35417E797,Etawah,UP,26.881724,79.127243,1.23,CRP_7CC27C59C145,urad,CRP_D7A9EAD0B15C,barley,MND_1BD2DF2540D5,1.658,True,agri_envelope_ring_v1,20260903,v0.1
FRM_74C1A7837A91,LOC_828B31D129B9,Hapur,UP,28.672594,77.908677,1.55,CRP_7CC27C59C145,urad,CRP_C7952894B2A5,moong,MND_2E59AF542C18,1.398,True,agri_envelope_ring_v1,20260903,v0.1
FRM_0E15E8747383,LOC_A24F0E7649A6,Karnal,HR,29.814596,77.236756,6.53,CRP_B2E55E456CF4,sugarcane,CRP_352B5B6699D8,mustard,MND_4ADE384C6981,1.058,True,agri_envelope_ring_v1,20260903,v0.1
FRM_2665C8BE6204,LOC_5532227F6DEB,Bathinda,PB,30.301415,74.83029,2.83,CRP_D955CA97E44D,maize,CRP_D7A9EAD0B15C,barley,MND_BA2F125FAB06,0.173,True,agri_envelope_ring_v1,20260903,v0.1
FRM_AF1A14FE50E1,LOC_43D2D460032A,Gorakhpur,UP,26.946839,83.288902,1.15,CRP_BF35A2D3261F,cauliflower,CRP_B2E55E456CF4,sugarcane,MND_362E0E09CB0D,1.05,True,agri_envelope_ring_v1,20260903,v0.1
FRM_C250D97DB498,LOC_4D67309C07C9,Saharanpur,UP,29.876269,77.82267,5.75,CRP_5ED728C2FA5D,tomato,CRP_288971671685,onion,MND_D5BFCB18509B,1.21,True,agri_envelope_ring_v1,20260903,v0.1
FRM_CB87B27F021D,LOC_E52ED36BB75A,Patiala,PB,30.305461,76.438482,2.88,CRP_D7A9EAD0B15C,barley,CRP_352B5B6699D8,mustard,MND_9AE87167EF0F,1.142,True,agri_envelope_ring_v1,20260903,v0.1
FRM_3EAAEB56E986,LOC_14F49FDEE8CE,Mainpuri,UP,27.26573,79.204176,4.47,CRP_D7A9EAD0B15C,barley,CRP_352B5B6699D8,mustard,MND_1BD2DF2540D5,1.399,True,agri_envelope_ring_v1,20260903,v0.1
FRM_906F6EC6AC22,LOC_E436575AC59E,Moradabad,UP,28.791842,78.648709,1.0,CRP_5ED728C2FA5D,tomato,CRP_D7A9EAD0B15C,barley,MND_B8828956892C,0.778,True,agri_envelope_ring_v1,20260903,v0.1
FRM_7C19C1E21379,LOC_7722E66AA1E4,Shahjahanpur,UP,27.950193,79.93365,1.29,CRP_2554D1918FBC,paddy,,,MND_9AC86A6D5AEC,0.234,True,agri_envelope_ring_v1,20260903,v0.1
FRM_6CC5DED19750,LOC_952CB15CD231,Rampur,UP,28.674123,78.946461,1.47,CRP_DE6C334339AC,wheat,CRP_2554D1918FBC,paddy,MND_B8828956892C,1.007,True,agri_envelope_ring_v1,20260903,v0.1
FRM_BA9F068562B9,LOC_7EF62433DDF6,Ferozepur,PB,31.140898,74.645575,1.26,CRP_CAA75103C53B,gram,CRP_E91C254AD588,potato,MND_E2F2E16B54CD,0.375,True,agri_envelope_ring_v1,20260903,v0.1
FRM_9C132055901C,LOC_190E470FB60E,Sangrur,PB,30.38396,76.143403,0.77,CRP_CAA75103C53B,gram,CRP_69E399851C84,cotton,MND_D400EAD28DB3,0.363,True,agri_envelope_ring_v1,20260903,v0.1
FRM_869022BCAB01,LOC_81360F6D916F,Rampur,UP,28.695065,78.986216,0.7,CRP_DE6C334339AC,wheat,CRP_7CC27C59C145,urad,MND_B8828956892C,0.16,True,agri_envelope_ring_v1,20260903,v0.1
FRM_500DA6A00E42,LOC_A23F853D1970,Jind,HR,29.27648,76.539805,2.09,CRP_352B5B6699D8,mustard,,,MND_7491C25B20FE,1.851,True,agri_envelope_ring_v1,20260903,v0.1
FRM_4C0861C6C789,LOC_F601A596D94C,Hapur,UP,28.782274,77.883361,0.75,CRP_DE6C334339AC,wheat,CRP_CAA75103C53B,gram,MND_96D277426B8A,1.135,True,agri_envelope_ring_v1,20260903,v0.1
FRM_FD04F17D7E24,LOC_6B8957344869,Saharanpur,UP,29.759434,77.591454,3.41,CRP_2554D1918FBC,paddy,CRP_4DDD4816119A,arhar,MND_D5BFCB18509B,0.597,True,agri_envelope_ring_v1,20260903,v0.1
FRM_F07DF11A6B74,LOC_3D987BE0DBAB,Saharanpur,UP,29.880517,77.615031,3.41,CRP_2554D1918FBC,paddy,CRP_D7A9EAD0B15C,barley,MND_D5BFCB18509B,0.84,True,agri_envelope_ring_v1,20260903,v0.1
FRM_3445F9A86205,LOC_FBD09FA8D1C7,Ferozepur,PB,30.914462,74.841692,2.52,CRP_D7A9EAD0B15C,barley,,,MND_FE8D567E9001,0.737,True,agri_envelope_ring_v1,20260903,v0.1
FRM_8992ED3516C9,LOC_F48DBE1A3175,Mansa,PB,29.827686,75.354966,8.41,CRP_352B5B6699D8,mustard,,,MND_AE02C36E7ACD,1.467,True,agri_envelope_ring_v1,20260903,v0.1
FRM_3FA0278EB63B,LOC_ABD1D854D3A6,Bijnor,UP,29.334521,78.002052,0.46,CRP_7CC27C59C145,urad,CRP_352B5B6699D8,mustard,MND_05333875B51A,0.071,True,agri_envelope_ring_v1,20260903,v0.1
FRM_F5A35059C714,LOC_665C24FBE88D,Sangrur,PB,30.383687,75.523851,5.88,CRP_B2E55E456CF4,sugarcane,CRP_DE6C334339AC,wheat,MND_DEA1CD5F415B,0.177,True,agri_envelope_ring_v1,20260903,v0.1
FRM_1AB783A9C8B4,LOC_0386B614F75A,Karnal,HR,29.603475,77.062439,2.79,CRP_5ED728C2FA5D,tomato,,,MND_D5BFCB18509B,0.805,True,agri_envelope_ring_v1,20260903,v0.1
FRM_444F10AA68E9,LOC_09539444E144,Gorakhpur,UP,26.864196,83.53171,0.74,CRP_2554D1918FBC,paddy,CRP_B2E55E456CF4,sugarcane,MND_362E0E09CB0D,1.077,True,agri_envelope_ring_v1,20260903,v0.1
FRM_275F439BD9FD,LOC_0262CE773330,Bulandshahr,UP,28.349631,77.639923,1.68,CRP_B2E55E456CF4,sugarcane,CRP_2554D1918FBC,paddy,MND_2E59AF542C18,1.313,True,agri_envelope_ring_v1,20260903,v0.1
FRM_159906F64588,LOC_18170CFEC117,Agra,UP,27.124624,78.261419,1.69,CRP_DE6C334339AC,wheat,,,MND_316B3A33D09D,1.835,True,agri_envelope_ring_v1,20260903,v0.1
FRM_D8716703D55E,LOC_07B8A736525F,Ferozepur,PB,30.759624,74.568815,1.47,CRP_DE6C334339AC,wheat,CRP_69E399851C84,cotton,MND_FE8D567E9001,1.534,True,agri_envelope_ring_v1,20260903,v0.1
FRM_1FE3C0B79453,LOC_07B8A736525F,Ferozepur,PB,30.762661,74.609397,3.4,CRP_2554D1918FBC,paddy,CRP_69E399851C84,cotton,MND_E2F2E16B54CD,1.197,True,agri_envelope_ring_v1,20260903,v0.1
FRM_1253A37138E1,LOC_5C9B9F876CBA,Moga,PB,30.762114,75.327631,1.42,CRP_DE6C334339AC,wheat,CRP_2554D1918FBC,paddy,MND_784599D2DCF5,1.157,True,agri_envelope_ring_v1,20260903,v0.1
FRM_004B07A18E8E,LOC_A8097A9CC6A4,Bhiwani,HR,28.832342,76.365489,0.97,CRP_D955CA97E44D,maize,CRP_C7952894B2A5,moong,MND_F02880680127,1.269,True,agri_envelope_ring_v1,20260903,v0.1
FRM_4B8139D7D76C,LOC_7683E6A27CE1,Ludhiana,PB,30.78382,75.941495,2.28,CRP_D7A9EAD0B15C,barley,CRP_69E399851C84,cotton,MND_DA6DF57ACFEE,0.662,True,agri_envelope_ring_v1,20260903,v0.1
FRM_5861539AEE12,LOC_3FA7C10B9B0D,Shamli,UP,29.410014,77.404936,3.32,CRP_B2E55E456CF4,sugarcane,CRP_DE6C334339AC,wheat,MND_C163C6E4A832,1.129,True,agri_envelope_ring_v1,20260903,v0.1
FRM_E7AACE62623A,LOC_43BC8E83F94E,Barnala,PB,30.461249,75.583505,0.96,CRP_2554D1918FBC,paddy,CRP_D955CA97E44D,maize,MND_DEA1CD5F415B,0.528,True,agri_envelope_ring_v1,20260903,v0.1
FRM_761EE6B49283,LOC_9603DF774AA2,Sitapur,UP,27.349836,80.597213,1.78,CRP_BF35A2D3261F,cauliflower,,,MND_954F0551D2D8,0.383,True,agri_envelope_ring_v1,20260903,v0.1
FRM_54C75ACDDD5F,LOC_00B441735AC1,Kaithal,HR,29.835899,76.235749,0.94,CRP_288971671685,onion,CRP_8F398886C326,sunflower,MND_7491C25B20FE,0.654,True,agri_envelope_ring_v1,20260903,v0.1
FRM_BE26EFB14921,LOC_87100B3B0525,Bathinda,PB,30.287284,74.911019,1.22,CRP_B2E55E456CF4,sugarcane,,,MND_AE02C36E7ACD,0.353,True,agri_envelope_ring_v1,20260903,v0.1
FRM_FFEB9A291770,LOC_AD00C6CF3909,Hoshiarpur,PB,31.573304,75.741151,1.14,CRP_8F398886C326,sunflower,CRP_D7A9EAD0B15C,barley,MND_46CD786BC585,0.543,True,agri_envelope_ring_v1,20260903,v0.1
FRM_D260839AE04D,LOC_66DBED418621,Kurukshetra,HR,29.98644,76.706596,5.92,CRP_C7952894B2A5,moong,,,MND_9C5A213D03D2,1.361,True,agri_envelope_ring_v1,20260903,v0.1
FRM_ADFF4E67B03E,LOC_E8A74856EC67,Mansa,PB,29.938954,75.271555,1.4,CRP_D7A9EAD0B15C,barley,CRP_CAA75103C53B,gram,MND_BA2F125FAB06,0.219,True,agri_envelope_ring_v1,20260903,v0.1
FRM_F942C3E79A08,LOC_1C1CAFBB2F45,Patiala,PB,30.511235,76.283819,0.7,CRP_5ED728C2FA5D,tomato,,,MND_548773D47A30,0.153,True,agri_envelope_ring_v1,20260903,v0.1
FRM_E2EED874BBF1,LOC_59FD59C24704,Jalandhar,PB,31.414402,75.523706,1.88,CRP_D955CA97E44D,maize,CRP_E91C254AD588,potato,MND_46CD786BC585,0.72,True,agri_envelope_ring_v1,20260903,v0.1
FRM_4E071FC50A16,LOC_EB25A27C8E63,Muktsar,PB,30.574351,74.66746,1.13,CRP_D7A9EAD0B15C,barley,CRP_B2E55E456CF4,sugarcane,MND_AE02C36E7ACD,1.709,True,agri_envelope_ring_v1,20260903,v0.1
FRM_5CF023D4ACAF,LOC_27E1FD526D29,Budaun,UP,27.915247,79.038953,1.15,CRP_5ED728C2FA5D,tomato,CRP_E91C254AD588,potato,MND_9AC86A6D5AEC,0.721,True,agri_envelope_ring_v1,20260903,v0.1
FRM_309AD6A27891,LOC_2CCC9838261F,Etah,UP,27.470789,78.649512,1.5,CRP_2554D1918FBC,paddy,,,MND_1BD2DF2540D5,0.612,True,agri_envelope_ring_v1,20260903,v0.1
FRM_1C1B1FAEAB50,LOC_21FD7D4E72BA,Muktsar,PB,30.531085,74.735803,3.18,CRP_B2E55E456CF4,sugarcane,CRP_2554D1918FBC,paddy,MND_FE8D567E9001,0.781,True,agri_envelope_ring_v1,20260903,v0.1
FRM_65B6B73D20BE,LOC_88DE3D9E72BE,Fazilka,PB,30.263519,74.026983,4.89,CRP_8F398886C326,sunflower,,,MND_FE8D567E9001,1.853,True,agri_envelope_ring_v1,20260903,v0.1
FRM_23CB100D386F,LOC_5D4E37C6A752,Barnala,PB,30.422307,75.511992,1.68,CRP_CAA75103C53B,gram,,,MND_DEA1CD5F415B,0.43,True,agri_envelope_ring_v1,20260903,v0.1
FRM_3BB083AB0E2E,LOC_99C1743B88F7,Muzaffarnagar,UP,29.558198,77.754292,0.55,CRP_352B5B6699D8,mustard,CRP_DE6C334339AC,wheat,MND_05333875B51A,1.122,True,agri_envelope_ring_v1,20260903,v0.1
FRM_0E4494F2B11A,LOC_3899B14DF55F,Kurukshetra,HR,29.86877,77.004632,1.17,CRP_2554D1918FBC,paddy,CRP_5ED728C2FA5D,tomato,MND_4ADE384C6981,0.548,True,agri_envelope_ring_v1,20260903,v0.1
FRM_EB7DEB696DA7,LOC_D9CB3D8F8358,Moga,PB,30.832066,75.022898,2.19,CRP_B2E55E456CF4,sugarcane,CRP_352B5B6699D8,mustard,MND_FE8D567E9001,0.548,True,agri_envelope_ring_v1,20260903,v0.1
FRM_94F45CF39F3B,LOC_A8593BBA43B3,Kurukshetra,HR,29.989636,77.044265,1.0,CRP_7CC27C59C145,urad,CRP_BF35A2D3261F,cauliflower,MND_4ADE384C6981,0.395,True,agri_envelope_ring_v1,20260903,v0.1
FRM_73BE7D8C842E,LOC_A6232DB6ED9D,Prayagraj,UP,25.323252,82.013863,0.78,CRP_28F945D9AC9C,bajra,CRP_B2E55E456CF4,sugarcane,MND_EE2349EB6FB3,0.757,True,agri_envelope_ring_v1,20260903,v0.1
FRM_674FC66F3B62,LOC_F601A596D94C,Hapur,UP,28.765039,77.9056,0.37,CRP_D7A9EAD0B15C,barley,,,MND_96D277426B8A,0.932,True,agri_envelope_ring_v1,20260903,v0.1
FRM_8C924642B8AA,LOC_E745ED35A1D1,Hapur,UP,28.844466,77.700234,1.88,CRP_288971671685,onion,CRP_BF35A2D3261F,cauliflower,MND_96D277426B8A,1.816,True,agri_envelope_ring_v1,20260903,v0.1
FRM_7D08DC854DCD,LOC_E4484269462F,Rewari,HR,28.130386,76.648947,1.7,CRP_BF35A2D3261F,cauliflower,CRP_8F398886C326,sunflower,MND_3F94E23EB0A5,0.467,True,agri_envelope_ring_v1,20260903,v0.1
FRM_366BD8E0E88F,LOC_BA3D8F5261A0,Jind,HR,29.585322,76.461781,2.78,CRP_7CC27C59C145,urad,CRP_CAA75103C53B,gram,MND_07DDCCA966AE,0.698,True,agri_envelope_ring_v1,20260903,v0.1
FRM_49D88FF3816F,LOC_1EFC6D3A16E5,Mansa,PB,29.934184,75.269862,4.33,CRP_DE6C334339AC,wheat,CRP_69E399851C84,cotton,MND_AE02C36E7ACD,0.105,True,agri_envelope_ring_v1,20260903,v0.1
FRM_5250CB833F7D,LOC_E5F47B021290,Hapur,UP,28.636575,77.889941,1.78,CRP_C7952894B2A5,moong,,,MND_96D277426B8A,0.125,True,agri_envelope_ring_v1,20260903,v0.1
FRM_814E70E7165F,LOC_B8E82BA5855B,Prayagraj,UP,25.289582,81.983424,0.85,CRP_E91C254AD588,potato,,,MND_EE2349EB6FB3,1.657,True,agri_envelope_ring_v1,20260903,v0.1
FRM_0365A881D56E,LOC_8AD8413C3427,Hathras,UP,27.595167,78.116422,1.6,CRP_7CC27C59C145,urad,CRP_28F945D9AC9C,bajra,MND_5B5C6B926181,0.623,True,agri_envelope_ring_v1,20260903,v0.1
FRM_230696F3E744,LOC_422A64A12E9B,Sonipat,HR,28.995015,76.938811,0.99,CRP_288971671685,onion,,,MND_538E435A4360,0.092,True,agri_envelope_ring_v1,20260903,v0.1
FRM_9265AAF320DB,LOC_A2C24DA14D7E,Sonipat,HR,29.002741,76.940399,0.87,CRP_D7A9EAD0B15C,barley,,,MND_538E435A4360,1.44,True,agri_envelope_ring_v1,20260903,v0.1
FRM_D6521785F783,LOC_45823E258E60,Tarn Taran,PB,31.601726,74.8694,0.72,CRP_C7952894B2A5,moong,,,MND_E2F2E16B54CD,0.599,True,agri_envelope_ring_v1,20260903,v0.1
FRM_A965FDE1F8C5,LOC_FD52755A0338,Yamunanagar,HR,30.262977,77.319101,1.36,CRP_5ED728C2FA5D,tomato,,,MND_D5BFCB18509B,1.419,True,agri_envelope_ring_v1,20260903,v0.1
FRM_13DBD24675AA,LOC_1CD7BA973B28,Barnala,PB,30.430658,75.566975,0.47,CRP_352B5B6699D8,mustard,CRP_B2E55E456CF4,sugarcane,MND_DEA1CD5F415B,0.444,True,agri_envelope_ring_v1,20260903,v0.1
FRM_EB93A8438CD6,LOC_DA3E837A923D,Moradabad,UP,28.796379,78.675099,2.4,CRP_7CC27C59C145,urad,CRP_C7952894B2A5,moong,MND_B8828956892C,0.932,True,agri_envelope_ring_v1,20260903,v0.1
FRM_F81FD31846B7,LOC_707935AB7B63,Malerkotla,PB,30.422499,76.061364,6.01,CRP_CAA75103C53B,gram,CRP_D7A9EAD0B15C,barley,MND_9AE87167EF0F,0.088,True,agri_envelope_ring_v1,20260903,v0.1
FRM_F3E8565DB50C,LOC_4156FFD7170E,Bathinda,PB,30.247093,74.809616,2.25,CRP_352B5B6699D8,mustard,CRP_2554D1918FBC,paddy,MND_AE02C36E7ACD,1.108,True,agri_envelope_ring_v1,20260903,v0.1
FRM_248E2FD399C9,LOC_61770B9B6A7F,Rohtak,HR,28.816136,76.342148,2.4,CRP_B2E55E456CF4,sugarcane,CRP_7CC27C59C145,urad,MND_F02880680127,0.619,True,agri_envelope_ring_v1,20260903,v0.1
FRM_1CD08F48A0D7,LOC_D6F4489A1C80,Bijnor,UP,29.205665,78.382542,1.19,CRP_28F945D9AC9C,bajra,CRP_352B5B6699D8,mustard,MND_B8828956892C,0.54,True,agri_envelope_ring_v1,20260903,v0.1
FRM_D22A34EB8CCA,LOC_4FF63179E53D,Sonipat,HR,28.918557,76.831943,0.44,CRP_CAA75103C53B,gram,CRP_DE6C334339AC,wheat,MND_538E435A4360,0.475,True,agri_envelope_ring_v1,20260903,v0.1
FRM_EA0550095B9D,LOC_254343A2E586,Etah,UP,27.371434,78.602534,5.48,CRP_352B5B6699D8,mustard,,,MND_5B5C6B926181,0.494,True,agri_envelope_ring_v1,20260903,v0.1
FRM_719E6D395306,LOC_63037C8210F6,Kurukshetra,HR,29.943225,76.706672,0.42,CRP_5ED728C2FA5D,tomato,CRP_B2E55E456CF4,sugarcane,MND_9C5A213D03D2,1.402,True,agri_envelope_ring_v1,20260903,v0.1
FRM_9ED391887FBD,LOC_589606419F7A,Fatehabad,HR,29.643653,75.330896,0.33,CRP_D7A9EAD0B15C,barley,CRP_C7952894B2A5,moong,MND_4427C76F4F6F,1.215,True,agri_envelope_ring_v1,20260903,v0.1
FRM_F1871CAB27CF,LOC_D879F644CD06,Sangrur,PB,30.290172,75.531737,1.81,CRP_D7A9EAD0B15C,barley,CRP_CAA75103C53B,gram,MND_548773D47A30,0.659,True,agri_envelope_ring_v1,20260903,v0.1
FRM_510BE081A141,LOC_87D840C573BE,Rampur,UP,28.789443,79.296747,0.49,CRP_DE6C334339AC,wheat,,,MND_9AC86A6D5AEC,0.441,True,agri_envelope_ring_v1,20260903,v0.1
FRM_B4811542928C,LOC_C2FE4EFE44C7,Hisar,HR,29.016411,75.987322,2.98,CRP_BF35A2D3261F,cauliflower,CRP_7CC27C59C145,urad,MND_F02880680127,0.821,True,agri_envelope_ring_v1,20260903,v0.1
FRM_CED3C37B5EBA,LOC_13EA26A2DB59,Kapurthala,PB,31.399578,75.590753,1.29,CRP_D7A9EAD0B15C,barley,CRP_DE6C334339AC,wheat,MND_784599D2DCF5,0.672,True,agri_envelope_ring_v1,20260903,v0.1
FRM_AA3C156EEB5D,LOC_5B535D3DF88E,Saharanpur,UP,29.727752,77.505115,0.32,CRP_4DDD4816119A,arhar,CRP_CAA75103C53B,gram,MND_D5BFCB18509B,1.124,True,agri_envelope_ring_v1,20260903,v0.1
FRM_8E18972177F7,LOC_A819A1872169,Barabanki,UP,26.794838,81.308999,2.25,CRP_C7952894B2A5,moong,CRP_E91C254AD588,potato,MND_F0BDDB3CC08D,0.357,True,agri_envelope_ring_v1,20260903,v0.1
FRM_0250A3474528,LOC_9EA9A06106C9,Sitapur,UP,27.372823,80.621178,0.31,CRP_352B5B6699D8,mustard,CRP_BF35A2D3261F,cauliflower,MND_9AC86A6D5AEC,1.264,True,agri_envelope_ring_v1,20260903,v0.1
FRM_9E07B300597C,LOC_799ED78F34CD,Jhajjar,HR,28.733813,76.571755,0.68,CRP_DE6C334339AC,wheat,CRP_28F945D9AC9C,bajra,MND_372DA5A01CDA,1.181,True,agri_envelope_ring_v1,20260903,v0.1
FRM_4EB9ED386D62,LOC_0766416AA4FE,Moga,PB,30.787897,74.979476,2.24,CRP_DE6C334339AC,wheat,CRP_D7A9EAD0B15C,barley,MND_FE8D567E9001,1.038,True,agri_envelope_ring_v1,20260903,v0.1
FRM_523FCA6B0540,LOC_B93ABC1A7A1E,Moga,PB,30.7358,75.278043,1.79,CRP_C7952894B2A5,moong,CRP_B2E55E456CF4,sugarcane,MND_FE8D567E9001,0.311,True,agri_envelope_ring_v1,20260903,v0.1
FRM_2E2171B8EBBE,LOC_D73857142BB2,Moga,PB,30.825851,74.993158,0.8,CRP_C7952894B2A5,moong,CRP_E91C254AD588,potato,MND_784599D2DCF5,0.815,True,agri_envelope_ring_v1,20260903,v0.1
FRM_0A1C9FE83718,LOC_6352280A09CB,Rohtak,HR,28.677741,76.693603,1.97,CRP_69E399851C84,cotton,CRP_352B5B6699D8,mustard,MND_372DA5A01CDA,0.7,True,agri_envelope_ring_v1,20260903,v0.1
FRM_D90CA619D3D0,LOC_E1629873130D,Pilibhit,UP,28.532832,79.748508,0.61,CRP_DE6C334339AC,wheat,CRP_7CC27C59C145,urad,MND_9AC86A6D5AEC,0.117,True,agri_envelope_ring_v1,20260903,v0.1
FRM_4DE1A18E0C9C,LOC_DF7D0882EEBD,Fatehabad,HR,29.3715,75.547065,3.34,CRP_D7A9EAD0B15C,barley,CRP_69E399851C84,cotton,MND_BA2F125FAB06,1.286,True,agri_envelope_ring_v1,20260903,v0.1
FRM_A7DA357F7F2D,LOC_4700B927FD97,Yamunanagar,HR,30.189053,77.220957,0.89,CRP_DE6C334339AC,wheat,,,MND_D5BFCB18509B,0.596,True,agri_envelope_ring_v1,20260903,v0.1
FRM_C6A69D83F214,LOC_C582AAED9843,Mainpuri,UP,27.021563,78.987507,2.09,CRP_5ED728C2FA5D,tomato,CRP_DE6C334339AC,wheat,MND_316B3A33D09D,0.259,True,agri_envelope_ring_v1,20260903,v0.1
FRM_8AEBBBAFCED6,LOC_A61C1D57E0E6,Fatehgarh Sahib,PB,30.63642,76.519189,1.77,CRP_D7A9EAD0B15C,barley,CRP_D955CA97E44D,maize,MND_D3D37BB2E2D7,0.719,True,agri_envelope_ring_v1,20260903,v0.1
FRM_83F2BD5CF29D,LOC_F13DC7145786,Ghaziabad,UP,28.721326,77.593379,0.59,CRP_28F945D9AC9C,bajra,CRP_7CC27C59C145,urad,MND_4217655002FF,1.313,True,agri_envelope_ring_v1,20260903,v0.1
FRM_D7B3D2914F5E,LOC_46341CAE4293,Ferozepur,PB,31.106105,74.706813,0.44,CRP_D955CA97E44D,maize,CRP_DE6C334339AC,wheat,MND_FE8D567E9001,0.516,True,agri_envelope_ring_v1,20260903,v0.1
FRM_DFE930879282,LOC_B19469DEF061,Ferozepur,PB,30.917519,74.881622,3.29,CRP_8F398886C326,sunflower,,,MND_FE8D567E9001,0.365,True,agri_envelope_ring_v1,20260903,v0.1
FRM_D3B02923B6C9,LOC_B0F3390A1823,Kanpur Nagar,UP,26.378973,80.44051,1.46,CRP_C7952894B2A5,moong,CRP_5ED728C2FA5D,tomato,MND_301551655568,1.279,True,agri_envelope_ring_v1,20260903,v0.1
FRM_B0EBEAE154BA,LOC_9603DF774AA2,Sitapur,UP,27.343531,80.624409,1.65,CRP_5ED728C2FA5D,tomato,CRP_C7952894B2A5,moong,MND_954F0551D2D8,1.122,True,agri_envelope_ring_v1,20260903,v0.1
FRM_E9B80A0FE007,LOC_E745ED35A1D1,Hapur,UP,28.841901,77.736648,1.12,CRP_E91C254AD588,potato,CRP_B2E55E456CF4,sugarcane,MND_96D277426B8A,1.236,True,agri_envelope_ring_v1,20260903,v0.1
FRM_6EEAC215AA80,LOC_988456936640,Kaithal,HR,29.708973,76.508935,0.46,CRP_D7A9EAD0B15C,barley,,,MND_7491C25B20FE,0.951,True,agri_envelope_ring_v1,20260903,v0.1
FRM_EB41C4009345,LOC_25065D8B6D6E,Jalandhar,PB,31.436501,75.536201,1.87,CRP_5ED728C2FA5D,tomato,,,MND_46CD786BC585,0.271,True,agri_envelope_ring_v1,20260903,v0.1
FRM_6305A1066466,LOC_553429A16274,Moga,PB,30.677866,74.953105,1.33,CRP_2554D1918FBC,paddy,CRP_8F398886C326,sunflower,MND_FE8D567E9001,1.08,True,agri_envelope_ring_v1,20260903,v0.1
FRM_5CC70AE7071A,LOC_73568D7EFEF8,Budaun,UP,28.012296,78.953067,1.74,CRP_288971671685,onion,,,MND_9AC86A6D5AEC,0.303,True,agri_envelope_ring_v1,20260903,v0.1
FRM_60F9C9B1D171,LOC_3179AFA249E8,Barabanki,UP,27.102043,81.129255,1.32,CRP_BF35A2D3261F,cauliflower,CRP_352B5B6699D8,mustard,MND_F0BDDB3CC08D,0.249,True,agri_envelope_ring_v1,20260903,v0.1
FRM_BF0F58D68A20,LOC_97970758B4DB,Prayagraj,UP,25.25346,82.030675,1.48,CRP_7CC27C59C145,urad,CRP_C7952894B2A5,moong,MND_EE2349EB6FB3,0.061,True,agri_envelope_ring_v1,20260903,v0.1
FRM_67C45A1115F9,LOC_59542E8EE11E,Hardoi,UP,27.506844,80.247494,0.49,CRP_E91C254AD588,potato,CRP_DE6C334339AC,wheat,MND_954F0551D2D8,0.236,True,agri_envelope_ring_v1,20260903,v0.1
FRM_DC04314DD8C5,LOC_C316917DFFED,Fazilka,PB,30.241366,74.147231,1.04,CRP_69E399851C84,cotton,CRP_D955CA97E44D,maize,MND_AE02C36E7ACD,0.899,True,agri_envelope_ring_v1,20260903,v0.1
FRM_21792D14A8AC,LOC_A8914F5E568C,Kaithal,HR,29.680723,76.642649,2.2,CRP_5ED728C2FA5D,tomato,CRP_7CC27C59C145,urad,MND_4ADE384C6981,1.148,True,agri_envelope_ring_v1,20260903,v0.1
FRM_84BF415383FA,LOC_4EAC486BB450,Hathras,UP,27.50755,78.112545,1.44,CRP_D7A9EAD0B15C,barley,,,MND_316B3A33D09D,1.364,True,agri_envelope_ring_v1,20260903,v0.1
FRM_D95BAFDCE201,LOC_031C0FB1BC63,Bareilly,UP,28.505308,79.528463,0.53,CRP_288971671685,onion,CRP_B2E55E456CF4,sugarcane,MND_9AC86A6D5AEC,0.762,True,agri_envelope_ring_v1,20260903,v0.1
FRM_DE943CBDFA0E,LOC_73568D7EFEF8,Budaun,UP,28.027514,78.931284,1.37,CRP_B2E55E456CF4,sugarcane,,,MND_9AC86A6D5AEC,0.539,True,agri_envelope_ring_v1,20260903,v0.1
FRM_EB2BB316BD03,LOC_89681CCF25FD,Gurdaspur,PB,32.152783,75.27838,1.46,CRP_8F398886C326,sunflower,CRP_B2E55E456CF4,sugarcane,MND_E2F2E16B54CD,0.947,True,agri_envelope_ring_v1,20260903,v0.1
FRM_9E38B1D0441B,LOC_694ACC065B19,Rampur,UP,28.704878,79.037836,1.13,CRP_2554D1918FBC,paddy,,,MND_B8828956892C,1.578,True,agri_envelope_ring_v1,20260903,v0.1
FRM_7985951BB987,LOC_827933FB3966,Baghpat,UP,29.086679,77.110046,3.55,CRP_7CC27C59C145,urad,,,MND_9E255CEE332B,2.444,True,agri_envelope_ring_v1,20260903,v0.1
FRM_149645C1835C,LOC_87D840C573BE,Rampur,UP,28.787313,79.28432,2.61,CRP_352B5B6699D8,mustard,CRP_D955CA97E44D,maize,MND_9AC86A6D5AEC,1.242,True,agri_envelope_ring_v1,20260903,v0.1
FRM_34122B8BB8D9,LOC_B48D7BA68C77,Hardoi,UP,27.579556,80.105178,0.72,CRP_D7A9EAD0B15C,barley,,,MND_954F0551D2D8,0.591,True,agri_envelope_ring_v1,20260903,v0.1
FRM_ACE937EFB6A1,LOC_93D7355C3904,Baghpat,UP,28.866141,77.173117,1.57,CRP_28F945D9AC9C,bajra,CRP_BF35A2D3261F,cauliflower,MND_1796B26F4DCC,2.317,True,agri_envelope_ring_v1,20260903,v0.1
FRM_7269971468D9,LOC_60C4F4F3C4E8,Hisar,HR,28.991231,75.498953,2.62,CRP_288971671685,onion,CRP_C7952894B2A5,moong,MND_CB2E88CD3113,1.288,True,agri_envelope_ring_v1,20260903,v0.1
FRM_8D4A83D07C9C,LOC_BE390EADBF18,Fazilka,PB,30.210476,74.085936,0.78,CRP_B2E55E456CF4,sugarcane,,,MND_FE8D567E9001,1.004,True,agri_envelope_ring_v1,20260903,v0.1
FRM_CA5EFB6B5FE9,LOC_6760EC2F5937,Jhajjar,HR,28.572173,76.900997,1.02,CRP_C7952894B2A5,moong,CRP_352B5B6699D8,mustard,MND_50FC19D7AEC4,0.402,True,agri_envelope_ring_v1,20260903,v0.1
FRM_E36728F3ABC0,LOC_620C0151BCE4,Rampur,UP,28.63056,79.056234,1.29,CRP_288971671685,onion,,,MND_B8828956892C,0.927,True,agri_envelope_ring_v1,20260903,v0.1
FRM_E191CFEE58EF,LOC_1DB481FF142A,Muzaffarnagar,UP,29.522565,77.658066,1.24,CRP_E91C254AD588,potato,CRP_28F945D9AC9C,bajra,MND_05333875B51A,0.812,True,agri_envelope_ring_v1,20260903,v0.1
FRM_8BF1C76E595F,LOC_444F8D8DF90C,Mansa,PB,29.994665,75.281312,1.4,CRP_C7952894B2A5,moong,CRP_8F398886C326,sunflower,MND_BA2F125FAB06,0.927,True,agri_envelope_ring_v1,20260903,v0.1
FRM_D3C07EAD56D5,LOC_59C6DD969014,Hardoi,UP,27.179983,80.071437,2.36,CRP_D955CA97E44D,maize,,,MND_954F0551D2D8,0.691,True,agri_envelope_ring_v1,20260903,v0.1
FRM_DDE500C63403,LOC_4CCEAE0CFD1C,Gurdaspur,PB,32.078946,75.362073,2.03,CRP_CAA75103C53B,gram,CRP_B2E55E456CF4,sugarcane,MND_E2F2E16B54CD,0.394,True,agri_envelope_ring_v1,20260903,v0.1
FRM_A4CDB0D3336A,LOC_418959D5D5D1,Faridkot,PB,30.593853,74.610565,1.4,CRP_2554D1918FBC,paddy,CRP_69E399851C84,cotton,MND_AE02C36E7ACD,1.464,True,agri_envelope_ring_v1,20260903,v0.1
FRM_D06563ED52DC,LOC_8A8FE1E67161,Patiala,PB,30.515291,76.414988,3.75,CRP_2554D1918FBC,paddy,CRP_CAA75103C53B,gram,MND_9AE87167EF0F,2.293,True,agri_envelope_ring_v1,20260903,v0.1
FRM_B9D9B48AC30B,LOC_3D8E08AE8BF7,Jind,HR,29.551164,76.458774,3.34,CRP_E2253B73169D,guar,CRP_28F945D9AC9C,bajra,MND_9C5A213D03D2,1.694,True,agri_envelope_ring_v1,20260903,v0.1
FRM_9AEA3F695D80,LOC_B1AD4DEA8738,Jalandhar,PB,31.403717,75.554839,0.82,CRP_E91C254AD588,potato,CRP_5ED728C2FA5D,tomato,MND_784599D2DCF5,0.198,True,agri_envelope_ring_v1,20260903,v0.1
FRM_796B75908661,LOC_C61852FCD06C,Gurdaspur,PB,31.895932,75.52926,1.6,CRP_2554D1918FBC,paddy,CRP_352B5B6699D8,mustard,MND_46CD786BC585,0.751,True,agri_envelope_ring_v1,20260903,v0.1
FRM_4843BF36A987,LOC_CA0B3749EC2E,Charkhi Dadri,HR,28.731885,76.194168,0.59,CRP_D7A9EAD0B15C,barley,CRP_D955CA97E44D,maize,MND_F02880680127,0.74,True,agri_envelope_ring_v1,20260903,v0.1
FRM_3F7937DA1C8B,LOC_4DA630143815,Hisar,HR,29.224496,75.451985,1.89,CRP_DE6C334339AC,wheat,CRP_E2253B73169D,guar,MND_CB2E88CD3113,0.653,True,agri_envelope_ring_v1,20260903,v0.1
FRM_0FAFB0F9B9B7,LOC_168B3E5E6DBE,Rampur,UP,28.737542,79.194195,2.63,CRP_BF35A2D3261F,cauliflower,CRP_D7A9EAD0B15C,barley,MND_B8828956892C,1.137,True,agri_envelope_ring_v1,20260903,v0.1
FRM_DBCAD67E7F6B,LOC_A489A92ACCF3,Mahendragarh,HR,28.26416,76.043243,1.61,CRP_288971671685,onion,CRP_69E399851C84,cotton,MND_F02880680127,0.995,True,agri_envelope_ring_v1,20260903,v0.1
FRM_076135A75C95,LOC_44483700BB3A,Sangrur,PB,30.380504,75.687065,2.7,CRP_CAA75103C53B,gram,CRP_D955CA97E44D,maize,MND_DEA1CD5F415B,0.697,True,agri_envelope_ring_v1,20260903,v0.1
FRM_A27E85A25328,LOC_C8F6BF77F196,Hardoi,UP,27.375865,80.251704,1.34,CRP_D7A9EAD0B15C,barley,CRP_CAA75103C53B,gram,MND_954F0551D2D8,1.058,True,agri_envelope_ring_v1,20260903,v0.1
FRM_64F71E860A45,LOC_13393DA1C27D,Saharanpur,UP,29.846089,77.794363,1.31,CRP_DE6C334339AC,wheat,CRP_2554D1918FBC,paddy,MND_D5BFCB18509B,1.871,True,agri_envelope_ring_v1,20260903,v0.1
FRM_F6C723E50F5C,LOC_B86D995FA8C1,Sitapur,UP,27.477833,80.830053,0.48,CRP_5ED728C2FA5D,tomato,CRP_E91C254AD588,potato,MND_954F0551D2D8,0.491,True,agri_envelope_ring_v1,20260903,v0.1
FRM_2AEE167F5020,LOC_6CEACC372182,Varanasi,UP,25.509204,83.051932,5.99,CRP_E91C254AD588,potato,CRP_4DDD4816119A,arhar,MND_F0BDDB3CC08D,0.469,True,agri_envelope_ring_v1,20260903,v0.1
FRM_5C382765BB1D,LOC_0BF5E52F8D58,Rewari,HR,28.031547,76.650076,3.03,CRP_69E399851C84,cotton,CRP_D7A9EAD0B15C,barley,MND_50FC19D7AEC4,0.605,True,agri_envelope_ring_v1,20260903,v0.1
FRM_2686663EA4BB,LOC_548FE98DDB58,Sangrur,PB,30.342874,75.585547,3.88,CRP_B2E55E456CF4,sugarcane,CRP_69E399851C84,cotton,MND_DEA1CD5F415B,1.271,True,agri_envelope_ring_v1,20260903,v0.1
FRM_20DDCA69768F,LOC_E9A8F616E4E1,Firozabad,UP,27.240817,78.46413,1.5,CRP_CAA75103C53B,gram,CRP_7CC27C59C145,urad,MND_316B3A33D09D,0.945,True,agri_envelope_ring_v1,20260903,v0.1
FRM_B1684F281C99,LOC_099DA3942A2D,Fazilka,PB,30.208797,74.016175,5.73,CRP_2554D1918FBC,paddy,CRP_8F398886C326,sunflower,MND_AE02C36E7ACD,0.802,True,agri_envelope_ring_v1,20260903,v0.1
FRM_1FF0B7393D42,LOC_61F233714B29,Pathankot,PB,32.087195,75.572369,0.69,CRP_CAA75103C53B,gram,CRP_DE6C334339AC,wheat,MND_784599D2DCF5,1.179,True,agri_envelope_ring_v1,20260903,v0.1
FRM_917D119DA7AA,LOC_F91FE43B0F11,Sirsa,HR,29.750393,74.850238,2.4,CRP_2554D1918FBC,paddy,,,MND_4427C76F4F6F,0.59,True,agri_envelope_ring_v1,20260903,v0.1
FRM_52BC954B5E6D,LOC_DCADE9F0FB74,Rampur,UP,28.743746,79.275376,0.79,CRP_CAA75103C53B,gram,CRP_288971671685,onion,MND_9AC86A6D5AEC,0.607,True,agri_envelope_ring_v1,20260903,v0.1
FRM_D93814B88F86,LOC_B8164C94EAB8,Sambhal,UP,28.610364,78.625141,2.55,CRP_28F945D9AC9C,bajra,CRP_BF35A2D3261F,cauliflower,MND_B8828956892C,0.675,True,agri_envelope_ring_v1,20260903,v0.1
FRM_176FACDD9B9D,LOC_D04EEE25B7D7,Fatehabad,HR,29.521677,75.748469,1.23,CRP_352B5B6699D8,mustard,,,MND_4427C76F4F6F,0.966,True,agri_envelope_ring_v1,20260903,v0.1
FRM_52D9AFF2A7E0,LOC_25E35274B6FF,Faridkot,PB,30.551829,74.672473,2.38,CRP_8F398886C326,sunflower,CRP_69E399851C84,cotton,MND_AE02C36E7ACD,1.94,True,agri_envelope_ring_v1,20260903,v0.1
FRM_84EC04A02DF9,LOC_616479F5D72D,Kapurthala,PB,31.254968,75.476389,0.59,CRP_DE6C334339AC,wheat,CRP_CAA75103C53B,gram,MND_46CD786BC585,1.487,True,agri_envelope_ring_v1,20260903,v0.1
FRM_FB244F3D1D17,LOC_E1F3259A50A8,Sirsa,HR,29.749881,74.96429,1.38,CRP_E91C254AD588,potato,,,MND_5C10FF171343,0.603,True,agri_envelope_ring_v1,20260903,v0.1
FRM_A47D65BEB1A6,LOC_7FA8A22CF6CC,Amroha,UP,28.967811,78.310478,1.89,CRP_B2E55E456CF4,sugarcane,CRP_352B5B6699D8,mustard,MND_96D277426B8A,1.159,True,agri_envelope_ring_v1,20260903,v0.1
FRM_628CD0DD5ACF,LOC_3FA38B328DC7,Palwal,HR,28.043063,77.232963,1.4,CRP_CAA75103C53B,gram,,,MND_BBFD6D659730,0.795,True,agri_envelope_ring_v1,20260903,v0.1
FRM_E3981E46D7BB,LOC_C9D053B486CA,Budaun,UP,28.095915,78.992434,2.89,CRP_C7952894B2A5,moong,,,MND_9AC86A6D5AEC,0.757,True,agri_envelope_ring_v1,20260903,v0.1
FRM_95B387BB8062,LOC_9A0C6551CF2B,Moradabad,UP,28.801848,78.795318,1.54,CRP_B2E55E456CF4,sugarcane,CRP_D7A9EAD0B15C,barley,MND_96D277426B8A,1.046,True,agri_envelope_ring_v1,20260903,v0.1
FRM_608715B8E77C,LOC_E028EBFED81C,Etawah,UP,27.011144,79.206941,3.58,CRP_DE6C334339AC,wheat,CRP_B2E55E456CF4,sugarcane,MND_316B3A33D09D,1.293,True,agri_envelope_ring_v1,20260903,v0.1
FRM_7E743B7AC69A,LOC_DFDF67D49C6B,Sangrur,PB,30.410841,75.581856,1.07,CRP_D955CA97E44D,maize,CRP_2554D1918FBC,paddy,MND_DEA1CD5F415B,0.962,True,agri_envelope_ring_v1,20260903,v0.1
FRM_E941F6C72569,LOC_362D5ACB51AC,Firozabad,UP,27.055213,78.246214,1.55,CRP_B2E55E456CF4,sugarcane,CRP_DE6C334339AC,wheat,MND_316B3A33D09D,0.808,True,agri_envelope_ring_v1,20260903,v0.1
FRM_06F17CAB8984,LOC_799ED78F34CD,Jhajjar,HR,28.706312,76.551145,0.53,CRP_BF35A2D3261F,cauliflower,CRP_DE6C334339AC,wheat,MND_372DA5A01CDA,1.138,True,agri_envelope_ring_v1,20260903,v0.1
FRM_48A6CD2478DD,LOC_91254FE7F304,Ludhiana,PB,30.856652,76.001802,0.65,CRP_DE6C334339AC,wheat,CRP_5ED728C2FA5D,tomato,MND_DA6DF57ACFEE,1.457,True,agri_envelope_ring_v1,20260903,v0.1
FRM_CF57F696B292,LOC_95300E222756,SAS Nagar,PB,30.505064,76.853549,0.54,CRP_69E399851C84,cotton,CRP_D7A9EAD0B15C,barley,MND_3F6468C86419,0.758,True,agri_envelope_ring_v1,20260903,v0.1
FRM_D09F53A079E7,LOC_723BB5D4156F,Meerut,UP,28.796743,77.798139,0.84,CRP_B2E55E456CF4,sugarcane,,,MND_96D277426B8A,0.83,True,agri_envelope_ring_v1,20260903,v0.1
FRM_6BD2E4231F92,LOC_9FDC68C414A8,Hathras,UP,27.663876,78.05985,2.68,CRP_D955CA97E44D,maize,,,MND_1BD2DF2540D5,1.334,True,agri_envelope_ring_v1,20260903,v0.1
FRM_9B8817913263,LOC_0E0A9E91817B,Bathinda,PB,30.271911,74.848964,1.06,CRP_C7952894B2A5,moong,CRP_8F398886C326,sunflower,MND_AE02C36E7ACD,1.638,True,agri_envelope_ring_v1,20260903,v0.1
FRM_386C84EC78DF,LOC_ECAB1C344A78,Rewari,HR,28.158414,76.523017,0.52,CRP_CAA75103C53B,gram,CRP_8F398886C326,sunflower,MND_3F94E23EB0A5,0.859,True,agri_envelope_ring_v1,20260903,v0.1
FRM_84EAC1C7CE3D,LOC_C7644A1909EB,Meerut,UP,28.798797,77.730297,1.13,CRP_D7A9EAD0B15C,barley,CRP_7CC27C59C145,urad,MND_96D277426B8A,0.952,True,agri_envelope_ring_v1,20260903,v0.1
FRM_394E571BEBD2,LOC_E098EA9B8EDC,Fatehgarh Sahib,PB,30.655232,76.615727,2.19,CRP_DE6C334339AC,wheat,,,MND_9AE87167EF0F,1.742,True,agri_envelope_ring_v1,20260903,v0.1
FRM_1A082AE0EF0A,LOC_51C225512BEB,Kanpur Dehat,UP,26.275141,79.755887,1.89,CRP_352B5B6699D8,mustard,,,MND_301551655568,1.162,True,agri_envelope_ring_v1,20260903,v0.1
FRM_D9904A50F7BB,LOC_68B6A1896E0E,Faridabad,HR,28.39173,77.393128,1.16,CRP_BF35A2D3261F,cauliflower,CRP_28F945D9AC9C,bajra,MND_96A0566277F9,0.558,True,agri_envelope_ring_v1,20260903,v0.1
FRM_575070BCD65F,LOC_5E9B4E531A3D,Malerkotla,PB,30.473032,75.958977,3.89,CRP_69E399851C84,cotton,CRP_5ED728C2FA5D,tomato,MND_548773D47A30,1.125,True,agri_envelope_ring_v1,20260903,v0.1
FRM_D43410CB10DB,LOC_D5EBC064DA8C,Baghpat,UP,28.995219,77.144926,3.81,CRP_4DDD4816119A,arhar,CRP_DE6C334339AC,wheat,MND_538E435A4360,0.974,True,agri_envelope_ring_v1,20260903,v0.1
FRM_D09834347E06,LOC_2C1B635FF09E,Karnal,HR,29.4947,77.030951,1.01,CRP_CAA75103C53B,gram,CRP_D7A9EAD0B15C,barley,MND_283ED6EAAB84,0.186,True,agri_envelope_ring_v1,20260903,v0.1
FRM_0571B8896D24,LOC_D478107D01EF,Faridkot,PB,30.481315,74.721607,0.65,CRP_69E399851C84,cotton,CRP_E91C254AD588,potato,MND_AE02C36E7ACD,0.462,True,agri_envelope_ring_v1,20260903,v0.1
FRM_0EBE14EB820B,LOC_487AF3D77893,Kaithal,HR,29.852059,76.24256,1.52,CRP_2554D1918FBC,paddy,CRP_D7A9EAD0B15C,barley,MND_7491C25B20FE,0.141,True,agri_envelope_ring_v1,20260903,v0.1
FRM_645392F388BC,LOC_FC65079C5DCD,Charkhi Dadri,HR,28.742277,76.192279,2.02,CRP_E2253B73169D,guar,CRP_352B5B6699D8,mustard,MND_F02880680127,1.653,True,agri_envelope_ring_v1,20260903,v0.1
FRM_A46EE4535983,LOC_6147018C52F2,Jhajjar,HR,28.755683,76.525929,0.6,CRP_CAA75103C53B,gram,CRP_2554D1918FBC,paddy,MND_372DA5A01CDA,0.092,True,agri_envelope_ring_v1,20260903,v0.1
FRM_F06F4D6310D7,LOC_E03DF1C0F106,Palwal,HR,28.191171,77.125182,1.67,CRP_BF35A2D3261F,cauliflower,,,MND_BBFD6D659730,1.285,True,agri_envelope_ring_v1,20260903,v0.1
FRM_90AA21D7E7E8,LOC_D0B2FC1E0BA6,Tarn Taran,PB,31.552611,74.781423,5.26,CRP_D955CA97E44D,maize,,,MND_E2F2E16B54CD,1.619,True,agri_envelope_ring_v1,20260903,v0.1
FRM_D54375C77897,LOC_A4BE300C49F0,Barabanki,UP,26.816087,81.496763,0.51,CRP_D7A9EAD0B15C,barley,,,MND_954F0551D2D8,0.192,True,agri_envelope_ring_v1,20260903,v0.1
FRM_42C9440A3EA6,LOC_7A62F3E60108,Sangrur,PB,30.259721,76.163811,1.0,CRP_2554D1918FBC,paddy,CRP_8F398886C326,sunflower,MND_D400EAD28DB3,1.845,True,agri_envelope_ring_v1,20260903,v0.1
FRM_3F65CB55E3D7,LOC_103881D75540,Sonipat,HR,29.038076,76.918663,1.48,CRP_7CC27C59C145,urad,CRP_8F398886C326,sunflower,MND_538E435A4360,0.641,True,agri_envelope_ring_v1,20260903,v0.1
FRM_F3F2BB5F86EB,LOC_F54180BA8FE6,Gorakhpur,UP,26.814264,83.560804,2.13,CRP_BF35A2D3261F,cauliflower,CRP_CAA75103C53B,gram,MND_362E0E09CB0D,1.359,True,agri_envelope_ring_v1,20260903,v0.1
FRM_BF0429069986,LOC_55DC69BAACF1,Lucknow,UP,26.926213,80.802689,0.74,CRP_D7A9EAD0B15C,barley,,,MND_F0BDDB3CC08D,1.476,True,agri_envelope_ring_v1,20260903,v0.1
FRM_AD41988708C6,LOC_E2017A42C14A,Shamli,UP,29.36619,77.39287,2.68,CRP_2554D1918FBC,paddy,,,MND_C163C6E4A832,0.292,True,agri_envelope_ring_v1,20260903,v0.1
FRM_A6A58B4F2639,LOC_DFDF67D49C6B,Sangrur,PB,30.418552,75.606993,1.51,CRP_8F398886C326,sunflower,CRP_69E399851C84,cotton,MND_DEA1CD5F415B,0.488,True,agri_envelope_ring_v1,20260903,v0.1
FRM_E2B4C6306DB1,LOC_D67640889E6C,Kanpur Dehat,UP,26.429933,79.951627,0.57,CRP_D7A9EAD0B15C,barley,,,MND_9AC86A6D5AEC,1.281,True,agri_envelope_ring_v1,20260903,v0.1
FRM_5B3846B6063F,LOC_A12DDC8D109E,Patiala,PB,30.192502,76.487721,1.74,CRP_C7952894B2A5,moong,,,MND_9AE87167EF0F,0.115,True,agri_envelope_ring_v1,20260903,v0.1
FRM_F5A52BF957DD,LOC_70A6F73939F6,Etawah,UP,26.811562,78.85171,0.64,CRP_CAA75103C53B,gram,,,MND_316B3A33D09D,0.936,True,agri_envelope_ring_v1,20260903,v0.1
FRM_31DFEA1E1A90,LOC_608541980553,Firozabad,UP,26.987217,78.299558,0.99,CRP_D7A9EAD0B15C,barley,CRP_4DDD4816119A,arhar,MND_316B3A33D09D,0.542,True,agri_envelope_ring_v1,20260903,v0.1
FRM_7F0F1588BAE0,LOC_757561FA5322,Sitapur,UP,27.367966,80.667627,2.01,CRP_E91C254AD588,potato,CRP_7CC27C59C145,urad,MND_301551655568,0.464,True,agri_envelope_ring_v1,20260903,v0.1
FRM_682B8B0DED12,LOC_C1D38C3D4EA0,Kaithal,HR,29.757754,76.502103,4.54,CRP_C7952894B2A5,moong,CRP_69E399851C84,cotton,MND_7491C25B20FE,1.04,True,agri_envelope_ring_v1,20260903,v0.1
FRM_DF2B9551C221,LOC_6C27A02F4892,Tarn Taran,PB,31.567245,74.856656,2.44,CRP_CAA75103C53B,gram,,,MND_E2F2E16B54CD,0.143,True,agri_envelope_ring_v1,20260903,v0.1
FRM_FA75B8810A97,LOC_0D64E31BCFDF,Amroha,UP,29.007111,78.300922,1.26,CRP_288971671685,onion,CRP_7CC27C59C145,urad,MND_B8828956892C,1.249,True,agri_envelope_ring_v1,20260903,v0.1
FRM_28D3BD8F9722,LOC_243C215F8919,Jhajjar,HR,28.538285,76.882497,2.49,CRP_C7952894B2A5,moong,CRP_DE6C334339AC,wheat,MND_50FC19D7AEC4,1.359,True,agri_envelope_ring_v1,20260903,v0.1
FRM_786F41F9B3DD,LOC_784F769B8DEF,Sangrur,PB,30.323472,75.63199,3.15,CRP_D955CA97E44D,maize,CRP_8F398886C326,sunflower,MND_DEA1CD5F415B,0.685,True,agri_envelope_ring_v1,20260903,v0.1
FRM_94E058554245,LOC_40BEC5559047,Jhajjar,HR,28.636809,76.539003,2.32,CRP_CAA75103C53B,gram,CRP_E2253B73169D,guar,MND_372DA5A01CDA,0.778,True,agri_envelope_ring_v1,20260903,v0.1
FRM_1115238B4199,LOC_6D459A9434CB,Gautam Buddha Nagar,UP,28.666935,77.326871,2.09,CRP_288971671685,onion,CRP_C7952894B2A5,moong,MND_20196CE23F9E,0.124,True,agri_envelope_ring_v1,20260903,v0.1
FRM_AAC3BE9E2F55,LOC_785058AA1F1A,Karnal,HR,29.761314,77.204263,2.44,CRP_2554D1918FBC,paddy,CRP_8F398886C326,sunflower,MND_4ADE384C6981,0.186,True,agri_envelope_ring_v1,20260903,v0.1
FRM_B79770F2399D,LOC_4756C7B2E608,Firozabad,UP,27.273607,78.384555,7.65,CRP_2554D1918FBC,paddy,CRP_352B5B6699D8,mustard,MND_2E59AF542C18,1.457,True,agri_envelope_ring_v1,20260903,v0.1
FRM_79055823A53C,LOC_DDE65B411B9D,Rohtak,HR,28.779246,76.694456,0.77,CRP_D955CA97E44D,maize,,,MND_372DA5A01CDA,0.178,True,agri_envelope_ring_v1,20260903,v0.1
FRM_20B85996A432,LOC_6D69FB8BC494,Fatehabad,HR,29.517945,75.66618,5.33,CRP_352B5B6699D8,mustard,CRP_D7A9EAD0B15C,barley,MND_4427C76F4F6F,0.858,True,agri_envelope_ring_v1,20260903,v0.1
FRM_16A07E1DE491,LOC_DB5A54FF11E4,Muzaffarnagar,UP,29.494772,77.726556,1.81,CRP_B2E55E456CF4,sugarcane,,,MND_05333875B51A,0.074,True,agri_envelope_ring_v1,20260903,v0.1
FRM_21E4D56C00ED,LOC_C2E399FA6CE2,Sirsa,HR,29.757787,74.81024,3.08,CRP_B2E55E456CF4,sugarcane,,,MND_BA2F125FAB06,0.881,True,agri_envelope_ring_v1,20260903,v0.1
FRM_B6112C513489,LOC_6EBBD818C031,Rampur,UP,28.75067,79.012274,0.98,CRP_B2E55E456CF4,sugarcane,CRP_7CC27C59C145,urad,MND_B8828956892C,1.094,True,agri_envelope_ring_v1,20260903,v0.1
FRM_B027D4F9BD68,LOC_94890B312F05,Mathura,UP,27.338906,77.724456,0.94,CRP_288971671685,onion,CRP_2554D1918FBC,paddy,MND_5B5C6B926181,1.224,True,agri_envelope_ring_v1,20260903,v0.1
FRM_A3CB2699515B,LOC_F06EC7757673,Unnao,UP,26.429138,80.679297,8.69,CRP_4DDD4816119A,arhar,,,MND_301551655568,1.183,True,agri_envelope_ring_v1,20260903,v0.1
FRM_C94A3A0173D3,LOC_8C17BC8B6DDA,Pilibhit,UP,28.846354,79.625456,0.95,CRP_352B5B6699D8,mustard,,,MND_9AC86A6D5AEC,0.057,True,agri_envelope_ring_v1,20260903,v0.1
FRM_DF8101479B44,LOC_0E2342298CF3,Hoshiarpur,PB,31.606453,75.725232,2.72,CRP_2554D1918FBC,paddy,CRP_5ED728C2FA5D,tomato,MND_46CD786BC585,1.397,True,agri_envelope_ring_v1,20260903,v0.1
FRM_540F9BBB460E,LOC_1D179CF02610,Sonipat,HR,29.06612,77.198812,1.04,CRP_69E399851C84,cotton,CRP_8F398886C326,sunflower,MND_538E435A4360,1.235,True,agri_envelope_ring_v1,20260903,v0.1
FRM_89D956D2CAF0,LOC_C2E7642FC4D6,Jhajjar,HR,28.577932,76.751268,1.89,CRP_288971671685,onion,CRP_352B5B6699D8,mustard,MND_50FC19D7AEC4,1.214,True,agri_envelope_ring_v1,20260903,v0.1
FRM_B30A17F5A5A1,LOC_950504156180,Kapurthala,PB,31.345966,75.559849,3.27,CRP_2554D1918FBC,paddy,CRP_E91C254AD588,potato,MND_46CD786BC585,0.211,True,agri_envelope_ring_v1,20260903,v0.1
FRM_A6C5A69EEE01,LOC_0B0FACBEA317,Ambala,HR,30.235064,76.820281,3.49,CRP_CAA75103C53B,gram,,,MND_3F6468C86419,1.131,True,agri_envelope_ring_v1,20260903,v0.1
FRM_9CC058DD73FD,LOC_284F3431EE39,Firozabad,UP,27.213347,78.359141,0.72,CRP_352B5B6699D8,mustard,,,MND_316B3A33D09D,0.587,True,agri_envelope_ring_v1,20260903,v0.1
FRM_B1BAAC02973D,LOC_997018A815EF,Bhiwani,HR,28.662255,76.286531,1.35,CRP_CAA75103C53B,gram,CRP_BF35A2D3261F,cauliflower,MND_F02880680127,0.424,True,agri_envelope_ring_v1,20260903,v0.1
FRM_34AD258AD6DA,LOC_6FE76B0ACB56,Ambala,HR,30.455655,76.866291,5.2,CRP_5ED728C2FA5D,tomato,CRP_E2253B73169D,guar,MND_9AE87167EF0F,0.908,True,agri_envelope_ring_v1,20260903,v0.1
FRM_E78699DD605A,LOC_7A830F2F75FE,Karnal,HR,29.777611,77.119903,0.98,CRP_BF35A2D3261F,cauliflower,CRP_8F398886C326,sunflower,MND_4ADE384C6981,1.531,True,agri_envelope_ring_v1,20260903,v0.1
FRM_37C95E28B5A0,LOC_2B0003E5538F,Shamli,UP,29.431338,77.416951,2.14,CRP_BF35A2D3261F,cauliflower,CRP_D7A9EAD0B15C,barley,MND_C163C6E4A832,2.014,True,agri_envelope_ring_v1,20260903,v0.1
FRM_59A69CE22E49,LOC_8DB5F2A4BCCA,Unnao,UP,26.522166,80.605746,1.55,CRP_B2E55E456CF4,sugarcane,,,MND_301551655568,1.115,True,agri_envelope_ring_v1,20260903,v0.1
FRM_0BDBDB976FFA,LOC_3899B14DF55F,Kurukshetra,HR,29.878741,76.998362,1.76,CRP_CAA75103C53B,gram,CRP_2554D1918FBC,paddy,MND_C163C6E4A832,1.353,True,agri_envelope_ring_v1,20260903,v0.1
FRM_26459D92F7B6,LOC_1E57D480FB62,Saharanpur,UP,29.903408,77.826197,0.38,CRP_4DDD4816119A,arhar,CRP_288971671685,onion,MND_D5BFCB18509B,0.423,True,agri_envelope_ring_v1,20260903,v0.1
FRM_F2BFCF17FA08,LOC_E397785990D7,Etah,UP,27.449439,78.824912,0.9,CRP_5ED728C2FA5D,tomato,CRP_7CC27C59C145,urad,MND_316B3A33D09D,0.607,True,agri_envelope_ring_v1,20260903,v0.1
FRM_E16A90B3DCCE,LOC_04BCF5EAA18C,Bareilly,UP,28.498904,79.464205,1.98,CRP_B2E55E456CF4,sugarcane,CRP_E91C254AD588,potato,MND_9AC86A6D5AEC,1.559,True,agri_envelope_ring_v1,20260903,v0.1
FRM_A60072D27357,LOC_8D0464438874,Palwal,HR,28.218025,77.100304,2.05,CRP_DE6C334339AC,wheat,CRP_288971671685,onion,MND_BBFD6D659730,1.058,True,agri_envelope_ring_v1,20260903,v0.1
FRM_5AC69B04DFBC,LOC_DAFDB50E24FE,Malerkotla,PB,30.437663,76.019647,0.95,CRP_B2E55E456CF4,sugarcane,CRP_D7A9EAD0B15C,barley,MND_DEA1CD5F415B,1.213,True,agri_envelope_ring_v1,20260903,v0.1
FRM_267F9F35D0ED,LOC_8A87D460CB8C,Amritsar,PB,31.639198,75.121527,0.85,CRP_352B5B6699D8,mustard,,,MND_E2F2E16B54CD,2.009,True,agri_envelope_ring_v1,20260903,v0.1
FRM_93353B83A11F,LOC_AF5B064CEA79,Hapur,UP,28.85577,77.685902,1.11,CRP_DE6C334339AC,wheat,CRP_28F945D9AC9C,bajra,MND_596F86458307,0.547,True,agri_envelope_ring_v1,20260903,v0.1
FRM_ECED581CE639,LOC_E397785990D7,Etah,UP,27.440049,78.835915,1.83,CRP_2554D1918FBC,paddy,,,MND_5B5C6B926181,1.02,True,agri_envelope_ring_v1,20260903,v0.1
FRM_A14CD6AD3757,LOC_50D1E771C07F,Kapurthala,PB,31.335911,75.559022,0.57,CRP_352B5B6699D8,mustard,CRP_CAA75103C53B,gram,MND_46CD786BC585,0.687,True,agri_envelope_ring_v1,20260903,v0.1
FRM_BA96324B196C,LOC_5532227F6DEB,Bathinda,PB,30.319365,74.82021,1.01,CRP_D7A9EAD0B15C,barley,CRP_B2E55E456CF4,sugarcane,MND_AE02C36E7ACD,0.187,True,agri_envelope_ring_v1,20260903,v0.1
FRM_456AE024A110,LOC_3FF9E1A58965,Mansa,PB,29.857636,75.479814,2.83,CRP_CAA75103C53B,gram,CRP_DE6C334339AC,wheat,MND_4427C76F4F6F,0.777,True,agri_envelope_ring_v1,20260903,v0.1
FRM_FE2271BDEC59,LOC_DEBEA049D0B4,Etah,UP,27.500062,78.721315,3.03,CRP_5ED728C2FA5D,tomato,,,MND_1BD2DF2540D5,0.535,True,agri_envelope_ring_v1,20260903,v0.1
FRM_64C25DB9EE3E,LOC_61B42E796235,Hapur,UP,28.749597,77.907087,1.27,CRP_DE6C334339AC,wheat,CRP_C7952894B2A5,moong,MND_2E59AF542C18,0.429,True,agri_envelope_ring_v1,20260903,v0.1
FRM_BEC6C77811DE,LOC_FC72ED93FCA6,Malerkotla,PB,30.570651,75.812056,1.23,CRP_DE6C334339AC,wheat,CRP_2554D1918FBC,paddy,MND_548773D47A30,0.499,True,agri_envelope_ring_v1,20260903,v0.1
FRM_7B58299170D8,LOC_7B927B0EEEAF,Aligarh,UP,28.004363,78.102166,1.35,CRP_D7A9EAD0B15C,barley,CRP_B2E55E456CF4,sugarcane,MND_1BD2DF2540D5,1.016,True,agri_envelope_ring_v1,20260903,v0.1
FRM_D305C04150AF,LOC_0868E3BBC821,Firozabad,UP,27.203956,78.601735,2.12,CRP_288971671685,onion,CRP_DE6C334339AC,wheat,MND_1BD2DF2540D5,1.106,True,agri_envelope_ring_v1,20260903,v0.1
FRM_C5F241F95EEB,LOC_7D1E2ED19033,Mansa,PB,30.061681,75.253228,1.42,CRP_DE6C334339AC,wheat,,,MND_BA2F125FAB06,1.466,True,agri_envelope_ring_v1,20260903,v0.1
FRM_691D8ED30FFE,LOC_5FB089BF088D,Sambhal,UP,28.639794,78.718289,0.52,CRP_E91C254AD588,potato,,,MND_9AC86A6D5AEC,0.641,True,agri_envelope_ring_v1,20260903,v0.1
FRM_E93EE4E5A89E,LOC_9A4C653BFEF1,Jind,HR,29.272189,76.075243,0.74,CRP_E91C254AD588,potato,,,MND_07DDCCA966AE,1.848,True,agri_envelope_ring_v1,20260903,v0.1
FRM_67D12C78D1FE,LOC_D49BC588944C,Hardoi,UP,27.218134,80.122858,0.31,CRP_CAA75103C53B,gram,CRP_28F945D9AC9C,bajra,MND_9AC86A6D5AEC,0.197,True,agri_envelope_ring_v1,20260903,v0.1
FRM_736B14AC5DC7,LOC_15EF6A1CE109,Moga,PB,30.687496,75.009855,3.86,CRP_D7A9EAD0B15C,barley,CRP_5ED728C2FA5D,tomato,MND_FE8D567E9001,1.457,True,agri_envelope_ring_v1,20260903,v0.1
FRM_010A5D88C389,LOC_A98DECCF2B8C,Barnala,PB,30.428049,75.576877,4.62,CRP_DE6C334339AC,wheat,CRP_2554D1918FBC,paddy,MND_DEA1CD5F415B,0.946,True,agri_envelope_ring_v1,20260903,v0.1
FRM_92A6923D6B17,LOC_1A58D9C44DDE,Barnala,PB,30.236888,75.562914,1.27,CRP_2554D1918FBC,paddy,CRP_D7A9EAD0B15C,barley,MND_DEA1CD5F415B,0.484,True,agri_envelope_ring_v1,20260903,v0.1
FRM_A1D73F413177,LOC_5BDD62CEF436,Etawah,UP,26.894161,78.765275,0.26,CRP_352B5B6699D8,mustard,CRP_DE6C334339AC,wheat,MND_5B5C6B926181,1.459,True,agri_envelope_ring_v1,20260903,v0.1
FRM_6CEC7BD33D2C,LOC_68B6A1896E0E,Faridabad,HR,28.385509,77.411452,1.87,CRP_E2253B73169D,guar,,,MND_4217655002FF,1.399,True,agri_envelope_ring_v1,20260903,v0.1
FRM_7F8D7A6F07D5,LOC_AB81764C5081,Fatehabad,HR,29.574315,75.254784,0.59,CRP_E91C254AD588,potato,CRP_B2E55E456CF4,sugarcane,MND_4427C76F4F6F,0.195,True,agri_envelope_ring_v1,20260903,v0.1
FRM_33C6F62CC45C,LOC_152BE99B8C33,Charkhi Dadri,HR,28.541215,76.336183,1.73,CRP_C7952894B2A5,moong,CRP_2554D1918FBC,paddy,MND_F02880680127,0.887,True,agri_envelope_ring_v1,20260903,v0.1
FRM_0DF55E8923C0,LOC_1DCE8D81B91E,Fazilka,PB,30.171937,74.026207,1.0,CRP_D7A9EAD0B15C,barley,CRP_B2E55E456CF4,sugarcane,MND_AE02C36E7ACD,0.726,True,agri_envelope_ring_v1,20260903,v0.1
FRM_819106280BB4,LOC_E1B6D6D863B7,Muzaffarnagar,UP,29.58152,77.811813,1.8,CRP_E91C254AD588,potato,CRP_4DDD4816119A,arhar,MND_D5BFCB18509B,0.464,True,agri_envelope_ring_v1,20260903,v0.1
FRM_90CC83E2FB3F,LOC_0AEF273C2C14,Yamunanagar,HR,30.201894,77.38382,1.67,CRP_7CC27C59C145,urad,,,MND_D5BFCB18509B,1.096,True,agri_envelope_ring_v1,20260903,v0.1
FRM_E7B9D922AAF2,LOC_6452C31ADE0D,Rampur,UP,28.690027,79.062812,1.48,CRP_DE6C334339AC,wheat,,,MND_B8828956892C,0.725,True,agri_envelope_ring_v1,20260903,v0.1
FRM_546156789078,LOC_D8695AC9DA12,Hoshiarpur,PB,31.598586,75.714966,2.71,CRP_D955CA97E44D,maize,,,MND_46CD786BC585,1.184,True,agri_envelope_ring_v1,20260903,v0.1
FRM_03E6112734A1,LOC_C657CA04C134,Amroha,UP,28.896065,78.384664,1.81,CRP_7CC27C59C145,urad,,,MND_B8828956892C,0.481,True,agri_envelope_ring_v1,20260903,v0.1
FRM_9E75852308EC,LOC_14E72392D8A2,Faridkot,PB,30.530454,74.863387,0.9,CRP_E91C254AD588,potato,CRP_69E399851C84,cotton,MND_FE8D567E9001,1.093,True,agri_envelope_ring_v1,20260903,v0.1
FRM_063F8D2B6307,LOC_8544EFAE4BB1,Ghaziabad,UP,28.759066,77.459974,0.39,CRP_288971671685,onion,CRP_2554D1918FBC,paddy,MND_20196CE23F9E,1.351,True,agri_envelope_ring_v1,20260903,v0.1
FRM_51A3FA6894FB,LOC_684EFE6CAA06,Shahjahanpur,UP,27.977734,79.907333,0.2,CRP_4DDD4816119A,arhar,CRP_C7952894B2A5,moong,MND_9AC86A6D5AEC,1.047,True,agri_envelope_ring_v1,20260903,v0.1
FRM_10019CFE07E6,LOC_F268A161941B,Shamli,UP,29.394776,77.346697,4.62,CRP_7CC27C59C145,urad,,,MND_C163C6E4A832,1.34,True,agri_envelope_ring_v1,20260903,v0.1
FRM_2996D9B6CA12,LOC_77366C2C3301,Amroha,UP,28.908123,78.373071,0.78,CRP_7CC27C59C145,urad,CRP_C7952894B2A5,moong,MND_B8828956892C,1.017,True,agri_envelope_ring_v1,20260903,v0.1
FRM_24D5B94E23DF,LOC_0E3F3F88B2E4,Shahjahanpur,UP,27.787002,80.081021,2.96,CRP_D955CA97E44D,maize,CRP_DE6C334339AC,wheat,MND_954F0551D2D8,1.54,True,agri_envelope_ring_v1,20260903,v0.1
FRM_D6528BB2055C,LOC_07E22EFB0EAF,Moradabad,UP,28.784298,78.659822,3.84,CRP_2554D1918FBC,paddy,CRP_BF35A2D3261F,cauliflower,MND_2E59AF542C18,0.816,True,agri_envelope_ring_v1,20260903,v0.1
FRM_73713720510C,LOC_8EDE96E856C3,Muzaffarnagar,UP,29.560626,77.842778,1.36,CRP_5ED728C2FA5D,tomato,,,MND_05333875B51A,1.012,True,agri_envelope_ring_v1,20260903,v0.1
FRM_A69DEDE8FDE3,LOC_6FFCB43B01C3,Aligarh,UP,27.92499,77.98918,1.69,CRP_5ED728C2FA5D,tomato,,,MND_1BD2DF2540D5,1.545,True,agri_envelope_ring_v1,20260903,v0.1
FRM_CC6F582E71DC,LOC_A24F0E7649A6,Karnal,HR,29.833607,77.247131,0.76,CRP_5ED728C2FA5D,tomato,CRP_7CC27C59C145,urad,MND_4ADE384C6981,1.266,True,agri_envelope_ring_v1,20260903,v0.1
FRM_8FFD08350AB6,LOC_F23A216D5137,Charkhi Dadri,HR,28.575308,76.378632,2.57,CRP_E2253B73169D,guar,CRP_D7A9EAD0B15C,barley,MND_F02880680127,0.937,True,agri_envelope_ring_v1,20260903,v0.1
FRM_E66054EEA548,LOC_F76D986BACAC,Shahjahanpur,UP,28.032818,79.805298,1.01,CRP_288971671685,onion,CRP_D955CA97E44D,maize,MND_9AC86A6D5AEC,1.722,True,agri_envelope_ring_v1,20260903,v0.1
FRM_8F199ED3F244,LOC_DEF0E1A8E079,Ferozepur,PB,30.752486,74.64855,3.59,CRP_2554D1918FBC,paddy,CRP_5ED728C2FA5D,tomato,MND_FE8D567E9001,0.559,True,agri_envelope_ring_v1,20260903,v0.1
FRM_D3920A048194,LOC_45297F477DF7,Hoshiarpur,PB,31.391524,75.801781,0.85,CRP_2554D1918FBC,paddy,,,MND_46CD786BC585,0.999,True,agri_envelope_ring_v1,20260903,v0.1
FRM_8B9082F474D8,LOC_531E694560AA,Sangrur,PB,30.342183,75.563448,1.22,CRP_CAA75103C53B,gram,CRP_5ED728C2FA5D,tomato,MND_DEA1CD5F415B,0.798,True,agri_envelope_ring_v1,20260903,v0.1
FRM_E1B17A21B321,LOC_02CB4F0C26DC,Ambala,HR,30.502908,76.848013,1.9,CRP_7CC27C59C145,urad,CRP_E2253B73169D,guar,MND_3F6468C86419,0.119,True,agri_envelope_ring_v1,20260903,v0.1
FRM_A10A07D036B0,LOC_BA7F347FAAAB,Prayagraj,UP,25.237374,81.669828,2.48,CRP_C7952894B2A5,moong,CRP_D955CA97E44D,maize,MND_EE2349EB6FB3,1.982,True,agri_envelope_ring_v1,20260903,v0.1
FRM_28C7308C5E35,LOC_87C6A42D3BE0,Muzaffarnagar,UP,29.536232,77.589839,0.38,CRP_2554D1918FBC,paddy,,,MND_596F86458307,1.055,True,agri_envelope_ring_v1,20260903,v0.1
FRM_99DB21D81C50,LOC_7B7D3499A855,Kapurthala,PB,31.22131,75.563132,0.41,CRP_CAA75103C53B,gram,,,MND_46CD786BC585,0.617,True,agri_envelope_ring_v1,20260903,v0.1
FRM_EA90398A57C4,LOC_A000D2434993,Shahjahanpur,UP,27.659543,79.987879,0.64,CRP_C7952894B2A5,moong,CRP_5ED728C2FA5D,tomato,MND_301551655568,0.828,True,agri_envelope_ring_v1,20260903,v0.1
FRM_EDAFC7BBAA4A,LOC_3AF5E513CBF9,Prayagraj,UP,25.354134,81.706623,1.28,CRP_352B5B6699D8,mustard,CRP_D955CA97E44D,maize,MND_EE2349EB6FB3,2.464,True,agri_envelope_ring_v1,20260903,v0.1
FRM_2EC99CCC835D,LOC_5B77958BA695,Ghaziabad,UP,28.71537,77.442267,1.43,CRP_D955CA97E44D,maize,CRP_C7952894B2A5,moong,MND_4217655002FF,1.456,True,agri_envelope_ring_v1,20260903,v0.1
FRM_9732A831CFC6,LOC_17F877CC9C85,Nawanshahr,PB,31.073303,76.172523,1.65,CRP_E91C254AD588,potato,CRP_DE6C334339AC,wheat,MND_DA6DF57ACFEE,0.411,True,agri_envelope_ring_v1,20260903,v0.1
FRM_7BB31D515AC9,LOC_A0A54E4272CE,Prayagraj,UP,25.500832,81.744083,0.95,CRP_B2E55E456CF4,sugarcane,CRP_D7A9EAD0B15C,barley,MND_F0BDDB3CC08D,0.496,True,agri_envelope_ring_v1,20260903,v0.1
FRM_828C1EB8EACC,LOC_D0B2FC1E0BA6,Tarn Taran,PB,31.534215,74.803001,1.2,CRP_B2E55E456CF4,sugarcane,CRP_D7A9EAD0B15C,barley,MND_E2F2E16B54CD,1.231,True,agri_envelope_ring_v1,20260903,v0.1
FRM_22994DB08F2D,LOC_C5F5F4E86AF6,Patiala,PB,30.130699,76.413079,6.5,CRP_5ED728C2FA5D,tomato,CRP_8F398886C326,sunflower,MND_9AE87167EF0F,0.984,True,agri_envelope_ring_v1,20260903,v0.1
FRM_B9B09555CF3B,LOC_889250495830,Tarn Taran,PB,31.474637,75.038429,1.59,CRP_CAA75103C53B,gram,CRP_D955CA97E44D,maize,MND_E2F2E16B54CD,1.055,True,agri_envelope_ring_v1,20260903,v0.1
FRM_742A495DEB64,LOC_777FF498DA07,Jalandhar,PB,31.398132,75.503648,10.93,CRP_C7952894B2A5,moong,,,MND_46CD786BC585,1.234,True,agri_envelope_ring_v1,20260903,v0.1
FRM_99E469816411,LOC_C50EE8B2EDD2,Kapurthala,PB,31.465852,75.561224,5.73,CRP_DE6C334339AC,wheat,,,MND_46CD786BC585,0.836,True,agri_envelope_ring_v1,20260903,v0.1
FRM_0D99B9871ADC,LOC_D711C0E0D1E8,Moradabad,UP,28.801722,78.616421,0.63,CRP_B2E55E456CF4,sugarcane,,,MND_9AC86A6D5AEC,0.584,True,agri_envelope_ring_v1,20260903,v0.1
FRM_6FF3674D8FF0,LOC_C173467DBECF,Bulandshahr,UP,28.492152,77.839508,1.14,CRP_CAA75103C53B,gram,,,MND_2E59AF542C18,1.474,True,agri_envelope_ring_v1,20260903,v0.1
FRM_4777EA96B592,LOC_09539444E144,Gorakhpur,UP,26.858921,83.49097,0.51,CRP_7CC27C59C145,urad,,,MND_362E0E09CB0D,0.185,True,agri_envelope_ring_v1,20260903,v0.1
FRM_5B38236C7EAF,LOC_30F085D42C28,Palwal,HR,28.208535,77.112082,7.1,CRP_D955CA97E44D,maize,CRP_E91C254AD588,potato,MND_BBFD6D659730,1.098,True,agri_envelope_ring_v1,20260903,v0.1
FRM_AE334B0B1659,LOC_4070FA2E3B2C,Nawanshahr,PB,30.942635,76.207941,0.63,CRP_352B5B6699D8,mustard,,,MND_D400EAD28DB3,1.642,True,agri_envelope_ring_v1,20260903,v0.1
FRM_4CDE6A4ECB71,LOC_B93ABC1A7A1E,Moga,PB,30.714745,75.294984,4.49,CRP_D955CA97E44D,maize,,,MND_DEA1CD5F415B,0.086,True,agri_envelope_ring_v1,20260903,v0.1
FRM_07052948FEBB,LOC_4FC63A886C97,Gorakhpur,UP,26.816495,83.48273,1.2,CRP_2554D1918FBC,paddy,CRP_CAA75103C53B,gram,MND_362E0E09CB0D,0.954,True,agri_envelope_ring_v1,20260903,v0.1
FRM_C5DD85AA2DE7,LOC_E3B488B91E72,Etawah,UP,26.875047,78.783725,1.73,CRP_2554D1918FBC,paddy,CRP_288971671685,onion,MND_316B3A33D09D,1.324,True,agri_envelope_ring_v1,20260903,v0.1
FRM_5F81D144D286,LOC_303FB9D06FCA,Kurukshetra,HR,29.813928,76.939271,0.86,CRP_BF35A2D3261F,cauliflower,CRP_D955CA97E44D,maize,MND_283ED6EAAB84,0.06,True,agri_envelope_ring_v1,20260903,v0.1
FRM_6BCD8F8490CA,LOC_531465931DE5,Etawah,UP,26.844491,79.006996,4.1,CRP_4DDD4816119A,arhar,CRP_D7A9EAD0B15C,barley,MND_316B3A33D09D,0.278,True,agri_envelope_ring_v1,20260903,v0.1
FRM_D8FF2DF99B6A,LOC_BDAE42063E9E,Tarn Taran,PB,31.596551,75.185156,1.06,CRP_B2E55E456CF4,sugarcane,CRP_D955CA97E44D,maize,MND_E2F2E16B54CD,1.313,True,agri_envelope_ring_v1,20260903,v0.1
FRM_5DB5058A8B6E,LOC_170ECC90ADEB,Charkhi Dadri,HR,28.496507,76.491298,2.45,CRP_2554D1918FBC,paddy,,,MND_3F94E23EB0A5,0.56,True,agri_envelope_ring_v1,20260903,v0.1
FRM_36A2A5FD06FC,LOC_F50EDDEAA261,Mahendragarh,HR,28.401142,76.002909,1.77,CRP_C7952894B2A5,moong,CRP_CAA75103C53B,gram,MND_F02880680127,1.385,True,agri_envelope_ring_v1,20260903,v0.1
FRM_D28B18C84800,LOC_30D5B34A466D,Amritsar,PB,31.551672,74.842023,2.82,CRP_CAA75103C53B,gram,CRP_B2E55E456CF4,sugarcane,MND_46CD786BC585,1.172,True,agri_envelope_ring_v1,20260903,v0.1
FRM_59E687E63BBA,LOC_F3300479579F,Bathinda,PB,30.375283,75.112428,1.11,CRP_69E399851C84,cotton,CRP_D7A9EAD0B15C,barley,MND_AE02C36E7ACD,0.508,True,agri_envelope_ring_v1,20260903,v0.1
FRM_58AA7829257D,LOC_D1C7EBC89805,Jalandhar,PB,31.146166,75.387063,3.47,CRP_D7A9EAD0B15C,barley,,,MND_46CD786BC585,0.775,True,agri_envelope_ring_v1,20260903,v0.1
FRM_9EF8329D49D5,LOC_A38F806D637F,Etah,UP,27.468591,78.661614,1.54,CRP_E91C254AD588,potato,CRP_CAA75103C53B,gram,MND_5B5C6B926181,0.585,True,agri_envelope_ring_v1,20260903,v0.1
FRM_C90D31EA4923,LOC_53A0839750C8,Agra,UP,27.113382,77.898063,4.1,CRP_5ED728C2FA5D,tomato,CRP_CAA75103C53B,gram,MND_316B3A33D09D,0.972,True,agri_envelope_ring_v1,20260903,v0.1
FRM_58C9C09FF8DE,LOC_B9B5F9B68896,Karnal,HR,29.809163,77.247543,0.43,CRP_28F945D9AC9C,bajra,CRP_E2253B73169D,guar,MND_4ADE384C6981,0.925,True,agri_envelope_ring_v1,20260903,v0.1
FRM_AF21B20DDBFC,LOC_3179AFA249E8,Barabanki,UP,27.109504,81.121599,1.45,CRP_E91C254AD588,potato,CRP_7CC27C59C145,urad,MND_F0BDDB3CC08D,1.397,True,agri_envelope_ring_v1,20260903,v0.1
FRM_8B058AC81D92,LOC_6E25CC53C928,Hoshiarpur,PB,31.565551,75.607813,0.89,CRP_E91C254AD588,potato,CRP_352B5B6699D8,mustard,MND_46CD786BC585,1.727,True,agri_envelope_ring_v1,20260903,v0.1
FRM_73A02032F40B,LOC_4DF28344DC93,Malerkotla,PB,30.576627,75.788417,2.26,CRP_DE6C334339AC,wheat,,,MND_DEA1CD5F415B,1.183,True,agri_envelope_ring_v1,20260903,v0.1
FRM_7A0D276C8EAD,LOC_7B7D3499A855,Kapurthala,PB,31.220545,75.543344,1.48,CRP_CAA75103C53B,gram,,,MND_46CD786BC585,1.218,True,agri_envelope_ring_v1,20260903,v0.1
FRM_9A068723D92B,LOC_6C521F4FBD4B,Karnal,HR,29.856002,77.043681,0.48,CRP_352B5B6699D8,mustard,CRP_BF35A2D3261F,cauliflower,MND_4ADE384C6981,1.277,True,agri_envelope_ring_v1,20260903,v0.1
FRM_E2FF01AE7ED6,LOC_303FB9D06FCA,Kurukshetra,HR,29.822784,76.93785,2.94,CRP_DE6C334339AC,wheat,CRP_28F945D9AC9C,bajra,MND_4ADE384C6981,0.569,True,agri_envelope_ring_v1,20260903,v0.1
FRM_784AE3720D44,LOC_1DB94F262820,Hisar,HR,29.27237,75.507459,1.05,CRP_8F398886C326,sunflower,,,MND_CB2E88CD3113,0.536,True,agri_envelope_ring_v1,20260903,v0.1
FRM_2F4DFE3930E9,LOC_C7341557F77A,Nuh,HR,28.324078,76.762294,2.33,CRP_B2E55E456CF4,sugarcane,CRP_352B5B6699D8,mustard,MND_3F94E23EB0A5,0.481,True,agri_envelope_ring_v1,20260903,v0.1
FRM_8F73452D9557,LOC_DF7D0882EEBD,Fatehabad,HR,29.370847,75.569368,1.33,CRP_C7952894B2A5,moong,CRP_D7A9EAD0B15C,barley,MND_BA2F125FAB06,1.21,True,agri_envelope_ring_v1,20260903,v0.1
FRM_E9AA1B15497D,LOC_B7C6BF929E2D,Fatehabad,HR,29.358475,75.456256,2.62,CRP_B2E55E456CF4,sugarcane,,,MND_4427C76F4F6F,0.598,True,agri_envelope_ring_v1,20260903,v0.1
FRM_E627320B0EFE,LOC_30D5B34A466D,Amritsar,PB,31.56116,74.827425,3.47,CRP_352B5B6699D8,mustard,,,MND_46CD786BC585,0.916,True,agri_envelope_ring_v1,20260903,v0.1
FRM_EAA8E1CB6315,LOC_EBE306F7F94A,Fatehgarh Sahib,PB,30.711033,76.527132,0.82,CRP_C7952894B2A5,moong,CRP_352B5B6699D8,mustard,MND_D3D37BB2E2D7,0.442,True,agri_envelope_ring_v1,20260903,v0.1
FRM_A228DD5D65E1,LOC_80DBDB0B4F12,Ambala,HR,30.51087,76.950991,0.52,CRP_5ED728C2FA5D,tomato,CRP_69E399851C84,cotton,MND_3F6468C86419,0.383,True,agri_envelope_ring_v1,20260903,v0.1
FRM_C7C4E30A7F1E,LOC_3897CFB3DA14,Muktsar,PB,30.248212,74.461326,3.04,CRP_B2E55E456CF4,sugarcane,,,MND_AE02C36E7ACD,1.064,True,agri_envelope_ring_v1,20260903,v0.1
FRM_41AA590C816C,LOC_7097342BE77C,Amroha,UP,28.959,78.334322,1.05,CRP_352B5B6699D8,mustard,,,MND_B8828956892C,0.864,True,agri_envelope_ring_v1,20260903,v0.1
FRM_97128ECB4276,LOC_54DEAADED324,Bhiwani,HR,28.916137,75.838074,2.54,CRP_B2E55E456CF4,sugarcane,CRP_352B5B6699D8,mustard,MND_4427C76F4F6F,0.672,True,agri_envelope_ring_v1,20260903,v0.1
FRM_1BD0B205C491,LOC_3FD92D786A11,Bareilly,UP,28.401573,79.204339,1.05,CRP_288971671685,onion,CRP_D7A9EAD0B15C,barley,MND_9AC86A6D5AEC,0.165,True,agri_envelope_ring_v1,20260903,v0.1
FRM_107A4AC31596,LOC_B22DCE6A343C,Pilibhit,UP,28.880076,79.609447,2.21,CRP_4DDD4816119A,arhar,CRP_C7952894B2A5,moong,MND_9AC86A6D5AEC,1.78,True,agri_envelope_ring_v1,20260903,v0.1
FRM_610E647B7FCF,LOC_920381EFE5E0,Jalandhar,PB,31.445395,75.549946,1.57,CRP_B2E55E456CF4,sugarcane,CRP_5ED728C2FA5D,tomato,MND_46CD786BC585,1.282,True,agri_envelope_ring_v1,20260903,v0.1
FRM_E491434EB528,LOC_FDB66291CFA7,Bareilly,UP,28.213791,79.46789,3.09,CRP_4DDD4816119A,arhar,CRP_E91C254AD588,potato,MND_9AC86A6D5AEC,0.262,True,agri_envelope_ring_v1,20260903,v0.1
FRM_E4527C779C1C,LOC_8036E0A9DAAD,Barnala,PB,30.425988,75.572274,1.8,CRP_5ED728C2FA5D,tomato,,,MND_DEA1CD5F415B,0.776,True,agri_envelope_ring_v1,20260903,v0.1
FRM_A02E2230619C,LOC_3FA38B328DC7,Palwal,HR,28.066643,77.235748,1.14,CRP_D7A9EAD0B15C,barley,,,MND_BBFD6D659730,0.51,True,agri_envelope_ring_v1,20260903,v0.1
FRM_7101574D43E2,LOC_37BEA36BA87D,Yamunanagar,HR,30.288231,77.228997,0.65,CRP_69E399851C84,cotton,CRP_BF35A2D3261F,cauliflower,MND_D5BFCB18509B,1.061,True,agri_envelope_ring_v1,20260903,v0.1
FRM_61EF01A7D608,LOC_BF5762256FEC,Bareilly,UP,28.538988,79.313524,3.16,CRP_C7952894B2A5,moong,,,MND_9AC86A6D5AEC,0.377,True,agri_envelope_ring_v1,20260903,v0.1
FRM_5FDAE09ADC0B,LOC_738538E2DBF1,Sirsa,HR,29.600112,74.810707,2.55,CRP_28F945D9AC9C,bajra,CRP_B2E55E456CF4,sugarcane,MND_5C10FF171343,0.613,True,agri_envelope_ring_v1,20260903,v0.1
FRM_104226A087EF,LOC_715C8352E2F5,Meerut,UP,28.747351,77.786844,1.04,CRP_288971671685,onion,,,MND_96D277426B8A,0.265,True,agri_envelope_ring_v1,20260903,v0.1
FRM_485E36925590,LOC_55F9B34C658A,Sambhal,UP,28.530987,78.376091,1.56,CRP_28F945D9AC9C,bajra,,,MND_B8828956892C,1.009,True,agri_envelope_ring_v1,20260903,v0.1
FRM_4F2976648778,LOC_5C391DBE6F69,Budaun,UP,27.993045,78.973893,2.43,CRP_288971671685,onion,,,MND_9AC86A6D5AEC,0.761,True,agri_envelope_ring_v1,20260903,v0.1
FRM_962C7AC2D1FB,LOC_CA1347BCF32E,Nawanshahr,PB,31.064551,76.232051,2.83,CRP_CAA75103C53B,gram,CRP_352B5B6699D8,mustard,MND_D400EAD28DB3,1.27,True,agri_envelope_ring_v1,20260903,v0.1
FRM_7CB4C29326A6,LOC_D515132AD623,Etah,UP,27.378399,78.607755,3.68,CRP_E91C254AD588,potato,,,MND_1BD2DF2540D5,1.168,True,agri_envelope_ring_v1,20260903,v0.1
FRM_C46AFA9FB0D5,LOC_0B2FA3DAAB1A,Ambala,HR,30.299366,76.875313,0.69,CRP_C7952894B2A5,moong,CRP_69E399851C84,cotton,MND_3F6468C86419,0.714,True,agri_envelope_ring_v1,20260903,v0.1
FRM_C695B58ED14E,LOC_C68D25F77940,Jalandhar,PB,31.425149,75.49024,2.41,CRP_8F398886C326,sunflower,CRP_C7952894B2A5,moong,MND_784599D2DCF5,0.237,True,agri_envelope_ring_v1,20260903,v0.1
FRM_BD2CA73E85B8,LOC_EBB5BFB4ED0F,Etah,UP,27.4868,78.619331,1.18,CRP_5ED728C2FA5D,tomato,CRP_D7A9EAD0B15C,barley,MND_316B3A33D09D,0.304,True,agri_envelope_ring_v1,20260903,v0.1
FRM_2FEE2C277AB3,LOC_A272EF326AD0,Sambhal,UP,28.50884,78.350071,2.05,CRP_D7A9EAD0B15C,barley,CRP_DE6C334339AC,wheat,MND_2E59AF542C18,0.549,True,agri_envelope_ring_v1,20260903,v0.1
FRM_D080EB4AD7B3,LOC_C28D3DA6CC98,Panchkula,HR,30.68753,76.999872,6.76,CRP_D955CA97E44D,maize,CRP_B2E55E456CF4,sugarcane,MND_3F6468C86419,1.436,True,agri_envelope_ring_v1,20260903,v0.1
FRM_1FC8218FB515,LOC_54C728412132,Baghpat,UP,28.917422,77.431576,1.19,CRP_28F945D9AC9C,bajra,CRP_5ED728C2FA5D,tomato,MND_4217655002FF,1.371,True,agri_envelope_ring_v1,20260903,v0.1
FRM_266FF2B03485,LOC_9E5D8A2655BB,Bareilly,UP,28.454516,79.299174,0.65,CRP_2554D1918FBC,paddy,CRP_4DDD4816119A,arhar,MND_9AC86A6D5AEC,1.028,True,agri_envelope_ring_v1,20260903,v0.1
FRM_4769A25B0FE3,LOC_DAA98AD50040,Hapur,UP,28.898507,77.661199,1.29,CRP_B2E55E456CF4,sugarcane,CRP_C7952894B2A5,moong,MND_596F86458307,0.311,True,agri_envelope_ring_v1,20260903,v0.1
FRM_494629B10299,LOC_A722D1CEE912,Bareilly,UP,28.414452,79.193594,1.03,CRP_5ED728C2FA5D,tomato,CRP_B2E55E456CF4,sugarcane,MND_9AC86A6D5AEC,0.106,True,agri_envelope_ring_v1,20260903,v0.1
FRM_C27DB3E1A20C,LOC_588C0075C4C1,Palwal,HR,27.988145,77.250761,2.38,CRP_CAA75103C53B,gram,,,MND_A59F6598A624,0.45,True,agri_envelope_ring_v1,20260903,v0.1
FRM_A875BAEA442E,LOC_D6D7122BFBF6,Barnala,PB,30.421855,75.514228,3.03,CRP_C7952894B2A5,moong,CRP_352B5B6699D8,mustard,MND_DEA1CD5F415B,0.162,True,agri_envelope_ring_v1,20260903,v0.1
FRM_688B60F10DC3,LOC_A9F527917096,Shahjahanpur,UP,27.759031,80.039953,3.12,CRP_2554D1918FBC,paddy,,,MND_954F0551D2D8,0.707,True,agri_envelope_ring_v1,20260903,v0.1
FRM_A658C34FFD8C,LOC_A14750CC20AE,Kurukshetra,HR,29.91855,77.051744,1.63,CRP_8F398886C326,sunflower,CRP_DE6C334339AC,wheat,MND_4ADE384C6981,1.14,True,agri_envelope_ring_v1,20260903,v0.1
FRM_B17FCF3F54D1,LOC_784F769B8DEF,Sangrur,PB,30.307198,75.668973,1.09,CRP_2554D1918FBC,paddy,CRP_DE6C334339AC,wheat,MND_DEA1CD5F415B,2.347,True,agri_envelope_ring_v1,20260903,v0.1
FRM_A9106BC7567E,LOC_82BA3A145BB1,Sangrur,PB,30.335758,76.060653,3.44,CRP_C7952894B2A5,moong,CRP_5ED728C2FA5D,tomato,MND_548773D47A30,0.686,True,agri_envelope_ring_v1,20260903,v0.1
FRM_B1A58DE6A283,LOC_69393D6C33A7,Hisar,HR,29.250024,75.401162,1.83,CRP_CAA75103C53B,gram,CRP_E2253B73169D,guar,MND_4427C76F4F6F,1.158,True,agri_envelope_ring_v1,20260903,v0.1
FRM_583DFF26FE98,LOC_4A96FFAE3055,Unnao,UP,26.408702,80.595939,3.36,CRP_C7952894B2A5,moong,,,MND_301551655568,0.414,True,agri_envelope_ring_v1,20260903,v0.1
FRM_FD81925093B4,LOC_1EC149D8F5C6,Jalandhar,PB,31.277542,75.714791,3.75,CRP_B2E55E456CF4,sugarcane,CRP_C7952894B2A5,moong,MND_46CD786BC585,0.668,True,agri_envelope_ring_v1,20260903,v0.1
FRM_51ACF1B9E2E7,LOC_EB25A27C8E63,Muktsar,PB,30.567784,74.683069,4.26,CRP_C7952894B2A5,moong,,,MND_AE02C36E7ACD,1.174,True,agri_envelope_ring_v1,20260903,v0.1
FRM_069193B26D29,LOC_02247F55304C,Ludhiana,PB,30.752607,75.974666,1.76,CRP_D7A9EAD0B15C,barley,,,MND_DA6DF57ACFEE,0.2,True,agri_envelope_ring_v1,20260903,v0.1
FRM_991C67B12871,LOC_0F5AF459C764,Prayagraj,UP,25.203529,81.762739,0.31,CRP_DE6C334339AC,wheat,CRP_D955CA97E44D,maize,MND_EE2349EB6FB3,0.909,True,agri_envelope_ring_v1,20260903,v0.1
FRM_43720B962CBC,LOC_3F84CD527870,Fatehabad,HR,29.266561,75.601248,0.88,CRP_E2253B73169D,guar,CRP_352B5B6699D8,mustard,MND_CB2E88CD3113,1.425,True,agri_envelope_ring_v1,20260903,v0.1
FRM_AAF7CE6C2ABB,LOC_A329E99DC6DA,Palwal,HR,28.204845,77.135518,1.69,CRP_D955CA97E44D,maize,,,MND_BBFD6D659730,0.247,True,agri_envelope_ring_v1,20260903,v0.1
FRM_BD2AA2340490,LOC_99235E34344C,Faridkot,PB,30.563023,74.843501,0.51,CRP_DE6C334339AC,wheat,CRP_69E399851C84,cotton,MND_784599D2DCF5,1.006,True,agri_envelope_ring_v1,20260903,v0.1
FRM_D6C66896C9F1,LOC_E75322CD1461,Fatehabad,HR,29.69085,75.313776,0.48,CRP_5ED728C2FA5D,tomato,CRP_CAA75103C53B,gram,MND_AE02C36E7ACD,2.024,True,agri_envelope_ring_v1,20260903,v0.1
FRM_817EC49EB6A2,LOC_FCB5B4C7EF20,Fazilka,PB,30.190821,73.985356,1.05,CRP_C7952894B2A5,moong,CRP_5ED728C2FA5D,tomato,MND_BA2F125FAB06,1.04,True,agri_envelope_ring_v1,20260903,v0.1
FRM_1B525819608D,LOC_A12DDC8D109E,Patiala,PB,30.169681,76.468352,0.94,CRP_E91C254AD588,potato,CRP_B2E55E456CF4,sugarcane,MND_9AE87167EF0F,0.148,True,agri_envelope_ring_v1,20260903,v0.1
FRM_A77E3D649416,LOC_32FCE404ADDC,Prayagraj,UP,25.292059,82.078432,1.03,CRP_DE6C334339AC,wheat,CRP_D955CA97E44D,maize,MND_EE2349EB6FB3,1.771,True,agri_envelope_ring_v1,20260903,v0.1
FRM_813F1116D834,LOC_8EDE96E856C3,Muzaffarnagar,UP,29.579744,77.879663,2.04,CRP_CAA75103C53B,gram,CRP_D955CA97E44D,maize,MND_05333875B51A,0.58,True,agri_envelope_ring_v1,20260903,v0.1
FRM_613A585BC666,LOC_0E6675CBBFA9,Gorakhpur,UP,26.762898,83.5299,4.14,CRP_7CC27C59C145,urad,CRP_28F945D9AC9C,bajra,MND_362E0E09CB0D,1.45,True,agri_envelope_ring_v1,20260903,v0.1
FRM_40B85C9283DD,LOC_73A7B3D0E522,Kanpur Dehat,UP,26.318246,79.839025,0.91,CRP_352B5B6699D8,mustard,CRP_BF35A2D3261F,cauliflower,MND_301551655568,0.434,True,agri_envelope_ring_v1,20260903,v0.1
FRM_18753E52012D,LOC_82EDDF761FC2,Baghpat,UP,28.991137,77.42612,1.57,CRP_BF35A2D3261F,cauliflower,CRP_DE6C334339AC,wheat,MND_596F86458307,0.975,True,agri_envelope_ring_v1,20260903,v0.1
FRM_26DFAE1C1FD8,LOC_D70FD83E6443,Barnala,PB,30.451995,75.5468,1.71,CRP_DE6C334339AC,wheat,CRP_B2E55E456CF4,sugarcane,MND_548773D47A30,0.051,True,agri_envelope_ring_v1,20260903,v0.1
FRM_DDB1526FECC9,LOC_826B93BA1ED4,Amroha,UP,28.986883,78.32606,0.81,CRP_C7952894B2A5,moong,CRP_B2E55E456CF4,sugarcane,MND_B8828956892C,1.273,True,agri_envelope_ring_v1,20260903,v0.1
FRM_721F5A801ED0,LOC_5DE3DE37D4A2,Mainpuri,UP,27.031598,78.932239,0.68,CRP_4DDD4816119A,arhar,CRP_28F945D9AC9C,bajra,MND_316B3A33D09D,1.112,True,agri_envelope_ring_v1,20260903,v0.1
FRM_029221ABC1FC,LOC_9321299690B5,Unnao,UP,26.358359,80.658307,2.1,CRP_2554D1918FBC,paddy,,,MND_301551655568,0.499,True,agri_envelope_ring_v1,20260903,v0.1
FRM_12D784E59557,LOC_BAD659FFF6D2,Mathura,UP,27.385215,77.695753,2.61,CRP_7CC27C59C145,urad,CRP_4DDD4816119A,arhar,MND_5B5C6B926181,0.977,True,agri_envelope_ring_v1,20260903,v0.1
FRM_6F4791681461,LOC_3F84DA7B7A98,Agra,UP,27.081011,78.283818,0.81,CRP_4DDD4816119A,arhar,CRP_DE6C334339AC,wheat,MND_316B3A33D09D,1.436,True,agri_envelope_ring_v1,20260903,v0.1
FRM_75DF157285C1,LOC_C61852FCD06C,Gurdaspur,PB,31.876626,75.493569,1.86,CRP_D955CA97E44D,maize,CRP_2554D1918FBC,paddy,MND_46CD786BC585,0.837,True,agri_envelope_ring_v1,20260903,v0.1
FRM_C75F2C9ABD9D,LOC_D20102D83A64,Mahendragarh,HR,28.293593,76.012986,1.44,CRP_69E399851C84,cotton,CRP_2554D1918FBC,paddy,MND_F02880680127,0.379,True,agri_envelope_ring_v1,20260903,v0.1
FRM_673988655CF4,LOC_BF59BABCB062,Etawah,UP,26.978656,79.101699,1.7,CRP_E91C254AD588,potato,CRP_2554D1918FBC,paddy,MND_316B3A33D09D,0.769,True,agri_envelope_ring_v1,20260903,v0.1
FRM_9498B262F785,LOC_7683E6A27CE1,Ludhiana,PB,30.787335,75.965476,1.61,CRP_D955CA97E44D,maize,CRP_2554D1918FBC,paddy,MND_DA6DF57ACFEE,0.679,True,agri_envelope_ring_v1,20260903,v0.1
FRM_57FA2B38DA89,LOC_0C9E1A3B3D06,Mansa,PB,29.979492,75.268675,1.41,CRP_CAA75103C53B,gram,CRP_D7A9EAD0B15C,barley,MND_BA2F125FAB06,0.117,True,agri_envelope_ring_v1,20260903,v0.1
FRM_4BF28C8F8739,LOC_21FD7D4E72BA,Muktsar,PB,30.527675,74.732708,6.41,CRP_CAA75103C53B,gram,CRP_2554D1918FBC,paddy,MND_DEA1CD5F415B,1.448,True,agri_envelope_ring_v1,20260903,v0.1
FRM_77AFB0E6B6F7,LOC_738538E2DBF1,Sirsa,HR,29.604611,74.798854,3.44,CRP_D955CA97E44D,maize,,,MND_BA2F125FAB06,0.131,True,agri_envelope_ring_v1,20260903,v0.1
FRM_7455797B4B3B,LOC_388BD193E38C,Prayagraj,UP,25.288225,82.058716,0.94,CRP_2554D1918FBC,paddy,CRP_BF35A2D3261F,cauliflower,MND_EE2349EB6FB3,0.527,True,agri_envelope_ring_v1,20260903,v0.1
FRM_590E8F72AD67,LOC_0CD9D0714C55,SAS Nagar,PB,30.803574,76.697967,1.94,CRP_C7952894B2A5,moong,CRP_8F398886C326,sunflower,MND_9AE87167EF0F,1.545,True,agri_envelope_ring_v1,20260903,v0.1
FRM_D321F48432B8,LOC_F601A596D94C,Hapur,UP,28.797582,77.880966,1.6,CRP_2554D1918FBC,paddy,,,MND_96D277426B8A,1.481,True,agri_envelope_ring_v1,20260903,v0.1
FRM_CBF5471CAEBC,LOC_E49C54663403,Jind,HR,29.231652,76.572935,3.21,CRP_B2E55E456CF4,sugarcane,,,MND_07DDCCA966AE,0.521,True,agri_envelope_ring_v1,20260903,v0.1
FRM_AD6140A72927,LOC_B93ABC1A7A1E,Moga,PB,30.745493,75.287169,1.09,CRP_5ED728C2FA5D,tomato,CRP_2554D1918FBC,paddy,MND_DEA1CD5F415B,0.971,True,agri_envelope_ring_v1,20260903,v0.1
FRM_5A28061D7E96,LOC_235731141E04,Faridkot,PB,30.557662,74.886023,1.21,CRP_352B5B6699D8,mustard,CRP_2554D1918FBC,paddy,MND_AE02C36E7ACD,0.276,True,agri_envelope_ring_v1,20260903,v0.1
FRM_578526D7E7EE,LOC_950504156180,Kapurthala,PB,31.370032,75.537777,1.24,CRP_69E399851C84,cotton,,,MND_46CD786BC585,0.315,True,agri_envelope_ring_v1,20260903,v0.1
FRM_7451EBD90EF2,LOC_17DD40DC65BB,Ghaziabad,UP,28.690196,77.459193,0.65,CRP_D955CA97E44D,maize,,,MND_4217655002FF,0.694,True,agri_envelope_ring_v1,20260903,v0.1
FRM_718D4D910025,LOC_30D5B34A466D,Amritsar,PB,31.603244,74.836237,0.46,CRP_E91C254AD588,potato,CRP_8F398886C326,sunflower,MND_E2F2E16B54CD,0.762,True,agri_envelope_ring_v1,20260903,v0.1
FRM_F81CD278FB9D,LOC_1C0FDA223E44,Rewari,HR,28.031187,76.585289,1.0,CRP_D955CA97E44D,maize,CRP_E2253B73169D,guar,MND_3F94E23EB0A5,0.662,True,agri_envelope_ring_v1,20260903,v0.1
FRM_144F685D65D9,LOC_3357C4DB9176,Karnal,HR,29.824028,77.26069,2.69,CRP_E91C254AD588,potato,,,MND_4ADE384C6981,1.253,True,agri_envelope_ring_v1,20260903,v0.1
FRM_B295BB1F031D,LOC_9E5B49766FD3,Sambhal,UP,28.470896,78.322465,0.78,CRP_DE6C334339AC,wheat,,,MND_2E59AF542C18,0.536,True,agri_envelope_ring_v1,20260903,v0.1
FRM_882562D5EDEF,LOC_C2B6390A2658,Karnal,HR,29.513518,76.892743,1.79,CRP_7CC27C59C145,urad,CRP_D955CA97E44D,maize,MND_283ED6EAAB84,0.556,True,agri_envelope_ring_v1,20260903,v0.1
FRM_507C38706FBC,LOC_4D0BAAAB5998,Barabanki,UP,26.738931,81.373199,5.29,CRP_DE6C334339AC,wheat,CRP_D955CA97E44D,maize,MND_F0BDDB3CC08D,1.07,True,agri_envelope_ring_v1,20260903,v0.1
FRM_30CA29158312,LOC_D24294F70C96,Shamli,UP,29.443665,77.402952,1.57,CRP_BF35A2D3261F,cauliflower,CRP_D7A9EAD0B15C,barley,MND_C163C6E4A832,0.136,True,agri_envelope_ring_v1,20260903,v0.1
FRM_6AEB8CC85E7F,LOC_4A0C382FC280,Sitapur,UP,27.446868,80.925084,1.33,CRP_7CC27C59C145,urad,,,MND_954F0551D2D8,1.291,True,agri_envelope_ring_v1,20260903,v0.1
FRM_E70F384B6C1C,LOC_926CC826C0FD,Hisar,HR,29.221106,75.519158,9.3,CRP_BF35A2D3261F,cauliflower,CRP_8F398886C326,sunflower,MND_CB2E88CD3113,1.587,True,agri_envelope_ring_v1,20260903,v0.1
FRM_81506871F06E,LOC_836C2533BCF7,Kurukshetra,HR,30.021564,76.687305,1.7,CRP_D7A9EAD0B15C,barley,CRP_D955CA97E44D,maize,MND_9C5A213D03D2,1.223,True,agri_envelope_ring_v1,20260903,v0.1
FRM_7CDBBC9BEA9C,LOC_DF4E885B1373,Fatehabad,HR,29.606144,75.303491,1.34,CRP_7CC27C59C145,urad,CRP_352B5B6699D8,mustard,MND_4427C76F4F6F,0.837,True,agri_envelope_ring_v1,20260903,v0.1
FRM_1F148BA0D65E,LOC_9DF4CF85F973,Etawah,UP,26.959364,79.151582,0.71,CRP_352B5B6699D8,mustard,CRP_28F945D9AC9C,bajra,MND_1BD2DF2540D5,2.722,True,agri_envelope_ring_v1,20260903,v0.1
FRM_04E1910AEF3A,LOC_D70FD83E6443,Barnala,PB,30.450552,75.540563,1.59,CRP_DE6C334339AC,wheat,,,MND_DEA1CD5F415B,1.225,True,agri_envelope_ring_v1,20260903,v0.1
FRM_C7F14E25EBFB,LOC_62B00CEF3018,Karnal,HR,29.591753,76.938586,1.51,CRP_352B5B6699D8,mustard,CRP_E91C254AD588,potato,MND_4ADE384C6981,1.45,True,agri_envelope_ring_v1,20260903,v0.1
FRM_932B858CB3ED,LOC_0E2342298CF3,Hoshiarpur,PB,31.606013,75.746085,1.6,CRP_E91C254AD588,potato,,,MND_46CD786BC585,0.71,True,agri_envelope_ring_v1,20260903,v0.1
FRM_B6341490D1B6,LOC_4210AF0F2E97,Ludhiana,PB,31.007907,75.736475,0.99,CRP_E91C254AD588,potato,,,MND_D400EAD28DB3,0.845,True,agri_envelope_ring_v1,20260903,v0.1
FRM_606C8C9BC84D,LOC_AD2FE08C0825,Nuh,HR,28.124642,76.904285,0.95,CRP_8F398886C326,sunflower,CRP_C7952894B2A5,moong,MND_3F94E23EB0A5,0.892,True,agri_envelope_ring_v1,20260903,v0.1
FRM_A45B612AC9DF,LOC_E69E8484FBC3,Amroha,UP,28.932707,78.340809,1.1,CRP_2554D1918FBC,paddy,CRP_DE6C334339AC,wheat,MND_B8828956892C,1.624,True,agri_envelope_ring_v1,20260903,v0.1
FRM_AFA3B4090F8A,LOC_B72569509022,Hoshiarpur,PB,31.425433,75.832757,1.34,CRP_E91C254AD588,potato,CRP_8F398886C326,sunflower,MND_46CD786BC585,1.131,True,agri_envelope_ring_v1,20260903,v0.1
FRM_D2542D125148,LOC_0E7376C55046,Jhajjar,HR,28.509238,76.887778,0.39,CRP_BF35A2D3261F,cauliflower,CRP_8F398886C326,sunflower,MND_50FC19D7AEC4,0.256,True,agri_envelope_ring_v1,20260903,v0.1
FRM_D98A1EF0680A,LOC_C81DFEA659F6,Patiala,PB,30.190626,76.590344,1.7,CRP_352B5B6699D8,mustard,CRP_E91C254AD588,potato,MND_9C5A213D03D2,0.976,True,agri_envelope_ring_v1,20260903,v0.1
FRM_E5F5563E0AE4,LOC_3400A7430859,Fatehabad,HR,29.631476,75.648242,0.68,CRP_D7A9EAD0B15C,barley,CRP_CAA75103C53B,gram,MND_4427C76F4F6F,1.009,True,agri_envelope_ring_v1,20260903,v0.1
FRM_C92D339DBAD7,LOC_C7E43982CDC0,Patiala,PB,30.532181,76.355908,0.37,CRP_352B5B6699D8,mustard,CRP_D955CA97E44D,maize,MND_9AE87167EF0F,1.411,True,agri_envelope_ring_v1,20260903,v0.1
FRM_B0C3991B214D,LOC_73EC451C0DBA,Bulandshahr,UP,28.448721,77.87978,5.73,CRP_28F945D9AC9C,bajra,CRP_C7952894B2A5,moong,MND_2E59AF542C18,0.694,True,agri_envelope_ring_v1,20260903,v0.1
FRM_B54BEF85FA22,LOC_0079D1E4B63A,Kanpur Dehat,UP,26.168881,80.048949,1.09,CRP_DE6C334339AC,wheat,CRP_28F945D9AC9C,bajra,MND_301551655568,0.632,True,agri_envelope_ring_v1,20260903,v0.1
FRM_B02D4E575D7C,LOC_9447DA7C958A,Fatehgarh Sahib,PB,30.652528,76.518771,1.45,CRP_D955CA97E44D,maize,CRP_69E399851C84,cotton,MND_D3D37BB2E2D7,0.524,True,agri_envelope_ring_v1,20260903,v0.1
FRM_CEA93343F386,LOC_93CC119E4169,Muktsar,PB,30.536402,74.677779,1.5,CRP_D7A9EAD0B15C,barley,CRP_5ED728C2FA5D,tomato,MND_AE02C36E7ACD,0.107,True,agri_envelope_ring_v1,20260903,v0.1
FRM_6DD6C3E8EAD5,LOC_26FF31269589,Sonipat,HR,29.143954,77.202601,0.58,CRP_69E399851C84,cotton,,,MND_538E435A4360,0.707,True,agri_envelope_ring_v1,20260903,v0.1
FRM_C0C4A9B80733,LOC_6C521F4FBD4B,Karnal,HR,29.868084,77.035577,0.86,CRP_DE6C334339AC,wheat,CRP_D955CA97E44D,maize,MND_4ADE384C6981,1.222,True,agri_envelope_ring_v1,20260903,v0.1
FRM_E221E6A93E1F,LOC_6E1D6240D840,Rohtak,HR,28.688283,76.742995,2.28,CRP_E91C254AD588,potato,CRP_5ED728C2FA5D,tomato,MND_50FC19D7AEC4,1.33,True,agri_envelope_ring_v1,20260903,v0.1
FRM_688FC004FE41,LOC_B724AB61C012,SAS Nagar,PB,30.649694,76.512094,1.5,CRP_69E399851C84,cotton,CRP_5ED728C2FA5D,tomato,MND_D400EAD28DB3,1.238,True,agri_envelope_ring_v1,20260903,v0.1
FRM_68DF9E484846,LOC_9EA9A06106C9,Sitapur,UP,27.350004,80.614512,3.34,CRP_DE6C334339AC,wheat,,,MND_954F0551D2D8,1.11,True,agri_envelope_ring_v1,20260903,v0.1
FRM_8A99D8BEBDCC,LOC_6B41C27B6749,Aligarh,UP,27.91919,78.045294,1.41,CRP_352B5B6699D8,mustard,CRP_288971671685,onion,MND_1BD2DF2540D5,0.78,True,agri_envelope_ring_v1,20260903,v0.1
FRM_5AAE0A5DEB95,LOC_B2565FD761F3,Ferozepur,PB,31.087356,74.667862,0.95,CRP_D955CA97E44D,maize,CRP_69E399851C84,cotton,MND_FE8D567E9001,0.371,True,agri_envelope_ring_v1,20260903,v0.1
FRM_E74060C8DA2A,LOC_AF1413CAD74C,Unnao,UP,26.60359,80.635092,2.43,CRP_BF35A2D3261F,cauliflower,,,MND_301551655568,1.504,True,agri_envelope_ring_v1,20260903,v0.1
FRM_D91CA96D8E74,LOC_7A62F3E60108,Sangrur,PB,30.261193,76.170168,0.42,CRP_2554D1918FBC,paddy,CRP_D955CA97E44D,maize,MND_9AE87167EF0F,1.866,True,agri_envelope_ring_v1,20260903,v0.1
FRM_3F4716EF45E1,LOC_91C75D3BC445,Yamunanagar,HR,30.256268,77.116472,1.45,CRP_C7952894B2A5,moong,CRP_B2E55E456CF4,sugarcane,MND_3F6468C86419,0.799,True,agri_envelope_ring_v1,20260903,v0.1
FRM_FCD1E294F19C,LOC_3875C58D4908,Baghpat,UP,29.09273,77.104518,2.09,CRP_352B5B6699D8,mustard,CRP_C7952894B2A5,moong,MND_283ED6EAAB84,0.303,True,agri_envelope_ring_v1,20260903,v0.1
FRM_5A804BD37849,LOC_10C047BB160A,Budaun,UP,27.98169,79.09593,1.47,CRP_CAA75103C53B,gram,CRP_E91C254AD588,potato,MND_9AC86A6D5AEC,0.653,True,agri_envelope_ring_v1,20260903,v0.1
FRM_2EF3D2DDC9F1,LOC_9663FC617E42,Palwal,HR,28.230893,77.080029,4.08,CRP_E2253B73169D,guar,CRP_8F398886C326,sunflower,MND_A59F6598A624,0.178,True,agri_envelope_ring_v1,20260903,v0.1
FRM_62049B65E7C3,LOC_94C5F18C34D8,Mansa,PB,30.043334,75.278837,2.29,CRP_8F398886C326,sunflower,CRP_B2E55E456CF4,sugarcane,MND_AE02C36E7ACD,1.179,True,agri_envelope_ring_v1,20260903,v0.1
FRM_B205A5A8F453,LOC_08FE68ED241D,Budaun,UP,28.010341,79.088579,2.86,CRP_2554D1918FBC,paddy,CRP_352B5B6699D8,mustard,MND_9AC86A6D5AEC,0.738,True,agri_envelope_ring_v1,20260903,v0.1
FRM_E8E4953BFA3D,LOC_B8873786CB3F,Ferozepur,PB,31.060079,74.651736,1.24,CRP_CAA75103C53B,gram,CRP_D7A9EAD0B15C,barley,MND_FE8D567E9001,0.94,True,agri_envelope_ring_v1,20260903,v0.1
FRM_CBA3E7EF0976,LOC_1FBF8A2DEFCC,Jalandhar,PB,31.17236,75.423833,0.94,CRP_D7A9EAD0B15C,barley,,,MND_46CD786BC585,0.409,True,agri_envelope_ring_v1,20260903,v0.1
FRM_5FEC4BD3EFCB,LOC_6B5A4CB9C136,Agra,UP,27.196125,77.971723,1.91,CRP_B2E55E456CF4,sugarcane,CRP_28F945D9AC9C,bajra,MND_316B3A33D09D,0.442,True,agri_envelope_ring_v1,20260903,v0.1
FRM_008DF2A8D667,LOC_5914FD6F96F9,Shamli,UP,29.414326,77.389513,3.35,CRP_BF35A2D3261F,cauliflower,CRP_CAA75103C53B,gram,MND_C163C6E4A832,0.146,True,agri_envelope_ring_v1,20260903,v0.1
FRM_4C603D7F6D71,LOC_CADE191939C4,Hathras,UP,27.500723,78.167236,1.08,CRP_B2E55E456CF4,sugarcane,,,MND_316B3A33D09D,0.402,True,agri_envelope_ring_v1,20260903,v0.1
FRM_C1AFD951C6AD,LOC_ABB96472483F,Malerkotla,PB,30.554608,75.788187,2.28,CRP_E91C254AD588,potato,,,MND_DA6DF57ACFEE,0.164,True,agri_envelope_ring_v1,20260903,v0.1
FRM_F9BD7FE40556,LOC_3A3110E545BB,Unnao,UP,26.319727,80.68782,1.47,CRP_7CC27C59C145,urad,,,MND_301551655568,1.783,True,agri_envelope_ring_v1,20260903,v0.1
FRM_CE815D909A08,LOC_0CD9D0714C55,SAS Nagar,PB,30.794105,76.670538,5.88,CRP_D7A9EAD0B15C,barley,CRP_69E399851C84,cotton,MND_D3D37BB2E2D7,0.064,True,agri_envelope_ring_v1,20260903,v0.1
FRM_D93C77C7E52C,LOC_DD6C3D8ADB09,Patiala,PB,30.223842,76.585894,0.81,CRP_352B5B6699D8,mustard,,,MND_9AE87167EF0F,1.978,True,agri_envelope_ring_v1,20260903,v0.1
FRM_2CC0F9798D5D,LOC_948C8BCAF3E1,Amroha,UP,28.934189,78.360957,0.4,CRP_5ED728C2FA5D,tomato,CRP_D955CA97E44D,maize,MND_B8828956892C,1.337,True,agri_envelope_ring_v1,20260903,v0.1
FRM_9D3E63F1691C,LOC_A0B55FE88FB9,Mansa,PB,29.929201,75.350142,0.72,CRP_E91C254AD588,potato,CRP_69E399851C84,cotton,MND_BA2F125FAB06,0.909,True,agri_envelope_ring_v1,20260903,v0.1
FRM_50B1832EED3F,LOC_861B7D6D9654,Fatehabad,HR,29.253906,75.373378,0.6,CRP_D7A9EAD0B15C,barley,CRP_28F945D9AC9C,bajra,MND_4427C76F4F6F,0.079,True,agri_envelope_ring_v1,20260903,v0.1
FRM_2E28B80F35CB,LOC_4A19E3CBF101,Sambhal,UP,28.701147,78.595009,2.09,CRP_4DDD4816119A,arhar,CRP_2554D1918FBC,paddy,MND_B8828956892C,1.188,True,agri_envelope_ring_v1,20260903,v0.1
FRM_AFAE9259D0A2,LOC_0E3F3F88B2E4,Shahjahanpur,UP,27.769298,80.0985,4.6,CRP_E91C254AD588,potato,CRP_7CC27C59C145,urad,MND_954F0551D2D8,0.224,True,agri_envelope_ring_v1,20260903,v0.1
FRM_CA6F43B84155,LOC_92C350796269,Fatehabad,HR,29.527751,75.6896,2.53,CRP_DE6C334339AC,wheat,CRP_8F398886C326,sunflower,MND_4427C76F4F6F,1.339,True,agri_envelope_ring_v1,20260903,v0.1
FRM_5DF43857D2CF,LOC_702D58F11E3B,Palwal,HR,28.038907,77.16627,1.07,CRP_BF35A2D3261F,cauliflower,CRP_7CC27C59C145,urad,MND_BBFD6D659730,0.057,True,agri_envelope_ring_v1,20260903,v0.1
FRM_0B176237BE53,LOC_4BC4D30D08BE,Jalandhar,PB,31.305088,75.814094,3.01,CRP_CAA75103C53B,gram,CRP_D955CA97E44D,maize,MND_46CD786BC585,1.481,True,agri_envelope_ring_v1,20260903,v0.1
FRM_284BAB4ADF66,LOC_6F00E90E5850,Patiala,PB,30.098613,76.452886,1.06,CRP_D7A9EAD0B15C,barley,CRP_352B5B6699D8,mustard,MND_9C5A213D03D2,0.845,True,agri_envelope_ring_v1,20260903,v0.1
FRM_614DE931025A,LOC_0B480232AC75,Hapur,UP,28.629957,77.889617,0.7,CRP_C7952894B2A5,moong,CRP_DE6C334339AC,wheat,MND_96D277426B8A,0.985,True,agri_envelope_ring_v1,20260903,v0.1
FRM_D1B61AD53787,LOC_D9CB3D8F8358,Moga,PB,30.854024,75.029412,3.94,CRP_E91C254AD588,potato,CRP_DE6C334339AC,wheat,MND_784599D2DCF5,0.899,True,agri_envelope_ring_v1,20260903,v0.1
FRM_450458E92049,LOC_DF0F68099BD4,Shahjahanpur,UP,27.72801,80.012493,1.73,CRP_E91C254AD588,potato,CRP_5ED728C2FA5D,tomato,MND_954F0551D2D8,1.116,True,agri_envelope_ring_v1,20260903,v0.1
FRM_219998AB27FF,LOC_4E0DB298EE46,Pilibhit,UP,28.475017,79.74027,1.69,CRP_7CC27C59C145,urad,CRP_BF35A2D3261F,cauliflower,MND_9AC86A6D5AEC,0.059,True,agri_envelope_ring_v1,20260903,v0.1
FRM_5FA3F4F1B50F,LOC_DB4067B66E8E,Etah,UP,27.336058,78.570358,10.02,CRP_DE6C334339AC,wheat,CRP_7CC27C59C145,urad,MND_316B3A33D09D,0.934,True,agri_envelope_ring_v1,20260903,v0.1
FRM_9B3BC9189511,LOC_CB530FA863B4,Hoshiarpur,PB,31.508202,75.728154,0.73,CRP_69E399851C84,cotton,CRP_C7952894B2A5,moong,MND_46CD786BC585,0.093,True,agri_envelope_ring_v1,20260903,v0.1
FRM_2A8E3E6D8485,LOC_4770154E45AB,Moga,PB,30.799008,75.346024,1.08,CRP_352B5B6699D8,mustard,CRP_2554D1918FBC,paddy,MND_784599D2DCF5,0.584,True,agri_envelope_ring_v1,20260903,v0.1
FRM_FFECC34EDDDE,LOC_8FC459C90F95,Ambala,HR,30.17388,76.914216,3.8,CRP_D955CA97E44D,maize,CRP_2554D1918FBC,paddy,MND_3F6468C86419,1.471,True,agri_envelope_ring_v1,20260903,v0.1
FRM_3074F043B9C6,LOC_D6F4489A1C80,Bijnor,UP,29.22349,78.401808,2.29,CRP_B2E55E456CF4,sugarcane,CRP_BF35A2D3261F,cauliflower,MND_B8828956892C,0.947,True,agri_envelope_ring_v1,20260903,v0.1
FRM_F6DE3F20FDE6,LOC_5CA8DFC024B3,Rohtak,HR,28.787819,76.712064,3.28,CRP_CAA75103C53B,gram,CRP_288971671685,onion,MND_372DA5A01CDA,0.385,True,agri_envelope_ring_v1,20260903,v0.1
FRM_9B163EBDB1B5,LOC_DE598C3A651D,Sitapur,UP,27.480253,80.664612,0.93,CRP_5ED728C2FA5D,tomato,CRP_D955CA97E44D,maize,MND_954F0551D2D8,1.521,True,agri_envelope_ring_v1,20260903,v0.1
FRM_A3D6F32D40B4,LOC_8D3B92EF27A3,Bareilly,UP,28.62185,79.438864,3.2,CRP_352B5B6699D8,mustard,CRP_C7952894B2A5,moong,MND_9AC86A6D5AEC,1.615,True,agri_envelope_ring_v1,20260903,v0.1
FRM_C677C23E58D0,LOC_7A752DDCDD53,Mainpuri,UP,27.026432,78.954979,3.91,CRP_B2E55E456CF4,sugarcane,CRP_C7952894B2A5,moong,MND_316B3A33D09D,0.98,True,agri_envelope_ring_v1,20260903,v0.1
FRM_ABC3DDE319EB,LOC_7722E66AA1E4,Shahjahanpur,UP,27.947301,79.880901,1.09,CRP_352B5B6699D8,mustard,CRP_5ED728C2FA5D,tomato,MND_9AC86A6D5AEC,0.237,True,agri_envelope_ring_v1,20260903,v0.1
FRM_E92AFABBBB21,LOC_162784D4B33A,Tarn Taran,PB,31.571061,74.8865,1.52,CRP_E91C254AD588,potato,CRP_D955CA97E44D,maize,MND_E2F2E16B54CD,1.392,True,agri_envelope_ring_v1,20260903,v0.1
FRM_4CBF595E7CB6,LOC_D8F4721022D3,Kaithal,HR,29.718521,76.559218,1.86,CRP_D955CA97E44D,maize,CRP_DE6C334339AC,wheat,MND_4ADE384C6981,1.744,True,agri_envelope_ring_v1,20260903,v0.1
FRM_239278282306,LOC_AF8462B320FA,Ambala,HR,30.486394,76.814602,2.83,CRP_28F945D9AC9C,bajra,,,MND_3F6468C86419,0.95,True,agri_envelope_ring_v1,20260903,v0.1
FRM_10DE7EAB1376,LOC_4888A21F1EBF,Moradabad,UP,28.733995,78.759977,0.69,CRP_B2E55E456CF4,sugarcane,CRP_4DDD4816119A,arhar,MND_96D277426B8A,0.514,True,agri_envelope_ring_v1,20260903,v0.1
FRM_3397DE166893,LOC_095093F0F49A,Nuh,HR,27.932877,77.024263,6.53,CRP_D955CA97E44D,maize,CRP_C7952894B2A5,moong,MND_BBFD6D659730,1.696,True,agri_envelope_ring_v1,20260903,v0.1
FRM_6626576EDB63,LOC_2B719AA7A6AC,Faridkot,PB,30.503717,74.734623,3.89,CRP_352B5B6699D8,mustard,CRP_D7A9EAD0B15C,barley,MND_DEA1CD5F415B,1.274,True,agri_envelope_ring_v1,20260903,v0.1
FRM_738C5F993C5F,LOC_B3D6C4A5ACCC,Jhajjar,HR,28.554529,76.871499,5.99,CRP_CAA75103C53B,gram,CRP_D7A9EAD0B15C,barley,MND_9E255CEE332B,1.044,True,agri_envelope_ring_v1,20260903,v0.1
FRM_D96FE7606406,LOC_3A4533B938C2,Baghpat,UP,29.039476,77.118022,0.82,CRP_28F945D9AC9C,bajra,CRP_4DDD4816119A,arhar,MND_538E435A4360,0.619,True,agri_envelope_ring_v1,20260903,v0.1
FRM_42B4A46BC527,LOC_33C6C128254B,Moradabad,UP,28.757364,78.611957,0.78,CRP_CAA75103C53B,gram,CRP_D7A9EAD0B15C,barley,MND_B8828956892C,0.881,True,agri_envelope_ring_v1,20260903,v0.1
FRM_840D005AA2DE,LOC_0163623C3753,Barnala,PB,30.239967,75.550524,6.13,CRP_8F398886C326,sunflower,CRP_CAA75103C53B,gram,MND_DEA1CD5F415B,0.422,True,agri_envelope_ring_v1,20260903,v0.1
FRM_CF967B003967,LOC_2D33B60F9FA3,Mathura,UP,27.534239,77.510444,2.81,CRP_D955CA97E44D,maize,,,MND_5B5C6B926181,1.589,True,agri_envelope_ring_v1,20260903,v0.1
FRM_2D249017392B,LOC_DCC88743E716,Kapurthala,PB,31.465531,75.557878,3.69,CRP_69E399851C84,cotton,,,MND_E2F2E16B54CD,0.512,True,agri_envelope_ring_v1,20260903,v0.1
FRM_0E5746CDAB07,LOC_29C222D4352C,Baghpat,UP,28.820863,77.158688,0.88,CRP_E91C254AD588,potato,CRP_4DDD4816119A,arhar,MND_1796B26F4DCC,0.307,True,agri_envelope_ring_v1,20260903,v0.1
FRM_FFFEF0E3C071,LOC_ADB687EEEF23,Kanpur Dehat,UP,26.253875,80.039789,2.99,CRP_D955CA97E44D,maize,CRP_E91C254AD588,potato,MND_301551655568,0.329,True,agri_envelope_ring_v1,20260903,v0.1
FRM_562CA97A19F9,LOC_912A89183701,Kanpur Nagar,UP,26.519219,80.168337,1.4,CRP_288971671685,onion,CRP_DE6C334339AC,wheat,MND_301551655568,0.694,True,agri_envelope_ring_v1,20260903,v0.1
FRM_C0777E16D094,LOC_65B4AD1C5D83,Sirsa,HR,29.766131,74.860905,2.43,CRP_B2E55E456CF4,sugarcane,CRP_28F945D9AC9C,bajra,MND_4427C76F4F6F,0.404,True,agri_envelope_ring_v1,20260903,v0.1
FRM_6DF20E3A1182,LOC_87100B3B0525,Bathinda,PB,30.261027,74.936126,1.7,CRP_2554D1918FBC,paddy,CRP_5ED728C2FA5D,tomato,MND_AE02C36E7ACD,0.625,True,agri_envelope_ring_v1,20260903,v0.1
FRM_C5AA6DC67087,LOC_67FE12ED9B92,Sitapur,UP,27.459457,80.735897,0.99,CRP_D955CA97E44D,maize,CRP_352B5B6699D8,mustard,MND_9AC86A6D5AEC,0.19,True,agri_envelope_ring_v1,20260903,v0.1
FRM_50034EF34447,LOC_78852DB7D1C3,Gorakhpur,UP,26.822069,83.269907,1.4,CRP_DE6C334339AC,wheat,CRP_C7952894B2A5,moong,MND_362E0E09CB0D,2.344,True,agri_envelope_ring_v1,20260903,v0.1
FRM_27A805B472FC,LOC_DB4194114CBE,Prayagraj,UP,25.237498,82.144648,0.61,CRP_7CC27C59C145,urad,CRP_5ED728C2FA5D,tomato,MND_F0BDDB3CC08D,1.112,True,agri_envelope_ring_v1,20260903,v0.1
FRM_825B6ADC4377,LOC_ACF05573191D,Palwal,HR,28.189837,77.142676,0.26,CRP_352B5B6699D8,mustard,,,MND_BBFD6D659730,0.364,True,agri_envelope_ring_v1,20260903,v0.1
FRM_23E1D0FF3765,LOC_7AD7ED5CC49A,Sonipat,HR,29.055465,77.18127,1.71,CRP_DE6C334339AC,wheat,CRP_D7A9EAD0B15C,barley,MND_283ED6EAAB84,0.58,True,agri_envelope_ring_v1,20260903,v0.1
FRM_D4ACB741CA59,LOC_1C45156BD4BD,Hoshiarpur,PB,31.612199,75.706149,2.43,CRP_2554D1918FBC,paddy,CRP_D7A9EAD0B15C,barley,MND_46CD786BC585,0.053,True,agri_envelope_ring_v1,20260903,v0.1
FRM_69E644C76B4C,LOC_3D8E08AE8BF7,Jind,HR,29.552317,76.440511,0.35,CRP_DE6C334339AC,wheat,CRP_69E399851C84,cotton,MND_7491C25B20FE,0.206,True,agri_envelope_ring_v1,20260903,v0.1
FRM_5F6EB1BCD749,LOC_CD1064F737ED,Ferozepur,PB,30.996263,74.847458,1.37,CRP_C7952894B2A5,moong,CRP_E91C254AD588,potato,MND_FE8D567E9001,0.618,True,agri_envelope_ring_v1,20260903,v0.1
FRM_767921645F76,LOC_A819A1872169,Barabanki,UP,26.816182,81.336894,1.24,CRP_28F945D9AC9C,bajra,CRP_7CC27C59C145,urad,MND_F0BDDB3CC08D,0.383,True,agri_envelope_ring_v1,20260903,v0.1
FRM_9E4D4FD1555E,LOC_EBD736E05322,Amritsar,PB,31.601137,75.120931,1.42,CRP_CAA75103C53B,gram,CRP_2554D1918FBC,paddy,MND_46CD786BC585,0.53,True,agri_envelope_ring_v1,20260903,v0.1
FRM_44ADBE366D6C,LOC_5C26062926AD,Jind,HR,29.304122,76.036132,4.03,CRP_E91C254AD588,potato,,,MND_07DDCCA966AE,0.749,True,agri_envelope_ring_v1,20260903,v0.1
FRM_D57C98BAA3FF,LOC_93F48A9AC3A2,Sirsa,HR,29.76776,74.884868,0.92,CRP_8F398886C326,sunflower,CRP_D955CA97E44D,maize,MND_5C10FF171343,0.107,True,agri_envelope_ring_v1,20260903,v0.1
FRM_B9AC8E933AC4,LOC_AF1413CAD74C,Unnao,UP,26.611734,80.61615,0.9,CRP_BF35A2D3261F,cauliflower,CRP_7CC27C59C145,urad,MND_301551655568,0.778,True,agri_envelope_ring_v1,20260903,v0.1
FRM_26A583DC7C83,LOC_71AE97504249,Tarn Taran,PB,31.533456,74.867788,0.37,CRP_D7A9EAD0B15C,barley,,,MND_784599D2DCF5,1.07,True,agri_envelope_ring_v1,20260903,v0.1
FRM_F906BCD3EC05,LOC_4E56772EAE9F,Lucknow,UP,26.779895,80.914793,4.23,CRP_C7952894B2A5,moong,,,MND_F0BDDB3CC08D,0.472,True,agri_envelope_ring_v1,20260903,v0.1
FRM_90012F9B8C65,LOC_393358344F45,Mainpuri,UP,27.140896,78.895433,0.98,CRP_5ED728C2FA5D,tomato,,,MND_316B3A33D09D,0.9,True,agri_envelope_ring_v1,20260903,v0.1
FRM_19F3FB6AFFCE,LOC_3F7965785DDB,Ludhiana,PB,31.084762,75.774444,1.23,CRP_5ED728C2FA5D,tomato,,,MND_DA6DF57ACFEE,1.445,True,agri_envelope_ring_v1,20260903,v0.1
FRM_B76B7AFF8A7D,LOC_788A3F337B51,Jalandhar,PB,31.358131,75.754482,1.19,CRP_C7952894B2A5,moong,CRP_352B5B6699D8,mustard,MND_46CD786BC585,1.589,True,agri_envelope_ring_v1,20260903,v0.1
FRM_9EB95A305FC0,LOC_3D10BE9A3263,Ludhiana,PB,30.779376,75.741497,1.68,CRP_D955CA97E44D,maize,,,MND_DEA1CD5F415B,0.942,True,agri_envelope_ring_v1,20260903,v0.1
FRM_25BF0366D819,LOC_B240D2FCA089,Jalandhar,PB,31.294465,75.683625,3.11,CRP_2554D1918FBC,paddy,,,MND_46CD786BC585,1.44,True,agri_envelope_ring_v1,20260903,v0.1
FRM_F7A9CCA8C88F,LOC_05B0782F1F1F,Shamli,UP,29.377635,77.437747,2.13,CRP_288971671685,onion,CRP_2554D1918FBC,paddy,MND_C163C6E4A832,1.731,True,agri_envelope_ring_v1,20260903,v0.1
FRM_21862754A8B3,LOC_CA0B3749EC2E,Charkhi Dadri,HR,28.765725,76.194239,4.29,CRP_352B5B6699D8,mustard,,,MND_F02880680127,2.173,True,agri_envelope_ring_v1,20260903,v0.1
FRM_230845396352,LOC_EF1DE82D50B2,Moga,PB,30.683407,75.044005,0.51,CRP_CAA75103C53B,gram,CRP_D7A9EAD0B15C,barley,MND_FE8D567E9001,1.861,True,agri_envelope_ring_v1,20260903,v0.1
FRM_D53FF3EEFAC9,LOC_562458163AAE,Fazilka,PB,30.230813,73.937685,4.82,CRP_2554D1918FBC,paddy,CRP_CAA75103C53B,gram,MND_AE02C36E7ACD,0.415,True,agri_envelope_ring_v1,20260903,v0.1
FRM_3C7712221649,LOC_0989FC1292A0,Shamli,UP,29.367984,77.42586,0.68,CRP_352B5B6699D8,mustard,CRP_CAA75103C53B,gram,MND_C163C6E4A832,0.851,True,agri_envelope_ring_v1,20260903,v0.1
FRM_F30CEB572928,LOC_16FEC806D3F5,Fazilka,PB,30.21319,74.020855,0.52,CRP_B2E55E456CF4,sugarcane,CRP_69E399851C84,cotton,MND_AE02C36E7ACD,1.118,True,agri_envelope_ring_v1,20260903,v0.1
FRM_AD9BFEF89192,LOC_E1F3259A50A8,Sirsa,HR,29.765753,74.984724,2.01,CRP_E2253B73169D,guar,,,MND_5C10FF171343,0.603,True,agri_envelope_ring_v1,20260903,v0.1
FRM_A2281D9A79F7,LOC_703B7CC04B05,Bathinda,PB,30.255551,74.82814,1.07,CRP_E91C254AD588,potato,CRP_69E399851C84,cotton,MND_AE02C36E7ACD,0.749,True,agri_envelope_ring_v1,20260903,v0.1
FRM_E23E6724852C,LOC_DC13DD3AE2C9,Rohtak,HR,28.683713,76.689931,1.73,CRP_BF35A2D3261F,cauliflower,,,MND_372DA5A01CDA,0.723,True,agri_envelope_ring_v1,20260903,v0.1
FRM_6C2D1D6FF5FC,LOC_A6232DB6ED9D,Prayagraj,UP,25.341831,82.026155,0.27,CRP_C7952894B2A5,moong,,,MND_EE2349EB6FB3,1.102,True,agri_envelope_ring_v1,20260903,v0.1
FRM_C869A42F89E8,LOC_FCB25A7F268A,Barabanki,UP,27.005961,80.987002,2.09,CRP_5ED728C2FA5D,tomato,CRP_D7A9EAD0B15C,barley,MND_F0BDDB3CC08D,1.374,True,agri_envelope_ring_v1,20260903,v0.1
FRM_C2D28DDAB33E,LOC_87B589ACAA23,Nuh,HR,28.128615,76.951937,0.87,CRP_2554D1918FBC,paddy,CRP_288971671685,onion,MND_3F94E23EB0A5,1.114,True,agri_envelope_ring_v1,20260903,v0.1
FRM_501E1A12FCD6,LOC_726E320832DD,Gurdaspur,PB,32.246375,75.221433,0.72,CRP_69E399851C84,cotton,CRP_D7A9EAD0B15C,barley,MND_46CD786BC585,0.758,True,agri_envelope_ring_v1,20260903,v0.1
FRM_59460A067F8D,LOC_7701352C1EAE,Shahjahanpur,UP,27.964432,79.877298,1.82,CRP_DE6C334339AC,wheat,,,MND_9AC86A6D5AEC,0.787,True,agri_envelope_ring_v1,20260903,v0.1
FRM_CACEF71358F9,LOC_C316917DFFED,Fazilka,PB,30.219777,74.151319,3.92,CRP_CAA75103C53B,gram,CRP_69E399851C84,cotton,MND_AE02C36E7ACD,2.151,True,agri_envelope_ring_v1,20260903,v0.1
FRM_35155B0EC73D,LOC_32ADF0295524,Ferozepur,PB,31.082692,74.697576,1.97,CRP_D955CA97E44D,maize,CRP_D7A9EAD0B15C,barley,MND_FE8D567E9001,1.121,True,agri_envelope_ring_v1,20260903,v0.1
FRM_71E3EA284709,LOC_56293E8541FE,Moga,PB,30.796902,75.307235,2.3,CRP_2554D1918FBC,paddy,CRP_352B5B6699D8,mustard,MND_FE8D567E9001,1.446,True,agri_envelope_ring_v1,20260903,v0.1
FRM_E25CE0733290,LOC_3A109BE3742F,Amroha,UP,28.898537,78.312166,1.14,CRP_C7952894B2A5,moong,,,MND_B8828956892C,0.134,True,agri_envelope_ring_v1,20260903,v0.1
FRM_2B835AB7AD76,LOC_066DA7C172F2,Shahjahanpur,UP,27.947508,79.785688,2.05,CRP_C7952894B2A5,moong,,,MND_954F0551D2D8,1.424,True,agri_envelope_ring_v1,20260903,v0.1
FRM_00BDBF4DB7FC,LOC_E8036FD72DB8,Faridabad,HR,28.345838,77.417567,0.99,CRP_D7A9EAD0B15C,barley,,,MND_BBFD6D659730,1.209,True,agri_envelope_ring_v1,20260903,v0.1
FRM_58B6E81EB110,LOC_91D21D7C666E,Fatehabad,HR,29.25316,75.546709,2.39,CRP_28F945D9AC9C,bajra,,,MND_CB2E88CD3113,1.06,True,agri_envelope_ring_v1,20260903,v0.1
FRM_4B3A364DE298,LOC_410668B69070,Sirsa,HR,29.322926,75.356261,2.27,CRP_28F945D9AC9C,bajra,CRP_8F398886C326,sunflower,MND_4427C76F4F6F,0.734,True,agri_envelope_ring_v1,20260903,v0.1
FRM_3AE0BBDB6E4E,LOC_BF5762256FEC,Bareilly,UP,28.542171,79.321521,0.68,CRP_7CC27C59C145,urad,CRP_4DDD4816119A,arhar,MND_1BD2DF2540D5,0.942,True,agri_envelope_ring_v1,20260903,v0.1
FRM_F42E4293719C,LOC_7DFA77872B91,Rewari,HR,28.120068,76.614667,1.39,CRP_E91C254AD588,potato,CRP_CAA75103C53B,gram,MND_3F94E23EB0A5,0.719,True,agri_envelope_ring_v1,20260903,v0.1
FRM_335AE529032B,LOC_2AE30C51307D,Ludhiana,PB,30.777106,75.751284,0.44,CRP_D7A9EAD0B15C,barley,,,MND_DA6DF57ACFEE,0.218,True,agri_envelope_ring_v1,20260903,v0.1
FRM_BDFE771C256E,LOC_749D294291AF,Pilibhit,UP,28.620112,79.906197,1.16,CRP_5ED728C2FA5D,tomato,CRP_B2E55E456CF4,sugarcane,MND_9AC86A6D5AEC,0.186,True,agri_envelope_ring_v1,20260903,v0.1
FRM_CE94F8915A3A,LOC_759A1B4F43D7,Bhiwani,HR,28.893407,75.883762,0.96,CRP_28F945D9AC9C,bajra,,,MND_F02880680127,0.871,True,agri_envelope_ring_v1,20260903,v0.1
FRM_C43FF99DBE55,LOC_D83F43FB0BF6,Jhajjar,HR,28.753124,76.499806,2.63,CRP_69E399851C84,cotton,,,MND_F02880680127,0.181,True,agri_envelope_ring_v1,20260903,v0.1
FRM_BB2209B4833D,LOC_B4D3EADA7052,Jind,HR,29.26152,76.608778,2.65,CRP_E91C254AD588,potato,CRP_69E399851C84,cotton,MND_283ED6EAAB84,1.952,True,agri_envelope_ring_v1,20260903,v0.1
FRM_372EB813932C,LOC_A6EF33DFC1A1,Fazilka,PB,30.163857,73.985546,0.93,CRP_E91C254AD588,potato,CRP_D7A9EAD0B15C,barley,MND_AE02C36E7ACD,1.351,True,agri_envelope_ring_v1,20260903,v0.1
FRM_7481429BC7B0,LOC_E8A74856EC67,Mansa,PB,29.928778,75.275959,0.23,CRP_69E399851C84,cotton,CRP_CAA75103C53B,gram,MND_BA2F125FAB06,1.776,True,agri_envelope_ring_v1,20260903,v0.1
FRM_06D99D82BDC9,LOC_999BC6613F4A,Ferozepur,PB,31.092028,74.716461,0.54,CRP_DE6C334339AC,wheat,CRP_C7952894B2A5,moong,MND_46CD786BC585,1.066,True,agri_envelope_ring_v1,20260903,v0.1
FRM_CDBC5632291B,LOC_C4B1871D400E,Panipat,HR,29.526129,77.143735,2.09,CRP_69E399851C84,cotton,,,MND_C163C6E4A832,1.58,True,agri_envelope_ring_v1,20260903,v0.1
FRM_CD020E629E45,LOC_066CDDC6B651,Fazilka,PB,30.233895,74.131321,4.8,CRP_D7A9EAD0B15C,barley,,,MND_5C10FF171343,0.154,True,agri_envelope_ring_v1,20260903,v0.1
FRM_B09CBFABEDB9,LOC_2DFF7BAB7631,Hoshiarpur,PB,31.447983,75.863516,1.71,CRP_D955CA97E44D,maize,,,MND_46CD786BC585,1.306,True,agri_envelope_ring_v1,20260903,v0.1
FRM_40B97C37CDAE,LOC_0C8D95D4AA9F,Kaithal,HR,29.595035,76.517416,0.95,CRP_E2253B73169D,guar,,,MND_7491C25B20FE,0.677,True,agri_envelope_ring_v1,20260903,v0.1
FRM_B70D6EB985B7,LOC_585B0174299B,Kanpur Nagar,UP,26.443281,80.155075,0.93,CRP_CAA75103C53B,gram,CRP_28F945D9AC9C,bajra,MND_301551655568,1.962,True,agri_envelope_ring_v1,20260903,v0.1
FRM_2B99AAA429AC,LOC_E1B8AC8352BF,Gurdaspur,PB,32.088483,75.31308,1.28,CRP_CAA75103C53B,gram,,,MND_E2F2E16B54CD,0.734,True,agri_envelope_ring_v1,20260903,v0.1
FRM_D16F777A7DDF,LOC_5052CEEFA15C,Saharanpur,UP,29.848537,77.749192,6.51,CRP_B2E55E456CF4,sugarcane,,,MND_C163C6E4A832,0.606,True,agri_envelope_ring_v1,20260903,v0.1
FRM_34B70B14DA4E,LOC_B0691966223F,Pilibhit,UP,28.464536,79.763429,1.17,CRP_352B5B6699D8,mustard,CRP_4DDD4816119A,arhar,MND_9AC86A6D5AEC,0.662,True,agri_envelope_ring_v1,20260903,v0.1
FRM_4B9B0FB79E6F,LOC_4AAC2B51A1FA,Muktsar,PB,30.321151,74.55908,1.3,CRP_352B5B6699D8,mustard,CRP_B2E55E456CF4,sugarcane,MND_AE02C36E7ACD,0.082,True,agri_envelope_ring_v1,20260903,v0.1
FRM_3C22A054AD98,LOC_86476C8CC5B0,Mathura,UP,27.384076,77.692904,0.89,CRP_BF35A2D3261F,cauliflower,CRP_D7A9EAD0B15C,barley,MND_316B3A33D09D,0.934,True,agri_envelope_ring_v1,20260903,v0.1
FRM_044C12575087,LOC_CB4DC5D8B868,Gurdaspur,PB,32.099656,75.372008,0.82,CRP_DE6C334339AC,wheat,,,MND_E2F2E16B54CD,0.856,True,agri_envelope_ring_v1,20260903,v0.1
FRM_B0460E28E469,LOC_1C1CAFBB2F45,Patiala,PB,30.484741,76.308143,1.06,CRP_352B5B6699D8,mustard,CRP_D7A9EAD0B15C,barley,MND_9AE87167EF0F,0.343,True,agri_envelope_ring_v1,20260903,v0.1
FRM_2B807BBF3988,LOC_30D26F203C3E,Saharanpur,UP,29.990757,77.762211,0.46,CRP_BF35A2D3261F,cauliflower,CRP_2554D1918FBC,paddy,MND_D5BFCB18509B,0.754,True,agri_envelope_ring_v1,20260903,v0.1
FRM_4FCE49DE7406,LOC_94C5F18C34D8,Mansa,PB,30.052812,75.245551,1.92,CRP_C7952894B2A5,moong,CRP_5ED728C2FA5D,tomato,MND_BA2F125FAB06,0.525,True,agri_envelope_ring_v1,20260903,v0.1
FRM_AEF1CA3C938B,LOC_18076DE60535,Etawah,UP,26.995881,79.126917,2.36,CRP_D7A9EAD0B15C,barley,,,MND_316B3A33D09D,0.308,True,agri_envelope_ring_v1,20260903,v0.1
FRM_BC6E0DCD48DC,LOC_C7E43982CDC0,Patiala,PB,30.501112,76.327498,3.37,CRP_E91C254AD588,potato,CRP_8F398886C326,sunflower,MND_9AE87167EF0F,1.865,True,agri_envelope_ring_v1,20260903,v0.1
FRM_A7AAB445F47F,LOC_12F5FD529580,Kurukshetra,HR,29.833053,76.913736,0.43,CRP_2554D1918FBC,paddy,,,MND_4ADE384C6981,1.138,True,agri_envelope_ring_v1,20260903,v0.1
FRM_DB2968D51540,LOC_95300E222756,SAS Nagar,PB,30.508621,76.884561,1.85,CRP_CAA75103C53B,gram,CRP_8F398886C326,sunflower,MND_9AE87167EF0F,1.66,True,agri_envelope_ring_v1,20260903,v0.1
FRM_41B3A50D12B2,LOC_9B9BC7C7351E,Amritsar,PB,31.803896,74.954457,2.26,CRP_D955CA97E44D,maize,,,MND_E2F2E16B54CD,0.244,True,agri_envelope_ring_v1,20260903,v0.1
FRM_676C941A7C46,LOC_C11FC6BE45DA,Panchkula,HR,30.663014,76.98515,1.0,CRP_DE6C334339AC,wheat,CRP_2554D1918FBC,paddy,MND_3F6468C86419,1.967,True,agri_envelope_ring_v1,20260903,v0.1
FRM_808D857D3C6D,LOC_37CA9BF2D0F1,Muzaffarnagar,UP,29.668609,77.973243,0.76,CRP_DE6C334339AC,wheat,,,MND_05333875B51A,0.312,True,agri_envelope_ring_v1,20260903,v0.1
FRM_FD0DF60CA690,LOC_3FBE94730A3F,Kurukshetra,HR,29.959353,77.012158,0.58,CRP_E91C254AD588,potato,,,MND_3F6468C86419,1.599,True,agri_envelope_ring_v1,20260903,v0.1
FRM_C9C64FD8CD76,LOC_E6F556CEEDD5,Sonipat,HR,29.005913,76.897224,2.42,CRP_C7952894B2A5,moong,CRP_E91C254AD588,potato,MND_538E435A4360,0.41,True,agri_envelope_ring_v1,20260903,v0.1
FRM_22FE8A9398B3,LOC_AC6933B1EBA9,Moradabad,UP,28.832559,78.728618,0.43,CRP_C7952894B2A5,moong,CRP_7CC27C59C145,urad,MND_B8828956892C,0.61,True,agri_envelope_ring_v1,20260903,v0.1
FRM_39F7163F7422,LOC_108AD7D83E77,Sangrur,PB,30.324788,76.162172,0.79,CRP_B2E55E456CF4,sugarcane,,,MND_9AE87167EF0F,0.515,True,agri_envelope_ring_v1,20260903,v0.1
FRM_5DC9EADB44A0,LOC_421508D39ECF,Malerkotla,PB,30.54071,75.781314,2.06,CRP_D955CA97E44D,maize,CRP_8F398886C326,sunflower,MND_DEA1CD5F415B,0.759,True,agri_envelope_ring_v1,20260903,v0.1
FRM_90140F644E04,LOC_961D6AA87CCC,Bijnor,UP,29.204931,78.164653,3.2,CRP_352B5B6699D8,mustard,,,MND_596F86458307,0.658,True,agri_envelope_ring_v1,20260903,v0.1
FRM_66637A2257E6,LOC_F3097DD168BF,Bijnor,UP,29.270354,78.373029,7.44,CRP_D7A9EAD0B15C,barley,,,MND_B8828956892C,0.512,True,agri_envelope_ring_v1,20260903,v0.1
FRM_2FDA7AD53781,LOC_30D26F203C3E,Saharanpur,UP,29.986122,77.786528,1.79,CRP_D7A9EAD0B15C,barley,,,MND_D5BFCB18509B,1.234,True,agri_envelope_ring_v1,20260903,v0.1
FRM_F590B27579B9,LOC_D04EEE25B7D7,Fatehabad,HR,29.527712,75.754254,3.04,CRP_352B5B6699D8,mustard,CRP_BF35A2D3261F,cauliflower,MND_4427C76F4F6F,0.171,True,agri_envelope_ring_v1,20260903,v0.1
FRM_22BDE267017E,LOC_CDA68219EB34,Aligarh,UP,27.960973,78.06335,0.9,CRP_C7952894B2A5,moong,CRP_CAA75103C53B,gram,MND_BBFD6D659730,1.721,True,agri_envelope_ring_v1,20260903,v0.1
FRM_3085CD53A168,LOC_0707AC831318,Bhiwani,HR,28.945513,75.882317,3.97,CRP_BF35A2D3261F,cauliflower,,,MND_07DDCCA966AE,0.952,True,agri_envelope_ring_v1,20260903,v0.1
FRM_1576641D7AC8,LOC_BD7C3D70C68C,Yamunanagar,HR,30.070682,77.206938,0.78,CRP_D7A9EAD0B15C,barley,,,MND_D5BFCB18509B,1.157,True,agri_envelope_ring_v1,20260903,v0.1
FRM_25C76DCB7303,LOC_4E1D33768F1B,Hardoi,UP,27.633237,80.177105,1.11,CRP_28F945D9AC9C,bajra,CRP_D7A9EAD0B15C,barley,MND_954F0551D2D8,0.327,True,agri_envelope_ring_v1,20260903,v0.1
FRM_4ED9336773A8,LOC_F300C0C87036,Faridkot,PB,30.561169,74.703328,2.0,CRP_5ED728C2FA5D,tomato,CRP_B2E55E456CF4,sugarcane,MND_AE02C36E7ACD,0.972,True,agri_envelope_ring_v1,20260903,v0.1
FRM_59DB2DC2BDEA,LOC_0F5AF459C764,Prayagraj,UP,25.20435,81.72802,1.7,CRP_5ED728C2FA5D,tomato,,,MND_EE2349EB6FB3,0.182,True,agri_envelope_ring_v1,20260903,v0.1
FRM_B70186FD7C89,LOC_BCCCA4AFF88D,Kaithal,HR,29.859185,76.357849,0.42,CRP_CAA75103C53B,gram,CRP_28F945D9AC9C,bajra,MND_7491C25B20FE,0.647,True,agri_envelope_ring_v1,20260903,v0.1
FRM_B7831751B684,LOC_EB35EE532C77,Rupnagar,PB,31.109069,76.562056,0.82,CRP_69E399851C84,cotton,CRP_5ED728C2FA5D,tomato,MND_D400EAD28DB3,0.315,True,agri_envelope_ring_v1,20260903,v0.1
FRM_11DAC04DE671,LOC_A4077B4E8A0F,Bhiwani,HR,28.681994,76.152592,1.11,CRP_288971671685,onion,CRP_CAA75103C53B,gram,MND_F02880680127,1.485,True,agri_envelope_ring_v1,20260903,v0.1
FRM_B2E8F101D227,LOC_0FB268C4D76D,Muzaffarnagar,UP,29.505459,77.614108,0.98,CRP_28F945D9AC9C,bajra,CRP_C7952894B2A5,moong,MND_05333875B51A,0.941,True,agri_envelope_ring_v1,20260903,v0.1
FRM_20B13B3F116A,LOC_6760EC2F5937,Jhajjar,HR,28.569774,76.921399,1.36,CRP_7CC27C59C145,urad,CRP_D7A9EAD0B15C,barley,MND_AAFC9C0B8DA5,0.444,True,agri_envelope_ring_v1,20260903,v0.1
FRM_E177C4FEA69B,LOC_05A8C6A6C357,Rohtak,HR,28.867135,76.412981,1.21,CRP_C7952894B2A5,moong,CRP_28F945D9AC9C,bajra,MND_372DA5A01CDA,1.436,True,agri_envelope_ring_v1,20260903,v0.1
FRM_ABB8EB22FEF7,LOC_D4F1642D659F,Panipat,HR,29.485566,77.03865,2.05,CRP_8F398886C326,sunflower,CRP_C7952894B2A5,moong,MND_4ADE384C6981,0.399,True,agri_envelope_ring_v1,20260903,v0.1
FRM_2D1448051D36,LOC_B8D7DB1C8FF1,Bareilly,UP,28.357445,79.569863,2.25,CRP_C7952894B2A5,moong,,,MND_9AC86A6D5AEC,1.251,True,agri_envelope_ring_v1,20260903,v0.1
FRM_6110E449BAB6,LOC_785058AA1F1A,Karnal,HR,29.767065,77.204874,0.45,CRP_8F398886C326,sunflower,CRP_2554D1918FBC,paddy,MND_4ADE384C6981,1.022,True,agri_envelope_ring_v1,20260903,v0.1
FRM_2D48ED1C0E87,LOC_995161B0E9C2,Jind,HR,29.256688,76.555805,1.0,CRP_28F945D9AC9C,bajra,,,MND_283ED6EAAB84,0.27,True,agri_envelope_ring_v1,20260903,v0.1
FRM_D1108F3662C6,LOC_6584A055F4E2,Bijnor,UP,29.207245,78.291882,2.2,CRP_2554D1918FBC,paddy,CRP_C7952894B2A5,moong,MND_B8828956892C,0.781,True,agri_envelope_ring_v1,20260903,v0.1
FRM_D138237DF7E9,LOC_E1200FA082D2,Unnao,UP,26.661925,80.580848,2.91,CRP_B2E55E456CF4,sugarcane,CRP_D955CA97E44D,maize,MND_9AC86A6D5AEC,0.982,True,agri_envelope_ring_v1,20260903,v0.1
FRM_D5CBEF66EB5C,LOC_41A5592A1637,Mahendragarh,HR,28.359104,76.224045,1.58,CRP_E91C254AD588,potato,CRP_C7952894B2A5,moong,MND_50FC19D7AEC4,0.511,True,agri_envelope_ring_v1,20260903,v0.1
FRM_452A9BE4282A,LOC_338FF998CEF1,Amritsar,PB,31.61348,75.104028,1.71,CRP_B2E55E456CF4,sugarcane,,,MND_46CD786BC585,1.329,True,agri_envelope_ring_v1,20260903,v0.1
FRM_4145BEF5D69A,LOC_FA337FD6164D,Baghpat,UP,28.874003,77.208019,0.47,CRP_288971671685,onion,CRP_352B5B6699D8,mustard,MND_538E435A4360,0.061,True,agri_envelope_ring_v1,20260903,v0.1
FRM_96E4893DFB38,LOC_A0012B4C7A98,Shahjahanpur,UP,27.806787,80.015494,0.42,CRP_5ED728C2FA5D,tomato,,,MND_F0BDDB3CC08D,0.468,True,agri_envelope_ring_v1,20260903,v0.1
FRM_EE2AB15A4D94,LOC_77E494A02B31,Sambhal,UP,28.35945,78.519843,1.37,CRP_CAA75103C53B,gram,CRP_E91C254AD588,potato,MND_B8828956892C,0.986,True,agri_envelope_ring_v1,20260903,v0.1
FRM_D4A84EB8F98D,LOC_D6D7122BFBF6,Barnala,PB,30.409399,75.535162,6.49,CRP_352B5B6699D8,mustard,CRP_2554D1918FBC,paddy,MND_DEA1CD5F415B,1.572,True,agri_envelope_ring_v1,20260903,v0.1
FRM_BED5280CD12D,LOC_2BA070BCC084,Faridabad,HR,28.401268,77.374272,1.37,CRP_BF35A2D3261F,cauliflower,,,MND_96A0566277F9,1.169,True,agri_envelope_ring_v1,20260903,v0.1
FRM_BA6BF9558F62,LOC_284F3431EE39,Firozabad,UP,27.241285,78.354863,1.49,CRP_DE6C334339AC,wheat,,,MND_1BD2DF2540D5,1.844,True,agri_envelope_ring_v1,20260903,v0.1
FRM_573305346052,LOC_79461DFF0240,Amroha,UP,28.92459,78.323713,3.41,CRP_E91C254AD588,potato,,,MND_B8828956892C,0.738,True,agri_envelope_ring_v1,20260903,v0.1
FRM_5C9D8E5EF4C3,LOC_E5F47B021290,Hapur,UP,28.606711,77.879927,0.52,CRP_C7952894B2A5,moong,CRP_352B5B6699D8,mustard,MND_96D277426B8A,0.514,True,agri_envelope_ring_v1,20260903,v0.1
FRM_95B59D4E9C2E,LOC_61BC5E63C653,Karnal,HR,29.445095,77.105252,0.61,CRP_288971671685,onion,,,MND_283ED6EAAB84,0.252,True,agri_envelope_ring_v1,20260903,v0.1
FRM_3F54D9B699AF,LOC_BD39961018D9,Kaithal,HR,29.715539,76.512217,1.01,CRP_B2E55E456CF4,sugarcane,CRP_C7952894B2A5,moong,MND_7491C25B20FE,1.415,True,agri_envelope_ring_v1,20260903,v0.1
FRM_9A4F4023947E,LOC_9A17E769B2DD,Firozabad,UP,27.052828,78.271232,3.93,CRP_5ED728C2FA5D,tomato,CRP_D7A9EAD0B15C,barley,MND_316B3A33D09D,0.324,True,agri_envelope_ring_v1,20260903,v0.1
FRM_DDEBDE109739,LOC_0DF1A0EE6B5E,Jhajjar,HR,28.441602,76.819954,8.44,CRP_BF35A2D3261F,cauliflower,CRP_B2E55E456CF4,sugarcane,MND_50FC19D7AEC4,1.219,True,agri_envelope_ring_v1,20260903,v0.1
FRM_A12C582B6808,LOC_E67CDEDEFC90,Fatehgarh Sahib,PB,30.647365,76.599778,0.77,CRP_D7A9EAD0B15C,barley,,,MND_D3D37BB2E2D7,1.681,True,agri_envelope_ring_v1,20260903,v0.1
FRM_0C3D9DE9419A,LOC_EE114235BDA0,Agra,UP,27.291256,77.951071,0.57,CRP_2554D1918FBC,paddy,,,MND_316B3A33D09D,0.303,True,agri_envelope_ring_v1,20260903,v0.1
FRM_31C7051D1ACD,LOC_D8965FCF0AE5,Budaun,UP,28.060694,79.096922,9.6,CRP_7CC27C59C145,urad,CRP_DE6C334339AC,wheat,MND_9AC86A6D5AEC,0.204,True,agri_envelope_ring_v1,20260903,v0.1
FRM_0BA147F1E5C0,LOC_D5DB68239382,Jalandhar,PB,31.321152,75.507362,1.25,CRP_8F398886C326,sunflower,CRP_C7952894B2A5,moong,MND_46CD786BC585,0.446,True,agri_envelope_ring_v1,20260903,v0.1
FRM_E8FC3796BFD5,LOC_A2C24DA14D7E,Sonipat,HR,28.99175,76.942733,0.96,CRP_E91C254AD588,potato,,,MND_538E435A4360,0.614,True,agri_envelope_ring_v1,20260903,v0.1
FRM_AB7DAAE99175,LOC_AF9F50EF2ABB,Mathura,UP,27.589351,77.496379,1.07,CRP_D955CA97E44D,maize,CRP_4DDD4816119A,arhar,MND_5B5C6B926181,0.419,True,agri_envelope_ring_v1,20260903,v0.1
FRM_C024BACAC099,LOC_0F61DD691102,Bijnor,UP,29.322363,77.978154,2.54,CRP_352B5B6699D8,mustard,CRP_DE6C334339AC,wheat,MND_05333875B51A,0.581,True,agri_envelope_ring_v1,20260903,v0.1
FRM_8C84757FD762,LOC_673B87FC91BD,Ferozepur,PB,30.932514,74.867177,1.23,CRP_CAA75103C53B,gram,CRP_2554D1918FBC,paddy,MND_FE8D567E9001,1.637,True,agri_envelope_ring_v1,20260903,v0.1
FRM_3D196B18B295,LOC_A12DDC8D109E,Patiala,PB,30.183824,76.503999,3.03,CRP_2554D1918FBC,paddy,CRP_B2E55E456CF4,sugarcane,MND_9AE87167EF0F,0.198,True,agri_envelope_ring_v1,20260903,v0.1
FRM_452A6267309E,LOC_7E9C973CE0B6,Faridkot,PB,30.519022,74.687578,2.8,CRP_DE6C334339AC,wheat,CRP_2554D1918FBC,paddy,MND_AE02C36E7ACD,0.249,True,agri_envelope_ring_v1,20260903,v0.1
FRM_2C1428C59075,LOC_E2017A42C14A,Shamli,UP,29.361291,77.377642,4.73,CRP_DE6C334339AC,wheat,CRP_28F945D9AC9C,bajra,MND_C163C6E4A832,0.161,True,agri_envelope_ring_v1,20260903,v0.1
FRM_9008024B98BD,LOC_020D99834E76,Etawah,UP,26.842888,79.048283,0.55,CRP_5ED728C2FA5D,tomato,CRP_DE6C334339AC,wheat,MND_316B3A33D09D,0.059,True,agri_envelope_ring_v1,20260903,v0.1
FRM_3D5B5E0B096B,LOC_CAC69A81ABC6,Palwal,HR,28.239079,77.126184,5.8,CRP_D7A9EAD0B15C,barley,,,MND_BBFD6D659730,1.038,True,agri_envelope_ring_v1,20260903,v0.1
FRM_4156FB0CFF1E,LOC_2315B843B621,Moga,PB,30.795317,75.291704,1.27,CRP_C7952894B2A5,moong,,,MND_FE8D567E9001,1.306,True,agri_envelope_ring_v1,20260903,v0.1
FRM_CE07FB917009,LOC_8E40E8997824,Unnao,UP,26.599468,80.650081,0.44,CRP_2554D1918FBC,paddy,CRP_5ED728C2FA5D,tomato,MND_301551655568,1.397,True,agri_envelope_ring_v1,20260903,v0.1
FRM_12F8E66E17E6,LOC_EE3A6866C497,Muzaffarnagar,UP,29.597116,77.799573,1.15,CRP_DE6C334339AC,wheat,CRP_E91C254AD588,potato,MND_05333875B51A,1.729,True,agri_envelope_ring_v1,20260903,v0.1
FRM_9F9409E37360,LOC_284F3431EE39,Firozabad,UP,27.220239,78.362636,1.42,CRP_D955CA97E44D,maize,CRP_7CC27C59C145,urad,MND_316B3A33D09D,0.835,True,agri_envelope_ring_v1,20260903,v0.1
FRM_7A7C615163ED,LOC_9C16977B7987,Gorakhpur,UP,26.779675,83.524361,0.83,CRP_352B5B6699D8,mustard,CRP_DE6C334339AC,wheat,MND_362E0E09CB0D,1.323,True,agri_envelope_ring_v1,20260903,v0.1
FRM_97DA65D03B23,LOC_0DE408BCC749,Pilibhit,UP,28.630317,80.013917,3.23,CRP_DE6C334339AC,wheat,CRP_352B5B6699D8,mustard,MND_9AC86A6D5AEC,0.231,True,agri_envelope_ring_v1,20260903,v0.1
FRM_944A8067F3D9,LOC_97164D86F22A,Fazilka,PB,30.243091,73.953905,0.91,CRP_2554D1918FBC,paddy,CRP_CAA75103C53B,gram,MND_AE02C36E7ACD,1.136,True,agri_envelope_ring_v1,20260903,v0.1
FRM_852E7506AB03,LOC_02CB4F0C26DC,Ambala,HR,30.46902,76.863313,2.06,CRP_DE6C334339AC,wheat,CRP_8F398886C326,sunflower,MND_3F6468C86419,0.09,True,agri_envelope_ring_v1,20260903,v0.1
FRM_97E83982C055,LOC_85483EC6AE14,Aligarh,UP,27.791384,78.01251,0.46,CRP_DE6C334339AC,wheat,CRP_28F945D9AC9C,bajra,MND_1BD2DF2540D5,0.241,True,agri_envelope_ring_v1,20260903,v0.1
FRM_C81F491EC99F,LOC_AC6933B1EBA9,Moradabad,UP,28.841892,78.719232,0.54,CRP_C7952894B2A5,moong,CRP_CAA75103C53B,gram,MND_B8828956892C,1.661,True,agri_envelope_ring_v1,20260903,v0.1
FRM_AE2AAE6EBF8F,LOC_B84B1A054D5F,Kanpur Dehat,UP,26.289126,79.990872,3.12,CRP_DE6C334339AC,wheat,CRP_288971671685,onion,MND_301551655568,0.778,True,agri_envelope_ring_v1,20260903,v0.1
FRM_8EC00CAF5F93,LOC_BA7F347FAAAB,Prayagraj,UP,25.207669,81.645966,7.36,CRP_D7A9EAD0B15C,barley,,,MND_EE2349EB6FB3,0.412,True,agri_envelope_ring_v1,20260903,v0.1
FRM_B5F8D13BC6B5,LOC_20ADFEE93F40,Bulandshahr,UP,28.477585,77.961424,1.12,CRP_28F945D9AC9C,bajra,CRP_4DDD4816119A,arhar,MND_2E59AF542C18,0.908,True,agri_envelope_ring_v1,20260903,v0.1
FRM_7BC132507E01,LOC_24FE0E7C1080,Shamli,UP,29.419475,77.338066,0.46,CRP_4DDD4816119A,arhar,,,MND_C163C6E4A832,0.479,True,agri_envelope_ring_v1,20260903,v0.1
FRM_FFD380D5BA1D,LOC_FA66FF6DBAFC,Kapurthala,PB,31.26232,75.546234,2.19,CRP_5ED728C2FA5D,tomato,,,MND_46CD786BC585,0.629,True,agri_envelope_ring_v1,20260903,v0.1
FRM_A3D6363E04C9,LOC_2C82B5B457C3,Kanpur Dehat,UP,26.241914,80.015422,4.86,CRP_2554D1918FBC,paddy,CRP_CAA75103C53B,gram,MND_301551655568,0.697,True,agri_envelope_ring_v1,20260903,v0.1
FRM_9C7CD2B207C9,LOC_77366C2C3301,Amroha,UP,28.915459,78.335313,1.38,CRP_E91C254AD588,potato,CRP_DE6C334339AC,wheat,MND_596F86458307,0.735,True,agri_envelope_ring_v1,20260903,v0.1
FRM_B62CA5DC9F37,LOC_B1647DE3A112,Fatehgarh Sahib,PB,30.634478,76.490607,0.3,CRP_8F398886C326,sunflower,CRP_5ED728C2FA5D,tomato,MND_D3D37BB2E2D7,0.701,True,agri_envelope_ring_v1,20260903,v0.1
FRM_18DBAF318BB6,LOC_40AB09A0A6CA,Kurukshetra,HR,29.8016,76.93938,0.62,CRP_5ED728C2FA5D,tomato,CRP_8F398886C326,sunflower,MND_4ADE384C6981,0.216,True,agri_envelope_ring_v1,20260903,v0.1
FRM_B3B6D4B7994C,LOC_495A235C9171,Barnala,PB,30.374168,75.521897,5.78,CRP_5ED728C2FA5D,tomato,,,MND_DEA1CD5F415B,0.33,True,agri_envelope_ring_v1,20260903,v0.1
FRM_3E95EA25FCE8,LOC_662B5049A872,Charkhi Dadri,HR,28.749246,76.160135,2.59,CRP_D955CA97E44D,maize,CRP_352B5B6699D8,mustard,MND_F02880680127,0.813,True,agri_envelope_ring_v1,20260903,v0.1
FRM_64ECA14C99C8,LOC_72D7B4523383,Bulandshahr,UP,28.284218,77.723822,1.0,CRP_BF35A2D3261F,cauliflower,CRP_4DDD4816119A,arhar,MND_2E59AF542C18,0.895,True,agri_envelope_ring_v1,20260903,v0.1
FRM_B9B3C2FBC27E,LOC_0785443D11C5,Fatehgarh Sahib,PB,30.722484,76.262105,1.77,CRP_69E399851C84,cotton,CRP_C7952894B2A5,moong,MND_D400EAD28DB3,1.074,True,agri_envelope_ring_v1,20260903,v0.1
FRM_0DE633164972,LOC_A722D1CEE912,Bareilly,UP,28.40317,79.175068,0.67,CRP_C7952894B2A5,moong,,,MND_9AC86A6D5AEC,0.364,True,agri_envelope_ring_v1,20260903,v0.1
FRM_D655E72A5979,LOC_442F1B5F07DA,Fatehgarh Sahib,PB,30.627205,76.503505,1.16,CRP_D955CA97E44D,maize,CRP_69E399851C84,cotton,MND_9AE87167EF0F,0.838,True,agri_envelope_ring_v1,20260903,v0.1
FRM_F78CA5060D4D,LOC_ECA5236C065A,Nawanshahr,PB,30.963837,76.244871,0.6,CRP_B2E55E456CF4,sugarcane,,,MND_D400EAD28DB3,1.635,True,agri_envelope_ring_v1,20260903,v0.1
FRM_EA839ED441FC,LOC_BC67E3E509D3,Rupnagar,PB,30.90019,76.344676,2.17,CRP_2554D1918FBC,paddy,CRP_CAA75103C53B,gram,MND_D400EAD28DB3,1.126,True,agri_envelope_ring_v1,20260903,v0.1
FRM_0F5FBBEAF247,LOC_1093FE201E50,Malerkotla,PB,30.553388,75.862715,1.73,CRP_2554D1918FBC,paddy,CRP_B2E55E456CF4,sugarcane,MND_DEA1CD5F415B,0.802,True,agri_envelope_ring_v1,20260903,v0.1
FRM_732BB0692C9B,LOC_626A2FCCCA32,Karnal,HR,29.782015,77.269781,3.32,CRP_288971671685,onion,,,MND_4ADE384C6981,0.393,True,agri_envelope_ring_v1,20260903,v0.1
FRM_CD9B9A820FFE,LOC_7F990C6BE303,Malerkotla,PB,30.555018,75.857875,0.99,CRP_C7952894B2A5,moong,,,MND_DEA1CD5F415B,0.218,True,agri_envelope_ring_v1,20260903,v0.1
FRM_3D0DFA3C6E10,LOC_15024FF9BCD2,Hathras,UP,27.521475,78.124562,0.97,CRP_7CC27C59C145,urad,CRP_DE6C334339AC,wheat,MND_316B3A33D09D,0.402,True,agri_envelope_ring_v1,20260903,v0.1
FRM_06AD94669E8A,LOC_A68D38711421,Hisar,HR,28.929687,75.495004,0.58,CRP_69E399851C84,cotton,CRP_B2E55E456CF4,sugarcane,MND_CB2E88CD3113,0.13,True,agri_envelope_ring_v1,20260903,v0.1
FRM_2523A7C615FB,LOC_AC6933B1EBA9,Moradabad,UP,28.848588,78.687039,2.85,CRP_28F945D9AC9C,bajra,CRP_352B5B6699D8,mustard,MND_2E59AF542C18,0.53,True,agri_envelope_ring_v1,20260903,v0.1
FRM_932706BFBB98,LOC_1E96754F1B7E,Fazilka,PB,30.148459,74.005439,0.88,CRP_D7A9EAD0B15C,barley,,,MND_BA2F125FAB06,1.023,True,agri_envelope_ring_v1,20260903,v0.1
FRM_B76803B7FA12,LOC_B93ABC1A7A1E,Moga,PB,30.726229,75.261183,1.05,CRP_8F398886C326,sunflower,,,MND_FE8D567E9001,1.233,True,agri_envelope_ring_v1,20260903,v0.1
FRM_D25444D3AAC0,LOC_6C521F4FBD4B,Karnal,HR,29.872076,77.011316,1.03,CRP_D955CA97E44D,maize,CRP_E2253B73169D,guar,MND_4ADE384C6981,0.558,True,agri_envelope_ring_v1,20260903,v0.1
FRM_87FCEB9E3A6A,LOC_D4870915FB3D,Tarn Taran,PB,31.52297,75.109528,1.05,CRP_352B5B6699D8,mustard,CRP_B2E55E456CF4,sugarcane,MND_E2F2E16B54CD,0.854,True,agri_envelope_ring_v1,20260903,v0.1
FRM_17DBFFB86A86,LOC_01A7F878FCE7,Muzaffarnagar,UP,29.521659,77.913959,2.33,CRP_D955CA97E44D,maize,CRP_D7A9EAD0B15C,barley,MND_05333875B51A,1.867,True,agri_envelope_ring_v1,20260903,v0.1
FRM_0E2932E1373D,LOC_F00125729EE1,Bareilly,UP,28.416711,79.264553,1.05,CRP_D7A9EAD0B15C,barley,CRP_2554D1918FBC,paddy,MND_9AC86A6D5AEC,0.31,True,agri_envelope_ring_v1,20260903,v0.1
FRM_27EA72E94F2C,LOC_A2B988052009,Bulandshahr,UP,28.492328,77.98937,4.55,CRP_288971671685,onion,CRP_4DDD4816119A,arhar,MND_2E59AF542C18,0.217,True,agri_envelope_ring_v1,20260903,v0.1
FRM_866D1A828867,LOC_219E679837EE,Pilibhit,UP,28.795584,79.654443,1.49,CRP_352B5B6699D8,mustard,,,MND_B8828956892C,0.377,True,agri_envelope_ring_v1,20260903,v0.1
FRM_A9D0FA222A40,LOC_21E0A74FFA69,Barnala,PB,30.36756,75.442686,1.72,CRP_352B5B6699D8,mustard,,,MND_DEA1CD5F415B,0.476,True,agri_envelope_ring_v1,20260903,v0.1
FRM_A4AC95BEF5D7,LOC_6EBB9B41D3F0,Kurukshetra,HR,29.977259,77.05024,0.46,CRP_D955CA97E44D,maize,CRP_E91C254AD588,potato,MND_4ADE384C6981,0.913,True,agri_envelope_ring_v1,20260903,v0.1
FRM_9F588CE2AF19,LOC_40EEDC7A414C,Pilibhit,UP,28.596997,80.040394,2.68,CRP_288971671685,onion,CRP_E91C254AD588,potato,MND_954F0551D2D8,0.07,True,agri_envelope_ring_v1,20260903,v0.1
FRM_1B7B1CD9FD90,LOC_4FFB2A230E4A,Fatehabad,HR,29.60985,75.658476,2.28,CRP_2554D1918FBC,paddy,CRP_7CC27C59C145,urad,MND_4427C76F4F6F,1.045,True,agri_envelope_ring_v1,20260903,v0.1
FRM_4E7130BAAC47,LOC_6653E17168C4,Bhiwani,HR,28.619269,76.099821,1.98,CRP_BF35A2D3261F,cauliflower,,,MND_F02880680127,0.621,True,agri_envelope_ring_v1,20260903,v0.1
FRM_35590E6C2DF6,LOC_418B7AAEE0F9,Amritsar,PB,31.575087,74.844422,1.14,CRP_69E399851C84,cotton,CRP_D7A9EAD0B15C,barley,MND_E2F2E16B54CD,0.603,True,agri_envelope_ring_v1,20260903,v0.1
FRM_42DE83D8744A,LOC_83B4A7E1FABD,Unnao,UP,26.370624,80.652804,0.57,CRP_28F945D9AC9C,bajra,,,MND_301551655568,1.502,True,agri_envelope_ring_v1,20260903,v0.1
FRM_0BB8B34FC4B8,LOC_16A55E091EF0,Patiala,PB,30.462149,76.41366,1.08,CRP_69E399851C84,cotton,CRP_8F398886C326,sunflower,MND_9AE87167EF0F,0.229,True,agri_envelope_ring_v1,20260903,v0.1
FRM_495984F5837D,LOC_4042CD86715C,Panipat,HR,29.301667,76.83021,1.21,CRP_5ED728C2FA5D,tomato,CRP_352B5B6699D8,mustard,MND_283ED6EAAB84,1.494,True,agri_envelope_ring_v1,20260903,v0.1
FRM_99617DCBCE84,LOC_1AF5327CB11F,Sambhal,UP,28.609885,78.638224,0.76,CRP_B2E55E456CF4,sugarcane,,,MND_B8828956892C,0.107,True,agri_envelope_ring_v1,20260903,v0.1
FRM_85A4E95A4AAE,LOC_EAEBBDC2E7E0,Hisar,HR,29.225128,75.568021,3.24,CRP_CAA75103C53B,gram,CRP_8F398886C326,sunflower,MND_CB2E88CD3113,1.184,True,agri_envelope_ring_v1,20260903,v0.1
FRM_24D7DA56EDBC,LOC_5C6E093BA2F7,Rupnagar,PB,30.927936,76.42706,1.09,CRP_8F398886C326,sunflower,CRP_E91C254AD588,potato,MND_DA6DF57ACFEE,0.479,True,agri_envelope_ring_v1,20260903,v0.1
FRM_067732925257,LOC_53642205B0E8,Rohtak,HR,28.849529,76.452507,3.65,CRP_DE6C334339AC,wheat,CRP_D955CA97E44D,maize,MND_372DA5A01CDA,0.556,True,agri_envelope_ring_v1,20260903,v0.1
FRM_026E33851E67,LOC_512D3D5FDED1,Pathankot,PB,32.113437,75.576314,0.9,CRP_5ED728C2FA5D,tomato,CRP_8F398886C326,sunflower,MND_46CD786BC585,0.093,True,agri_envelope_ring_v1,20260903,v0.1
FRM_EB9E8EEEAF59,LOC_CB66245203A1,Saharanpur,UP,29.880219,77.7683,1.5,CRP_2554D1918FBC,paddy,,,MND_D5BFCB18509B,0.795,True,agri_envelope_ring_v1,20260903,v0.1
FRM_F2947BAA0B45,LOC_E8F4B3A165CE,Faridkot,PB,30.47567,74.70008,0.88,CRP_D955CA97E44D,maize,CRP_2554D1918FBC,paddy,MND_AE02C36E7ACD,0.991,True,agri_envelope_ring_v1,20260903,v0.1
FRM_8D27CF06AE7B,LOC_5913A06E0734,Ludhiana,PB,31.106345,75.768643,2.45,CRP_B2E55E456CF4,sugarcane,CRP_E91C254AD588,potato,MND_DA6DF57ACFEE,0.695,True,agri_envelope_ring_v1,20260903,v0.1
FRM_05A208267362,LOC_92C350796269,Fatehabad,HR,29.518681,75.708299,2.47,CRP_2554D1918FBC,paddy,CRP_5ED728C2FA5D,tomato,MND_CB2E88CD3113,1.457,True,agri_envelope_ring_v1,20260903,v0.1
FRM_C14046472397,LOC_2A8DB111602C,Mainpuri,UP,27.275872,79.243363,1.35,CRP_4DDD4816119A,arhar,CRP_DE6C334339AC,wheat,MND_9AC86A6D5AEC,1.127,True,agri_envelope_ring_v1,20260903,v0.1
FRM_57EA8E56B75C,LOC_4C6786010384,Sambhal,UP,28.702431,78.637156,0.84,CRP_B2E55E456CF4,sugarcane,CRP_E91C254AD588,potato,MND_B8828956892C,0.582,True,agri_envelope_ring_v1,20260903,v0.1
FRM_BEA767811DDF,LOC_DD2EB91335D1,Sirsa,HR,29.748064,74.881639,1.11,CRP_69E399851C84,cotton,CRP_C7952894B2A5,moong,MND_5C10FF171343,0.635,True,agri_envelope_ring_v1,20260903,v0.1
FRM_89815AFEEF4E,LOC_2885F3CFFE81,Etah,UP,27.4724,78.710648,3.46,CRP_DE6C334339AC,wheat,CRP_BF35A2D3261F,cauliflower,MND_5B5C6B926181,1.546,True,agri_envelope_ring_v1,20260903,v0.1
FRM_559BAF3872BE,LOC_E436575AC59E,Moradabad,UP,28.795802,78.672783,2.15,CRP_4DDD4816119A,arhar,,,MND_B8828956892C,1.428,True,agri_envelope_ring_v1,20260903,v0.1
FRM_2797A6DF5A12,LOC_B9B5F9B68896,Karnal,HR,29.839463,77.279427,0.3,CRP_E91C254AD588,potato,CRP_352B5B6699D8,mustard,MND_4ADE384C6981,1.661,True,agri_envelope_ring_v1,20260903,v0.1
FRM_6F38E3579DF6,LOC_20B6E71B2D86,Moradabad,UP,28.750933,78.770828,1.47,CRP_352B5B6699D8,mustard,CRP_B2E55E456CF4,sugarcane,MND_B8828956892C,0.562,True,agri_envelope_ring_v1,20260903,v0.1
FRM_A122A83F38C3,LOC_D057C020B2D2,Baghpat,UP,28.902409,77.425282,2.02,CRP_352B5B6699D8,mustard,,,MND_4217655002FF,1.072,True,agri_envelope_ring_v1,20260903,v0.1
FRM_705F1E994446,LOC_617B73983AE6,Prayagraj,UP,25.320767,81.924253,1.1,CRP_BF35A2D3261F,cauliflower,CRP_7CC27C59C145,urad,MND_362E0E09CB0D,1.034,True,agri_envelope_ring_v1,20260903,v0.1
FRM_CF360C7A532F,LOC_B5B55259ED5A,Saharanpur,UP,29.808571,77.833513,2.59,CRP_D7A9EAD0B15C,barley,CRP_288971671685,onion,MND_C163C6E4A832,1.082,True,agri_envelope_ring_v1,20260903,v0.1
FRM_12EB948DA6C0,LOC_E3C65AFE4C82,Hapur,UP,28.742383,77.65407,2.61,CRP_7CC27C59C145,urad,CRP_CAA75103C53B,gram,MND_96D277426B8A,1.842,True,agri_envelope_ring_v1,20260903,v0.1
FRM_875E6687AA02,LOC_0C9E1A3B3D06,Mansa,PB,29.985865,75.274339,1.29,CRP_B2E55E456CF4,sugarcane,CRP_D7A9EAD0B15C,barley,MND_BA2F125FAB06,0.639,True,agri_envelope_ring_v1,20260903,v0.1
FRM_326638D17E70,LOC_F8B8EA8FE391,Fazilka,PB,30.266546,73.980309,1.76,CRP_352B5B6699D8,mustard,,,MND_AE02C36E7ACD,1.827,True,agri_envelope_ring_v1,20260903,v0.1
FRM_CD6E0969354B,LOC_B8ACEF59B8E6,Muktsar,PB,30.567593,74.713749,0.31,CRP_DE6C334339AC,wheat,CRP_69E399851C84,cotton,MND_DEA1CD5F415B,0.598,True,agri_envelope_ring_v1,20260903,v0.1
FRM_C0D98B92ADA6,LOC_2619ECE24DD1,Charkhi Dadri,HR,28.741317,76.18254,0.95,CRP_CAA75103C53B,gram,,,MND_F02880680127,0.265,True,agri_envelope_ring_v1,20260903,v0.1
FRM_BA216188BC2D,LOC_2DFA72C48C75,Bathinda,PB,30.22954,74.795523,2.51,CRP_E91C254AD588,potato,CRP_D7A9EAD0B15C,barley,MND_AE02C36E7ACD,1.07,True,agri_envelope_ring_v1,20260903,v0.1
FRM_08F4198FC85A,LOC_4B9EEE500C14,Tarn Taran,PB,31.533426,75.081212,3.64,CRP_D955CA97E44D,maize,,,MND_E2F2E16B54CD,1.753,True,agri_envelope_ring_v1,20260903,v0.1
FRM_4541343C7585,LOC_2A481B5538E2,Palwal,HR,28.053788,77.447831,2.27,CRP_2554D1918FBC,paddy,CRP_C7952894B2A5,moong,MND_BBFD6D659730,1.001,True,agri_envelope_ring_v1,20260903,v0.1
FRM_34BD7E01F887,LOC_72D7B4523383,Bulandshahr,UP,28.28351,77.698992,1.27,CRP_7CC27C59C145,urad,,,MND_4217655002FF,0.843,True,agri_envelope_ring_v1,20260903,v0.1
FRM_0C4075F703AA,LOC_74A4E8ADE918,Ludhiana,PB,31.049921,75.748194,1.04,CRP_D7A9EAD0B15C,barley,,,MND_DA6DF57ACFEE,0.471,True,agri_envelope_ring_v1,20260903,v0.1
FRM_D2F3789495B7,LOC_4C5AFEE0A4EA,Kanpur Dehat,UP,26.344365,79.726056,1.12,CRP_D955CA97E44D,maize,CRP_288971671685,onion,MND_301551655568,0.925,True,agri_envelope_ring_v1,20260903,v0.1
FRM_63D117FCEC8D,LOC_6B46F37BBC23,Jhajjar,HR,28.524994,76.788729,0.8,CRP_8F398886C326,sunflower,CRP_2554D1918FBC,paddy,MND_50FC19D7AEC4,0.887,True,agri_envelope_ring_v1,20260903,v0.1
FRM_1772A8AC1B82,LOC_E2017A42C14A,Shamli,UP,29.356625,77.390775,2.71,CRP_28F945D9AC9C,bajra,CRP_CAA75103C53B,gram,MND_C163C6E4A832,1.167,True,agri_envelope_ring_v1,20260903,v0.1
FRM_1AA75341A992,LOC_6F124F42499B,Pathankot,PB,32.414443,75.711845,1.92,CRP_E91C254AD588,potato,,,MND_46CD786BC585,2.366,True,agri_envelope_ring_v1,20260903,v0.1
FRM_34BA0EE37488,LOC_40AB09A0A6CA,Kurukshetra,HR,29.848311,76.936735,3.38,CRP_5ED728C2FA5D,tomato,CRP_E91C254AD588,potato,MND_283ED6EAAB84,0.673,True,agri_envelope_ring_v1,20260903,v0.1
FRM_158294F6CDEE,LOC_D6F4489A1C80,Bijnor,UP,29.226302,78.373277,1.82,CRP_352B5B6699D8,mustard,CRP_5ED728C2FA5D,tomato,MND_B8828956892C,1.437,True,agri_envelope_ring_v1,20260903,v0.1
FRM_C1B48588F162,LOC_ECF0ED0FF359,Nuh,HR,27.94947,76.968338,2.26,CRP_5ED728C2FA5D,tomato,,,MND_BBFD6D659730,0.494,True,agri_envelope_ring_v1,20260903,v0.1
FRM_68526836576C,LOC_59355B66BAA9,Bulandshahr,UP,28.517207,77.847011,2.4,CRP_352B5B6699D8,mustard,CRP_28F945D9AC9C,bajra,MND_2E59AF542C18,1.499,True,agri_envelope_ring_v1,20260903,v0.1
FRM_2C045838D503,LOC_5336E29536B8,Karnal,HR,29.808647,77.117124,2.55,CRP_E91C254AD588,potato,CRP_E2253B73169D,guar,MND_C163C6E4A832,0.104,True,agri_envelope_ring_v1,20260903,v0.1
FRM_DA84FA5DE622,LOC_D0B2FC1E0BA6,Tarn Taran,PB,31.543836,74.843588,4.94,CRP_2554D1918FBC,paddy,CRP_69E399851C84,cotton,MND_E2F2E16B54CD,0.976,True,agri_envelope_ring_v1,20260903,v0.1
FRM_1F77038F0E18,LOC_BFF4464E7439,Hoshiarpur,PB,31.569372,75.742382,0.43,CRP_D7A9EAD0B15C,barley,,,MND_46CD786BC585,0.461,True,agri_envelope_ring_v1,20260903,v0.1
FRM_E5F2F11DA82D,LOC_095093F0F49A,Nuh,HR,27.917876,77.025632,1.0,CRP_288971671685,onion,CRP_E91C254AD588,potato,MND_3F94E23EB0A5,1.017,True,agri_envelope_ring_v1,20260903,v0.1
FRM_B7D1C5F73C2C,LOC_12E997A51260,Budaun,UP,27.969622,79.154449,1.42,CRP_4DDD4816119A,arhar,,,MND_9AC86A6D5AEC,0.302,True,agri_envelope_ring_v1,20260903,v0.1
FRM_7AC83D30888B,LOC_D85E261A0101,Hoshiarpur,PB,31.430117,75.807283,0.98,CRP_B2E55E456CF4,sugarcane,,,MND_46CD786BC585,1.444,True,agri_envelope_ring_v1,20260903,v0.1
FRM_8486EE830493,LOC_6452B3A5A282,Saharanpur,UP,29.93575,77.786575,1.0,CRP_5ED728C2FA5D,tomato,,,MND_D5BFCB18509B,1.07,True,agri_envelope_ring_v1,20260903,v0.1
FRM_C1166018F363,LOC_E153757816AF,Nuh,HR,28.09457,76.892293,1.22,CRP_CAA75103C53B,gram,CRP_C7952894B2A5,moong,MND_3F94E23EB0A5,1.046,True,agri_envelope_ring_v1,20260903,v0.1
FRM_CEF950B4A50D,LOC_E409A6F09EB2,Varanasi,UP,25.322232,83.045575,2.36,CRP_B2E55E456CF4,sugarcane,CRP_4DDD4816119A,arhar,MND_EE2349EB6FB3,1.335,True,agri_envelope_ring_v1,20260903,v0.1
FRM_F5A3FD75F2A5,LOC_98EDE22CECC7,Hisar,HR,29.044769,75.952454,1.09,CRP_8F398886C326,sunflower,CRP_B2E55E456CF4,sugarcane,MND_CB2E88CD3113,1.668,True,agri_envelope_ring_v1,20260903,v0.1
FRM_82E2C93D94C1,LOC_8C6120E556CD,Sirsa,HR,29.800356,74.888758,1.86,CRP_D955CA97E44D,maize,,,MND_5C10FF171343,0.495,True,agri_envelope_ring_v1,20260903,v0.1
FRM_E532358316BD,LOC_48E36ACEE1FB,Bulandshahr,UP,28.324277,77.692372,2.48,CRP_4DDD4816119A,arhar,CRP_D7A9EAD0B15C,barley,MND_2E59AF542C18,0.79,True,agri_envelope_ring_v1,20260903,v0.1
FRM_D70A9B9749D7,LOC_F9BFC7F8D829,Etah,UP,27.517654,78.616815,0.48,CRP_D955CA97E44D,maize,CRP_352B5B6699D8,mustard,MND_1BD2DF2540D5,0.813,True,agri_envelope_ring_v1,20260903,v0.1
FRM_5BC3CA2E4C2D,LOC_378B9AEE096D,Muktsar,PB,30.610637,74.626167,1.3,CRP_8F398886C326,sunflower,,,MND_AE02C36E7ACD,0.885,True,agri_envelope_ring_v1,20260903,v0.1
FRM_CFB0A0D22E91,LOC_FB02B6D63A44,Bulandshahr,UP,28.474944,77.954517,1.35,CRP_4DDD4816119A,arhar,CRP_2554D1918FBC,paddy,MND_2E59AF542C18,1.265,True,agri_envelope_ring_v1,20260903,v0.1
FRM_34415AF0DE9C,LOC_CC90C0AC50D7,Prayagraj,UP,25.502107,81.748037,1.37,CRP_7CC27C59C145,urad,CRP_E91C254AD588,potato,MND_EE2349EB6FB3,0.641,True,agri_envelope_ring_v1,20260903,v0.1
FRM_0D71796FA1DF,LOC_986C1150FF7F,Muzaffarnagar,UP,29.630882,77.821579,0.8,CRP_CAA75103C53B,gram,,,MND_D5BFCB18509B,0.985,True,agri_envelope_ring_v1,20260903,v0.1
FRM_BCF90137F437,LOC_6F57A4C6E834,Agra,UP,27.002114,78.291417,6.09,CRP_E91C254AD588,potato,,,MND_316B3A33D09D,0.205,True,agri_envelope_ring_v1,20260903,v0.1
FRM_A3534DA1CEDD,LOC_A4FBDD16AFEE,Prayagraj,UP,25.440566,81.725788,2.74,CRP_5ED728C2FA5D,tomato,,,MND_EE2349EB6FB3,0.776,True,agri_envelope_ring_v1,20260903,v0.1
FRM_5522FB8BC4DE,LOC_AC92D38E7D4C,Moradabad,UP,28.781888,78.636599,0.36,CRP_B2E55E456CF4,sugarcane,CRP_28F945D9AC9C,bajra,MND_B8828956892C,0.441,True,agri_envelope_ring_v1,20260903,v0.1
FRM_E7B63356803D,LOC_444CEEF919F0,Pilibhit,UP,28.639666,80.048929,1.85,CRP_DE6C334339AC,wheat,CRP_28F945D9AC9C,bajra,MND_9AC86A6D5AEC,0.067,True,agri_envelope_ring_v1,20260903,v0.1
FRM_3B1E34E40AFE,LOC_D53251593698,Hathras,UP,27.467336,78.13008,2.33,CRP_28F945D9AC9C,bajra,CRP_D7A9EAD0B15C,barley,MND_316B3A33D09D,1.15,True,agri_envelope_ring_v1,20260903,v0.1
FRM_F5EA016190F7,LOC_2E49D32A835A,Patiala,PB,30.118274,76.267266,1.07,CRP_D955CA97E44D,maize,CRP_352B5B6699D8,mustard,MND_9AE87167EF0F,1.046,True,agri_envelope_ring_v1,20260903,v0.1
FRM_DD095525B64F,LOC_47D237269064,Budaun,UP,28.10017,79.179345,1.23,CRP_7CC27C59C145,urad,,,MND_B8828956892C,0.982,True,agri_envelope_ring_v1,20260903,v0.1
FRM_09DCF43FAAA7,LOC_EC24FEBEB2FC,Bhiwani,HR,28.696685,76.213854,1.8,CRP_B2E55E456CF4,sugarcane,,,MND_F02880680127,0.786,True,agri_envelope_ring_v1,20260903,v0.1
FRM_116EDD26A2C5,LOC_21E3435ED943,Mahendragarh,HR,28.274626,75.96583,3.74,CRP_28F945D9AC9C,bajra,CRP_DE6C334339AC,wheat,MND_F02880680127,1.774,True,agri_envelope_ring_v1,20260903,v0.1
FRM_A1809DE43B25,LOC_E028EBFED81C,Etawah,UP,27.017007,79.186789,2.43,CRP_B2E55E456CF4,sugarcane,CRP_C7952894B2A5,moong,MND_316B3A33D09D,1.2,True,agri_envelope_ring_v1,20260903,v0.1
FRM_35DC3FF676DF,LOC_C532B3716854,Etawah,UP,26.939521,79.139369,2.54,CRP_352B5B6699D8,mustard,,,MND_316B3A33D09D,2.073,True,agri_envelope_ring_v1,20260903,v0.1
FRM_F27101653059,LOC_91B299E041FA,Rohtak,HR,28.780777,76.678076,2.22,CRP_5ED728C2FA5D,tomato,CRP_E91C254AD588,potato,MND_372DA5A01CDA,0.674,True,agri_envelope_ring_v1,20260903,v0.1
FRM_2AC7BDD37367,LOC_768889698760,Fatehabad,HR,29.301504,75.582094,1.02,CRP_CAA75103C53B,gram,CRP_2554D1918FBC,paddy,MND_CB2E88CD3113,0.86,True,agri_envelope_ring_v1,20260903,v0.1
FRM_DE0249164F28,LOC_87340AB22C11,Meerut,UP,29.040597,77.940666,2.34,CRP_DE6C334339AC,wheat,,,MND_596F86458307,1.326,True,agri_envelope_ring_v1,20260903,v0.1
FRM_5BD2DBD7C1F6,LOC_4A71CB707B27,Bulandshahr,UP,28.329064,77.622782,1.03,CRP_5ED728C2FA5D,tomato,,,MND_2E59AF542C18,0.968,True,agri_envelope_ring_v1,20260903,v0.1
FRM_0567329A7FD2,LOC_8DB5F2A4BCCA,Unnao,UP,26.470027,80.584026,0.37,CRP_28F945D9AC9C,bajra,,,MND_301551655568,0.628,True,agri_envelope_ring_v1,20260903,v0.1
FRM_24E3DBFCBBE7,LOC_1470BE7F135A,Nawanshahr,PB,30.951701,76.281253,0.89,CRP_5ED728C2FA5D,tomato,CRP_2554D1918FBC,paddy,MND_D400EAD28DB3,1.121,True,agri_envelope_ring_v1,20260903,v0.1
FRM_896AEFEAA6F7,LOC_66D4CC9C6055,Nawanshahr,PB,31.212598,75.958032,1.44,CRP_D7A9EAD0B15C,barley,CRP_352B5B6699D8,mustard,MND_D400EAD28DB3,1.421,True,agri_envelope_ring_v1,20260903,v0.1
FRM_A28038C8B07E,LOC_F268A161941B,Shamli,UP,29.420957,77.333279,1.18,CRP_352B5B6699D8,mustard,CRP_B2E55E456CF4,sugarcane,MND_C163C6E4A832,2.749,True,agri_envelope_ring_v1,20260903,v0.1
FRM_2C8172B42B8C,LOC_5913A06E0734,Ludhiana,PB,31.124143,75.725272,1.58,CRP_352B5B6699D8,mustard,CRP_E91C254AD588,potato,MND_46CD786BC585,0.06,True,agri_envelope_ring_v1,20260903,v0.1
FRM_FC978EB848FA,LOC_330D543C284A,Barnala,PB,30.315605,75.524422,1.74,CRP_E91C254AD588,potato,,,MND_DEA1CD5F415B,0.136,True,agri_envelope_ring_v1,20260903,v0.1
FRM_CBBAF0954630,LOC_8DB5F2A4BCCA,Unnao,UP,26.494817,80.583337,3.44,CRP_2554D1918FBC,paddy,,,MND_9AC86A6D5AEC,0.612,True,agri_envelope_ring_v1,20260903,v0.1
FRM_83DFD0451D13,LOC_95BC5D80C9F7,Hardoi,UP,27.477239,80.198057,0.3,CRP_BF35A2D3261F,cauliflower,,,MND_954F0551D2D8,0.89,True,agri_envelope_ring_v1,20260903,v0.1
FRM_1022447C017B,LOC_A9F527917096,Shahjahanpur,UP,27.780488,80.028188,0.64,CRP_DE6C334339AC,wheat,,,MND_954F0551D2D8,1.083,True,agri_envelope_ring_v1,20260903,v0.1
FRM_8F1519C7183A,LOC_528933135E52,Tarn Taran,PB,31.47666,75.213544,0.83,CRP_352B5B6699D8,mustard,,,MND_E2F2E16B54CD,0.131,True,agri_envelope_ring_v1,20260903,v0.1
FRM_0EC1566CC10F,LOC_152959E196FC,Gorakhpur,UP,26.944242,83.369315,0.73,CRP_2554D1918FBC,paddy,CRP_E91C254AD588,potato,MND_362E0E09CB0D,0.12,True,agri_envelope_ring_v1,20260903,v0.1
FRM_EE930AF0F64B,LOC_0A21A03ED0BB,Hardoi,UP,27.13754,80.083788,3.38,CRP_D7A9EAD0B15C,barley,CRP_2554D1918FBC,paddy,MND_301551655568,0.428,True,agri_envelope_ring_v1,20260903,v0.1
FRM_196D68B86F2F,LOC_A2F6D50759BC,Hoshiarpur,PB,31.48526,75.87445,0.77,CRP_8F398886C326,sunflower,CRP_B2E55E456CF4,sugarcane,MND_46CD786BC585,0.877,True,agri_envelope_ring_v1,20260903,v0.1
FRM_2366A89129B3,LOC_1F88B891DFEC,Mansa,PB,30.033295,75.313069,0.63,CRP_E91C254AD588,potato,CRP_C7952894B2A5,moong,MND_AE02C36E7ACD,1.225,True,agri_envelope_ring_v1,20260903,v0.1
FRM_3E0C703132C4,LOC_46732A2593F8,Mainpuri,UP,27.124214,79.02682,1.82,CRP_DE6C334339AC,wheat,CRP_352B5B6699D8,mustard,MND_316B3A33D09D,0.136,True,agri_envelope_ring_v1,20260903,v0.1
FRM_1DA8C47136CC,LOC_785058AA1F1A,Karnal,HR,29.75622,77.218806,2.37,CRP_C7952894B2A5,moong,CRP_D955CA97E44D,maize,MND_D5BFCB18509B,1.188,True,agri_envelope_ring_v1,20260903,v0.1
FRM_11DCDE1846B3,LOC_238618949F12,Kapurthala,PB,31.509177,75.587671,1.02,CRP_5ED728C2FA5D,tomato,,,MND_46CD786BC585,1.046,True,agri_envelope_ring_v1,20260903,v0.1
FRM_E6728A5A0061,LOC_040EEB1012DF,Fazilka,PB,30.193834,74.008512,11.61,CRP_C7952894B2A5,moong,CRP_8F398886C326,sunflower,MND_AE02C36E7ACD,0.449,True,agri_envelope_ring_v1,20260903,v0.1
FRM_50E28839B649,LOC_88DE3D9E72BE,Fazilka,PB,30.239286,74.013401,2.02,CRP_CAA75103C53B,gram,CRP_E91C254AD588,potato,MND_AE02C36E7ACD,1.331,True,agri_envelope_ring_v1,20260903,v0.1
FRM_5E07B6CC7C14,LOC_0DE408BCC749,Pilibhit,UP,28.659762,79.988694,12.15,CRP_D955CA97E44D,maize,,,MND_9AC86A6D5AEC,0.578,True,agri_envelope_ring_v1,20260903,v0.1
FRM_8C9E06D855FC,LOC_D0E3A91F2EB5,Gurdaspur,PB,32.078204,75.305748,2.29,CRP_D7A9EAD0B15C,barley,CRP_E91C254AD588,potato,MND_E2F2E16B54CD,2.044,True,agri_envelope_ring_v1,20260903,v0.1
FRM_334E53FDA89B,LOC_7D489BF60D68,Sitapur,UP,27.379371,80.929417,3.66,CRP_C7952894B2A5,moong,CRP_7CC27C59C145,urad,MND_954F0551D2D8,1.677,True,agri_envelope_ring_v1,20260903,v0.1
FRM_D3E89CF46279,LOC_ADF7F7989424,Rampur,UP,28.663971,79.031088,2.29,CRP_28F945D9AC9C,bajra,CRP_5ED728C2FA5D,tomato,MND_B8828956892C,1.166,True,agri_envelope_ring_v1,20260903,v0.1
FRM_85B05BDC43D2,LOC_F7F340E57101,Amroha,UP,28.928214,78.343873,3.69,CRP_CAA75103C53B,gram,,,MND_B8828956892C,0.866,True,agri_envelope_ring_v1,20260903,v0.1
FRM_3DB34BCD2F7F,LOC_0079D1E4B63A,Kanpur Dehat,UP,26.200363,80.038392,1.22,CRP_BF35A2D3261F,cauliflower,,,MND_F0BDDB3CC08D,1.119,True,agri_envelope_ring_v1,20260903,v0.1
FRM_4AA1EB5303C0,LOC_2849C9CE529E,Panchkula,HR,30.610178,77.018857,1.29,CRP_CAA75103C53B,gram,CRP_D7A9EAD0B15C,barley,MND_3F6468C86419,0.95,True,agri_envelope_ring_v1,20260903,v0.1
FRM_56F949A84A9F,LOC_B78DE347B7FE,Shahjahanpur,UP,27.989484,79.898372,1.82,CRP_7CC27C59C145,urad,,,MND_954F0551D2D8,1.162,True,agri_envelope_ring_v1,20260903,v0.1
FRM_5A821BED30CB,LOC_4BC4D30D08BE,Jalandhar,PB,31.310677,75.807582,3.47,CRP_2554D1918FBC,paddy,CRP_E91C254AD588,potato,MND_46CD786BC585,1.338,True,agri_envelope_ring_v1,20260903,v0.1
FRM_DC8FBB3418F8,LOC_DF7D0882EEBD,Fatehabad,HR,29.340758,75.594474,1.42,CRP_B2E55E456CF4,sugarcane,,,MND_4427C76F4F6F,0.433,True,agri_envelope_ring_v1,20260903,v0.1
FRM_E44274E39C69,LOC_529AF2E14966,Bijnor,UP,29.304612,78.072233,0.77,CRP_C7952894B2A5,moong,CRP_DE6C334339AC,wheat,MND_05333875B51A,0.17,True,agri_envelope_ring_v1,20260903,v0.1
FRM_48C73B193AB0,LOC_7CEE39F92E74,Varanasi,UP,25.273527,83.079913,2.48,CRP_352B5B6699D8,mustard,CRP_4DDD4816119A,arhar,MND_EE2349EB6FB3,0.623,True,agri_envelope_ring_v1,20260903,v0.1
FRM_4C770CC62F84,LOC_2D33B60F9FA3,Mathura,UP,27.504459,77.503196,0.25,CRP_B2E55E456CF4,sugarcane,CRP_28F945D9AC9C,bajra,MND_5B5C6B926181,0.898,True,agri_envelope_ring_v1,20260903,v0.1
FRM_2DDCAFCAC734,LOC_926CC826C0FD,Hisar,HR,29.225253,75.513501,0.55,CRP_E91C254AD588,potato,,,MND_CB2E88CD3113,0.425,True,agri_envelope_ring_v1,20260903,v0.1
FRM_504C282B5638,LOC_C20D6667B88F,Shahjahanpur,UP,28.007756,79.848817,0.91,CRP_D7A9EAD0B15C,barley,CRP_CAA75103C53B,gram,MND_9AC86A6D5AEC,0.132,True,agri_envelope_ring_v1,20260903,v0.1
FRM_88C9C8027EE1,LOC_F06EC7757673,Unnao,UP,26.411696,80.66631,0.61,CRP_B2E55E456CF4,sugarcane,CRP_D7A9EAD0B15C,barley,MND_9AC86A6D5AEC,1.128,True,agri_envelope_ring_v1,20260903,v0.1
FRM_B6668159B078,LOC_BAB2B5F49CD4,Jind,HR,29.202797,76.563766,0.55,CRP_E2253B73169D,guar,CRP_C7952894B2A5,moong,MND_538E435A4360,0.48,True,agri_envelope_ring_v1,20260903,v0.1
FRM_A350C9295034,LOC_380003739F28,Meerut,UP,28.797638,77.825636,1.94,CRP_CAA75103C53B,gram,CRP_D7A9EAD0B15C,barley,MND_96D277426B8A,0.396,True,agri_envelope_ring_v1,20260903,v0.1
FRM_7ECB965724A3,LOC_2579FC8F43EE,Ambala,HR,30.255429,76.815223,2.71,CRP_D7A9EAD0B15C,barley,,,MND_3F6468C86419,1.441,True,agri_envelope_ring_v1,20260903,v0.1
FRM_F14A3F28626D,LOC_3AF5E513CBF9,Prayagraj,UP,25.366731,81.702658,1.58,CRP_4DDD4816119A,arhar,CRP_D7A9EAD0B15C,barley,MND_EE2349EB6FB3,0.432,True,agri_envelope_ring_v1,20260903,v0.1
FRM_26D6B7E750DE,LOC_49CDF9E92FD8,Sirsa,HR,29.79057,74.857647,4.04,CRP_E2253B73169D,guar,CRP_B2E55E456CF4,sugarcane,MND_AE02C36E7ACD,1.557,True,agri_envelope_ring_v1,20260903,v0.1
FRM_AB35E0DE905C,LOC_D6895D30FF85,Karnal,HR,29.512906,77.095469,1.95,CRP_352B5B6699D8,mustard,,,MND_283ED6EAAB84,0.67,True,agri_envelope_ring_v1,20260903,v0.1
FRM_A5C7CEBBCFDA,LOC_F84EF44FEAEB,Muktsar,PB,30.511794,74.731858,1.26,CRP_B2E55E456CF4,sugarcane,CRP_DE6C334339AC,wheat,MND_AE02C36E7ACD,1.422,True,agri_envelope_ring_v1,20260903,v0.1
FRM_8BD68B94E09F,LOC_D8F4721022D3,Kaithal,HR,29.691964,76.573256,0.94,CRP_D955CA97E44D,maize,,,MND_7491C25B20FE,0.848,True,agri_envelope_ring_v1,20260903,v0.1
FRM_E495268CE2FC,LOC_766BF0F999D1,Varanasi,UP,25.233095,82.914224,0.76,CRP_DE6C334339AC,wheat,,,MND_EE2349EB6FB3,1.736,True,agri_envelope_ring_v1,20260903,v0.1
FRM_F80F739E5113,LOC_057CE7A9FA8E,Rohtak,HR,28.831716,76.682704,1.53,CRP_C7952894B2A5,moong,CRP_8F398886C326,sunflower,MND_372DA5A01CDA,1.675,True,agri_envelope_ring_v1,20260903,v0.1
FRM_8834959C5209,LOC_A4732F344BB2,Budaun,UP,27.943346,79.025369,5.91,CRP_352B5B6699D8,mustard,,,MND_9AC86A6D5AEC,1.196,True,agri_envelope_ring_v1,20260903,v0.1
FRM_B7A3BC3B6F84,LOC_1096F2BBC2F2,Charkhi Dadri,HR,28.608556,76.390039,3.41,CRP_B2E55E456CF4,sugarcane,CRP_E91C254AD588,potato,MND_F02880680127,0.785,True,agri_envelope_ring_v1,20260903,v0.1
FRM_52D2DB3040D6,LOC_61660DDC6DB1,Hardoi,UP,27.422263,80.304136,0.21,CRP_D7A9EAD0B15C,barley,CRP_288971671685,onion,MND_954F0551D2D8,0.577,True,agri_envelope_ring_v1,20260903,v0.1
FRM_45F059BB9D8E,LOC_19B13F9C1A9A,Mansa,PB,29.923003,75.294716,0.89,CRP_DE6C334339AC,wheat,CRP_B2E55E456CF4,sugarcane,MND_BA2F125FAB06,0.476,True,agri_envelope_ring_v1,20260903,v0.1
FRM_00FAC27C5215,LOC_D7E16EE1F662,Budaun,UP,28.056324,78.952183,1.26,CRP_5ED728C2FA5D,tomato,CRP_D7A9EAD0B15C,barley,MND_2E59AF542C18,1.322,True,agri_envelope_ring_v1,20260903,v0.1
FRM_3C8D5198AA25,LOC_10C047BB160A,Budaun,UP,28.000874,79.082252,0.55,CRP_7CC27C59C145,urad,CRP_352B5B6699D8,mustard,MND_9AC86A6D5AEC,1.045,True,agri_envelope_ring_v1,20260903,v0.1
FRM_B19BA33A7CD6,LOC_43BCE1ED9669,Gorakhpur,UP,26.840647,83.559226,1.59,CRP_288971671685,onion,,,MND_362E0E09CB0D,0.309,True,agri_envelope_ring_v1,20260903,v0.1
FRM_1DCDAFE2ED97,LOC_2606D59C6EC9,Panipat,HR,29.539225,77.104066,0.41,CRP_BF35A2D3261F,cauliflower,CRP_DE6C334339AC,wheat,MND_4ADE384C6981,0.145,True,agri_envelope_ring_v1,20260903,v0.1
FRM_CBE5A7A4E45B,LOC_4A96FFAE3055,Unnao,UP,26.39956,80.612922,0.88,CRP_28F945D9AC9C,bajra,CRP_C7952894B2A5,moong,MND_301551655568,1.922,True,agri_envelope_ring_v1,20260903,v0.1
FRM_BE9D3FA562EE,LOC_3C9F56847DC2,Budaun,UP,27.995626,79.088583,3.18,CRP_BF35A2D3261F,cauliflower,CRP_4DDD4816119A,arhar,MND_9AC86A6D5AEC,1.057,True,agri_envelope_ring_v1,20260903,v0.1
FRM_FD1B4CCB0A5F,LOC_3F84CD527870,Fatehabad,HR,29.269835,75.629139,0.98,CRP_5ED728C2FA5D,tomato,,,MND_CB2E88CD3113,0.985,True,agri_envelope_ring_v1,20260903,v0.1
FRM_13EB458C23C0,LOC_C4A5379A682E,Bulandshahr,UP,28.4746,77.829349,8.57,CRP_CAA75103C53B,gram,,,MND_2E59AF542C18,0.779,True,agri_envelope_ring_v1,20260903,v0.1
FRM_C5CC2F6A9CBC,LOC_BE6FC68C6C55,Sitapur,UP,27.3204,80.63248,1.36,CRP_CAA75103C53B,gram,,,MND_954F0551D2D8,0.69,True,agri_envelope_ring_v1,20260903,v0.1
FRM_98FAA9F87802,LOC_E06ACAE374C4,Agra,UP,27.297832,77.955607,2.87,CRP_BF35A2D3261F,cauliflower,CRP_7CC27C59C145,urad,MND_5B5C6B926181,0.948,True,agri_envelope_ring_v1,20260903,v0.1
FRM_C915567C17AB,LOC_7CA81F05F3A5,Etah,UP,27.489905,78.819832,1.44,CRP_CAA75103C53B,gram,CRP_DE6C334339AC,wheat,MND_1BD2DF2540D5,0.137,True,agri_envelope_ring_v1,20260903,v0.1
FRM_F95D321961AE,LOC_9245535FD361,Tarn Taran,PB,31.522322,75.154379,8.15,CRP_D955CA97E44D,maize,CRP_C7952894B2A5,moong,MND_E2F2E16B54CD,0.952,True,agri_envelope_ring_v1,20260903,v0.1
FRM_BFA66C635915,LOC_73EC451C0DBA,Bulandshahr,UP,28.454104,77.892837,0.33,CRP_DE6C334339AC,wheat,CRP_2554D1918FBC,paddy,MND_2E59AF542C18,0.845,True,agri_envelope_ring_v1,20260903,v0.1
FRM_BB3B65695BB2,LOC_9DB7C206F4BE,Karnal,HR,29.867817,77.200465,0.7,CRP_288971671685,onion,CRP_D955CA97E44D,maize,MND_4ADE384C6981,0.941,True,agri_envelope_ring_v1,20260903,v0.1
FRM_F42263C39EE0,LOC_303B982316A0,Agra,UP,27.042137,78.254986,4.52,CRP_7CC27C59C145,urad,,,MND_2E59AF542C18,0.552,True,agri_envelope_ring_v1,20260903,v0.1
FRM_03CC8A420E48,LOC_856E48A42B00,Charkhi Dadri,HR,28.539586,76.471272,4.07,CRP_B2E55E456CF4,sugarcane,CRP_C7952894B2A5,moong,MND_3F94E23EB0A5,0.935,True,agri_envelope_ring_v1,20260903,v0.1
FRM_D71B648898AB,LOC_AF9F50EF2ABB,Mathura,UP,27.575718,77.539727,2.32,CRP_352B5B6699D8,mustard,CRP_7CC27C59C145,urad,MND_5B5C6B926181,0.884,True,agri_envelope_ring_v1,20260903,v0.1
FRM_091CE64A8B43,LOC_549503EB40A0,Firozabad,UP,27.196265,78.601553,3.77,CRP_C7952894B2A5,moong,CRP_5ED728C2FA5D,tomato,MND_316B3A33D09D,0.993,True,agri_envelope_ring_v1,20260903,v0.1
FRM_8C9594744A7B,LOC_952CB15CD231,Rampur,UP,28.646883,78.992107,1.28,CRP_DE6C334339AC,wheat,CRP_4DDD4816119A,arhar,MND_B8828956892C,0.379,True,agri_envelope_ring_v1,20260903,v0.1
FRM_DDDB6579C71C,LOC_4756C7B2E608,Firozabad,UP,27.268255,78.387345,1.47,CRP_D7A9EAD0B15C,barley,CRP_5ED728C2FA5D,tomato,MND_316B3A33D09D,0.621,True,agri_envelope_ring_v1,20260903,v0.1
FRM_AD284177CEF0,LOC_3A352646215A,Bhiwani,HR,28.812178,75.972225,4.91,CRP_B2E55E456CF4,sugarcane,,,MND_F02880680127,0.182,True,agri_envelope_ring_v1,20260903,v0.1
FRM_EF597F87E1B2,LOC_5928BC81EFDA,Ferozepur,PB,31.067056,74.694535,1.16,CRP_2554D1918FBC,paddy,,,MND_FE8D567E9001,2.895,True,agri_envelope_ring_v1,20260903,v0.1
FRM_B4BC7296C8FD,LOC_66DBED418621,Kurukshetra,HR,29.931285,76.68515,0.88,CRP_D955CA97E44D,maize,CRP_CAA75103C53B,gram,MND_3F6468C86419,0.855,True,agri_envelope_ring_v1,20260903,v0.1
FRM_F331C06BF05B,LOC_18DAB0C77789,Palwal,HR,28.15019,77.128488,1.18,CRP_E2253B73169D,guar,CRP_5ED728C2FA5D,tomato,MND_BBFD6D659730,1.492,True,agri_envelope_ring_v1,20260903,v0.1
FRM_AF768574ABD9,LOC_B49CB8319323,Barnala,PB,30.247474,75.524838,1.35,CRP_5ED728C2FA5D,tomato,,,MND_DEA1CD5F415B,1.233,True,agri_envelope_ring_v1,20260903,v0.1
FRM_115B190D7DCC,LOC_3E29C1C509AB,Patiala,PB,30.22063,76.401391,1.11,CRP_D955CA97E44D,maize,CRP_B2E55E456CF4,sugarcane,MND_9AE87167EF0F,0.855,True,agri_envelope_ring_v1,20260903,v0.1
FRM_16A5CAF2E25E,LOC_1F88B891DFEC,Mansa,PB,30.076571,75.327617,0.76,CRP_CAA75103C53B,gram,CRP_2554D1918FBC,paddy,MND_BA2F125FAB06,0.223,True,agri_envelope_ring_v1,20260903,v0.1
FRM_D18599FEB90D,LOC_D711C0E0D1E8,Moradabad,UP,28.78615,78.652918,0.89,CRP_BF35A2D3261F,cauliflower,CRP_288971671685,onion,MND_2E59AF542C18,0.253,True,agri_envelope_ring_v1,20260903,v0.1
FRM_0AE9EA1E18B8,LOC_2AE30C51307D,Ludhiana,PB,30.758404,75.784921,2.18,CRP_69E399851C84,cotton,CRP_DE6C334339AC,wheat,MND_DA6DF57ACFEE,0.494,True,agri_envelope_ring_v1,20260903,v0.1
FRM_1BE6CFF7232F,LOC_2993305DFF53,Palwal,HR,28.260705,77.152225,1.17,CRP_69E399851C84,cotton,CRP_E91C254AD588,potato,MND_BBFD6D659730,1.921,True,agri_envelope_ring_v1,20260903,v0.1
FRM_298FE12850F6,LOC_C4B1871D400E,Panipat,HR,29.519185,77.139944,1.66,CRP_352B5B6699D8,mustard,,,MND_C163C6E4A832,0.427,True,agri_envelope_ring_v1,20260903,v0.1
FRM_517694204911,LOC_E5163ADEAEAD,Karnal,HR,29.806919,77.050156,2.86,CRP_BF35A2D3261F,cauliflower,CRP_CAA75103C53B,gram,MND_4ADE384C6981,1.129,True,agri_envelope_ring_v1,20260903,v0.1
FRM_AE91DDCABBAC,LOC_EA4BBC9E4F51,Firozabad,UP,27.233911,78.590568,1.46,CRP_CAA75103C53B,gram,CRP_5ED728C2FA5D,tomato,MND_316B3A33D09D,1.105,True,agri_envelope_ring_v1,20260903,v0.1
FRM_C7916BBDD1D2,LOC_84F7CA3775BB,Mainpuri,UP,27.298051,79.283181,0.98,CRP_5ED728C2FA5D,tomato,CRP_28F945D9AC9C,bajra,MND_9AC86A6D5AEC,1.289,True,agri_envelope_ring_v1,20260903,v0.1
FRM_CC8677867B15,LOC_9245535FD361,Tarn Taran,PB,31.515155,75.165231,2.79,CRP_352B5B6699D8,mustard,,,MND_46CD786BC585,0.369,True,agri_envelope_ring_v1,20260903,v0.1
FRM_8EA9A40CBFF9,LOC_3187FC77AE04,Unnao,UP,26.406925,80.620739,4.27,CRP_E91C254AD588,potato,CRP_7CC27C59C145,urad,MND_301551655568,0.053,True,agri_envelope_ring_v1,20260903,v0.1
FRM_1E67BE56F29D,LOC_0386B614F75A,Karnal,HR,29.579239,77.077705,1.09,CRP_D7A9EAD0B15C,barley,CRP_28F945D9AC9C,bajra,MND_4ADE384C6981,0.972,True,agri_envelope_ring_v1,20260903,v0.1
FRM_8DD4D856825B,LOC_18076DE60535,Etawah,UP,27.004943,79.143782,1.43,CRP_4DDD4816119A,arhar,CRP_B2E55E456CF4,sugarcane,MND_9AC86A6D5AEC,0.431,True,agri_envelope_ring_v1,20260903,v0.1
FRM_1C23ECE6D32F,LOC_DA3E837A923D,Moradabad,UP,28.802061,78.692868,1.16,CRP_7CC27C59C145,urad,CRP_B2E55E456CF4,sugarcane,MND_B8828956892C,1.818,True,agri_envelope_ring_v1,20260903,v0.1
FRM_3AAE3EBA58E3,LOC_719EE7AE9AD6,Fatehgarh Sahib,PB,30.667906,76.546055,1.45,CRP_E91C254AD588,potato,CRP_352B5B6699D8,mustard,MND_D3D37BB2E2D7,0.734,True,agri_envelope_ring_v1,20260903,v0.1
FRM_ADBEBF288E77,LOC_5C6E093BA2F7,Rupnagar,PB,30.907447,76.433653,2.31,CRP_5ED728C2FA5D,tomato,CRP_C7952894B2A5,moong,MND_D400EAD28DB3,1.703,True,agri_envelope_ring_v1,20260903,v0.1
FRM_98076BB1E9EE,LOC_F54180BA8FE6,Gorakhpur,UP,26.781302,83.573645,2.35,CRP_E91C254AD588,potato,CRP_CAA75103C53B,gram,MND_362E0E09CB0D,1.137,True,agri_envelope_ring_v1,20260903,v0.1
FRM_3FDAAF261312,LOC_D2F3B017F36E,Jalandhar,PB,31.356194,75.560003,0.21,CRP_5ED728C2FA5D,tomato,CRP_D7A9EAD0B15C,barley,MND_FE8D567E9001,0.45,True,agri_envelope_ring_v1,20260903,v0.1
FRM_4498BFA2B245,LOC_2E9834F07D72,Gurdaspur,PB,31.822525,75.453046,2.1,CRP_69E399851C84,cotton,CRP_5ED728C2FA5D,tomato,MND_46CD786BC585,1.636,True,agri_envelope_ring_v1,20260903,v0.1
FRM_37FB4A0A2E4F,LOC_FC6CDC039A7A,Rupnagar,PB,30.960075,76.415375,0.97,CRP_352B5B6699D8,mustard,,,MND_D400EAD28DB3,1.226,True,agri_envelope_ring_v1,20260903,v0.1
FRM_C706E7A862A8,LOC_B7817FE007CD,Kapurthala,PB,31.501127,75.570888,0.78,CRP_5ED728C2FA5D,tomato,,,MND_784599D2DCF5,1.435,True,agri_envelope_ring_v1,20260903,v0.1
FRM_182055E7E1AD,LOC_AF1413CAD74C,Unnao,UP,26.609695,80.611115,0.76,CRP_DE6C334339AC,wheat,CRP_5ED728C2FA5D,tomato,MND_301551655568,0.207,True,agri_envelope_ring_v1,20260903,v0.1
FRM_002EC1957B0D,LOC_82BA3A145BB1,Sangrur,PB,30.349868,76.070675,1.51,CRP_CAA75103C53B,gram,,,MND_548773D47A30,1.117,True,agri_envelope_ring_v1,20260903,v0.1
FRM_E643E603B564,LOC_5F1FB4642134,Firozabad,UP,27.086839,78.310697,4.43,CRP_7CC27C59C145,urad,,,MND_2E59AF542C18,1.45,True,agri_envelope_ring_v1,20260903,v0.1
FRM_660630734FF9,LOC_315AD9F88DC1,Agra,UP,27.057544,78.289022,1.21,CRP_4DDD4816119A,arhar,CRP_DE6C334339AC,wheat,MND_316B3A33D09D,0.876,True,agri_envelope_ring_v1,20260903,v0.1
FRM_1C1134AA4B66,LOC_194C714F40DB,Mahendragarh,HR,28.279809,76.096463,1.53,CRP_D7A9EAD0B15C,barley,CRP_2554D1918FBC,paddy,MND_372DA5A01CDA,1.77,True,agri_envelope_ring_v1,20260903,v0.1
FRM_4DF0285D3B90,LOC_1B8EE30BBB15,Moradabad,UP,28.807615,78.761349,1.08,CRP_CAA75103C53B,gram,CRP_4DDD4816119A,arhar,MND_B8828956892C,0.097,True,agri_envelope_ring_v1,20260903,v0.1
FRM_8FC8092E6D53,LOC_FAF46C6DA61A,Pilibhit,UP,28.623609,79.781945,0.63,CRP_BF35A2D3261F,cauliflower,CRP_D7A9EAD0B15C,barley,MND_9AC86A6D5AEC,0.712,True,agri_envelope_ring_v1,20260903,v0.1
FRM_FBF7267FEF27,LOC_E666D39416FF,Panchkula,HR,30.620292,76.979097,1.51,CRP_DE6C334339AC,wheat,CRP_5ED728C2FA5D,tomato,MND_3F6468C86419,0.831,True,agri_envelope_ring_v1,20260903,v0.1
FRM_FF819FEFC217,LOC_A23F853D1970,Jind,HR,29.256028,76.568792,1.47,CRP_E91C254AD588,potato,CRP_69E399851C84,cotton,MND_07DDCCA966AE,0.868,True,agri_envelope_ring_v1,20260903,v0.1
FRM_56494C175638,LOC_95F45E3D0D30,Barnala,PB,30.218842,75.525542,1.66,CRP_CAA75103C53B,gram,CRP_2554D1918FBC,paddy,MND_548773D47A30,1.168,True,agri_envelope_ring_v1,20260903,v0.1
FRM_AE9796151DAF,LOC_8E1829CCACF2,Rewari,HR,28.116535,76.595267,1.27,CRP_E2253B73169D,guar,CRP_D955CA97E44D,maize,MND_AAFC9C0B8DA5,0.608,True,agri_envelope_ring_v1,20260903,v0.1
FRM_C901714B01B1,LOC_168B3E5E6DBE,Rampur,UP,28.710818,79.179215,1.48,CRP_4DDD4816119A,arhar,CRP_DE6C334339AC,wheat,MND_1BD2DF2540D5,0.773,True,agri_envelope_ring_v1,20260903,v0.1
FRM_7D54E9C29027,LOC_DC8518FAAFF3,Hisar,HR,28.862537,75.599409,2.26,CRP_5ED728C2FA5D,tomato,CRP_BF35A2D3261F,cauliflower,MND_CB2E88CD3113,1.651,True,agri_envelope_ring_v1,20260903,v0.1
FRM_F786ABC013AE,LOC_F772F85EB629,Hapur,UP,28.788579,77.96381,2.19,CRP_7CC27C59C145,urad,CRP_D7A9EAD0B15C,barley,MND_96D277426B8A,0.367,True,agri_envelope_ring_v1,20260903,v0.1
FRM_48338F52DE89,LOC_659CFE43DDE8,Gorakhpur,UP,26.82035,83.485977,7.22,CRP_CAA75103C53B,gram,CRP_D955CA97E44D,maize,MND_362E0E09CB0D,0.936,True,agri_envelope_ring_v1,20260903,v0.1
FRM_7A690E683B5F,LOC_9AD951683850,Bareilly,UP,28.513193,79.577689,1.64,CRP_D7A9EAD0B15C,barley,CRP_DE6C334339AC,wheat,MND_B8828956892C,1.039,True,agri_envelope_ring_v1,20260903,v0.1
FRM_583F2E3D13CB,LOC_4AC8B3E2CC6B,Rampur,UP,28.721121,79.064469,2.35,CRP_C7952894B2A5,moong,CRP_D955CA97E44D,maize,MND_B8828956892C,0.77,True,agri_envelope_ring_v1,20260903,v0.1
FRM_4CDF123A93F1,LOC_7722E66AA1E4,Shahjahanpur,UP,27.965747,79.900716,2.65,CRP_E91C254AD588,potato,CRP_CAA75103C53B,gram,MND_9AC86A6D5AEC,1.241,True,agri_envelope_ring_v1,20260903,v0.1
FRM_E269FA2D5AED,LOC_8E2A4D590469,Fazilka,PB,30.249326,74.102451,1.38,CRP_C7952894B2A5,moong,CRP_8F398886C326,sunflower,MND_AE02C36E7ACD,0.11,True,agri_envelope_ring_v1,20260903,v0.1
FRM_2C5D31243CAC,LOC_E20B38A83CF2,Kanpur Dehat,UP,26.231166,80.032732,1.39,CRP_DE6C334339AC,wheat,CRP_288971671685,onion,MND_301551655568,2.49,True,agri_envelope_ring_v1,20260903,v0.1
FRM_92F1A713C552,LOC_9496AC96F036,Barnala,PB,30.322676,75.605488,3.98,CRP_C7952894B2A5,moong,,,MND_DEA1CD5F415B,0.93,True,agri_envelope_ring_v1,20260903,v0.1
FRM_2442CFF89981,LOC_C4AC3929533D,Bathinda,PB,30.267162,74.914617,2.1,CRP_C7952894B2A5,moong,CRP_2554D1918FBC,paddy,MND_AE02C36E7ACD,1.532,True,agri_envelope_ring_v1,20260903,v0.1
FRM_971ECB83A093,LOC_09462D324C11,Hoshiarpur,PB,31.591158,75.748844,1.07,CRP_352B5B6699D8,mustard,CRP_69E399851C84,cotton,MND_46CD786BC585,1.639,True,agri_envelope_ring_v1,20260903,v0.1
FRM_75E934C07477,LOC_23AC7DA9CC89,Barnala,PB,30.43359,75.516902,2.61,CRP_352B5B6699D8,mustard,CRP_2554D1918FBC,paddy,MND_DEA1CD5F415B,0.132,True,agri_envelope_ring_v1,20260903,v0.1
FRM_CE02B7F4B1FB,LOC_93CC119E4169,Muktsar,PB,30.54084,74.68743,1.48,CRP_D7A9EAD0B15C,barley,CRP_5ED728C2FA5D,tomato,MND_AE02C36E7ACD,0.238,True,agri_envelope_ring_v1,20260903,v0.1
FRM_29B43FBFCE8A,LOC_CF828991A492,Unnao,UP,26.390331,80.519264,2.31,CRP_288971671685,onion,,,MND_F0BDDB3CC08D,1.677,True,agri_envelope_ring_v1,20260903,v0.1
FRM_A4F5314E839D,LOC_B2565FD761F3,Ferozepur,PB,31.079537,74.64855,0.55,CRP_B2E55E456CF4,sugarcane,CRP_CAA75103C53B,gram,MND_FE8D567E9001,0.733,True,agri_envelope_ring_v1,20260903,v0.1
FRM_4596F87D1464,LOC_8178C1FC5346,Kaithal,HR,29.866192,76.252392,0.44,CRP_C7952894B2A5,moong,,,MND_7491C25B20FE,0.203,True,agri_envelope_ring_v1,20260903,v0.1
FRM_BACF6DDAC1CA,LOC_CE92EE4FB2A6,Aligarh,UP,27.864149,78.034005,0.93,CRP_C7952894B2A5,moong,CRP_D955CA97E44D,maize,MND_1BD2DF2540D5,1.327,True,agri_envelope_ring_v1,20260903,v0.1
FRM_77CB7F3CD6F8,LOC_EFB25C5E5A91,Bareilly,UP,28.526798,79.494246,1.77,CRP_5ED728C2FA5D,tomato,CRP_2554D1918FBC,paddy,MND_9AC86A6D5AEC,0.356,True,agri_envelope_ring_v1,20260903,v0.1
FRM_FA6E39692885,LOC_33719393A062,Barabanki,UP,26.898206,81.393127,1.24,CRP_5ED728C2FA5D,tomato,CRP_E91C254AD588,potato,MND_F0BDDB3CC08D,0.173,True,agri_envelope_ring_v1,20260903,v0.1
FRM_33632C80AB43,LOC_25065D8B6D6E,Jalandhar,PB,31.429495,75.54481,2.23,CRP_352B5B6699D8,mustard,CRP_CAA75103C53B,gram,MND_46CD786BC585,0.702,True,agri_envelope_ring_v1,20260903,v0.1
FRM_81E055F8C750,LOC_280B93663523,Pathankot,PB,32.135803,75.586643,0.84,CRP_D955CA97E44D,maize,,,MND_46CD786BC585,2.31,True,agri_envelope_ring_v1,20260903,v0.1
FRM_7C38B134A171,LOC_05A8C6A6C357,Rohtak,HR,28.845973,76.4652,3.34,CRP_69E399851C84,cotton,,,MND_372DA5A01CDA,1.185,True,agri_envelope_ring_v1,20260903,v0.1
FRM_220C18862DD0,LOC_FE6DCEA46A7C,Sitapur,UP,27.318917,80.593061,1.96,CRP_7CC27C59C145,urad,,,MND_954F0551D2D8,0.931,True,agri_envelope_ring_v1,20260903,v0.1
FRM_E60644D6D01B,LOC_4210AF0F2E97,Ludhiana,PB,31.026307,75.705378,1.15,CRP_2554D1918FBC,paddy,,,MND_DA6DF57ACFEE,0.998,True,agri_envelope_ring_v1,20260903,v0.1
FRM_6CF97087ACAF,LOC_C0EB4478F6F3,Faridkot,PB,30.592584,74.631617,0.61,CRP_8F398886C326,sunflower,CRP_D7A9EAD0B15C,barley,MND_AE02C36E7ACD,1.085,True,agri_envelope_ring_v1,20260903,v0.1
FRM_A08F978DAB6E,LOC_73568D7EFEF8,Budaun,UP,28.040695,78.961058,2.84,CRP_D955CA97E44D,maize,CRP_B2E55E456CF4,sugarcane,MND_9AC86A6D5AEC,1.724,True,agri_envelope_ring_v1,20260903,v0.1
FRM_AC02AF65F78D,LOC_43D2D460032A,Gorakhpur,UP,26.928934,83.303315,2.79,CRP_288971671685,onion,CRP_28F945D9AC9C,bajra,MND_362E0E09CB0D,0.596,True,agri_envelope_ring_v1,20260903,v0.1
FRM_898BDF093D08,LOC_00B441735AC1,Kaithal,HR,29.842899,76.203175,1.97,CRP_CAA75103C53B,gram,,,MND_9AE87167EF0F,0.98,True,agri_envelope_ring_v1,20260903,v0.1
FRM_62EBA4D1A083,LOC_F02DB64FEDB9,Jind,HR,29.287586,75.994469,0.99,CRP_D955CA97E44D,maize,,,MND_07DDCCA966AE,0.118,True,agri_envelope_ring_v1,20260903,v0.1
FRM_0D47F5042709,LOC_6F124F42499B,Pathankot,PB,32.412988,75.742418,1.05,CRP_69E399851C84,cotton,,,MND_46CD786BC585,1.391,True,agri_envelope_ring_v1,20260903,v0.1
FRM_39F6FB2BDCB4,LOC_773A2A11EEDA,Mainpuri,UP,27.068463,79.023139,1.84,CRP_BF35A2D3261F,cauliflower,,,MND_316B3A33D09D,0.815,True,agri_envelope_ring_v1,20260903,v0.1
FRM_64E186C59937,LOC_AD2FE08C0825,Nuh,HR,28.104848,76.925304,1.74,CRP_8F398886C326,sunflower,CRP_C7952894B2A5,moong,MND_3F94E23EB0A5,0.676,True,agri_envelope_ring_v1,20260903,v0.1
FRM_60C0A83A9D22,LOC_87DB8829D2E1,Kanpur Dehat,UP,26.450647,79.947077,1.54,CRP_4DDD4816119A,arhar,,,MND_301551655568,1.358,True,agri_envelope_ring_v1,20260903,v0.1
FRM_68FD51ABD0C3,LOC_B703E932F726,Hathras,UP,27.541149,78.230867,2.83,CRP_CAA75103C53B,gram,CRP_C7952894B2A5,moong,MND_1BD2DF2540D5,0.245,True,agri_envelope_ring_v1,20260903,v0.1
FRM_9888AE5BC517,LOC_1E9084DFB553,Kurukshetra,HR,29.883013,76.992113,2.05,CRP_28F945D9AC9C,bajra,CRP_DE6C334339AC,wheat,MND_4ADE384C6981,0.396,True,agri_envelope_ring_v1,20260903,v0.1
FRM_F024D36247C0,LOC_73EC451C0DBA,Bulandshahr,UP,28.466588,77.881685,1.02,CRP_E91C254AD588,potato,CRP_D7A9EAD0B15C,barley,MND_4217655002FF,1.137,True,agri_envelope_ring_v1,20260903,v0.1
FRM_66F613395056,LOC_EF4D70D46295,Muzaffarnagar,UP,29.569191,77.87925,3.28,CRP_2554D1918FBC,paddy,CRP_DE6C334339AC,wheat,MND_05333875B51A,0.401,True,agri_envelope_ring_v1,20260903,v0.1
FRM_E6132C4E261F,LOC_1B87DCE1CCAF,Prayagraj,UP,25.485228,81.739756,0.5,CRP_288971671685,onion,CRP_5ED728C2FA5D,tomato,MND_F0BDDB3CC08D,1.179,True,agri_envelope_ring_v1,20260903,v0.1
FRM_166D6BC11A4A,LOC_5C391DBE6F69,Budaun,UP,27.978037,79.011392,2.07,CRP_7CC27C59C145,urad,,,MND_9AC86A6D5AEC,0.896,True,agri_envelope_ring_v1,20260903,v0.1
FRM_73A36FB69B58,LOC_7218A86C0131,Moga,PB,30.662121,75.030246,2.21,CRP_69E399851C84,cotton,CRP_DE6C334339AC,wheat,MND_FE8D567E9001,0.051,True,agri_envelope_ring_v1,20260903,v0.1
FRM_B6521EE3D570,LOC_24CDCAB53A72,Jhajjar,HR,28.551047,76.669958,1.19,CRP_28F945D9AC9C,bajra,,,MND_372DA5A01CDA,1.217,True,agri_envelope_ring_v1,20260903,v0.1
FRM_743225801AC7,LOC_6452B3A5A282,Saharanpur,UP,29.936015,77.787772,0.52,CRP_7CC27C59C145,urad,CRP_28F945D9AC9C,bajra,MND_D5BFCB18509B,0.814,True,agri_envelope_ring_v1,20260903,v0.1
FRM_F349085B36A9,LOC_D52E06A74607,Pilibhit,UP,28.39894,79.816778,0.97,CRP_288971671685,onion,CRP_2554D1918FBC,paddy,MND_9AC86A6D5AEC,0.313,True,agri_envelope_ring_v1,20260903,v0.1
FRM_C7375B3A8F25,LOC_0C41A97A630F,Bulandshahr,UP,28.457446,77.861563,0.69,CRP_D7A9EAD0B15C,barley,CRP_E91C254AD588,potato,MND_2E59AF542C18,1.061,True,agri_envelope_ring_v1,20260903,v0.1
FRM_DA1953EAF6B5,LOC_A3FC80985EF5,Bathinda,PB,30.409219,75.003068,2.22,CRP_352B5B6699D8,mustard,CRP_E91C254AD588,potato,MND_AE02C36E7ACD,0.443,True,agri_envelope_ring_v1,20260903,v0.1
FRM_15C78812DD18,LOC_8A87D460CB8C,Amritsar,PB,31.62264,75.11915,0.62,CRP_D7A9EAD0B15C,barley,CRP_5ED728C2FA5D,tomato,MND_E2F2E16B54CD,1.334,True,agri_envelope_ring_v1,20260903,v0.1
FRM_66FD4A52715B,LOC_24227C2A6C3D,Rewari,HR,27.98545,76.735582,1.58,CRP_E2253B73169D,guar,,,MND_3F94E23EB0A5,1.332,True,agri_envelope_ring_v1,20260903,v0.1
FRM_48F6F1982EAA,LOC_60E516B83238,Shahjahanpur,UP,27.933213,79.764097,2.32,CRP_352B5B6699D8,mustard,,,MND_301551655568,1.014,True,agri_envelope_ring_v1,20260903,v0.1
FRM_31DAA5345821,LOC_B630E2FA2D98,Aligarh,UP,28.04673,78.209975,3.84,CRP_4DDD4816119A,arhar,CRP_288971671685,onion,MND_2E59AF542C18,1.499,True,agri_envelope_ring_v1,20260903,v0.1
FRM_6C6F7D0AA4AA,LOC_02CD2F98CD68,Karnal,HR,29.795035,77.155904,1.35,CRP_BF35A2D3261F,cauliflower,CRP_C7952894B2A5,moong,MND_4ADE384C6981,0.71,True,agri_envelope_ring_v1,20260903,v0.1
FRM_1B1B6B11BE5B,LOC_576B498C0805,Barnala,PB,30.223254,75.603384,0.73,CRP_8F398886C326,sunflower,CRP_D955CA97E44D,maize,MND_DEA1CD5F415B,0.234,True,agri_envelope_ring_v1,20260903,v0.1
FRM_D2A4D1753E78,LOC_4D876D470038,Tarn Taran,PB,31.512175,74.861715,1.67,CRP_DE6C334339AC,wheat,CRP_D955CA97E44D,maize,MND_E2F2E16B54CD,0.367,True,agri_envelope_ring_v1,20260903,v0.1
FRM_9658F4681A1B,LOC_6352280A09CB,Rohtak,HR,28.678191,76.674378,0.2,CRP_8F398886C326,sunflower,CRP_5ED728C2FA5D,tomato,MND_AAFC9C0B8DA5,1.414,True,agri_envelope_ring_v1,20260903,v0.1
FRM_15064F0F92C0,LOC_8B5FE92E4137,Etawah,UP,27.011126,79.189798,2.72,CRP_2554D1918FBC,paddy,CRP_5ED728C2FA5D,tomato,MND_316B3A33D09D,1.489,True,agri_envelope_ring_v1,20260903,v0.1
FRM_0436A267DFB3,LOC_4E0F69B25F38,Shahjahanpur,UP,27.954531,79.930598,2.58,CRP_C7952894B2A5,moong,,,MND_9AC86A6D5AEC,0.271,True,agri_envelope_ring_v1,20260903,v0.1
FRM_485AF2F50390,LOC_9D1F99D631F7,Sambhal,UP,28.557799,78.424023,0.98,CRP_D7A9EAD0B15C,barley,CRP_D955CA97E44D,maize,MND_B8828956892C,0.854,True,agri_envelope_ring_v1,20260903,v0.1
FRM_7319D7C8E2BB,LOC_548FE98DDB58,Sangrur,PB,30.341637,75.583977,1.48,CRP_5ED728C2FA5D,tomato,,,MND_DEA1CD5F415B,1.177,True,agri_envelope_ring_v1,20260903,v0.1
FRM_BAE318071ABC,LOC_0991C10E27F3,Kanpur Dehat,UP,26.248616,80.067218,2.87,CRP_C7952894B2A5,moong,CRP_2554D1918FBC,paddy,MND_301551655568,0.919,True,agri_envelope_ring_v1,20260903,v0.1
FRM_DA6B13539906,LOC_1F75C5EB8BE0,Pilibhit,UP,28.500468,79.779079,2.87,CRP_7CC27C59C145,urad,CRP_288971671685,onion,MND_9AC86A6D5AEC,0.143,True,agri_envelope_ring_v1,20260903,v0.1
FRM_A60555580904,LOC_1C1CAFBB2F45,Patiala,PB,30.516239,76.320011,1.9,CRP_E91C254AD588,potato,CRP_D7A9EAD0B15C,barley,MND_3F6468C86419,0.409,True,agri_envelope_ring_v1,20260903,v0.1
FRM_FD6D7079DCF2,LOC_C8F6BF77F196,Hardoi,UP,27.352862,80.236598,2.19,CRP_C7952894B2A5,moong,CRP_7CC27C59C145,urad,MND_954F0551D2D8,0.696,True,agri_envelope_ring_v1,20260903,v0.1
FRM_DFAE41330D6F,LOC_A4BE300C49F0,Barabanki,UP,26.831434,81.4455,8.24,CRP_2554D1918FBC,paddy,CRP_B2E55E456CF4,sugarcane,MND_F0BDDB3CC08D,1.104,True,agri_envelope_ring_v1,20260903,v0.1
FRM_08DB8D340104,LOC_CF828991A492,Unnao,UP,26.397249,80.554171,0.94,CRP_D955CA97E44D,maize,CRP_CAA75103C53B,gram,MND_301551655568,0.127,True,agri_envelope_ring_v1,20260903,v0.1
FRM_ECB193BF9037,LOC_09462D324C11,Hoshiarpur,PB,31.585425,75.766028,0.71,CRP_D955CA97E44D,maize,,,MND_46CD786BC585,0.318,True,agri_envelope_ring_v1,20260903,v0.1
FRM_1074EFE1A5B1,LOC_92D32F9865E7,Jhajjar,HR,28.491693,76.784183,1.36,CRP_E2253B73169D,guar,CRP_28F945D9AC9C,bajra,MND_50FC19D7AEC4,0.359,True,agri_envelope_ring_v1,20260903,v0.1
FRM_677831452E1A,LOC_8565D51E71D1,Sangrur,PB,30.362166,75.512694,2.87,CRP_CAA75103C53B,gram,,,MND_DEA1CD5F415B,1.04,True,agri_envelope_ring_v1,20260903,v0.1
FRM_B75527AD420E,LOC_FB0B71726FDD,Fazilka,PB,30.186512,73.939955,1.0,CRP_69E399851C84,cotton,CRP_2554D1918FBC,paddy,MND_AE02C36E7ACD,1.263,True,agri_envelope_ring_v1,20260903,v0.1
FRM_A03391BC13EF,LOC_60E09BBEAD47,Mainpuri,UP,27.16595,78.881744,2.75,CRP_BF35A2D3261F,cauliflower,,,MND_316B3A33D09D,0.795,True,agri_envelope_ring_v1,20260903,v0.1
FRM_9823B9EE61AB,LOC_87F13CC7447F,Amroha,UP,28.946853,78.383116,0.94,CRP_BF35A2D3261F,cauliflower,CRP_7CC27C59C145,urad,MND_B8828956892C,1.342,True,agri_envelope_ring_v1,20260903,v0.1
FRM_D6410D806A42,LOC_B4A0755BE041,Gurdaspur,PB,31.987757,75.390506,0.28,CRP_D7A9EAD0B15C,barley,CRP_352B5B6699D8,mustard,MND_E2F2E16B54CD,1.314,True,agri_envelope_ring_v1,20260903,v0.1
FRM_9B2A0DC53A37,LOC_37842E2F6BC8,Pilibhit,UP,28.485062,79.84404,1.88,CRP_D955CA97E44D,maize,,,MND_9AC86A6D5AEC,0.882,True,agri_envelope_ring_v1,20260903,v0.1
FRM_8533F08BDF67,LOC_480CAA297FBD,Kanpur Dehat,UP,26.518124,79.850202,0.96,CRP_DE6C334339AC,wheat,CRP_28F945D9AC9C,bajra,MND_301551655568,0.245,True,agri_envelope_ring_v1,20260903,v0.1
FRM_7213E49E97CB,LOC_254343A2E586,Etah,UP,27.378022,78.586892,0.85,CRP_2554D1918FBC,paddy,CRP_E91C254AD588,potato,MND_316B3A33D09D,0.794,True,agri_envelope_ring_v1,20260903,v0.1
FRM_4662B66DAE28,LOC_98203B95A864,Shahjahanpur,UP,27.956075,79.847017,3.47,CRP_CAA75103C53B,gram,CRP_C7952894B2A5,moong,MND_9AC86A6D5AEC,1.2,True,agri_envelope_ring_v1,20260903,v0.1
FRM_347F67BB2FF2,LOC_19213ACDF995,Aligarh,UP,27.874872,78.020058,1.8,CRP_28F945D9AC9C,bajra,,,MND_1BD2DF2540D5,0.279,True,agri_envelope_ring_v1,20260903,v0.1
FRM_CCD6070A1FC1,LOC_330BA6426F41,Rampur,UP,28.789346,79.253614,1.91,CRP_5ED728C2FA5D,tomato,CRP_C7952894B2A5,moong,MND_9AC86A6D5AEC,0.475,True,agri_envelope_ring_v1,20260903,v0.1
FRM_1DD2D0A54F82,LOC_B2D5E4664374,Sirsa,HR,29.782533,74.918772,0.55,CRP_352B5B6699D8,mustard,CRP_C7952894B2A5,moong,MND_5C10FF171343,0.888,True,agri_envelope_ring_v1,20260903,v0.1
FRM_88DFA135B173,LOC_DF7D0882EEBD,Fatehabad,HR,29.33732,75.567446,3.43,CRP_352B5B6699D8,mustard,CRP_E91C254AD588,potato,MND_4427C76F4F6F,0.943,True,agri_envelope_ring_v1,20260903,v0.1
FRM_E278B04A2A09,LOC_40BEC5559047,Jhajjar,HR,28.638887,76.496162,0.96,CRP_E91C254AD588,potato,CRP_2554D1918FBC,paddy,MND_372DA5A01CDA,0.98,True,agri_envelope_ring_v1,20260903,v0.1
FRM_3AD22AEE2442,LOC_51642B4B7490,Gurugram,HR,28.293002,77.136938,0.22,CRP_B2E55E456CF4,sugarcane,CRP_7CC27C59C145,urad,MND_96A0566277F9,0.727,True,agri_envelope_ring_v1,20260903,v0.1
FRM_467A7A8C5B3E,LOC_1DED7293A127,Sitapur,UP,27.435333,80.668147,2.72,CRP_D7A9EAD0B15C,barley,CRP_E91C254AD588,potato,MND_9AC86A6D5AEC,0.96,True,agri_envelope_ring_v1,20260903,v0.1
FRM_EEB91D3DF0DA,LOC_C818BF441C42,Malerkotla,PB,30.433163,76.063306,0.87,CRP_69E399851C84,cotton,CRP_C7952894B2A5,moong,MND_548773D47A30,0.883,True,agri_envelope_ring_v1,20260903,v0.1
FRM_3FB8F7E66682,LOC_C88AB96C53FD,Jind,HR,29.290507,76.038245,9.35,CRP_DE6C334339AC,wheat,CRP_288971671685,onion,MND_07DDCCA966AE,0.732,True,agri_envelope_ring_v1,20260903,v0.1
FRM_D969E55CACE5,LOC_031C0FB1BC63,Bareilly,UP,28.498624,79.517733,2.16,CRP_C7952894B2A5,moong,CRP_DE6C334339AC,wheat,MND_9AC86A6D5AEC,0.981,True,agri_envelope_ring_v1,20260903,v0.1
FRM_D013F8CDAE26,LOC_3100FC206BBD,Moga,PB,30.726444,75.018799,1.96,CRP_C7952894B2A5,moong,CRP_DE6C334339AC,wheat,MND_FE8D567E9001,0.729,True,agri_envelope_ring_v1,20260903,v0.1
FRM_5AB2F9DE4EDA,LOC_9321299690B5,Unnao,UP,26.379911,80.655138,0.3,CRP_D7A9EAD0B15C,barley,CRP_D955CA97E44D,maize,MND_301551655568,0.295,True,agri_envelope_ring_v1,20260903,v0.1
FRM_DF84EEF2C7B5,LOC_7DC7F0E5B524,Pathankot,PB,32.362032,75.677122,2.39,CRP_CAA75103C53B,gram,CRP_5ED728C2FA5D,tomato,MND_46CD786BC585,0.655,True,agri_envelope_ring_v1,20260903,v0.1
FRM_E349DC0CE88E,LOC_B0691966223F,Pilibhit,UP,28.489922,79.799406,0.42,CRP_4DDD4816119A,arhar,,,MND_9AC86A6D5AEC,0.893,True,agri_envelope_ring_v1,20260903,v0.1
FRM_925FEEFA113A,LOC_56293E8541FE,Moga,PB,30.764616,75.341365,2.14,CRP_69E399851C84,cotton,CRP_CAA75103C53B,gram,MND_784599D2DCF5,1.098,True,agri_envelope_ring_v1,20260903,v0.1
FRM_1F3EFB770752,LOC_8CED6FDB46B0,Mahendragarh,HR,28.28077,76.143301,1.04,CRP_8F398886C326,sunflower,CRP_28F945D9AC9C,bajra,MND_3F94E23EB0A5,1.156,True,agri_envelope_ring_v1,20260903,v0.1
FRM_BC67EE946EF6,LOC_DE39896A420B,Kapurthala,PB,31.215937,75.519518,1.65,CRP_352B5B6699D8,mustard,CRP_2554D1918FBC,paddy,MND_46CD786BC585,0.837,True,agri_envelope_ring_v1,20260903,v0.1
FRM_2FB681340133,LOC_F691003C80DE,Etawah,UP,26.970358,79.07169,1.55,CRP_2554D1918FBC,paddy,,,MND_316B3A33D09D,1.052,True,agri_envelope_ring_v1,20260903,v0.1
FRM_7C76855AE3F8,LOC_5CD1837277D8,Jhajjar,HR,28.735251,76.514204,4.59,CRP_E91C254AD588,potato,CRP_E2253B73169D,guar,MND_372DA5A01CDA,0.825,True,agri_envelope_ring_v1,20260903,v0.1
FRM_C92B7CF56C26,LOC_F691003C80DE,Etawah,UP,26.95821,79.111218,1.25,CRP_D955CA97E44D,maize,CRP_C7952894B2A5,moong,MND_316B3A33D09D,1.202,True,agri_envelope_ring_v1,20260903,v0.1
FRM_371B5E3A0CD5,LOC_A4ADDA9C3133,Tarn Taran,PB,31.507237,75.092426,3.29,CRP_352B5B6699D8,mustard,,,MND_E2F2E16B54CD,1.354,True,agri_envelope_ring_v1,20260903,v0.1
FRM_481DF0017A31,LOC_68D2FA5C59F3,Jalandhar,PB,31.246526,75.42459,3.39,CRP_5ED728C2FA5D,tomato,CRP_DE6C334339AC,wheat,MND_DA6DF57ACFEE,0.301,True,agri_envelope_ring_v1,20260903,v0.1
FRM_990E142A04A0,LOC_1D4362D32EE1,Sambhal,UP,28.574622,78.688758,4.15,CRP_E91C254AD588,potato,CRP_7CC27C59C145,urad,MND_B8828956892C,0.791,True,agri_envelope_ring_v1,20260903,v0.1
FRM_E0C63C191E1E,LOC_B630E2FA2D98,Aligarh,UP,28.045321,78.181856,0.76,CRP_7CC27C59C145,urad,CRP_C7952894B2A5,moong,MND_1BD2DF2540D5,2.091,True,agri_envelope_ring_v1,20260903,v0.1
FRM_E3363526EA35,LOC_616479F5D72D,Kapurthala,PB,31.231979,75.496362,1.24,CRP_DE6C334339AC,wheat,CRP_D7A9EAD0B15C,barley,MND_46CD786BC585,0.249,True,agri_envelope_ring_v1,20260903,v0.1
FRM_EA158DE86ED9,LOC_4C6786010384,Sambhal,UP,28.676223,78.651648,5.12,CRP_D7A9EAD0B15C,barley,CRP_BF35A2D3261F,cauliflower,MND_2E59AF542C18,0.473,True,agri_envelope_ring_v1,20260903,v0.1
FRM_B0B22318262D,LOC_C2A8913501B8,Yamunanagar,HR,30.215051,77.168961,14.64,CRP_5ED728C2FA5D,tomato,CRP_E2253B73169D,guar,MND_3F6468C86419,0.612,True,agri_envelope_ring_v1,20260903,v0.1
FRM_87A21D801B97,LOC_B86D995FA8C1,Sitapur,UP,27.467543,80.833847,2.36,CRP_352B5B6699D8,mustard,CRP_B2E55E456CF4,sugarcane,MND_954F0551D2D8,1.203,True,agri_envelope_ring_v1,20260903,v0.1
FRM_6C3AFB5D53FC,LOC_E291235DE4A4,Charkhi Dadri,HR,28.559396,76.401121,0.55,CRP_5ED728C2FA5D,tomato,CRP_D7A9EAD0B15C,barley,MND_F02880680127,0.908,True,agri_envelope_ring_v1,20260903,v0.1
FRM_1D910B99C7A3,LOC_0EE5FC5841BD,Kaithal,HR,29.822824,76.27483,1.73,CRP_7CC27C59C145,urad,,,MND_7491C25B20FE,1.141,True,agri_envelope_ring_v1,20260903,v0.1
FRM_62A3DC64E5A2,LOC_109E57D81710,Etawah,UP,26.961881,79.017068,1.91,CRP_7CC27C59C145,urad,,,MND_316B3A33D09D,1.031,True,agri_envelope_ring_v1,20260903,v0.1
FRM_DB636D19F0F5,LOC_C64559BC210D,Ambala,HR,30.275041,76.918303,0.31,CRP_2554D1918FBC,paddy,CRP_C7952894B2A5,moong,MND_9C5A213D03D2,0.554,True,agri_envelope_ring_v1,20260903,v0.1
FRM_3939CA7D6868,LOC_CA2DD1E9945E,Jalandhar,PB,31.225113,75.523617,1.24,CRP_8F398886C326,sunflower,CRP_CAA75103C53B,gram,MND_46CD786BC585,0.116,True,agri_envelope_ring_v1,20260903,v0.1
FRM_818981CEF2E7,LOC_B180371A26BB,Aligarh,UP,28.028907,78.124009,2.45,CRP_5ED728C2FA5D,tomato,CRP_DE6C334339AC,wheat,MND_1BD2DF2540D5,0.816,True,agri_envelope_ring_v1,20260903,v0.1
FRM_70BEFE5DD768,LOC_9745039C450C,Mainpuri,UP,27.265844,79.269085,7.72,CRP_E91C254AD588,potato,,,MND_9AC86A6D5AEC,0.482,True,agri_envelope_ring_v1,20260903,v0.1
FRM_D259E512CF1F,LOC_47F01FF23019,Fatehgarh Sahib,PB,30.76714,76.492508,7.38,CRP_E91C254AD588,potato,CRP_B2E55E456CF4,sugarcane,MND_D400EAD28DB3,1.062,True,agri_envelope_ring_v1,20260903,v0.1
FRM_E16DCCE246F1,LOC_13DC40CB1B38,Rohtak,HR,28.824633,76.670191,1.48,CRP_8F398886C326,sunflower,CRP_28F945D9AC9C,bajra,MND_372DA5A01CDA,0.691,True,agri_envelope_ring_v1,20260903,v0.1
FRM_965BF9DF952C,LOC_13393DA1C27D,Saharanpur,UP,29.849658,77.78656,3.61,CRP_DE6C334339AC,wheat,CRP_E91C254AD588,potato,MND_D5BFCB18509B,0.898,True,agri_envelope_ring_v1,20260903,v0.1
FRM_3F275EA4583C,LOC_27D0F9F4D953,Barnala,PB,30.353493,75.530112,0.71,CRP_69E399851C84,cotton,CRP_D7A9EAD0B15C,barley,MND_DEA1CD5F415B,0.117,True,agri_envelope_ring_v1,20260903,v0.1
FRM_FD5BC13C631F,LOC_B2D5E4664374,Sirsa,HR,29.770382,74.910188,3.39,CRP_2554D1918FBC,paddy,CRP_69E399851C84,cotton,MND_5C10FF171343,1.713,True,agri_envelope_ring_v1,20260903,v0.1
FRM_E4FEDF795FF3,LOC_3CBD0E793CF4,Fatehabad,HR,29.264384,75.611435,1.0,CRP_28F945D9AC9C,bajra,,,MND_07DDCCA966AE,1.197,True,agri_envelope_ring_v1,20260903,v0.1
FRM_3C6A28F6047F,LOC_DB4194114CBE,Prayagraj,UP,25.275467,82.150943,2.22,CRP_D955CA97E44D,maize,,,MND_EE2349EB6FB3,0.504,True,agri_envelope_ring_v1,20260903,v0.1
FRM_0E69C90F771C,LOC_62490A6BA2B3,Sambhal,UP,28.655416,78.641955,3.02,CRP_28F945D9AC9C,bajra,CRP_2554D1918FBC,paddy,MND_B8828956892C,1.236,True,agri_envelope_ring_v1,20260903,v0.1
FRM_9C7BA9C06A08,LOC_F3E4F1EEA810,Pathankot,PB,32.096688,75.536347,0.39,CRP_D955CA97E44D,maize,CRP_69E399851C84,cotton,MND_46CD786BC585,1.172,True,agri_envelope_ring_v1,20260903,v0.1
FRM_453580A4C7E1,LOC_D879F644CD06,Sangrur,PB,30.283847,75.558034,0.39,CRP_69E399851C84,cotton,,,MND_DEA1CD5F415B,1.794,True,agri_envelope_ring_v1,20260903,v0.1
FRM_3F71E6F920D0,LOC_29B8715362AE,Kapurthala,PB,31.47994,75.547261,0.2,CRP_B2E55E456CF4,sugarcane,CRP_C7952894B2A5,moong,MND_46CD786BC585,1.027,True,agri_envelope_ring_v1,20260903,v0.1
FRM_428319BDF089,LOC_7AFDF4F8CF27,Faridabad,HR,28.422876,77.215708,0.85,CRP_E91C254AD588,potato,CRP_E2253B73169D,guar,MND_96A0566277F9,0.583,True,agri_envelope_ring_v1,20260903,v0.1
FRM_FB3650DD8248,LOC_71CBAF565B86,Gurdaspur,PB,31.810963,75.449736,2.57,CRP_E91C254AD588,potato,,,MND_46CD786BC585,0.634,True,agri_envelope_ring_v1,20260903,v0.1
FRM_8B197D31667B,LOC_194C714F40DB,Mahendragarh,HR,28.285824,76.070277,0.71,CRP_8F398886C326,sunflower,CRP_E2253B73169D,guar,MND_F02880680127,0.392,True,agri_envelope_ring_v1,20260903,v0.1
FRM_686463438A06,LOC_2A0DC1141588,Gorakhpur,UP,26.837087,83.538864,0.47,CRP_CAA75103C53B,gram,CRP_7CC27C59C145,urad,MND_362E0E09CB0D,1.009,True,agri_envelope_ring_v1,20260903,v0.1
FRM_16D80654EE97,LOC_670E890B68C5,Sambhal,UP,28.556492,78.658663,1.46,CRP_2554D1918FBC,paddy,CRP_E91C254AD588,potato,MND_B8828956892C,0.21,True,agri_envelope_ring_v1,20260903,v0.1
FRM_EB341ED6DEC0,LOC_E06ACAE374C4,Agra,UP,27.271318,77.94964,3.94,CRP_D955CA97E44D,maize,,,MND_316B3A33D09D,1.034,True,agri_envelope_ring_v1,20260903,v0.1
FRM_65DE234005F4,LOC_A4CF80F0206A,Patiala,PB,30.568539,76.32877,0.36,CRP_69E399851C84,cotton,CRP_C7952894B2A5,moong,MND_3F6468C86419,0.203,True,agri_envelope_ring_v1,20260903,v0.1
FRM_59AE9BECA5F7,LOC_EA66A71C0E23,Moga,PB,30.790525,75.304196,2.62,CRP_352B5B6699D8,mustard,,,MND_FE8D567E9001,1.628,True,agri_envelope_ring_v1,20260903,v0.1
FRM_8B182C7B0242,LOC_8E40E8997824,Unnao,UP,26.593985,80.638187,0.68,CRP_5ED728C2FA5D,tomato,CRP_E91C254AD588,potato,MND_301551655568,1.255,True,agri_envelope_ring_v1,20260903,v0.1
FRM_B97C8997749C,LOC_A53A6E236EA7,Malerkotla,PB,30.577216,75.821933,0.61,CRP_B2E55E456CF4,sugarcane,,,MND_DA6DF57ACFEE,0.089,True,agri_envelope_ring_v1,20260903,v0.1
FRM_E300873BD75F,LOC_BBA75C3793F7,Lucknow,UP,26.893159,80.779056,2.79,CRP_CAA75103C53B,gram,CRP_2554D1918FBC,paddy,MND_F0BDDB3CC08D,0.197,True,agri_envelope_ring_v1,20260903,v0.1
FRM_8F7B0CE92653,LOC_40BD2833418B,Barabanki,UP,27.066792,81.086533,2.99,CRP_352B5B6699D8,mustard,CRP_28F945D9AC9C,bajra,MND_F0BDDB3CC08D,1.314,True,agri_envelope_ring_v1,20260903,v0.1
FRM_7689BF7703FD,LOC_719EE7AE9AD6,Fatehgarh Sahib,PB,30.663876,76.5387,2.05,CRP_E91C254AD588,potato,CRP_B2E55E456CF4,sugarcane,MND_D400EAD28DB3,1.63,True,agri_envelope_ring_v1,20260903,v0.1
FRM_EB00E3DFB8E4,LOC_185A866D793C,Meerut,UP,28.92314,77.885928,2.17,CRP_2554D1918FBC,paddy,CRP_28F945D9AC9C,bajra,MND_596F86458307,0.989,True,agri_envelope_ring_v1,20260903,v0.1
FRM_12B09B40C484,LOC_DF0F68099BD4,Shahjahanpur,UP,27.726192,79.996913,2.64,CRP_4DDD4816119A,arhar,,,MND_954F0551D2D8,0.934,True,agri_envelope_ring_v1,20260903,v0.1
FRM_2C24CA025834,LOC_07D6DEBC0DB4,Yamunanagar,HR,30.209653,77.279547,5.36,CRP_BF35A2D3261F,cauliflower,,,MND_D5BFCB18509B,0.066,True,agri_envelope_ring_v1,20260903,v0.1
FRM_ADDAC7430198,LOC_3187FC77AE04,Unnao,UP,26.388594,80.605881,3.85,CRP_352B5B6699D8,mustard,CRP_D7A9EAD0B15C,barley,MND_954F0551D2D8,0.255,True,agri_envelope_ring_v1,20260903,v0.1
FRM_2F65C4718647,LOC_FDC93775A619,Fatehabad,HR,29.59533,75.272691,4.23,CRP_28F945D9AC9C,bajra,,,MND_4427C76F4F6F,0.199,True,agri_envelope_ring_v1,20260903,v0.1
FRM_982C21E83CE0,LOC_05BBB44F679B,Nawanshahr,PB,31.084027,76.173274,2.2,CRP_E91C254AD588,potato,CRP_DE6C334339AC,wheat,MND_D400EAD28DB3,0.722,True,agri_envelope_ring_v1,20260903,v0.1
FRM_E6ADA6DDFBF4,LOC_A7BF3BFDEA26,Muktsar,PB,30.305677,74.554335,0.63,CRP_5ED728C2FA5D,tomato,CRP_D955CA97E44D,maize,MND_AE02C36E7ACD,0.424,True,agri_envelope_ring_v1,20260903,v0.1
FRM_7511811A1AF5,LOC_D75B815E8A85,Gorakhpur,UP,26.920521,83.252066,1.1,CRP_288971671685,onion,CRP_C7952894B2A5,moong,MND_362E0E09CB0D,1.687,True,agri_envelope_ring_v1,20260903,v0.1
FRM_7C11A0CB4BA0,LOC_4A1E347C6F2B,Hisar,HR,28.972662,75.642053,7.73,CRP_C7952894B2A5,moong,CRP_DE6C334339AC,wheat,MND_CB2E88CD3113,1.615,True,agri_envelope_ring_v1,20260903,v0.1
FRM_3EC3E8FA6A11,LOC_59542E8EE11E,Hardoi,UP,27.522844,80.240985,0.78,CRP_5ED728C2FA5D,tomato,CRP_CAA75103C53B,gram,MND_954F0551D2D8,1.475,True,agri_envelope_ring_v1,20260903,v0.1
FRM_E4D1F21E29C1,LOC_10EF45002501,Sitapur,UP,27.394238,80.856407,1.06,CRP_28F945D9AC9C,bajra,,,MND_954F0551D2D8,0.723,True,agri_envelope_ring_v1,20260903,v0.1
FRM_B512CFC31A86,LOC_FBEC4FC1D18E,Patiala,PB,30.29238,76.494038,0.89,CRP_CAA75103C53B,gram,CRP_DE6C334339AC,wheat,MND_9AE87167EF0F,0.53,True,agri_envelope_ring_v1,20260903,v0.1
FRM_871DB3456480,LOC_0163623C3753,Barnala,PB,30.241089,75.533954,1.43,CRP_E91C254AD588,potato,CRP_D955CA97E44D,maize,MND_DEA1CD5F415B,0.683,True,agri_envelope_ring_v1,20260903,v0.1
FRM_62771FD7A2FE,LOC_95F45E3D0D30,Barnala,PB,30.216156,75.508696,3.09,CRP_2554D1918FBC,paddy,,,MND_DEA1CD5F415B,1.04,True,agri_envelope_ring_v1,20260903,v0.1
FRM_12B5F65282E7,LOC_ED792703519C,Fazilka,PB,30.233699,73.904924,0.55,CRP_CAA75103C53B,gram,CRP_DE6C334339AC,wheat,MND_AE02C36E7ACD,1.947,True,agri_envelope_ring_v1,20260903,v0.1
FRM_55261977A64A,LOC_FFEA987136C8,Hathras,UP,27.524501,78.20936,0.75,CRP_288971671685,onion,CRP_5ED728C2FA5D,tomato,MND_316B3A33D09D,1.289,True,agri_envelope_ring_v1,20260903,v0.1
FRM_27959EF275AE,LOC_EBB5BFB4ED0F,Etah,UP,27.488388,78.62143,1.82,CRP_D7A9EAD0B15C,barley,CRP_7CC27C59C145,urad,MND_1BD2DF2540D5,1.358,True,agri_envelope_ring_v1,20260903,v0.1
FRM_ED3BBA9637F3,LOC_5FE96EA7BCE6,Ambala,HR,30.533669,76.823706,0.35,CRP_BF35A2D3261F,cauliflower,CRP_7CC27C59C145,urad,MND_3F6468C86419,0.275,True,agri_envelope_ring_v1,20260903,v0.1
FRM_776040EC7FCE,LOC_9A4C653BFEF1,Jind,HR,29.314858,76.089146,0.27,CRP_CAA75103C53B,gram,CRP_B2E55E456CF4,sugarcane,MND_07DDCCA966AE,0.289,True,agri_envelope_ring_v1,20260903,v0.1
FRM_A61BC0CE9D6E,LOC_B36189C08E92,Hapur,UP,28.845224,77.733204,2.21,CRP_CAA75103C53B,gram,CRP_B2E55E456CF4,sugarcane,MND_96D277426B8A,1.234,True,agri_envelope_ring_v1,20260903,v0.1
FRM_8948145766CB,LOC_C9C325A9A4EC,Muzaffarnagar,UP,29.476357,77.523232,8.75,CRP_C7952894B2A5,moong,CRP_4DDD4816119A,arhar,MND_C163C6E4A832,1.658,True,agri_envelope_ring_v1,20260903,v0.1
FRM_3D80ECD46F40,LOC_13EA26A2DB59,Kapurthala,PB,31.421885,75.574761,3.82,CRP_D7A9EAD0B15C,barley,CRP_B2E55E456CF4,sugarcane,MND_784599D2DCF5,0.645,True,agri_envelope_ring_v1,20260903,v0.1
FRM_3F64FAE80835,LOC_D697378AC6FF,Mainpuri,UP,27.116444,78.939627,4.03,CRP_DE6C334339AC,wheat,CRP_4DDD4816119A,arhar,MND_316B3A33D09D,0.404,True,agri_envelope_ring_v1,20260903,v0.1
FRM_34AB764F957D,LOC_2885F3CFFE81,Etah,UP,27.48772,78.692058,6.01,CRP_4DDD4816119A,arhar,CRP_BF35A2D3261F,cauliflower,MND_1BD2DF2540D5,0.251,True,agri_envelope_ring_v1,20260903,v0.1
FRM_34CE14518153,LOC_5C26062926AD,Jind,HR,29.309198,76.037114,1.11,CRP_D7A9EAD0B15C,barley,CRP_352B5B6699D8,mustard,MND_07DDCCA966AE,2.42,True,agri_envelope_ring_v1,20260903,v0.1
FRM_F75AC5256B11,LOC_E561CC0C15EA,Faridkot,PB,30.521551,74.720418,7.57,CRP_69E399851C84,cotton,,,MND_AE02C36E7ACD,0.968,True,agri_envelope_ring_v1,20260903,v0.1
FRM_F3248E337B95,LOC_1E96754F1B7E,Fazilka,PB,30.170892,73.989738,2.83,CRP_D955CA97E44D,maize,CRP_D7A9EAD0B15C,barley,MND_AE02C36E7ACD,0.523,True,agri_envelope_ring_v1,20260903,v0.1
FRM_5305B1C1D755,LOC_B2565FD761F3,Ferozepur,PB,31.076104,74.638012,1.62,CRP_D7A9EAD0B15C,barley,CRP_352B5B6699D8,mustard,MND_FE8D567E9001,0.807,True,agri_envelope_ring_v1,20260903,v0.1
FRM_A2206B40DFE3,LOC_87B589ACAA23,Nuh,HR,28.126164,76.950788,1.5,CRP_352B5B6699D8,mustard,CRP_288971671685,onion,MND_3F94E23EB0A5,1.03,True,agri_envelope_ring_v1,20260903,v0.1
FRM_D9A80BF876AA,LOC_30566802A547,Etawah,UP,26.852182,78.77558,0.78,CRP_BF35A2D3261F,cauliflower,CRP_CAA75103C53B,gram,MND_1BD2DF2540D5,1.1,True,agri_envelope_ring_v1,20260903,v0.1
FRM_4FEE71BA98E1,LOC_F16CC0CBC07A,Yamunanagar,HR,30.137634,77.089068,1.55,CRP_E91C254AD588,potato,CRP_352B5B6699D8,mustard,MND_3F6468C86419,1.289,True,agri_envelope_ring_v1,20260903,v0.1
FRM_C50916FCC3B0,LOC_9E49EE31D5CE,Kapurthala,PB,31.374938,75.579633,0.88,CRP_DE6C334339AC,wheat,CRP_C7952894B2A5,moong,MND_46CD786BC585,1.451,True,agri_envelope_ring_v1,20260903,v0.1
FRM_97E65DC75746,LOC_3A4533B938C2,Baghpat,UP,29.043762,77.097379,5.04,CRP_D7A9EAD0B15C,barley,CRP_288971671685,onion,MND_538E435A4360,0.667,True,agri_envelope_ring_v1,20260903,v0.1
FRM_C002BF9DEB7B,LOC_629E410620A6,Fatehgarh Sahib,PB,30.693041,76.323779,3.09,CRP_C7952894B2A5,moong,CRP_8F398886C326,sunflower,MND_9AE87167EF0F,1.429,True,agri_envelope_ring_v1,20260903,v0.1
FRM_3B923E818FA6,LOC_DFA295AA1D53,Mahendragarh,HR,28.278139,75.986381,1.25,CRP_5ED728C2FA5D,tomato,CRP_BF35A2D3261F,cauliflower,MND_F02880680127,1.158,True,agri_envelope_ring_v1,20260903,v0.1
FRM_2BF86F944DF0,LOC_4A1C12FAA7FF,Bijnor,UP,29.318102,78.309793,2.6,CRP_352B5B6699D8,mustard,,,MND_05333875B51A,0.547,True,agri_envelope_ring_v1,20260903,v0.1
FRM_9C6F785A600D,LOC_45A1302593E1,Meerut,UP,29.129359,77.740359,3.67,CRP_5ED728C2FA5D,tomato,,,MND_596F86458307,0.354,True,agri_envelope_ring_v1,20260903,v0.1
FRM_434E5F910D69,LOC_60889CC51F28,Etawah,UP,26.966656,79.195259,2.09,CRP_DE6C334339AC,wheat,CRP_5ED728C2FA5D,tomato,MND_316B3A33D09D,0.554,True,agri_envelope_ring_v1,20260903,v0.1
FRM_E2D3BB24C9B9,LOC_30DB022483EF,Bijnor,UP,29.35119,78.242707,1.93,CRP_D7A9EAD0B15C,barley,CRP_4DDD4816119A,arhar,MND_B8828956892C,1.491,True,agri_envelope_ring_v1,20260903,v0.1
FRM_7A75516425FA,LOC_CDA88C8D2303,Gurdaspur,PB,32.007044,75.310896,6.78,CRP_E91C254AD588,potato,CRP_352B5B6699D8,mustard,MND_E2F2E16B54CD,0.511,True,agri_envelope_ring_v1,20260903,v0.1
FRM_C6C85047A1CB,LOC_2BF2B4B2734E,Bareilly,UP,28.481975,79.201053,3.43,CRP_BF35A2D3261F,cauliflower,,,MND_9AC86A6D5AEC,0.624,True,agri_envelope_ring_v1,20260903,v0.1
FRM_378AE3C61101,LOC_1162988D1108,Gorakhpur,UP,26.658683,83.525023,2.48,CRP_5ED728C2FA5D,tomato,CRP_2554D1918FBC,paddy,MND_362E0E09CB0D,0.818,True,agri_envelope_ring_v1,20260903,v0.1
FRM_0B5023C86DE7,LOC_3C0C20D331FC,Hathras,UP,27.62938,78.189616,3.59,CRP_28F945D9AC9C,bajra,CRP_BF35A2D3261F,cauliflower,MND_316B3A33D09D,0.679,True,agri_envelope_ring_v1,20260903,v0.1
FRM_9F47AFBE9948,LOC_A5020F210CCB,Nawanshahr,PB,30.973823,76.208748,2.19,CRP_CAA75103C53B,gram,,,MND_D3D37BB2E2D7,0.949,True,agri_envelope_ring_v1,20260903,v0.1
FRM_EC13E995DDD6,LOC_DCE21A36E804,Mahendragarh,HR,28.396361,75.998146,1.12,CRP_5ED728C2FA5D,tomato,CRP_E91C254AD588,potato,MND_F02880680127,2.392,True,agri_envelope_ring_v1,20260903,v0.1
FRM_F6584CA46F03,LOC_F9DAD14D407F,Hathras,UP,27.462851,78.066818,0.45,CRP_CAA75103C53B,gram,CRP_5ED728C2FA5D,tomato,MND_316B3A33D09D,0.887,True,agri_envelope_ring_v1,20260903,v0.1
FRM_F15337D90DCF,LOC_777FF498DA07,Jalandhar,PB,31.352109,75.532615,1.33,CRP_8F398886C326,sunflower,,,MND_46CD786BC585,0.77,True,agri_envelope_ring_v1,20260903,v0.1
FRM_5D75FAA9D50A,LOC_8FC459C90F95,Ambala,HR,30.189219,76.954155,2.67,CRP_69E399851C84,cotton,CRP_BF35A2D3261F,cauliflower,MND_3F6468C86419,0.545,True,agri_envelope_ring_v1,20260903,v0.1
FRM_6ED5DD84B37A,LOC_6F57A4C6E834,Agra,UP,26.993831,78.304846,0.87,CRP_B2E55E456CF4,sugarcane,,,MND_5B5C6B926181,0.461,True,agri_envelope_ring_v1,20260903,v0.1
FRM_9A6CA3E6C9D6,LOC_2125A11F87E9,Kurukshetra,HR,29.963115,76.672013,1.5,CRP_D7A9EAD0B15C,barley,,,MND_3F6468C86419,1.755,True,agri_envelope_ring_v1,20260903,v0.1
FRM_91F3C714C597,LOC_08F4FDF47329,Muzaffarnagar,UP,29.507118,77.910456,0.88,CRP_E91C254AD588,potato,CRP_D955CA97E44D,maize,MND_05333875B51A,0.856,True,agri_envelope_ring_v1,20260903,v0.1
FRM_A01C44B09C70,LOC_2A301462DD49,Patiala,PB,30.243718,76.451918,9.2,CRP_5ED728C2FA5D,tomato,,,MND_3F6468C86419,0.486,True,agri_envelope_ring_v1,20260903,v0.1
FRM_AF0BC11165E0,LOC_ACE77ACAB0D1,Rewari,HR,28.044947,76.666962,0.88,CRP_7CC27C59C145,urad,CRP_5ED728C2FA5D,tomato,MND_3F94E23EB0A5,1.296,True,agri_envelope_ring_v1,20260903,v0.1
FRM_E3F2EAF80071,LOC_6F2815EA427C,Bulandshahr,UP,28.527181,77.910361,0.97,CRP_5ED728C2FA5D,tomato,CRP_4DDD4816119A,arhar,MND_596F86458307,0.483,True,agri_envelope_ring_v1,20260903,v0.1
FRM_C177ECBE1D0D,LOC_FB78B1ECE4B2,Malerkotla,PB,30.590822,75.778414,1.49,CRP_D955CA97E44D,maize,CRP_DE6C334339AC,wheat,MND_DEA1CD5F415B,1.146,True,agri_envelope_ring_v1,20260903,v0.1
FRM_4577C3DD6AEC,LOC_23AC7DA9CC89,Barnala,PB,30.469127,75.523675,3.58,CRP_D955CA97E44D,maize,CRP_8F398886C326,sunflower,MND_548773D47A30,1.365,True,agri_envelope_ring_v1,20260903,v0.1
FRM_BD9BA68FB58E,LOC_15BA98C5FFB8,Bareilly,UP,28.43594,79.210345,2.87,CRP_288971671685,onion,CRP_2554D1918FBC,paddy,MND_9AC86A6D5AEC,1.172,True,agri_envelope_ring_v1,20260903,v0.1
FRM_A7499AA0F97A,LOC_A93DC629E968,Jind,HR,29.342089,76.073636,3.74,CRP_2554D1918FBC,paddy,CRP_E91C254AD588,potato,MND_F02880680127,1.522,True,agri_envelope_ring_v1,20260903,v0.1
FRM_76ED30C4C274,LOC_B8E82BA5855B,Prayagraj,UP,25.311959,81.961588,2.95,CRP_D955CA97E44D,maize,CRP_DE6C334339AC,wheat,MND_EE2349EB6FB3,1.443,True,agri_envelope_ring_v1,20260903,v0.1
FRM_FF3F79B76A96,LOC_9DB11A399615,Baghpat,UP,28.904993,77.441756,0.91,CRP_352B5B6699D8,mustard,CRP_D955CA97E44D,maize,MND_4217655002FF,1.043,True,agri_envelope_ring_v1,20260903,v0.1
FRM_975B3A1724B7,LOC_7FABE930A841,Sangrur,PB,30.30142,75.575337,0.64,CRP_CAA75103C53B,gram,CRP_E91C254AD588,potato,MND_DEA1CD5F415B,1.677,True,agri_envelope_ring_v1,20260903,v0.1
FRM_2C1269E8FF2F,LOC_A0A013E6E4B6,Nawanshahr,PB,31.105991,76.180625,3.98,CRP_E91C254AD588,potato,CRP_2554D1918FBC,paddy,MND_DA6DF57ACFEE,0.856,True,agri_envelope_ring_v1,20260903,v0.1
FRM_1DDE26F31442,LOC_4336203858D1,Meerut,UP,28.761699,77.723218,0.77,CRP_BF35A2D3261F,cauliflower,,,MND_4217655002FF,0.459,True,agri_envelope_ring_v1,20260903,v0.1
FRM_EAF70E942E35,LOC_62A3444B1071,Bathinda,PB,30.277418,74.789054,2.65,CRP_8F398886C326,sunflower,CRP_B2E55E456CF4,sugarcane,MND_AE02C36E7ACD,1.123,True,agri_envelope_ring_v1,20260903,v0.1
FRM_B1AE9AEF82BA,LOC_6CEACC372182,Varanasi,UP,25.50825,83.075434,0.97,CRP_BF35A2D3261F,cauliflower,CRP_5ED728C2FA5D,tomato,MND_EE2349EB6FB3,0.192,True,agri_envelope_ring_v1,20260903,v0.1
FRM_3059E9184AA4,LOC_32ADF0295524,Ferozepur,PB,31.098733,74.703456,8.01,CRP_B2E55E456CF4,sugarcane,CRP_D955CA97E44D,maize,MND_FE8D567E9001,1.839,True,agri_envelope_ring_v1,20260903,v0.1
FRM_5432B12916CB,LOC_C60CB9C5A001,Gurugram,HR,28.533491,77.084341,0.59,CRP_CAA75103C53B,gram,CRP_28F945D9AC9C,bajra,MND_A59F6598A624,0.78,True,agri_envelope_ring_v1,20260903,v0.1
FRM_F643588723A3,LOC_2DD8759B2434,Sirsa,HR,29.742984,74.884811,1.83,CRP_E91C254AD588,potato,CRP_8F398886C326,sunflower,MND_5C10FF171343,1.369,True,agri_envelope_ring_v1,20260903,v0.1
FRM_A34547E4EE1D,LOC_9B3FB2D0B676,Sambhal,UP,28.386582,78.557732,0.31,CRP_CAA75103C53B,gram,CRP_D955CA97E44D,maize,MND_2E59AF542C18,0.856,True,agri_envelope_ring_v1,20260903,v0.1
FRM_70EE8C453C91,LOC_295AB7B6EA4E,Kanpur Nagar,UP,26.422249,80.405548,2.91,CRP_CAA75103C53B,gram,CRP_4DDD4816119A,arhar,MND_9AC86A6D5AEC,0.185,True,agri_envelope_ring_v1,20260903,v0.1
FRM_22396AE25163,LOC_7B1E8D38A718,Ludhiana,PB,31.08695,75.814802,1.07,CRP_D955CA97E44D,maize,CRP_8F398886C326,sunflower,MND_DA6DF57ACFEE,1.268,True,agri_envelope_ring_v1,20260903,v0.1
FRM_E57B72DFA005,LOC_B4D3EADA7052,Jind,HR,29.254025,76.598848,0.47,CRP_8F398886C326,sunflower,,,MND_07DDCCA966AE,0.302,True,agri_envelope_ring_v1,20260903,v0.1
FRM_356D0B5F0AD7,LOC_4AFD7BB1CD5E,Nuh,HR,27.968802,77.000354,0.34,CRP_28F945D9AC9C,bajra,,,MND_BBFD6D659730,0.487,True,agri_envelope_ring_v1,20260903,v0.1
FRM_97DC71376714,LOC_7D76DCC1F980,Hardoi,UP,27.590074,80.216552,0.83,CRP_352B5B6699D8,mustard,CRP_2554D1918FBC,paddy,MND_954F0551D2D8,0.226,True,agri_envelope_ring_v1,20260903,v0.1
FRM_40612264BF1E,LOC_98ACD2715DB8,Jind,HR,29.548514,76.454709,1.61,CRP_69E399851C84,cotton,CRP_7CC27C59C145,urad,MND_7491C25B20FE,0.857,True,agri_envelope_ring_v1,20260903,v0.1
FRM_4DDEE235ED94,LOC_F6244EF457E4,Gurdaspur,PB,31.931324,75.441487,1.87,CRP_D7A9EAD0B15C,barley,CRP_69E399851C84,cotton,MND_46CD786BC585,0.487,True,agri_envelope_ring_v1,20260903,v0.1
FRM_14C8543147CF,LOC_BBA75C3793F7,Lucknow,UP,26.880193,80.7635,2.56,CRP_352B5B6699D8,mustard,CRP_B2E55E456CF4,sugarcane,MND_F0BDDB3CC08D,1.649,True,agri_envelope_ring_v1,20260903,v0.1
FRM_7DAC51FC2D87,LOC_984161DEC2B0,Kanpur Dehat,UP,26.47214,79.859325,0.2,CRP_BF35A2D3261F,cauliflower,,,MND_301551655568,1.242,True,agri_envelope_ring_v1,20260903,v0.1
FRM_056CA01257CB,LOC_AC4BDC94B47D,Mansa,PB,29.839309,75.309716,2.27,CRP_CAA75103C53B,gram,CRP_E91C254AD588,potato,MND_BA2F125FAB06,1.626,True,agri_envelope_ring_v1,20260903,v0.1
FRM_71397C6AFF53,LOC_B3FD23F48A42,Gurugram,HR,28.454994,77.060647,0.89,CRP_7CC27C59C145,urad,,,MND_A59F6598A624,1.537,True,agri_envelope_ring_v1,20260903,v0.1
FRM_5CE4CD8B22D3,LOC_BF196005B9CC,Varanasi,UP,25.227131,82.946585,2.25,CRP_D7A9EAD0B15C,barley,CRP_B2E55E456CF4,sugarcane,MND_EE2349EB6FB3,1.142,True,agri_envelope_ring_v1,20260903,v0.1
FRM_E2995448C277,LOC_3FA7C10B9B0D,Shamli,UP,29.406281,77.420778,2.12,CRP_352B5B6699D8,mustard,CRP_B2E55E456CF4,sugarcane,MND_C163C6E4A832,1.606,True,agri_envelope_ring_v1,20260903,v0.1
FRM_2B648CD0D759,LOC_B86D995FA8C1,Sitapur,UP,27.44151,80.855813,3.71,CRP_D7A9EAD0B15C,barley,CRP_C7952894B2A5,moong,MND_954F0551D2D8,0.257,True,agri_envelope_ring_v1,20260903,v0.1
FRM_68C0B8FC0B7F,LOC_BA3D8F5261A0,Jind,HR,29.584874,76.438834,1.16,CRP_B2E55E456CF4,sugarcane,CRP_69E399851C84,cotton,MND_7491C25B20FE,0.421,True,agri_envelope_ring_v1,20260903,v0.1
FRM_0833EBD8CE7E,LOC_62B00CEF3018,Karnal,HR,29.606028,76.922195,1.24,CRP_2554D1918FBC,paddy,,,MND_C163C6E4A832,0.907,True,agri_envelope_ring_v1,20260903,v0.1
FRM_6755C6697A58,LOC_4C8C55F8EA2F,Lucknow,UP,26.861495,80.888742,2.18,CRP_E91C254AD588,potato,CRP_BF35A2D3261F,cauliflower,MND_F0BDDB3CC08D,0.744,True,agri_envelope_ring_v1,20260903,v0.1
FRM_215082F20ADB,LOC_D7E16EE1F662,Budaun,UP,28.024364,78.987972,1.62,CRP_2554D1918FBC,paddy,CRP_CAA75103C53B,gram,MND_1BD2DF2540D5,0.085,True,agri_envelope_ring_v1,20260903,v0.1
FRM_1EE1A7DA21AB,LOC_A89E52C3682A,Mathura,UP,27.328845,77.683662,1.32,CRP_2554D1918FBC,paddy,CRP_B2E55E456CF4,sugarcane,MND_5B5C6B926181,0.748,True,agri_envelope_ring_v1,20260903,v0.1
FRM_21AA274F961E,LOC_BC441C1982A8,Hathras,UP,27.483387,78.153768,1.39,CRP_C7952894B2A5,moong,CRP_D7A9EAD0B15C,barley,MND_316B3A33D09D,1.104,True,agri_envelope_ring_v1,20260903,v0.1
FRM_ECD013CE6DD7,LOC_91D21D7C666E,Fatehabad,HR,29.253622,75.526464,1.59,CRP_D7A9EAD0B15C,barley,CRP_BF35A2D3261F,cauliflower,MND_CB2E88CD3113,0.695,True,agri_envelope_ring_v1,20260903,v0.1
FRM_77671A2D750B,LOC_4C46458F680A,Patiala,PB,30.478586,76.399302,4.51,CRP_2554D1918FBC,paddy,CRP_B2E55E456CF4,sugarcane,MND_D400EAD28DB3,1.131,True,agri_envelope_ring_v1,20260903,v0.1
FRM_4FCF22C21491,LOC_B3D6C4A5ACCC,Jhajjar,HR,28.567367,76.90887,2.69,CRP_CAA75103C53B,gram,,,MND_50FC19D7AEC4,1.022,True,agri_envelope_ring_v1,20260903,v0.1
FRM_FD87B6488044,LOC_21D22EB8BAC2,Muzaffarnagar,UP,29.639918,77.730564,0.8,CRP_CAA75103C53B,gram,CRP_352B5B6699D8,mustard,MND_05333875B51A,0.174,True,agri_envelope_ring_v1,20260903,v0.1
FRM_B65BA612A01A,LOC_FB78B1ECE4B2,Malerkotla,PB,30.593179,75.799657,1.36,CRP_D7A9EAD0B15C,barley,,,MND_DA6DF57ACFEE,0.19,True,agri_envelope_ring_v1,20260903,v0.1
FRM_B544E004927E,LOC_2CCC9838261F,Etah,UP,27.501273,78.673802,1.82,CRP_4DDD4816119A,arhar,CRP_2554D1918FBC,paddy,MND_1BD2DF2540D5,0.37,True,agri_envelope_ring_v1,20260903,v0.1
FRM_CEF9AC3286C3,LOC_F50EDDEAA261,Mahendragarh,HR,28.403774,75.991769,2.83,CRP_B2E55E456CF4,sugarcane,CRP_CAA75103C53B,gram,MND_F02880680127,1.215,True,agri_envelope_ring_v1,20260903,v0.1
FRM_8A4A18872066,LOC_826B93BA1ED4,Amroha,UP,28.990559,78.289447,1.44,CRP_DE6C334339AC,wheat,,,MND_B8828956892C,0.122,True,agri_envelope_ring_v1,20260903,v0.1
FRM_9B5925B2818B,LOC_87F13CC7447F,Amroha,UP,28.941139,78.405328,6.95,CRP_BF35A2D3261F,cauliflower,,,MND_96D277426B8A,1.195,True,agri_envelope_ring_v1,20260903,v0.1
