instance_id,instance_hash,problem_type,size_band,depot_location_id,district,state_code,n_customers,n_vehicles,truck_ids,capacity_constraint,fleet_capacity_kg,total_demand_kg,capacity_feasible,time_window_constraint,pickup_delivery_constraint,circular_return_constraint,objective_weights_json,cost_snapshot_id,scenario_id,graph_version,quantum_ready,estimated_qubits_permutation,split,seed,dataset_version,split_reason
INS_A9CA499BC8FF,b96b2492cc41923c,TSP,quantum,LOC_487C12AA952A,Jind,HR,3,1,TRK_8F1CA5203CBE,15360.0,15360.0,900.0,True,True,False,True,"{""circular_bonus"": -1.1, ""distance_km"": 1.0, ""empty_km"": 0.85, ""fuel_inr"": 0.01, ""risk"": 12.0, ""time_min"": 0.35, ""toll_inr"": 0.01}",CST_48011250D4FB,SCN_BASELINE,g1,True,16,validation,20260903,v0.1,hash_bucket
INS_E8979E020185,e9e47a520db579e6,PDP,quantum,LOC_DA9770705B86,South West Delhi,DL,6,1,TRK_017DA12B162E,31980.0,31980.0,79820.0,False,True,True,False,"{""circular_bonus"": -1.1, ""distance_km"": 1.0, ""empty_km"": 0.85, ""fuel_inr"": 0.01, ""risk"": 12.0, ""time_min"": 0.35, ""toll_inr"": 0.01}",CST_48011250D4FB,SCN_BASELINE,g1,False,49,test,20260903,v0.1,hash_bucket
INS_813A617DE2A0,870650a27ae4bf3b,PDP,quantum,LOC_5775AEDC7A87,Kanpur Nagar,UP,7,1,TRK_8B0A48041C1C,17490.0,17490.0,7650.0,True,True,True,False,"{""circular_bonus"": -1.1, ""distance_km"": 1.0, ""empty_km"": 0.85, ""fuel_inr"": 0.01, ""risk"": 12.0, ""time_min"": 0.35, ""toll_inr"": 0.01}",CST_48011250D4FB,SCN_BASELINE,g1,False,64,test,20260903,v0.1,hash_bucket
INS_6FA7181B8A48,8f33173fe3f1c02b,PDP,quantum,LOC_27273A6A3299,Shamli,UP,6,1,TRK_4FF849112E23,13040.0,13040.0,5780.0,True,True,True,True,"{""circular_bonus"": -1.1, ""distance_km"": 1.0, ""empty_km"": 0.85, ""fuel_inr"": 0.01, ""risk"": 12.0, ""time_min"": 0.35, ""toll_inr"": 0.01}",CST_48011250D4FB,SCN_BASELINE,g1,False,49,train,20260903,v0.1,hash_bucket
INS_9D106710EE96,5a71a638bfc026b6,PDP,quantum,LOC_443EF0FB4E8C,Etawah,UP,4,1,TRK_B51DA48ACA2C,10110.0,10110.0,2910.0,True,True,True,False,"{""circular_bonus"": -1.1, ""distance_km"": 1.0, ""empty_km"": 0.85, ""fuel_inr"": 0.01, ""risk"": 12.0, ""time_min"": 0.35, ""toll_inr"": 0.01}",CST_48011250D4FB,SCN_BASELINE,g1,False,25,train,20260903,v0.1,hash_bucket
INS_0F9F0C4ACF56,06c958784ff9af69,CVRP,quantum,LOC_5775AEDC7A87,Kanpur Nagar,UP,4,1,TRK_8B0A48041C1C,17490.0,17490.0,3630.0,True,False,False,False,"{""circular_bonus"": -1.1, ""distance_km"": 1.0, ""empty_km"": 0.85, ""fuel_inr"": 0.01, ""risk"": 12.0, ""time_min"": 0.35, ""toll_inr"": 0.01}",CST_48011250D4FB,SCN_BASELINE,g1,False,25,test,20260903,v0.1,hash_bucket
INS_39D0065A0A3D,cb5f0e80b63e8db9,PDP,quantum,LOC_2E9E391564C2,Sonipat,HR,5,1,TRK_72CA4D066FFF,10560.0,10560.0,2650.0,True,True,True,True,"{""circular_bonus"": -1.1, ""distance_km"": 1.0, ""empty_km"": 0.85, ""fuel_inr"": 0.01, ""risk"": 12.0, ""time_min"": 0.35, ""toll_inr"": 0.01}",CST_48011250D4FB,SCN_BASELINE,g1,False,36,train,20260903,v0.1,hash_bucket
INS_9BA60A1FF703,c568b28550ace3e7,TSP,quantum,LOC_5B344A07BA57,Sangrur,PB,3,1,TRK_017DA12B162E,31980.0,31980.0,2890.0,True,True,False,False,"{""circular_bonus"": -1.1, ""distance_km"": 1.0, ""empty_km"": 0.85, ""fuel_inr"": 0.01, ""risk"": 12.0, ""time_min"": 0.35, ""toll_inr"": 0.01}",CST_48011250D4FB,SCN_BASELINE,g1,True,16,train,20260903,v0.1,hash_bucket
INS_B48DF32AA3EC,1569e8ba9a67441d,CIRCULAR_VRP,quantum,LOC_165F0D721F3E,Jalandhar,PB,4,1,TRK_A0E9F09D08D4,13770.0,13770.0,3510.0,True,True,False,True,"{""circular_bonus"": -1.1, ""distance_km"": 1.0, ""empty_km"": 0.85, ""fuel_inr"": 0.01, ""risk"": 12.0, ""time_min"": 0.35, ""toll_inr"": 0.01}",CST_48011250D4FB,SCN_BASELINE,g1,False,25,train,20260903,v0.1,hash_bucket
INS_636D6C64B687,1b43b4128d5122d2,CIRCULAR_VRP,quantum,LOC_DA9770705B86,South West Delhi,DL,7,1,TRK_017DA12B162E,31980.0,31980.0,170740.0,False,True,False,True,"{""circular_bonus"": -1.1, ""distance_km"": 1.0, ""empty_km"": 0.85, ""fuel_inr"": 0.01, ""risk"": 12.0, ""time_min"": 0.35, ""toll_inr"": 0.01}",CST_48011250D4FB,SCN_BASELINE,g1,False,64,train,20260903,v0.1,hash_bucket
INS_164C950581D4,7dbebf19f21fd0ff,VRPTW,quantum,LOC_2E9E391564C2,Sonipat,HR,5,1,TRK_72CA4D066FFF,10560.0,10560.0,3400.0,True,True,False,False,"{""circular_bonus"": -1.1, ""distance_km"": 1.0, ""empty_km"": 0.85, ""fuel_inr"": 0.01, ""risk"": 12.0, ""time_min"": 0.35, ""toll_inr"": 0.01}",CST_48011250D4FB,SCN_BASELINE,g1,False,36,train,20260903,v0.1,hash_bucket
INS_AED6ABD073F4,e486bbd445bd3f74,CIRCULAR_VRP,quantum,LOC_487C12AA952A,Jind,HR,4,1,TRK_8F1CA5203CBE,15360.0,15360.0,1390.0,True,False,False,True,"{""circular_bonus"": -1.1, ""distance_km"": 1.0, ""empty_km"": 0.85, ""fuel_inr"": 0.01, ""risk"": 12.0, ""time_min"": 0.35, ""toll_inr"": 0.01}",CST_48011250D4FB,SCN_BASELINE,g1,False,25,validation,20260903,v0.1,hash_bucket
INS_4BF7858AE851,3b203f4e32d9a823,PDP,quantum,LOC_08E25919DCC7,Kanpur Dehat,UP,5,1,TRK_EEA8DB00B33D,26280.0,26280.0,3340.0,True,True,True,True,"{""circular_bonus"": -1.1, ""distance_km"": 1.0, ""empty_km"": 0.85, ""fuel_inr"": 0.01, ""risk"": 12.0, ""time_min"": 0.35, ""toll_inr"": 0.01}",CST_48011250D4FB,SCN_BASELINE,g1,False,36,train,20260903,v0.1,hash_bucket
INS_67FF7A60019E,be211196a8669d7b,CIRCULAR_VRP,quantum,LOC_EBC017604691,Mathura,UP,4,1,TRK_9DFA15E0928C,8820.0,8820.0,2210.0,True,True,False,True,"{""circular_bonus"": -1.1, ""distance_km"": 1.0, ""empty_km"": 0.85, ""fuel_inr"": 0.01, ""risk"": 12.0, ""time_min"": 0.35, ""toll_inr"": 0.01}",CST_48011250D4FB,SCN_BASELINE,g1,False,25,train,20260903,v0.1,hash_bucket
INS_7923EA5FC020,7d12e18f830fec9c,PDP,quantum,LOC_EBC017604691,Mathura,UP,5,1,TRK_9DFA15E0928C,8820.0,8820.0,3800.0,True,True,True,False,"{""circular_bonus"": -1.1, ""distance_km"": 1.0, ""empty_km"": 0.85, ""fuel_inr"": 0.01, ""risk"": 12.0, ""time_min"": 0.35, ""toll_inr"": 0.01}",CST_48011250D4FB,SCN_BASELINE,g1,False,36,train,20260903,v0.1,hash_bucket
INS_7DC6899E2A83,a643481f37e05cb6,CIRCULAR_VRP,quantum,LOC_D49CDCEB7AF7,Charkhi Dadri,HR,7,1,TRK_1A09343A6FAC,25770.0,25770.0,4390.0,True,False,False,True,"{""circular_bonus"": -1.1, ""distance_km"": 1.0, ""empty_km"": 0.85, ""fuel_inr"": 0.01, ""risk"": 12.0, ""time_min"": 0.35, ""toll_inr"": 0.01}",CST_48011250D4FB,SCN_BASELINE,g1,False,64,train,20260903,v0.1,hash_bucket
INS_2CBF3FC6A3EC,efca2370f774fad3,TSP,quantum,LOC_BC83DA386B0E,Baghpat,UP,3,1,TRK_BFE3723152B3,3810.0,3810.0,2360.0,True,True,False,False,"{""circular_bonus"": -1.1, ""distance_km"": 1.0, ""empty_km"": 0.85, ""fuel_inr"": 0.01, ""risk"": 12.0, ""time_min"": 0.35, ""toll_inr"": 0.01}",CST_48011250D4FB,SCN_BASELINE,g1,True,16,train,20260903,v0.1,hash_bucket
INS_180496C77FCA,1eb950c9e02624b5,CIRCULAR_VRP,quantum,LOC_2E9E391564C2,Sonipat,HR,4,1,TRK_72CA4D066FFF,10560.0,10560.0,2580.0,True,True,False,True,"{""circular_bonus"": -1.1, ""distance_km"": 1.0, ""empty_km"": 0.85, ""fuel_inr"": 0.01, ""risk"": 12.0, ""time_min"": 0.35, ""toll_inr"": 0.01}",CST_48011250D4FB,SCN_BASELINE,g1,False,25,test,20260903,v0.1,hash_bucket
INS_2C4EB817A1FE,da61197c5d78a33d,TSP,quantum,LOC_4A5F46E3AFB5,Sitapur,UP,3,1,TRK_5D8D73EA6549,14970.0,14970.0,1630.0,True,True,True,False,"{""circular_bonus"": -1.1, ""distance_km"": 1.0, ""empty_km"": 0.85, ""fuel_inr"": 0.01, ""risk"": 12.0, ""time_min"": 0.35, ""toll_inr"": 0.01}",CST_48011250D4FB,SCN_BASELINE,g1,True,16,train,20260903,v0.1,hash_bucket
INS_155918D87648,96b572f8f9f4a821,PDP,quantum,LOC_6C7E235EC96D,Nawanshahr,PB,7,1,TRK_D15B8332AEB2,15180.0,15180.0,6660.0,True,False,True,False,"{""circular_bonus"": -1.1, ""distance_km"": 1.0, ""empty_km"": 0.85, ""fuel_inr"": 0.01, ""risk"": 12.0, ""time_min"": 0.35, ""toll_inr"": 0.01}",CST_48011250D4FB,SCN_BASELINE,g1,False,64,train,20260903,v0.1,hash_bucket
INS_0C065BA0904D,5880fc97221908cd,VRPTW,quantum,LOC_6C7E235EC96D,Nawanshahr,PB,7,1,TRK_D15B8332AEB2,15180.0,15180.0,6020.0,True,True,False,False,"{""circular_bonus"": -1.1, ""distance_km"": 1.0, ""empty_km"": 0.85, ""fuel_inr"": 0.01, ""risk"": 12.0, ""time_min"": 0.35, ""toll_inr"": 0.01}",CST_48011250D4FB,SCN_BASELINE,g1,False,64,train,20260903,v0.1,hash_bucket
INS_FFAAF2E2B426,24a7e19fc02daac3,PDP,quantum,LOC_F86E62177015,Muzaffarnagar,UP,5,1,TRK_C327C2BB7867,9490.0,9490.0,3610.0,True,False,True,False,"{""circular_bonus"": -1.1, ""distance_km"": 1.0, ""empty_km"": 0.85, ""fuel_inr"": 0.01, ""risk"": 12.0, ""time_min"": 0.35, ""toll_inr"": 0.01}",CST_48011250D4FB,SCN_BASELINE,g1,False,36,train,20260903,v0.1,hash_bucket
INS_046242FA6C39,3044f56980c7c7a6,CIRCULAR_VRP,quantum,LOC_165F0D721F3E,Jalandhar,PB,5,1,TRK_A0E9F09D08D4,13770.0,13770.0,4620.0,True,True,False,True,"{""circular_bonus"": -1.1, ""distance_km"": 1.0, ""empty_km"": 0.85, ""fuel_inr"": 0.01, ""risk"": 12.0, ""time_min"": 0.35, ""toll_inr"": 0.01}",CST_48011250D4FB,SCN_BASELINE,g1,False,36,train,20260903,v0.1,hash_bucket
INS_7DD051EBFA04,6ce75fbc990fbdf3,CVRP,quantum,LOC_60C46A471111,Pilibhit,UP,5,1,TRK_C943D7479AB1,13170.0,13170.0,1550.0,True,False,False,False,"{""circular_bonus"": -1.1, ""distance_km"": 1.0, ""empty_km"": 0.85, ""fuel_inr"": 0.01, ""risk"": 12.0, ""time_min"": 0.35, ""toll_inr"": 0.01}",CST_48011250D4FB,SCN_BASELINE,g1,False,36,train,20260903,v0.1,hash_bucket
INS_F5E7D2A0ADDE,a54cd9e0dc3fe07b,PDP,quantum,LOC_DD4D9C55D7BB,Fatehgarh Sahib,PB,5,1,TRK_106A24329287,24220.0,24220.0,2180.0,True,False,True,False,"{""circular_bonus"": -1.1, ""distance_km"": 1.0, ""empty_km"": 0.85, ""fuel_inr"": 0.01, ""risk"": 12.0, ""time_min"": 0.35, ""toll_inr"": 0.01}",CST_48011250D4FB,SCN_BASELINE,g1,False,36,train,20260903,v0.1,hash_bucket
INS_76193FDA1C2D,f9e78979a278ff71,TSP,quantum,LOC_443EF0FB4E8C,Etawah,UP,3,1,TRK_B51DA48ACA2C,10110.0,10110.0,1710.0,True,True,True,True,"{""circular_bonus"": -1.1, ""distance_km"": 1.0, ""empty_km"": 0.85, ""fuel_inr"": 0.01, ""risk"": 12.0, ""time_min"": 0.35, ""toll_inr"": 0.01}",CST_48011250D4FB,SCN_BASELINE,g1,True,16,train,20260903,v0.1,hash_bucket
INS_2AE256ABFCE1,7459a183a2ca8079,VRPTW,quantum,LOC_58DEC063659A,Gorakhpur,UP,6,1,TRK_2553D5E0810B,10680.0,10680.0,3510.0,True,True,False,False,"{""circular_bonus"": -1.1, ""distance_km"": 1.0, ""empty_km"": 0.85, ""fuel_inr"": 0.01, ""risk"": 12.0, ""time_min"": 0.35, ""toll_inr"": 0.01}",CST_48011250D4FB,SCN_BASELINE,g1,False,49,train,20260903,v0.1,hash_bucket
INS_2A40373C1E7B,7cf60dac949a882a,PDP,quantum,LOC_D24D73F16033,Meerut,UP,6,1,TRK_BCC966E673C0,30750.0,30750.0,20020.0,True,False,True,False,"{""circular_bonus"": -1.1, ""distance_km"": 1.0, ""empty_km"": 0.85, ""fuel_inr"": 0.01, ""risk"": 12.0, ""time_min"": 0.35, ""toll_inr"": 0.01}",CST_48011250D4FB,SCN_BASELINE,g1,False,49,train,20260903,v0.1,hash_bucket
INS_4BA6512A3239,82690944a11ec1e7,TSP,quantum,LOC_3B372919B752,Karnal,HR,3,1,TRK_35D82D2C2693,17860.0,17860.0,2090.0,True,True,False,True,"{""circular_bonus"": -1.1, ""distance_km"": 1.0, ""empty_km"": 0.85, ""fuel_inr"": 0.01, ""risk"": 12.0, ""time_min"": 0.35, ""toll_inr"": 0.01}",CST_48011250D4FB,SCN_BASELINE,g1,True,16,test,20260903,v0.1,holdout_district
INS_F3FAE11C0FD5,efda354de5f35019,TSP,quantum,LOC_D2DDEA75080C,Pathankot,PB,3,1,TRK_DBB3E05A1345,3720.0,3720.0,2210.0,True,False,False,False,"{""circular_bonus"": -1.1, ""distance_km"": 1.0, ""empty_km"": 0.85, ""fuel_inr"": 0.01, ""risk"": 12.0, ""time_min"": 0.35, ""toll_inr"": 0.01}",CST_48011250D4FB,SCN_BASELINE,g1,True,16,train,20260903,v0.1,hash_bucket
INS_25A0C7F49F5A,3c0228b71c1dfbb4,CIRCULAR_VRP,quantum,LOC_B890897F9CCC,Kapurthala,PB,5,1,TRK_845EA1F8ABE4,17150.0,17150.0,3290.0,True,False,False,True,"{""circular_bonus"": -1.1, ""distance_km"": 1.0, ""empty_km"": 0.85, ""fuel_inr"": 0.01, ""risk"": 12.0, ""time_min"": 0.35, ""toll_inr"": 0.01}",CST_48011250D4FB,SCN_BASELINE,g1,False,36,train,20260903,v0.1,hash_bucket
INS_091573267F0E,18ea67aa4d32d143,VRPTW,quantum,LOC_B01B9CC74597,Saharanpur,UP,6,1,TRK_B7FB75BB3E0A,28840.0,28840.0,2120.0,True,True,False,False,"{""circular_bonus"": -1.1, ""distance_km"": 1.0, ""empty_km"": 0.85, ""fuel_inr"": 0.01, ""risk"": 12.0, ""time_min"": 0.35, ""toll_inr"": 0.01}",CST_48011250D4FB,SCN_BASELINE,g1,False,49,train,20260903,v0.1,hash_bucket
INS_AC3712F89252,50d6ff169157d172,CVRP,quantum,LOC_C58F1767A842,Barnala,PB,7,1,TRK_E5B6D3B322CE,16540.0,16540.0,4220.0,True,False,False,False,"{""circular_bonus"": -1.1, ""distance_km"": 1.0, ""empty_km"": 0.85, ""fuel_inr"": 0.01, ""risk"": 12.0, ""time_min"": 0.35, ""toll_inr"": 0.01}",CST_48011250D4FB,SCN_BASELINE,g1,False,64,validation,20260903,v0.1,hash_bucket
INS_4858B18838E8,3908059a96b87b66,TSP,quantum,LOC_9F3A877025DA,Shahjahanpur,UP,3,1,TRK_C7CC5AE3F376,10490.0,10490.0,2430.0,True,False,False,True,"{""circular_bonus"": -1.1, ""distance_km"": 1.0, ""empty_km"": 0.85, ""fuel_inr"": 0.01, ""risk"": 12.0, ""time_min"": 0.35, ""toll_inr"": 0.01}",CST_48011250D4FB,SCN_BASELINE,g1,True,16,train,20260903,v0.1,hash_bucket
INS_018702D9CDD6,ca325e1d5b4f6ee2,PDP,quantum,LOC_4A5F46E3AFB5,Sitapur,UP,6,1,TRK_5D8D73EA6549,14970.0,14970.0,5140.0,True,True,True,False,"{""circular_bonus"": -1.1, ""distance_km"": 1.0, ""empty_km"": 0.85, ""fuel_inr"": 0.01, ""risk"": 12.0, ""time_min"": 0.35, ""toll_inr"": 0.01}",CST_48011250D4FB,SCN_BASELINE,g1,False,49,train,20260903,v0.1,hash_bucket
INS_CDA3F7EEC3D1,f7435135aad272c2,TSP,quantum,LOC_27273A6A3299,Shamli,UP,3,1,TRK_4FF849112E23,13040.0,13040.0,1750.0,True,False,False,False,"{""circular_bonus"": -1.1, ""distance_km"": 1.0, ""empty_km"": 0.85, ""fuel_inr"": 0.01, ""risk"": 12.0, ""time_min"": 0.35, ""toll_inr"": 0.01}",CST_48011250D4FB,SCN_BASELINE,g1,True,16,validation,20260903,v0.1,hash_bucket
INS_2C33E9F347C4,e77af95186d44cad,CVRP,quantum,LOC_B9CDAEAD5C72,Mainpuri,UP,7,1,TRK_D775FBEE377E,10800.0,10800.0,4950.0,True,False,False,False,"{""circular_bonus"": -1.1, ""distance_km"": 1.0, ""empty_km"": 0.85, ""fuel_inr"": 0.01, ""risk"": 12.0, ""time_min"": 0.35, ""toll_inr"": 0.01}",CST_48011250D4FB,SCN_BASELINE,g1,False,64,train,20260903,v0.1,hash_bucket
INS_8F2E9C2BC0F1,80437a78753d6f0c,VRPTW,quantum,LOC_D8FB48D6F894,Fatehabad,HR,7,1,TRK_ECEE8EE28F92,23380.0,23380.0,3610.0,True,True,False,False,"{""circular_bonus"": -1.1, ""distance_km"": 1.0, ""empty_km"": 0.85, ""fuel_inr"": 0.01, ""risk"": 12.0, ""time_min"": 0.35, ""toll_inr"": 0.01}",CST_48011250D4FB,SCN_BASELINE,g1,False,64,train,20260903,v0.1,hash_bucket
INS_15073BF69E35,e4b96c455a61d452,CIRCULAR_VRP,quantum,LOC_EC1D3E4138DF,Amritsar,PB,6,1,TRK_16D9D4191F37,15010.0,15010.0,6910.0,True,False,False,True,"{""circular_bonus"": -1.1, ""distance_km"": 1.0, ""empty_km"": 0.85, ""fuel_inr"": 0.01, ""risk"": 12.0, ""time_min"": 0.35, ""toll_inr"": 0.01}",CST_48011250D4FB,SCN_BASELINE,g1,False,49,train,20260903,v0.1,hash_bucket
INS_64FA1C521872,701f3484d5e33e0f,TSP,quantum,LOC_B0D713DFA81B,Ferozepur,PB,3,1,TRK_13B28E209BDB,17650.0,17650.0,3880.0,True,False,True,True,"{""circular_bonus"": -1.1, ""distance_km"": 1.0, ""empty_km"": 0.85, ""fuel_inr"": 0.01, ""risk"": 12.0, ""time_min"": 0.35, ""toll_inr"": 0.01}",CST_48011250D4FB,SCN_BASELINE,g1,True,16,test,20260903,v0.1,hash_bucket
INS_3D7A4F621CE8,cf25da1ed130fc9c,CIRCULAR_VRP,quantum,LOC_EBC017604691,Mathura,UP,7,1,TRK_9DFA15E0928C,8820.0,8820.0,5300.0,True,True,False,True,"{""circular_bonus"": -1.1, ""distance_km"": 1.0, ""empty_km"": 0.85, ""fuel_inr"": 0.01, ""risk"": 12.0, ""time_min"": 0.35, ""toll_inr"": 0.01}",CST_48011250D4FB,SCN_BASELINE,g1,False,64,train,20260903,v0.1,hash_bucket
INS_B31F0FEDEFB2,b23409f93ae5e3bf,TSP,quantum,LOC_CF065FE8EBAB,Gautam Buddha Nagar,UP,3,1,TRK_7F0EDB730CEF,17970.0,17970.0,26860.0,False,False,False,True,"{""circular_bonus"": -1.1, ""distance_km"": 1.0, ""empty_km"": 0.85, ""fuel_inr"": 0.01, ""risk"": 12.0, ""time_min"": 0.35, ""toll_inr"": 0.01}",CST_48011250D4FB,SCN_BASELINE,g1,True,16,train,20260903,v0.1,hash_bucket
INS_CD63DDE6C151,5846ed4877a3cd27,TSP,quantum,LOC_8EAD4661AFB9,Jhajjar,HR,3,1,TRK_2A2A3F44FD68,13420.0,13420.0,1490.0,True,False,False,True,"{""circular_bonus"": -1.1, ""distance_km"": 1.0, ""empty_km"": 0.85, ""fuel_inr"": 0.01, ""risk"": 12.0, ""time_min"": 0.35, ""toll_inr"": 0.01}",CST_48011250D4FB,SCN_BASELINE,g1,True,16,validation,20260903,v0.1,hash_bucket
INS_0E155FAAD67A,b4ea8b48ef7f67cf,CIRCULAR_VRP,quantum,LOC_2E9E391564C2,Sonipat,HR,6,1,TRK_72CA4D066FFF,10560.0,10560.0,2570.0,True,True,False,True,"{""circular_bonus"": -1.1, ""distance_km"": 1.0, ""empty_km"": 0.85, ""fuel_inr"": 0.01, ""risk"": 12.0, ""time_min"": 0.35, ""toll_inr"": 0.01}",CST_48011250D4FB,SCN_BASELINE,g1,False,49,train,20260903,v0.1,hash_bucket
INS_DA97E045A6DA,f7d8bb93691413b5,PDP,quantum,LOC_D49CDCEB7AF7,Charkhi Dadri,HR,5,1,TRK_1A09343A6FAC,25770.0,25770.0,3380.0,True,True,True,False,"{""circular_bonus"": -1.1, ""distance_km"": 1.0, ""empty_km"": 0.85, ""fuel_inr"": 0.01, ""risk"": 12.0, ""time_min"": 0.35, ""toll_inr"": 0.01}",CST_48011250D4FB,SCN_BASELINE,g1,False,36,train,20260903,v0.1,hash_bucket
INS_C41ECD2B7D11,7a6490dcafd18c64,PDP,quantum,LOC_B0D713DFA81B,Ferozepur,PB,5,1,TRK_13B28E209BDB,17650.0,17650.0,6000.0,True,True,True,True,"{""circular_bonus"": -1.1, ""distance_km"": 1.0, ""empty_km"": 0.85, ""fuel_inr"": 0.01, ""risk"": 12.0, ""time_min"": 0.35, ""toll_inr"": 0.01}",CST_48011250D4FB,SCN_BASELINE,g1,False,36,train,20260903,v0.1,hash_bucket
INS_AC885078AA50,f08798ff5cef811c,TSP,quantum,LOC_63A998834201,North East Delhi,DL,3,1,TRK_8305179CCBA4,20640.0,20640.0,29660.0,False,True,False,False,"{""circular_bonus"": -1.1, ""distance_km"": 1.0, ""empty_km"": 0.85, ""fuel_inr"": 0.01, ""risk"": 12.0, ""time_min"": 0.35, ""toll_inr"": 0.01}",CST_48011250D4FB,SCN_BASELINE,g1,True,16,train,20260903,v0.1,hash_bucket
INS_AF6DD33B6E78,f1dd6e193e9bafe6,CIRCULAR_VRP,quantum,LOC_BACB2642B5AD,Kurukshetra,HR,5,1,TRK_C37572A4FA01,22890.0,22890.0,3760.0,True,True,False,True,"{""circular_bonus"": -1.1, ""distance_km"": 1.0, ""empty_km"": 0.85, ""fuel_inr"": 0.01, ""risk"": 12.0, ""time_min"": 0.35, ""toll_inr"": 0.01}",CST_48011250D4FB,SCN_BASELINE,g1,False,36,validation,20260903,v0.1,hash_bucket
INS_DC7921D3DFD1,4c3ccdfbc4086c38,CIRCULAR_VRP,quantum,LOC_BF1D141289ED,Hoshiarpur,PB,7,1,TRK_8406DD0477EF,13280.0,13280.0,3380.0,True,True,False,True,"{""circular_bonus"": -1.1, ""distance_km"": 1.0, ""empty_km"": 0.85, ""fuel_inr"": 0.01, ""risk"": 12.0, ""time_min"": 0.35, ""toll_inr"": 0.01}",CST_48011250D4FB,SCN_BASELINE,g1,False,64,train,20260903,v0.1,hash_bucket
INS_721F5EE5F994,20382cc5df0eb814,PDP,quantum,LOC_7CE3D43FF63F,Ambala,HR,6,1,TRK_24451540E310,9360.0,9360.0,4490.0,True,False,True,False,"{""circular_bonus"": -1.1, ""distance_km"": 1.0, ""empty_km"": 0.85, ""fuel_inr"": 0.01, ""risk"": 12.0, ""time_min"": 0.35, ""toll_inr"": 0.01}",CST_48011250D4FB,SCN_BASELINE,g1,False,49,train,20260903,v0.1,hash_bucket
INS_290C4A989B6C,45f8a128014f6e17,TSP,quantum,LOC_DA9770705B86,South West Delhi,DL,3,1,TRK_3CFEB87B3316,14600.0,14600.0,42120.0,False,False,False,True,"{""circular_bonus"": -1.1, ""distance_km"": 1.0, ""empty_km"": 0.85, ""fuel_inr"": 0.01, ""risk"": 12.0, ""time_min"": 0.35, ""toll_inr"": 0.01}",CST_48011250D4FB,SCN_BASELINE,g1,True,16,validation,20260903,v0.1,hash_bucket
INS_270022CC1A81,0cb7be211f45e259,PDP,quantum,LOC_03F06DD41C28,Malerkotla,PB,7,1,TRK_FFF0E16B86EA,20290.0,20290.0,8170.0,True,True,True,True,"{""circular_bonus"": -1.1, ""distance_km"": 1.0, ""empty_km"": 0.85, ""fuel_inr"": 0.01, ""risk"": 12.0, ""time_min"": 0.35, ""toll_inr"": 0.01}",CST_48011250D4FB,SCN_BASELINE,g1,False,64,train,20260903,v0.1,hash_bucket
INS_811BB72A9BA7,cc6307d53dd6adba,CIRCULAR_VRP,quantum,LOC_8F3BDE96C1C3,Rampur,UP,6,1,TRK_5136065E98CA,29770.0,29770.0,3240.0,True,False,False,True,"{""circular_bonus"": -1.1, ""distance_km"": 1.0, ""empty_km"": 0.85, ""fuel_inr"": 0.01, ""risk"": 12.0, ""time_min"": 0.35, ""toll_inr"": 0.01}",CST_48011250D4FB,SCN_BASELINE,g1,False,49,train,20260903,v0.1,hash_bucket
INS_1BEBABF54FF2,0023bacf9d51fdd6,VRPTW,quantum,LOC_2E423964E639,Agra,UP,7,1,TRK_ADDDD7A442CF,23720.0,23720.0,6920.0,True,True,False,False,"{""circular_bonus"": -1.1, ""distance_km"": 1.0, ""empty_km"": 0.85, ""fuel_inr"": 0.01, ""risk"": 12.0, ""time_min"": 0.35, ""toll_inr"": 0.01}",CST_48011250D4FB,SCN_BASELINE,g1,False,64,validation,20260903,v0.1,hash_bucket
INS_275BE395A2F9,199f6a5a90bf4a32,TSP,quantum,LOC_AB3DB4CE53FF,Gurdaspur,PB,3,1,TRK_B067BCD63265,7430.0,7430.0,1810.0,True,True,False,False,"{""circular_bonus"": -1.1, ""distance_km"": 1.0, ""empty_km"": 0.85, ""fuel_inr"": 0.01, ""risk"": 12.0, ""time_min"": 0.35, ""toll_inr"": 0.01}",CST_48011250D4FB,SCN_BASELINE,g1,True,16,train,20260903,v0.1,hash_bucket
INS_37B369894405,058918f06da43ffe,PDP,quantum,LOC_58DEC063659A,Gorakhpur,UP,5,1,TRK_2553D5E0810B,10680.0,10680.0,2010.0,True,True,True,False,"{""circular_bonus"": -1.1, ""distance_km"": 1.0, ""empty_km"": 0.85, ""fuel_inr"": 0.01, ""risk"": 12.0, ""time_min"": 0.35, ""toll_inr"": 0.01}",CST_48011250D4FB,SCN_BASELINE,g1,False,36,train,20260903,v0.1,hash_bucket
INS_8F537C2FD457,291f91ec9b0d3680,PDP,quantum,LOC_E71843C35AC6,Bijnor,UP,5,1,TRK_1E6386CE9B0D,17000.0,17000.0,3760.0,True,True,True,True,"{""circular_bonus"": -1.1, ""distance_km"": 1.0, ""empty_km"": 0.85, ""fuel_inr"": 0.01, ""risk"": 12.0, ""time_min"": 0.35, ""toll_inr"": 0.01}",CST_48011250D4FB,SCN_BASELINE,g1,False,36,test,20260903,v0.1,hash_bucket
INS_12331581BEA9,cdd54210382c7830,CVRP,quantum,LOC_443EF0FB4E8C,Etawah,UP,5,1,TRK_B51DA48ACA2C,10110.0,10110.0,2910.0,True,False,False,False,"{""circular_bonus"": -1.1, ""distance_km"": 1.0, ""empty_km"": 0.85, ""fuel_inr"": 0.01, ""risk"": 12.0, ""time_min"": 0.35, ""toll_inr"": 0.01}",CST_48011250D4FB,SCN_BASELINE,g1,False,36,train,20260903,v0.1,hash_bucket
INS_7162CED7FFD3,eec85fca3f53f6c2,VRPTW,quantum,LOC_08E25919DCC7,Kanpur Dehat,UP,7,1,TRK_EEA8DB00B33D,26280.0,26280.0,4960.0,True,True,False,False,"{""circular_bonus"": -1.1, ""distance_km"": 1.0, ""empty_km"": 0.85, ""fuel_inr"": 0.01, ""risk"": 12.0, ""time_min"": 0.35, ""toll_inr"": 0.01}",CST_48011250D4FB,SCN_BASELINE,g1,False,64,train,20260903,v0.1,hash_bucket
INS_6E06956F3599,1c94821897fb2bc9,TSP,quantum,LOC_5AA457C919DB,Ludhiana,PB,3,1,TRK_3F175C42FEAA,25290.0,25290.0,2200.0,True,False,False,True,"{""circular_bonus"": -1.1, ""distance_km"": 1.0, ""empty_km"": 0.85, ""fuel_inr"": 0.01, ""risk"": 12.0, ""time_min"": 0.35, ""toll_inr"": 0.01}",CST_48011250D4FB,SCN_BASELINE,g1,True,16,train,20260903,v0.1,hash_bucket
INS_CDEB120747FE,5ffcedb527e4f3e1,TSP,quantum,LOC_B890897F9CCC,Kapurthala,PB,3,1,TRK_845EA1F8ABE4,17150.0,17150.0,680.0,True,True,True,False,"{""circular_bonus"": -1.1, ""distance_km"": 1.0, ""empty_km"": 0.85, ""fuel_inr"": 0.01, ""risk"": 12.0, ""time_min"": 0.35, ""toll_inr"": 0.01}",CST_48011250D4FB,SCN_BASELINE,g1,True,16,train,20260903,v0.1,hash_bucket
INS_FE91F5E0DA30,df74b31f56d9ea95,VRPTW,quantum,LOC_2ECE587EC515,Hardoi,UP,7,1,TRK_5DB18177D4BA,12900.0,12900.0,5810.0,True,True,False,False,"{""circular_bonus"": -1.1, ""distance_km"": 1.0, ""empty_km"": 0.85, ""fuel_inr"": 0.01, ""risk"": 12.0, ""time_min"": 0.35, ""toll_inr"": 0.01}",CST_48011250D4FB,SCN_BASELINE,g1,False,64,train,20260903,v0.1,hash_bucket
INS_1FD17B52B547,acb4a65c2a276cba,CVRP,quantum,LOC_AC684A297AD1,Bareilly,UP,6,1,TRK_D2E1FAD8FAE2,15710.0,15710.0,2120.0,True,False,False,False,"{""circular_bonus"": -1.1, ""distance_km"": 1.0, ""empty_km"": 0.85, ""fuel_inr"": 0.01, ""risk"": 12.0, ""time_min"": 0.35, ""toll_inr"": 0.01}",CST_48011250D4FB,SCN_BASELINE,g1,False,49,test,20260903,v0.1,hash_bucket
INS_2370E4FCDC6D,73d13f1a029ae25e,PDP,quantum,LOC_BACB2642B5AD,Kurukshetra,HR,7,1,TRK_C37572A4FA01,22890.0,22890.0,5310.0,True,True,True,False,"{""circular_bonus"": -1.1, ""distance_km"": 1.0, ""empty_km"": 0.85, ""fuel_inr"": 0.01, ""risk"": 12.0, ""time_min"": 0.35, ""toll_inr"": 0.01}",CST_48011250D4FB,SCN_BASELINE,g1,False,64,train,20260903,v0.1,hash_bucket
INS_A27167EEFBF2,d84a9ef0081c2b7b,CIRCULAR_VRP,quantum,LOC_B39E76DCD93F,Nuh,HR,5,1,TRK_5BA38CDD6398,14550.0,14550.0,2870.0,True,True,False,True,"{""circular_bonus"": -1.1, ""distance_km"": 1.0, ""empty_km"": 0.85, ""fuel_inr"": 0.01, ""risk"": 12.0, ""time_min"": 0.35, ""toll_inr"": 0.01}",CST_48011250D4FB,SCN_BASELINE,g1,False,36,train,20260903,v0.1,hash_bucket
INS_AEC708481432,f659d2258acfc785,PDP,quantum,LOC_B56ABDBA32E2,Aligarh,UP,6,1,TRK_EE6431FC41DB,23370.0,23370.0,4320.0,True,False,True,False,"{""circular_bonus"": -1.1, ""distance_km"": 1.0, ""empty_km"": 0.85, ""fuel_inr"": 0.01, ""risk"": 12.0, ""time_min"": 0.35, ""toll_inr"": 0.01}",CST_48011250D4FB,SCN_BASELINE,g1,False,49,train,20260903,v0.1,hash_bucket
INS_AE9CFFE67E85,0812ff4cfd15809d,TSP,quantum,LOC_2275B2D35F85,Palwal,HR,3,1,TRK_D51F1F9567AE,2960.0,2960.0,2930.0,True,True,False,False,"{""circular_bonus"": -1.1, ""distance_km"": 1.0, ""empty_km"": 0.85, ""fuel_inr"": 0.01, ""risk"": 12.0, ""time_min"": 0.35, ""toll_inr"": 0.01}",CST_48011250D4FB,SCN_BASELINE,g1,True,16,train,20260903,v0.1,hash_bucket
INS_D307399F9A95,f4cac1d2c4273546,PDP,quantum,LOC_2011BC2FE7BD,Fazilka,PB,7,1,TRK_129C27B32C42,10960.0,10960.0,4520.0,True,True,True,True,"{""circular_bonus"": -1.1, ""distance_km"": 1.0, ""empty_km"": 0.85, ""fuel_inr"": 0.01, ""risk"": 12.0, ""time_min"": 0.35, ""toll_inr"": 0.01}",CST_48011250D4FB,SCN_BASELINE,g1,False,64,train,20260903,v0.1,hash_bucket
INS_51A85A1376D2,d7e76d2cd97989ea,CVRP,quantum,LOC_796345940EEC,Budaun,UP,6,1,TRK_47FA9BC52762,15520.0,15520.0,4610.0,True,False,False,False,"{""circular_bonus"": -1.1, ""distance_km"": 1.0, ""empty_km"": 0.85, ""fuel_inr"": 0.01, ""risk"": 12.0, ""time_min"": 0.35, ""toll_inr"": 0.01}",CST_48011250D4FB,SCN_BASELINE,g1,False,49,train,20260903,v0.1,hash_bucket
INS_FCA2B4E6F3D1,9313262c693d9aa0,CIRCULAR_VRP,quantum,LOC_E9EE964E8CFE,South Delhi,DL,4,1,TRK_017DA12B162E,31980.0,31980.0,120000.0,False,True,False,True,"{""circular_bonus"": -1.1, ""distance_km"": 1.0, ""empty_km"": 0.85, ""fuel_inr"": 0.01, ""risk"": 12.0, ""time_min"": 0.35, ""toll_inr"": 0.01}",CST_48011250D4FB,SCN_BASELINE,g1,False,25,validation,20260903,v0.1,hash_bucket
INS_40B0BEAABB1C,36fe00609df7f847,CIRCULAR_VRP,quantum,LOC_E9EE964E8CFE,South Delhi,DL,5,1,TRK_017DA12B162E,31980.0,31980.0,150000.0,False,False,False,True,"{""circular_bonus"": -1.1, ""distance_km"": 1.0, ""empty_km"": 0.85, ""fuel_inr"": 0.01, ""risk"": 12.0, ""time_min"": 0.35, ""toll_inr"": 0.01}",CST_48011250D4FB,SCN_BASELINE,g1,False,36,train,20260903,v0.1,hash_bucket
INS_D40F950C3883,8eb531d4dfdda90a,CIRCULAR_VRP,quantum,LOC_5775AEDC7A87,Kanpur Nagar,UP,5,1,TRK_8B0A48041C1C,17490.0,17490.0,6680.0,True,False,False,True,"{""circular_bonus"": -1.1, ""distance_km"": 1.0, ""empty_km"": 0.85, ""fuel_inr"": 0.01, ""risk"": 12.0, ""time_min"": 0.35, ""toll_inr"": 0.01}",CST_48011250D4FB,SCN_BASELINE,g1,False,36,train,20260903,v0.1,hash_bucket
INS_48AE76AC0C12,9ff0831b719d64d1,CIRCULAR_VRP,quantum,LOC_2B9C182E1BB7,Panchkula,HR,7,1,TRK_8C037A0ADC54,31430.0,31430.0,9900.0,True,False,False,True,"{""circular_bonus"": -1.1, ""distance_km"": 1.0, ""empty_km"": 0.85, ""fuel_inr"": 0.01, ""risk"": 12.0, ""time_min"": 0.35, ""toll_inr"": 0.01}",CST_48011250D4FB,SCN_BASELINE,g1,False,64,train,20260903,v0.1,hash_bucket
INS_F039FB8512BD,9e6153e0443e10db,PDP,quantum,LOC_BC83DA386B0E,Baghpat,UP,5,1,TRK_BFE3723152B3,3810.0,3810.0,3840.0,False,True,True,False,"{""circular_bonus"": -1.1, ""distance_km"": 1.0, ""empty_km"": 0.85, ""fuel_inr"": 0.01, ""risk"": 12.0, ""time_min"": 0.35, ""toll_inr"": 0.01}",CST_48011250D4FB,SCN_BASELINE,g1,False,36,test,20260903,v0.1,hash_bucket
INS_68AAA55069C4,2115069db0c3a357,TSP,quantum,LOC_61BECDCA1350,Central Delhi,DL,3,1,TRK_0331FB7CD37E,26610.0,26610.0,35450.0,False,False,False,False,"{""circular_bonus"": -1.1, ""distance_km"": 1.0, ""empty_km"": 0.85, ""fuel_inr"": 0.01, ""risk"": 12.0, ""time_min"": 0.35, ""toll_inr"": 0.01}",CST_48011250D4FB,SCN_BASELINE,g1,True,16,train,20260903,v0.1,hash_bucket
INS_A7350061C234,955eb145dd9e7934,PDP,quantum,LOC_CF209A6CE403,Hapur,UP,6,1,TRK_43E6DED71D1A,13390.0,13390.0,2600.0,True,False,True,False,"{""circular_bonus"": -1.1, ""distance_km"": 1.0, ""empty_km"": 0.85, ""fuel_inr"": 0.01, ""risk"": 12.0, ""time_min"": 0.35, ""toll_inr"": 0.01}",CST_48011250D4FB,SCN_BASELINE,g1,False,49,train,20260903,v0.1,hash_bucket
INS_DEEF75BAE0AF,cadc2b1124e85efe,TSP,quantum,LOC_5D316714188F,Faridabad,HR,3,1,TRK_E9C76BCDE1E1,28950.0,28950.0,2730.0,True,True,False,False,"{""circular_bonus"": -1.1, ""distance_km"": 1.0, ""empty_km"": 0.85, ""fuel_inr"": 0.01, ""risk"": 12.0, ""time_min"": 0.35, ""toll_inr"": 0.01}",CST_48011250D4FB,SCN_BASELINE,g1,True,16,train,20260903,v0.1,hash_bucket
INS_FEF20D9917A8,c467067f51036217,TSP,quantum,LOC_F1EE6A62E5AA,Mahendragarh,HR,3,1,TRK_CE450D7F416B,12650.0,12650.0,2760.0,True,True,False,True,"{""circular_bonus"": -1.1, ""distance_km"": 1.0, ""empty_km"": 0.85, ""fuel_inr"": 0.01, ""risk"": 12.0, ""time_min"": 0.35, ""toll_inr"": 0.01}",CST_48011250D4FB,SCN_BASELINE,g1,True,16,train,20260903,v0.1,hash_bucket
INS_2136F754A52B,144c6ddc1e8caf98,CIRCULAR_VRP,quantum,LOC_2ADFB4EFDB06,Kaithal,HR,7,1,TRK_A5F730FA2580,16560.0,16560.0,2030.0,True,True,False,True,"{""circular_bonus"": -1.1, ""distance_km"": 1.0, ""empty_km"": 0.85, ""fuel_inr"": 0.01, ""risk"": 12.0, ""time_min"": 0.35, ""toll_inr"": 0.01}",CST_48011250D4FB,SCN_BASELINE,g1,False,64,train,20260903,v0.1,hash_bucket
INS_675B04ABE270,191cde42cc3b7112,VRPTW,quantum,LOC_2E423964E639,Agra,UP,4,1,TRK_ADDDD7A442CF,23720.0,23720.0,2950.0,True,True,False,False,"{""circular_bonus"": -1.1, ""distance_km"": 1.0, ""empty_km"": 0.85, ""fuel_inr"": 0.01, ""risk"": 12.0, ""time_min"": 0.35, ""toll_inr"": 0.01}",CST_48011250D4FB,SCN_BASELINE,g1,False,25,test,20260903,v0.1,hash_bucket
INS_07CBF26F3741,1e82ee8a4d02468a,VRPTW,quantum,LOC_21F591BF08EC,West Delhi,DL,4,1,TRK_D5734C94CA97,23880.0,23880.0,83560.0,False,True,False,False,"{""circular_bonus"": -1.1, ""distance_km"": 1.0, ""empty_km"": 0.85, ""fuel_inr"": 0.01, ""risk"": 12.0, ""time_min"": 0.35, ""toll_inr"": 0.01}",CST_48011250D4FB,SCN_BASELINE,g1,False,25,train,20260903,v0.1,hash_bucket
INS_22BBFCF01175,9bd2cff2d6b37d94,TSP,quantum,LOC_9F3A877025DA,Shahjahanpur,UP,3,1,TRK_C7CC5AE3F376,10490.0,10490.0,1780.0,True,False,False,True,"{""circular_bonus"": -1.1, ""distance_km"": 1.0, ""empty_km"": 0.85, ""fuel_inr"": 0.01, ""risk"": 12.0, ""time_min"": 0.35, ""toll_inr"": 0.01}",CST_48011250D4FB,SCN_BASELINE,g1,True,16,validation,20260903,v0.1,hash_bucket
INS_12CACFD64B20,63d78d1da60e36d2,CIRCULAR_VRP,quantum,LOC_F86E62177015,Muzaffarnagar,UP,4,1,TRK_C327C2BB7867,9490.0,9490.0,2290.0,True,False,False,True,"{""circular_bonus"": -1.1, ""distance_km"": 1.0, ""empty_km"": 0.85, ""fuel_inr"": 0.01, ""risk"": 12.0, ""time_min"": 0.35, ""toll_inr"": 0.01}",CST_48011250D4FB,SCN_BASELINE,g1,False,25,test,20260903,v0.1,hash_bucket
INS_B38FB0B7D22A,247711fb4e8b3259,VRPTW,quantum,LOC_B6370F731EEC,Lucknow,UP,5,1,TRK_D11E32ABA953,16940.0,16940.0,18460.0,False,True,False,False,"{""circular_bonus"": -1.1, ""distance_km"": 1.0, ""empty_km"": 0.85, ""fuel_inr"": 0.01, ""risk"": 12.0, ""time_min"": 0.35, ""toll_inr"": 0.01}",CST_48011250D4FB,SCN_BASELINE,g1,False,36,train,20260903,v0.1,hash_bucket
INS_0A66B4831F7C,680ed093a69cc0ae,PDP,quantum,LOC_487C12AA952A,Jind,HR,7,1,TRK_8F1CA5203CBE,15360.0,15360.0,4270.0,True,True,True,False,"{""circular_bonus"": -1.1, ""distance_km"": 1.0, ""empty_km"": 0.85, ""fuel_inr"": 0.01, ""risk"": 12.0, ""time_min"": 0.35, ""toll_inr"": 0.01}",CST_48011250D4FB,SCN_BASELINE,g1,False,64,test,20260903,v0.1,hash_bucket
INS_7521B558DACD,ba9b505407e11796,TSP,quantum,LOC_C6AB43142BDB,Faridkot,PB,3,1,TRK_85173B163B02,12150.0,12150.0,2060.0,True,True,False,False,"{""circular_bonus"": -1.1, ""distance_km"": 1.0, ""empty_km"": 0.85, ""fuel_inr"": 0.01, ""risk"": 12.0, ""time_min"": 0.35, ""toll_inr"": 0.01}",CST_48011250D4FB,SCN_BASELINE,g1,True,16,train,20260903,v0.1,hash_bucket
INS_F72FFC93BA07,5e61c9ec2243fcfa,TSP,quantum,LOC_BF1D141289ED,Hoshiarpur,PB,3,1,TRK_8406DD0477EF,13280.0,13280.0,1880.0,True,True,False,False,"{""circular_bonus"": -1.1, ""distance_km"": 1.0, ""empty_km"": 0.85, ""fuel_inr"": 0.01, ""risk"": 12.0, ""time_min"": 0.35, ""toll_inr"": 0.01}",CST_48011250D4FB,SCN_BASELINE,g1,True,16,train,20260903,v0.1,hash_bucket
INS_DD4393473473,8b2e3463f782df60,TSP,quantum,LOC_3B372919B752,Karnal,HR,3,1,TRK_35D82D2C2693,17860.0,17860.0,1560.0,True,True,True,True,"{""circular_bonus"": -1.1, ""distance_km"": 1.0, ""empty_km"": 0.85, ""fuel_inr"": 0.01, ""risk"": 12.0, ""time_min"": 0.35, ""toll_inr"": 0.01}",CST_48011250D4FB,SCN_BASELINE,g1,True,16,test,20260903,v0.1,holdout_district
INS_A0E91824438E,ea40052ba32fac74,PDP,quantum,LOC_91BA4A3395D5,Sirsa,HR,7,1,TRK_CF954DBA1CFE,2450.0,2450.0,4920.0,False,False,True,True,"{""circular_bonus"": -1.1, ""distance_km"": 1.0, ""empty_km"": 0.85, ""fuel_inr"": 0.01, ""risk"": 12.0, ""time_min"": 0.35, ""toll_inr"": 0.01}",CST_48011250D4FB,SCN_BASELINE,g1,False,64,train,20260903,v0.1,hash_bucket
INS_364FB5EAD5D5,ef5088225febaed2,TSP,quantum,LOC_F20DB0F2A327,Gurugram,HR,3,1,TRK_C59B1FC1100A,16800.0,16800.0,660.0,True,False,False,False,"{""circular_bonus"": -1.1, ""distance_km"": 1.0, ""empty_km"": 0.85, ""fuel_inr"": 0.01, ""risk"": 12.0, ""time_min"": 0.35, ""toll_inr"": 0.01}",CST_48011250D4FB,SCN_BASELINE,g1,True,16,train,20260903,v0.1,hash_bucket
INS_1D8A182C1BE2,bb5df6dc225d501b,VRPTW,quantum,LOC_E7B504BE8FE9,Patiala,PB,5,1,TRK_77285ED95E64,7370.0,7370.0,2840.0,True,True,False,False,"{""circular_bonus"": -1.1, ""distance_km"": 1.0, ""empty_km"": 0.85, ""fuel_inr"": 0.01, ""risk"": 12.0, ""time_min"": 0.35, ""toll_inr"": 0.01}",CST_48011250D4FB,SCN_BASELINE,g1,False,36,train,20260903,v0.1,hash_bucket
INS_CFA98FBFF49B,37e9c45cac0d5250,PDP,quantum,LOC_45C74FBD7B6F,Mansa,PB,7,1,TRK_087A3F80418D,12640.0,12640.0,3380.0,True,True,True,False,"{""circular_bonus"": -1.1, ""distance_km"": 1.0, ""empty_km"": 0.85, ""fuel_inr"": 0.01, ""risk"": 12.0, ""time_min"": 0.35, ""toll_inr"": 0.01}",CST_48011250D4FB,SCN_BASELINE,g1,False,64,train,20260903,v0.1,hash_bucket
INS_6B2267602ABB,52cc80ca44476c89,CIRCULAR_VRP,quantum,LOC_C90487F88BAC,Muktsar,PB,6,1,TRK_592A7431AD8F,10840.0,10840.0,7390.0,True,False,False,True,"{""circular_bonus"": -1.1, ""distance_km"": 1.0, ""empty_km"": 0.85, ""fuel_inr"": 0.01, ""risk"": 12.0, ""time_min"": 0.35, ""toll_inr"": 0.01}",CST_48011250D4FB,SCN_BASELINE,g1,False,49,train,20260903,v0.1,hash_bucket
INS_E5AFBF9C8974,70209ae3b6fd50f8,PDP,quantum,LOC_60C46A471111,Pilibhit,UP,5,1,TRK_C943D7479AB1,13170.0,13170.0,3130.0,True,True,True,True,"{""circular_bonus"": -1.1, ""distance_km"": 1.0, ""empty_km"": 0.85, ""fuel_inr"": 0.01, ""risk"": 12.0, ""time_min"": 0.35, ""toll_inr"": 0.01}",CST_48011250D4FB,SCN_BASELINE,g1,False,36,train,20260903,v0.1,hash_bucket
INS_930BDF95760A,3a760a59f7a4ed01,PDP,quantum,LOC_B01B9CC74597,Saharanpur,UP,4,1,TRK_B7FB75BB3E0A,28840.0,28840.0,1730.0,True,False,True,True,"{""circular_bonus"": -1.1, ""distance_km"": 1.0, ""empty_km"": 0.85, ""fuel_inr"": 0.01, ""risk"": 12.0, ""time_min"": 0.35, ""toll_inr"": 0.01}",CST_48011250D4FB,SCN_BASELINE,g1,False,25,test,20260903,v0.1,hash_bucket
INS_408733CCC577,6a63ae4587788257,VRPTW,quantum,LOC_AFF866260256,Moradabad,UP,6,1,TRK_868B0E540874,6500.0,6500.0,3230.0,True,True,False,False,"{""circular_bonus"": -1.1, ""distance_km"": 1.0, ""empty_km"": 0.85, ""fuel_inr"": 0.01, ""risk"": 12.0, ""time_min"": 0.35, ""toll_inr"": 0.01}",CST_48011250D4FB,SCN_BASELINE,g1,False,49,train,20260903,v0.1,hash_bucket
INS_3E9246A3EB2A,f6731aa9843ec899,PDP,quantum,LOC_03F06DD41C28,Malerkotla,PB,7,1,TRK_FFF0E16B86EA,20290.0,20290.0,5220.0,True,True,True,False,"{""circular_bonus"": -1.1, ""distance_km"": 1.0, ""empty_km"": 0.85, ""fuel_inr"": 0.01, ""risk"": 12.0, ""time_min"": 0.35, ""toll_inr"": 0.01}",CST_48011250D4FB,SCN_BASELINE,g1,False,64,train,20260903,v0.1,hash_bucket
INS_00E5596F84D7,a5083a0e492dbe21,CIRCULAR_VRP,quantum,LOC_E7B504BE8FE9,Patiala,PB,4,1,TRK_77285ED95E64,7370.0,7370.0,3350.0,True,False,False,True,"{""circular_bonus"": -1.1, ""distance_km"": 1.0, ""empty_km"": 0.85, ""fuel_inr"": 0.01, ""risk"": 12.0, ""time_min"": 0.35, ""toll_inr"": 0.01}",CST_48011250D4FB,SCN_BASELINE,g1,False,25,train,20260903,v0.1,hash_bucket
INS_A683C00C210C,1e68ce813655993d,VRPTW,quantum,LOC_08710C80560B,Moga,PB,4,1,TRK_486AB8FB5CC5,17680.0,17680.0,3470.0,True,True,False,False,"{""circular_bonus"": -1.1, ""distance_km"": 1.0, ""empty_km"": 0.85, ""fuel_inr"": 0.01, ""risk"": 12.0, ""time_min"": 0.35, ""toll_inr"": 0.01}",CST_48011250D4FB,SCN_BASELINE,g1,False,25,train,20260903,v0.1,hash_bucket
INS_440592CCAEC4,43ec9a80a06c778e,TSP,quantum,LOC_FF96333A5510,North West Delhi,DL,3,1,TRK_E260AFDFB21B,29400.0,29400.0,57350.0,False,True,False,True,"{""circular_bonus"": -1.1, ""distance_km"": 1.0, ""empty_km"": 0.85, ""fuel_inr"": 0.01, ""risk"": 12.0, ""time_min"": 0.35, ""toll_inr"": 0.01}",CST_48011250D4FB,SCN_BASELINE,g1,True,16,test,20260903,v0.1,hash_bucket
INS_BE56F97489A1,c04b41dd130a6bdf,CIRCULAR_VRP,quantum,LOC_E9EE964E8CFE,South Delhi,DL,6,1,TRK_017DA12B162E,31980.0,31980.0,180000.0,False,False,False,True,"{""circular_bonus"": -1.1, ""distance_km"": 1.0, ""empty_km"": 0.85, ""fuel_inr"": 0.01, ""risk"": 12.0, ""time_min"": 0.35, ""toll_inr"": 0.01}",CST_48011250D4FB,SCN_BASELINE,g1,False,49,train,20260903,v0.1,hash_bucket
INS_BE27C9C94CFD,b0d3f69a3464e69f,CIRCULAR_VRP,quantum,LOC_E9EE964E8CFE,South Delhi,DL,5,1,TRK_017DA12B162E,31980.0,31980.0,150000.0,False,True,False,True,"{""circular_bonus"": -1.1, ""distance_km"": 1.0, ""empty_km"": 0.85, ""fuel_inr"": 0.01, ""risk"": 12.0, ""time_min"": 0.35, ""toll_inr"": 0.01}",CST_48011250D4FB,SCN_BASELINE,g1,False,36,train,20260903,v0.1,hash_bucket
INS_D3A45AB6D0C8,2f7136ab76325c78,CIRCULAR_VRP,quantum,LOC_BACB2642B5AD,Kurukshetra,HR,5,1,TRK_C37572A4FA01,22890.0,22890.0,3050.0,True,False,False,True,"{""circular_bonus"": -1.1, ""distance_km"": 1.0, ""empty_km"": 0.85, ""fuel_inr"": 0.01, ""risk"": 12.0, ""time_min"": 0.35, ""toll_inr"": 0.01}",CST_48011250D4FB,SCN_BASELINE,g1,False,36,validation,20260903,v0.1,hash_bucket
INS_4D709631787A,1e82ee8a4d02468a,CIRCULAR_VRP,quantum,LOC_21F591BF08EC,West Delhi,DL,4,1,TRK_D5734C94CA97,23880.0,23880.0,83560.0,False,True,False,True,"{""circular_bonus"": -1.1, ""distance_km"": 1.0, ""empty_km"": 0.85, ""fuel_inr"": 0.01, ""risk"": 12.0, ""time_min"": 0.35, ""toll_inr"": 0.01}",CST_48011250D4FB,SCN_BASELINE,g1,False,25,train,20260903,v0.1,hash_bucket
INS_4BC71667C581,43e8ad1df445efc9,VRPTW,quantum,LOC_E9EE964E8CFE,South Delhi,DL,5,1,TRK_017DA12B162E,31980.0,31980.0,150000.0,False,True,False,False,"{""circular_bonus"": -1.1, ""distance_km"": 1.0, ""empty_km"": 0.85, ""fuel_inr"": 0.01, ""risk"": 12.0, ""time_min"": 0.35, ""toll_inr"": 0.01}",CST_48011250D4FB,SCN_BASELINE,g1,False,36,train,20260903,v0.1,hash_bucket
INS_89D66A0C62C4,59199b92ed2e63bb,TSP,quantum,LOC_B01B9CC74597,Saharanpur,UP,3,1,TRK_B7FB75BB3E0A,28840.0,28840.0,490.0,True,False,True,False,"{""circular_bonus"": -1.1, ""distance_km"": 1.0, ""empty_km"": 0.85, ""fuel_inr"": 0.01, ""risk"": 12.0, ""time_min"": 0.35, ""toll_inr"": 0.01}",CST_48011250D4FB,SCN_BASELINE,g1,True,16,validation,20260903,v0.1,hash_bucket
INS_FA52C5E8D9DD,13da2574949a58ef,CIRCULAR_VRP,quantum,LOC_C90487F88BAC,Muktsar,PB,6,1,TRK_592A7431AD8F,10840.0,10840.0,5600.0,True,False,False,True,"{""circular_bonus"": -1.1, ""distance_km"": 1.0, ""empty_km"": 0.85, ""fuel_inr"": 0.01, ""risk"": 12.0, ""time_min"": 0.35, ""toll_inr"": 0.01}",CST_48011250D4FB,SCN_BASELINE,g1,False,49,validation,20260903,v0.1,hash_bucket
INS_CFA7CF50277A,2ff9e0d6685d7ac5,PDP,quantum,LOC_FF96333A5510,North West Delhi,DL,6,1,TRK_017DA12B162E,31980.0,31980.0,108530.0,False,True,True,False,"{""circular_bonus"": -1.1, ""distance_km"": 1.0, ""empty_km"": 0.85, ""fuel_inr"": 0.01, ""risk"": 12.0, ""time_min"": 0.35, ""toll_inr"": 0.01}",CST_48011250D4FB,SCN_BASELINE,g1,False,49,train,20260903,v0.1,hash_bucket
INS_76064D63A516,bcd68a407eb6f1a8,TSP,quantum,LOC_E71843C35AC6,Bijnor,UP,3,1,TRK_1E6386CE9B0D,17000.0,17000.0,1640.0,True,True,True,False,"{""circular_bonus"": -1.1, ""distance_km"": 1.0, ""empty_km"": 0.85, ""fuel_inr"": 0.01, ""risk"": 12.0, ""time_min"": 0.35, ""toll_inr"": 0.01}",CST_48011250D4FB,SCN_BASELINE,g1,True,16,train,20260903,v0.1,hash_bucket
INS_B33478FAC627,85a90c1350823c01,TSP,quantum,LOC_2ADFB4EFDB06,Kaithal,HR,3,1,TRK_A5F730FA2580,16560.0,16560.0,1150.0,True,True,False,False,"{""circular_bonus"": -1.1, ""distance_km"": 1.0, ""empty_km"": 0.85, ""fuel_inr"": 0.01, ""risk"": 12.0, ""time_min"": 0.35, ""toll_inr"": 0.01}",CST_48011250D4FB,SCN_BASELINE,g1,True,16,train,20260903,v0.1,hash_bucket
INS_DCC2075E85A9,6be3872b201377c0,PDP,quantum,LOC_D8FB48D6F894,Fatehabad,HR,5,1,TRK_ECEE8EE28F92,23380.0,23380.0,2310.0,True,True,True,False,"{""circular_bonus"": -1.1, ""distance_km"": 1.0, ""empty_km"": 0.85, ""fuel_inr"": 0.01, ""risk"": 12.0, ""time_min"": 0.35, ""toll_inr"": 0.01}",CST_48011250D4FB,SCN_BASELINE,g1,False,36,train,20260903,v0.1,hash_bucket
INS_D81F166EC362,8c92609fbb96a8f3,VRPTW,quantum,LOC_B890897F9CCC,Kapurthala,PB,4,1,TRK_845EA1F8ABE4,17150.0,17150.0,2470.0,True,True,False,False,"{""circular_bonus"": -1.1, ""distance_km"": 1.0, ""empty_km"": 0.85, ""fuel_inr"": 0.01, ""risk"": 12.0, ""time_min"": 0.35, ""toll_inr"": 0.01}",CST_48011250D4FB,SCN_BASELINE,g1,False,25,train,20260903,v0.1,hash_bucket
INS_FF269ECD4F8F,c503da4f432ef89e,CIRCULAR_VRP,quantum,LOC_2011BC2FE7BD,Fazilka,PB,6,1,TRK_129C27B32C42,10960.0,10960.0,5330.0,True,True,False,True,"{""circular_bonus"": -1.1, ""distance_km"": 1.0, ""empty_km"": 0.85, ""fuel_inr"": 0.01, ""risk"": 12.0, ""time_min"": 0.35, ""toll_inr"": 0.01}",CST_48011250D4FB,SCN_BASELINE,g1,False,49,validation,20260903,v0.1,hash_bucket
INS_7DAC6352FCB4,d24c534dc862ffec,PDP,quantum,LOC_6042150B38E7,Rohtak,HR,4,1,TRK_A997FC00E0CF,31510.0,31510.0,420.0,True,False,True,False,"{""circular_bonus"": -1.1, ""distance_km"": 1.0, ""empty_km"": 0.85, ""fuel_inr"": 0.01, ""risk"": 12.0, ""time_min"": 0.35, ""toll_inr"": 0.01}",CST_48011250D4FB,SCN_BASELINE,g1,False,25,train,20260903,v0.1,hash_bucket
INS_B73BB3DC345E,59e11e04a0e054a0,CVRP,quantum,LOC_0B27B307A77E,Panipat,HR,5,1,TRK_8C842CC0A407,25970.0,25970.0,4350.0,True,False,False,False,"{""circular_bonus"": -1.1, ""distance_km"": 1.0, ""empty_km"": 0.85, ""fuel_inr"": 0.01, ""risk"": 12.0, ""time_min"": 0.35, ""toll_inr"": 0.01}",CST_48011250D4FB,SCN_BASELINE,g1,False,36,train,20260903,v0.1,hash_bucket
INS_091621B379F1,84a94a99e6efc937,TSP,quantum,LOC_6C7E235EC96D,Nawanshahr,PB,3,1,TRK_D15B8332AEB2,15180.0,15180.0,3010.0,True,False,False,True,"{""circular_bonus"": -1.1, ""distance_km"": 1.0, ""empty_km"": 0.85, ""fuel_inr"": 0.01, ""risk"": 12.0, ""time_min"": 0.35, ""toll_inr"": 0.01}",CST_48011250D4FB,SCN_BASELINE,g1,True,16,train,20260903,v0.1,hash_bucket
INS_44BF201AF778,c9e8254e2b5a1402,CIRCULAR_VRP,quantum,LOC_ED9C60D04FC0,SAS Nagar,PB,5,1,TRK_7A91F5198B53,27170.0,27170.0,2290.0,True,True,False,True,"{""circular_bonus"": -1.1, ""distance_km"": 1.0, ""empty_km"": 0.85, ""fuel_inr"": 0.01, ""risk"": 12.0, ""time_min"": 0.35, ""toll_inr"": 0.01}",CST_48011250D4FB,SCN_BASELINE,g1,False,36,train,20260903,v0.1,hash_bucket
INS_BF5C270C812C,5ce88c162877c26b,TSP,quantum,LOC_B56ABDBA32E2,Aligarh,UP,3,1,TRK_EE6431FC41DB,23370.0,23370.0,1850.0,True,False,True,False,"{""circular_bonus"": -1.1, ""distance_km"": 1.0, ""empty_km"": 0.85, ""fuel_inr"": 0.01, ""risk"": 12.0, ""time_min"": 0.35, ""toll_inr"": 0.01}",CST_48011250D4FB,SCN_BASELINE,g1,True,16,train,20260903,v0.1,hash_bucket
INS_EC45FCB56284,bbf66bbadf9edc12,VRPTW,quantum,LOC_5D316714188F,Faridabad,HR,5,1,TRK_E9C76BCDE1E1,28950.0,28950.0,5610.0,True,True,False,False,"{""circular_bonus"": -1.1, ""distance_km"": 1.0, ""empty_km"": 0.85, ""fuel_inr"": 0.01, ""risk"": 12.0, ""time_min"": 0.35, ""toll_inr"": 0.01}",CST_48011250D4FB,SCN_BASELINE,g1,False,36,train,20260903,v0.1,hash_bucket
INS_AE50686C8542,d7e8d79260c5c86d,CIRCULAR_VRP,quantum,LOC_D8FB48D6F894,Fatehabad,HR,7,1,TRK_ECEE8EE28F92,23380.0,23380.0,3050.0,True,True,False,True,"{""circular_bonus"": -1.1, ""distance_km"": 1.0, ""empty_km"": 0.85, ""fuel_inr"": 0.01, ""risk"": 12.0, ""time_min"": 0.35, ""toll_inr"": 0.01}",CST_48011250D4FB,SCN_BASELINE,g1,False,64,train,20260903,v0.1,hash_bucket
INS_328B223A1CF7,a9796594555c12ee,PDP,quantum,LOC_6B9FA168B682,Firozabad,UP,6,1,TRK_289DEA3F9F20,17070.0,17070.0,3100.0,True,False,True,True,"{""circular_bonus"": -1.1, ""distance_km"": 1.0, ""empty_km"": 0.85, ""fuel_inr"": 0.01, ""risk"": 12.0, ""time_min"": 0.35, ""toll_inr"": 0.01}",CST_48011250D4FB,SCN_BASELINE,g1,False,49,test,20260903,v0.1,hash_bucket
INS_BDF7D77DE9B7,3f98ab09b741d246,PDP,quantum,LOC_E9EE964E8CFE,South Delhi,DL,7,1,TRK_017DA12B162E,31980.0,31980.0,210000.0,False,False,True,True,"{""circular_bonus"": -1.1, ""distance_km"": 1.0, ""empty_km"": 0.85, ""fuel_inr"": 0.01, ""risk"": 12.0, ""time_min"": 0.35, ""toll_inr"": 0.01}",CST_48011250D4FB,SCN_BASELINE,g1,False,64,train,20260903,v0.1,hash_bucket
INS_3BA328B63B5E,4aa960c2e6e3ffe5,PDP,quantum,LOC_190E748F376B,Barabanki,UP,6,1,TRK_A28CD824B27B,16720.0,16720.0,4410.0,True,False,True,True,"{""circular_bonus"": -1.1, ""distance_km"": 1.0, ""empty_km"": 0.85, ""fuel_inr"": 0.01, ""risk"": 12.0, ""time_min"": 0.35, ""toll_inr"": 0.01}",CST_48011250D4FB,SCN_BASELINE,g1,False,49,validation,20260903,v0.1,hash_bucket
INS_6104F27E283E,41a8cadf32b1ee9f,CVRP,quantum,LOC_BACB2642B5AD,Kurukshetra,HR,5,1,TRK_C37572A4FA01,22890.0,22890.0,4140.0,True,False,False,False,"{""circular_bonus"": -1.1, ""distance_km"": 1.0, ""empty_km"": 0.85, ""fuel_inr"": 0.01, ""risk"": 12.0, ""time_min"": 0.35, ""toll_inr"": 0.01}",CST_48011250D4FB,SCN_BASELINE,g1,False,36,train,20260903,v0.1,hash_bucket
INS_052C078AE526,643730aecb73e7d2,TSP,quantum,LOC_B39E76DCD93F,Nuh,HR,3,1,TRK_5BA38CDD6398,14550.0,14550.0,1490.0,True,False,True,True,"{""circular_bonus"": -1.1, ""distance_km"": 1.0, ""empty_km"": 0.85, ""fuel_inr"": 0.01, ""risk"": 12.0, ""time_min"": 0.35, ""toll_inr"": 0.01}",CST_48011250D4FB,SCN_BASELINE,g1,True,16,train,20260903,v0.1,hash_bucket
INS_1BDE8B40861F,2c5a2e94839917a2,CIRCULAR_VRP,quantum,LOC_58DEC063659A,Gorakhpur,UP,4,1,TRK_2553D5E0810B,10680.0,10680.0,2580.0,True,True,False,True,"{""circular_bonus"": -1.1, ""distance_km"": 1.0, ""empty_km"": 0.85, ""fuel_inr"": 0.01, ""risk"": 12.0, ""time_min"": 0.35, ""toll_inr"": 0.01}",CST_48011250D4FB,SCN_BASELINE,g1,False,25,validation,20260903,v0.1,hash_bucket
INS_E0DFF8D37F3C,e9e47a520db579e6,CVRP,quantum,LOC_DA9770705B86,South West Delhi,DL,6,1,TRK_017DA12B162E,31980.0,31980.0,79820.0,False,False,False,False,"{""circular_bonus"": -1.1, ""distance_km"": 1.0, ""empty_km"": 0.85, ""fuel_inr"": 0.01, ""risk"": 12.0, ""time_min"": 0.35, ""toll_inr"": 0.01}",CST_48011250D4FB,SCN_BASELINE,g1,False,49,test,20260903,v0.1,hash_bucket
INS_E38B873EB6A9,277ebec3318f0de4,VRPTW,quantum,LOC_BC48412E6B15,Sambhal,UP,7,1,TRK_1739A0E69F8F,16410.0,16410.0,6660.0,True,True,False,False,"{""circular_bonus"": -1.1, ""distance_km"": 1.0, ""empty_km"": 0.85, ""fuel_inr"": 0.01, ""risk"": 12.0, ""time_min"": 0.35, ""toll_inr"": 0.01}",CST_48011250D4FB,SCN_BASELINE,g1,False,64,train,20260903,v0.1,hash_bucket
INS_D1888840A7F8,c31ab093d854f8f1,TSP,quantum,LOC_F20DB0F2A327,Gurugram,HR,3,1,TRK_C59B1FC1100A,16800.0,16800.0,3980.0,True,False,False,False,"{""circular_bonus"": -1.1, ""distance_km"": 1.0, ""empty_km"": 0.85, ""fuel_inr"": 0.01, ""risk"": 12.0, ""time_min"": 0.35, ""toll_inr"": 0.01}",CST_48011250D4FB,SCN_BASELINE,g1,True,16,validation,20260903,v0.1,hash_bucket
INS_722102C0C9EE,81cdb8510f9d8624,CVRP,quantum,LOC_E9EE964E8CFE,South Delhi,DL,5,1,TRK_017DA12B162E,31980.0,31980.0,150000.0,False,False,False,False,"{""circular_bonus"": -1.1, ""distance_km"": 1.0, ""empty_km"": 0.85, ""fuel_inr"": 0.01, ""risk"": 12.0, ""time_min"": 0.35, ""toll_inr"": 0.01}",CST_48011250D4FB,SCN_BASELINE,g1,False,36,train,20260903,v0.1,hash_bucket
INS_80BFF5865670,b389e504721613ea,VRPTW,quantum,LOC_ED9C60D04FC0,SAS Nagar,PB,5,1,TRK_7A91F5198B53,27170.0,27170.0,2650.0,True,True,False,False,"{""circular_bonus"": -1.1, ""distance_km"": 1.0, ""empty_km"": 0.85, ""fuel_inr"": 0.01, ""risk"": 12.0, ""time_min"": 0.35, ""toll_inr"": 0.01}",CST_48011250D4FB,SCN_BASELINE,g1,False,36,train,20260903,v0.1,hash_bucket
INS_535C32CDFA5C,7f078a805941b95a,VRPTW,quantum,LOC_9F3A877025DA,Shahjahanpur,UP,6,1,TRK_C7CC5AE3F376,10490.0,10490.0,3520.0,True,True,False,False,"{""circular_bonus"": -1.1, ""distance_km"": 1.0, ""empty_km"": 0.85, ""fuel_inr"": 0.01, ""risk"": 12.0, ""time_min"": 0.35, ""toll_inr"": 0.01}",CST_48011250D4FB,SCN_BASELINE,g1,False,49,train,20260903,v0.1,hash_bucket
INS_6646C49B28DC,dbb38c69009a5b11,TSP,quantum,LOC_36B5B5F31C8D,Varanasi,UP,3,1,TRK_EEB1DE456EE4,31250.0,31250.0,2270.0,True,True,False,True,"{""circular_bonus"": -1.1, ""distance_km"": 1.0, ""empty_km"": 0.85, ""fuel_inr"": 0.01, ""risk"": 12.0, ""time_min"": 0.35, ""toll_inr"": 0.01}",CST_48011250D4FB,SCN_BASELINE,g1,True,16,train,20260903,v0.1,hash_bucket
INS_9659E8158AA2,c9cbbd49420f7387,PDP,quantum,LOC_DD4D9C55D7BB,Fatehgarh Sahib,PB,5,1,TRK_106A24329287,24220.0,24220.0,3420.0,True,False,True,False,"{""circular_bonus"": -1.1, ""distance_km"": 1.0, ""empty_km"": 0.85, ""fuel_inr"": 0.01, ""risk"": 12.0, ""time_min"": 0.35, ""toll_inr"": 0.01}",CST_48011250D4FB,SCN_BASELINE,g1,False,36,train,20260903,v0.1,hash_bucket
INS_F4FF5761A7B3,5fb2496424c68bab,PDP,quantum,LOC_2ADFB4EFDB06,Kaithal,HR,5,1,TRK_A5F730FA2580,16560.0,16560.0,1120.0,True,False,True,True,"{""circular_bonus"": -1.1, ""distance_km"": 1.0, ""empty_km"": 0.85, ""fuel_inr"": 0.01, ""risk"": 12.0, ""time_min"": 0.35, ""toll_inr"": 0.01}",CST_48011250D4FB,SCN_BASELINE,g1,False,36,train,20260903,v0.1,hash_bucket
INS_229B0553EF75,017102c291945178,PDP,quantum,LOC_CF209A6CE403,Hapur,UP,6,1,TRK_43E6DED71D1A,13390.0,13390.0,1780.0,True,False,True,True,"{""circular_bonus"": -1.1, ""distance_km"": 1.0, ""empty_km"": 0.85, ""fuel_inr"": 0.01, ""risk"": 12.0, ""time_min"": 0.35, ""toll_inr"": 0.01}",CST_48011250D4FB,SCN_BASELINE,g1,False,49,test,20260903,v0.1,hash_bucket
INS_84AB947FD65E,daf6a66e86a6c001,PDP,quantum,LOC_0D7AAF851D69,Tarn Taran,PB,6,1,TRK_8655D90B9573,8560.0,8560.0,5290.0,True,False,True,False,"{""circular_bonus"": -1.1, ""distance_km"": 1.0, ""empty_km"": 0.85, ""fuel_inr"": 0.01, ""risk"": 12.0, ""time_min"": 0.35, ""toll_inr"": 0.01}",CST_48011250D4FB,SCN_BASELINE,g1,False,49,train,20260903,v0.1,hash_bucket
INS_5824E1FB7C9F,896d1a3c016f3ae6,TSP,quantum,LOC_11A4C40B0A4F,Yamunanagar,HR,3,1,TRK_FB045E9F7F61,28890.0,28890.0,1420.0,True,False,True,True,"{""circular_bonus"": -1.1, ""distance_km"": 1.0, ""empty_km"": 0.85, ""fuel_inr"": 0.01, ""risk"": 12.0, ""time_min"": 0.35, ""toll_inr"": 0.01}",CST_48011250D4FB,SCN_BASELINE,g1,True,16,validation,20260903,v0.1,hash_bucket
INS_41247B66DB5F,99d90b81c7f6ad0d,PDP,quantum,LOC_60C46A471111,Pilibhit,UP,4,1,TRK_C943D7479AB1,13170.0,13170.0,1910.0,True,False,True,False,"{""circular_bonus"": -1.1, ""distance_km"": 1.0, ""empty_km"": 0.85, ""fuel_inr"": 0.01, ""risk"": 12.0, ""time_min"": 0.35, ""toll_inr"": 0.01}",CST_48011250D4FB,SCN_BASELINE,g1,False,25,train,20260903,v0.1,hash_bucket
INS_ADFAAD3E7381,5e1e4ec9fe9dad60,VRPTW,quantum,LOC_DD4D9C55D7BB,Fatehgarh Sahib,PB,7,1,TRK_106A24329287,24220.0,24220.0,4140.0,True,True,False,False,"{""circular_bonus"": -1.1, ""distance_km"": 1.0, ""empty_km"": 0.85, ""fuel_inr"": 0.01, ""risk"": 12.0, ""time_min"": 0.35, ""toll_inr"": 0.01}",CST_48011250D4FB,SCN_BASELINE,g1,False,64,train,20260903,v0.1,hash_bucket
INS_597D71D90D12,5f78691bbc65871e,CIRCULAR_VRP,quantum,LOC_2E423964E639,Agra,UP,5,1,TRK_ADDDD7A442CF,23720.0,23720.0,3330.0,True,False,False,True,"{""circular_bonus"": -1.1, ""distance_km"": 1.0, ""empty_km"": 0.85, ""fuel_inr"": 0.01, ""risk"": 12.0, ""time_min"": 0.35, ""toll_inr"": 0.01}",CST_48011250D4FB,SCN_BASELINE,g1,False,36,train,20260903,v0.1,hash_bucket
INS_5ACE28363EEA,26a57beb737bb9d5,PDP,quantum,LOC_D49CDCEB7AF7,Charkhi Dadri,HR,4,1,TRK_1A09343A6FAC,25770.0,25770.0,1760.0,True,False,True,False,"{""circular_bonus"": -1.1, ""distance_km"": 1.0, ""empty_km"": 0.85, ""fuel_inr"": 0.01, ""risk"": 12.0, ""time_min"": 0.35, ""toll_inr"": 0.01}",CST_48011250D4FB,SCN_BASELINE,g1,False,25,train,20260903,v0.1,hash_bucket
INS_94860BB90A31,4882620fb8209e2b,TSP,quantum,LOC_F20DB0F2A327,Gurugram,HR,3,1,TRK_C59B1FC1100A,16800.0,16800.0,510.0,True,False,False,False,"{""circular_bonus"": -1.1, ""distance_km"": 1.0, ""empty_km"": 0.85, ""fuel_inr"": 0.01, ""risk"": 12.0, ""time_min"": 0.35, ""toll_inr"": 0.01}",CST_48011250D4FB,SCN_BASELINE,g1,True,16,test,20260903,v0.1,hash_bucket
INS_A615A45D07AF,91beb8550e12b401,VRPTW,quantum,LOC_27273A6A3299,Shamli,UP,4,1,TRK_4FF849112E23,13040.0,13040.0,4360.0,True,True,False,False,"{""circular_bonus"": -1.1, ""distance_km"": 1.0, ""empty_km"": 0.85, ""fuel_inr"": 0.01, ""risk"": 12.0, ""time_min"": 0.35, ""toll_inr"": 0.01}",CST_48011250D4FB,SCN_BASELINE,g1,False,25,validation,20260903,v0.1,hash_bucket
INS_7B8CD29F8AEA,ccb0e514627a4390,CVRP,quantum,LOC_C90487F88BAC,Muktsar,PB,7,1,TRK_592A7431AD8F,10840.0,10840.0,5370.0,True,False,False,False,"{""circular_bonus"": -1.1, ""distance_km"": 1.0, ""empty_km"": 0.85, ""fuel_inr"": 0.01, ""risk"": 12.0, ""time_min"": 0.35, ""toll_inr"": 0.01}",CST_48011250D4FB,SCN_BASELINE,g1,False,64,test,20260903,v0.1,hash_bucket
INS_197D42419A4E,8a5b73fd6a1b1002,VRPTW,quantum,LOC_2275B2D35F85,Palwal,HR,7,1,TRK_D51F1F9567AE,2960.0,2960.0,5760.0,False,True,False,False,"{""circular_bonus"": -1.1, ""distance_km"": 1.0, ""empty_km"": 0.85, ""fuel_inr"": 0.01, ""risk"": 12.0, ""time_min"": 0.35, ""toll_inr"": 0.01}",CST_48011250D4FB,SCN_BASELINE,g1,False,64,test,20260903,v0.1,hash_bucket
INS_FC544214D67A,1e82ee8a4d02468a,PDP,quantum,LOC_21F591BF08EC,West Delhi,DL,4,1,TRK_D5734C94CA97,23880.0,23880.0,83560.0,False,False,True,True,"{""circular_bonus"": -1.1, ""distance_km"": 1.0, ""empty_km"": 0.85, ""fuel_inr"": 0.01, ""risk"": 12.0, ""time_min"": 0.35, ""toll_inr"": 0.01}",CST_48011250D4FB,SCN_BASELINE,g1,False,25,train,20260903,v0.1,hash_bucket
INS_1F71157FFA23,ed33e284e323fe8e,CIRCULAR_VRP,quantum,LOC_AD745A3946E4,Unnao,UP,5,1,TRK_A210D20B3223,16340.0,16340.0,2610.0,True,True,False,True,"{""circular_bonus"": -1.1, ""distance_km"": 1.0, ""empty_km"": 0.85, ""fuel_inr"": 0.01, ""risk"": 12.0, ""time_min"": 0.35, ""toll_inr"": 0.01}",CST_48011250D4FB,SCN_BASELINE,g1,False,36,train,20260903,v0.1,hash_bucket
INS_48AF2C2091D1,985295dd4b3aba03,CIRCULAR_VRP,quantum,LOC_91BA4A3395D5,Sirsa,HR,4,1,TRK_CF954DBA1CFE,2450.0,2450.0,2740.0,False,True,False,True,"{""circular_bonus"": -1.1, ""distance_km"": 1.0, ""empty_km"": 0.85, ""fuel_inr"": 0.01, ""risk"": 12.0, ""time_min"": 0.35, ""toll_inr"": 0.01}",CST_48011250D4FB,SCN_BASELINE,g1,False,25,train,20260903,v0.1,hash_bucket
INS_3CA91CBC926D,cf968d8321417281,CVRP,quantum,LOC_0D7AAF851D69,Tarn Taran,PB,7,1,TRK_8655D90B9573,8560.0,8560.0,6770.0,True,False,False,False,"{""circular_bonus"": -1.1, ""distance_km"": 1.0, ""empty_km"": 0.85, ""fuel_inr"": 0.01, ""risk"": 12.0, ""time_min"": 0.35, ""toll_inr"": 0.01}",CST_48011250D4FB,SCN_BASELINE,g1,False,64,train,20260903,v0.1,hash_bucket
INS_744E8861870A,acd8a05a38001ea9,TSP,quantum,LOC_8E24E29DF84B,Hisar,HR,3,1,TRK_9BC3A7238962,14790.0,14790.0,2790.0,True,False,False,False,"{""circular_bonus"": -1.1, ""distance_km"": 1.0, ""empty_km"": 0.85, ""fuel_inr"": 0.01, ""risk"": 12.0, ""time_min"": 0.35, ""toll_inr"": 0.01}",CST_48011250D4FB,SCN_BASELINE,g1,True,16,validation,20260903,v0.1,hash_bucket
INS_F314FB65F54A,55cba157ec929946,PDP,quantum,LOC_0B27B307A77E,Panipat,HR,4,1,TRK_8C842CC0A407,25970.0,25970.0,2310.0,True,True,True,False,"{""circular_bonus"": -1.1, ""distance_km"": 1.0, ""empty_km"": 0.85, ""fuel_inr"": 0.01, ""risk"": 12.0, ""time_min"": 0.35, ""toll_inr"": 0.01}",CST_48011250D4FB,SCN_BASELINE,g1,False,25,test,20260903,v0.1,hash_bucket
INS_9B31F0DC93C1,808bef9dab7d7097,CVRP,quantum,LOC_0B27B307A77E,Panipat,HR,7,1,TRK_8C842CC0A407,25970.0,25970.0,3470.0,True,False,False,False,"{""circular_bonus"": -1.1, ""distance_km"": 1.0, ""empty_km"": 0.85, ""fuel_inr"": 0.01, ""risk"": 12.0, ""time_min"": 0.35, ""toll_inr"": 0.01}",CST_48011250D4FB,SCN_BASELINE,g1,False,64,test,20260903,v0.1,hash_bucket
INS_E94846A30FD0,d1c91504235d465c,PDP,quantum,LOC_08710C80560B,Moga,PB,6,1,TRK_486AB8FB5CC5,17680.0,17680.0,3450.0,True,True,True,False,"{""circular_bonus"": -1.1, ""distance_km"": 1.0, ""empty_km"": 0.85, ""fuel_inr"": 0.01, ""risk"": 12.0, ""time_min"": 0.35, ""toll_inr"": 0.01}",CST_48011250D4FB,SCN_BASELINE,g1,False,49,train,20260903,v0.1,hash_bucket
INS_F32BF46DB5ED,28d79a9a5b872ad8,CVRP,quantum,LOC_4A5F46E3AFB5,Sitapur,UP,7,1,TRK_5D8D73EA6549,14970.0,14970.0,5750.0,True,False,False,False,"{""circular_bonus"": -1.1, ""distance_km"": 1.0, ""empty_km"": 0.85, ""fuel_inr"": 0.01, ""risk"": 12.0, ""time_min"": 0.35, ""toll_inr"": 0.01}",CST_48011250D4FB,SCN_BASELINE,g1,False,64,test,20260903,v0.1,hash_bucket
INS_E45466E6A42F,7f16ecb25803f66f,PDP,quantum,LOC_27273A6A3299,Shamli,UP,4,1,TRK_4FF849112E23,13040.0,13040.0,4940.0,True,False,True,False,"{""circular_bonus"": -1.1, ""distance_km"": 1.0, ""empty_km"": 0.85, ""fuel_inr"": 0.01, ""risk"": 12.0, ""time_min"": 0.35, ""toll_inr"": 0.01}",CST_48011250D4FB,SCN_BASELINE,g1,False,25,train,20260903,v0.1,hash_bucket
INS_7E35520C2642,4a959a55c51d29f8,CIRCULAR_VRP,quantum,LOC_61BECDCA1350,Central Delhi,DL,4,1,TRK_0331FB7CD37E,26610.0,26610.0,39620.0,False,True,False,True,"{""circular_bonus"": -1.1, ""distance_km"": 1.0, ""empty_km"": 0.85, ""fuel_inr"": 0.01, ""risk"": 12.0, ""time_min"": 0.35, ""toll_inr"": 0.01}",CST_48011250D4FB,SCN_BASELINE,g1,False,25,train,20260903,v0.1,hash_bucket
INS_6E69F4B20F2C,0c2dbb55eb55c0cb,CIRCULAR_VRP,quantum,LOC_7CE3D43FF63F,Ambala,HR,4,1,TRK_24451540E310,9360.0,9360.0,990.0,True,True,False,True,"{""circular_bonus"": -1.1, ""distance_km"": 1.0, ""empty_km"": 0.85, ""fuel_inr"": 0.01, ""risk"": 12.0, ""time_min"": 0.35, ""toll_inr"": 0.01}",CST_48011250D4FB,SCN_BASELINE,g1,False,25,train,20260903,v0.1,hash_bucket
INS_1262AF187F69,01bfac77428acdbe,CVRP,quantum,LOC_EBC017604691,Mathura,UP,6,1,TRK_9DFA15E0928C,8820.0,8820.0,4040.0,True,False,False,False,"{""circular_bonus"": -1.1, ""distance_km"": 1.0, ""empty_km"": 0.85, ""fuel_inr"": 0.01, ""risk"": 12.0, ""time_min"": 0.35, ""toll_inr"": 0.01}",CST_48011250D4FB,SCN_BASELINE,g1,False,49,train,20260903,v0.1,hash_bucket
INS_18AE8A6B539C,0f129f8592508c70,CIRCULAR_VRP,quantum,LOC_F20DB0F2A327,Gurugram,HR,7,1,TRK_C59B1FC1100A,16800.0,16800.0,7770.0,True,True,False,True,"{""circular_bonus"": -1.1, ""distance_km"": 1.0, ""empty_km"": 0.85, ""fuel_inr"": 0.01, ""risk"": 12.0, ""time_min"": 0.35, ""toll_inr"": 0.01}",CST_48011250D4FB,SCN_BASELINE,g1,False,64,validation,20260903,v0.1,hash_bucket
INS_A60AADB95DB5,2a08e6aed06ee0bd,TSP,quantum,LOC_21F591BF08EC,West Delhi,DL,3,1,TRK_D5734C94CA97,23880.0,23880.0,63500.0,False,True,False,False,"{""circular_bonus"": -1.1, ""distance_km"": 1.0, ""empty_km"": 0.85, ""fuel_inr"": 0.01, ""risk"": 12.0, ""time_min"": 0.35, ""toll_inr"": 0.01}",CST_48011250D4FB,SCN_BASELINE,g1,True,16,train,20260903,v0.1,hash_bucket
INS_C62CDF060254,95c97216f11b3518,CIRCULAR_VRP,quantum,LOC_27273A6A3299,Shamli,UP,6,1,TRK_4FF849112E23,13040.0,13040.0,3700.0,True,True,False,True,"{""circular_bonus"": -1.1, ""distance_km"": 1.0, ""empty_km"": 0.85, ""fuel_inr"": 0.01, ""risk"": 12.0, ""time_min"": 0.35, ""toll_inr"": 0.01}",CST_48011250D4FB,SCN_BASELINE,g1,False,49,test,20260903,v0.1,hash_bucket
INS_E730F355EDB4,5bf5ad87775cc88b,CIRCULAR_VRP,quantum,LOC_08710C80560B,Moga,PB,4,1,TRK_486AB8FB5CC5,17680.0,17680.0,1440.0,True,False,False,True,"{""circular_bonus"": -1.1, ""distance_km"": 1.0, ""empty_km"": 0.85, ""fuel_inr"": 0.01, ""risk"": 12.0, ""time_min"": 0.35, ""toll_inr"": 0.01}",CST_48011250D4FB,SCN_BASELINE,g1,False,25,train,20260903,v0.1,hash_bucket
INS_DEDE6472C4F6,401d5b0b9a88cd7d,VRPTW,quantum,LOC_EC1D3E4138DF,Amritsar,PB,5,1,TRK_16D9D4191F37,15010.0,15010.0,3000.0,True,True,False,False,"{""circular_bonus"": -1.1, ""distance_km"": 1.0, ""empty_km"": 0.85, ""fuel_inr"": 0.01, ""risk"": 12.0, ""time_min"": 0.35, ""toll_inr"": 0.01}",CST_48011250D4FB,SCN_BASELINE,g1,False,36,train,20260903,v0.1,hash_bucket
INS_56675BCE633D,e8e1d652016e8fcf,PDP,quantum,LOC_E96863625035,Shahdara,DL,6,1,TRK_017DA12B162E,31980.0,31980.0,180000.0,False,True,True,True,"{""circular_bonus"": -1.1, ""distance_km"": 1.0, ""empty_km"": 0.85, ""fuel_inr"": 0.01, ""risk"": 12.0, ""time_min"": 0.35, ""toll_inr"": 0.01}",CST_48011250D4FB,SCN_BASELINE,g1,False,49,train,20260903,v0.1,hash_bucket
INS_491074527BDE,2a489dc263747400,PDP,quantum,LOC_841795218E67,Ghaziabad,UP,6,1,TRK_BF4524860146,23880.0,23880.0,7680.0,True,False,True,False,"{""circular_bonus"": -1.1, ""distance_km"": 1.0, ""empty_km"": 0.85, ""fuel_inr"": 0.01, ""risk"": 12.0, ""time_min"": 0.35, ""toll_inr"": 0.01}",CST_48011250D4FB,SCN_BASELINE,g1,False,49,train,20260903,v0.1,hash_bucket
INS_1A7E2B0A3CC2,bd668c8c385a12ab,CIRCULAR_VRP,quantum,LOC_8E24E29DF84B,Hisar,HR,7,1,TRK_9BC3A7238962,14790.0,14790.0,5310.0,True,True,False,True,"{""circular_bonus"": -1.1, ""distance_km"": 1.0, ""empty_km"": 0.85, ""fuel_inr"": 0.01, ""risk"": 12.0, ""time_min"": 0.35, ""toll_inr"": 0.01}",CST_48011250D4FB,SCN_BASELINE,g1,False,64,train,20260903,v0.1,hash_bucket
INS_30EE5DC3DACB,116e0a3b1d353d0f,TSP,quantum,LOC_8EAD4661AFB9,Jhajjar,HR,3,1,TRK_2A2A3F44FD68,13420.0,13420.0,1460.0,True,False,False,True,"{""circular_bonus"": -1.1, ""distance_km"": 1.0, ""empty_km"": 0.85, ""fuel_inr"": 0.01, ""risk"": 12.0, ""time_min"": 0.35, ""toll_inr"": 0.01}",CST_48011250D4FB,SCN_BASELINE,g1,True,16,train,20260903,v0.1,hash_bucket
INS_03BF285E2D73,9c70d294ea877fac,CVRP,quantum,LOC_11A4C40B0A4F,Yamunanagar,HR,4,1,TRK_FB045E9F7F61,28890.0,28890.0,1380.0,True,False,False,False,"{""circular_bonus"": -1.1, ""distance_km"": 1.0, ""empty_km"": 0.85, ""fuel_inr"": 0.01, ""risk"": 12.0, ""time_min"": 0.35, ""toll_inr"": 0.01}",CST_48011250D4FB,SCN_BASELINE,g1,False,25,train,20260903,v0.1,hash_bucket
INS_F302A96F1232,706d6b529a426bd3,CVRP,quantum,LOC_EE8F1CF00ECF,Bhiwani,HR,4,1,TRK_5801D39EB402,15040.0,15040.0,5010.0,True,False,False,False,"{""circular_bonus"": -1.1, ""distance_km"": 1.0, ""empty_km"": 0.85, ""fuel_inr"": 0.01, ""risk"": 12.0, ""time_min"": 0.35, ""toll_inr"": 0.01}",CST_48011250D4FB,SCN_BASELINE,g1,False,25,train,20260903,v0.1,hash_bucket
INS_565B7E2BF950,318aaa89214e2e3e,PDP,quantum,LOC_ED9C60D04FC0,SAS Nagar,PB,5,1,TRK_7A91F5198B53,27170.0,27170.0,3460.0,True,True,True,True,"{""circular_bonus"": -1.1, ""distance_km"": 1.0, ""empty_km"": 0.85, ""fuel_inr"": 0.01, ""risk"": 12.0, ""time_min"": 0.35, ""toll_inr"": 0.01}",CST_48011250D4FB,SCN_BASELINE,g1,False,36,train,20260903,v0.1,hash_bucket
INS_F3E6F533067E,8b53faf882225ec6,TSP,quantum,LOC_63A998834201,North East Delhi,DL,3,1,TRK_8305179CCBA4,20640.0,20640.0,23820.0,False,False,False,True,"{""circular_bonus"": -1.1, ""distance_km"": 1.0, ""empty_km"": 0.85, ""fuel_inr"": 0.01, ""risk"": 12.0, ""time_min"": 0.35, ""toll_inr"": 0.01}",CST_48011250D4FB,SCN_BASELINE,g1,True,16,train,20260903,v0.1,hash_bucket
INS_46EFF2C74766,07f37aa8317f74ae,PDP,quantum,LOC_6C7E235EC96D,Nawanshahr,PB,5,1,TRK_D15B8332AEB2,15180.0,15180.0,5810.0,True,True,True,False,"{""circular_bonus"": -1.1, ""distance_km"": 1.0, ""empty_km"": 0.85, ""fuel_inr"": 0.01, ""risk"": 12.0, ""time_min"": 0.35, ""toll_inr"": 0.01}",CST_48011250D4FB,SCN_BASELINE,g1,False,36,train,20260903,v0.1,hash_bucket
INS_EC604ABDF2C0,2b3b02a56b84c2f4,TSP,quantum,LOC_EE8F1CF00ECF,Bhiwani,HR,3,1,TRK_5801D39EB402,15040.0,15040.0,2630.0,True,False,False,True,"{""circular_bonus"": -1.1, ""distance_km"": 1.0, ""empty_km"": 0.85, ""fuel_inr"": 0.01, ""risk"": 12.0, ""time_min"": 0.35, ""toll_inr"": 0.01}",CST_48011250D4FB,SCN_BASELINE,g1,True,16,train,20260903,v0.1,hash_bucket
INS_CA8F377FC2FA,5a6249e01cba5eaf,VRPTW,quantum,LOC_4A5F46E3AFB5,Sitapur,UP,6,1,TRK_5D8D73EA6549,14970.0,14970.0,4930.0,True,True,False,False,"{""circular_bonus"": -1.1, ""distance_km"": 1.0, ""empty_km"": 0.85, ""fuel_inr"": 0.01, ""risk"": 12.0, ""time_min"": 0.35, ""toll_inr"": 0.01}",CST_48011250D4FB,SCN_BASELINE,g1,False,49,train,20260903,v0.1,hash_bucket
INS_A9555F610FD7,a0159855b509394b,PDP,quantum,LOC_E7B504BE8FE9,Patiala,PB,4,1,TRK_77285ED95E64,7370.0,7370.0,3240.0,True,True,True,True,"{""circular_bonus"": -1.1, ""distance_km"": 1.0, ""empty_km"": 0.85, ""fuel_inr"": 0.01, ""risk"": 12.0, ""time_min"": 0.35, ""toll_inr"": 0.01}",CST_48011250D4FB,SCN_BASELINE,g1,False,25,train,20260903,v0.1,hash_bucket
INS_2EE4BE524F57,d29bd5f350d29792,PDP,quantum,LOC_BC83DA386B0E,Baghpat,UP,7,1,TRK_BFE3723152B3,3810.0,3810.0,5500.0,False,False,True,True,"{""circular_bonus"": -1.1, ""distance_km"": 1.0, ""empty_km"": 0.85, ""fuel_inr"": 0.01, ""risk"": 12.0, ""time_min"": 0.35, ""toll_inr"": 0.01}",CST_48011250D4FB,SCN_BASELINE,g1,False,64,train,20260903,v0.1,hash_bucket
INS_C75B3D1E1B56,4d7036cbb4e2b656,CIRCULAR_VRP,quantum,LOC_F1EE6A62E5AA,Mahendragarh,HR,6,1,TRK_CE450D7F416B,12650.0,12650.0,4980.0,True,True,False,True,"{""circular_bonus"": -1.1, ""distance_km"": 1.0, ""empty_km"": 0.85, ""fuel_inr"": 0.01, ""risk"": 12.0, ""time_min"": 0.35, ""toll_inr"": 0.01}",CST_48011250D4FB,SCN_BASELINE,g1,False,49,validation,20260903,v0.1,hash_bucket
INS_7043E1A80043,685426945094ea88,VRPTW,quantum,LOC_796345940EEC,Budaun,UP,5,1,TRK_47FA9BC52762,15520.0,15520.0,3290.0,True,True,False,False,"{""circular_bonus"": -1.1, ""distance_km"": 1.0, ""empty_km"": 0.85, ""fuel_inr"": 0.01, ""risk"": 12.0, ""time_min"": 0.35, ""toll_inr"": 0.01}",CST_48011250D4FB,SCN_BASELINE,g1,False,36,validation,20260903,v0.1,hash_bucket
INS_44A70003A723,2502c79a51c7ae60,CIRCULAR_VRP,quantum,LOC_B26FC239E19A,North Delhi,DL,4,1,TRK_7BE1D610310E,17690.0,17690.0,66890.0,False,False,False,True,"{""circular_bonus"": -1.1, ""distance_km"": 1.0, ""empty_km"": 0.85, ""fuel_inr"": 0.01, ""risk"": 12.0, ""time_min"": 0.35, ""toll_inr"": 0.01}",CST_48011250D4FB,SCN_BASELINE,g1,False,25,train,20260903,v0.1,hash_bucket
INS_40FF472385A9,82b243fe34da72d1,TSP,quantum,LOC_60C46A471111,Pilibhit,UP,3,1,TRK_C943D7479AB1,13170.0,13170.0,2000.0,True,False,True,False,"{""circular_bonus"": -1.1, ""distance_km"": 1.0, ""empty_km"": 0.85, ""fuel_inr"": 0.01, ""risk"": 12.0, ""time_min"": 0.35, ""toll_inr"": 0.01}",CST_48011250D4FB,SCN_BASELINE,g1,True,16,train,20260903,v0.1,hash_bucket
INS_AC95BE11ED61,0c8938b3c419b6f7,CIRCULAR_VRP,quantum,LOC_8F3BDE96C1C3,Rampur,UP,4,1,TRK_5136065E98CA,29770.0,29770.0,3170.0,True,True,False,True,"{""circular_bonus"": -1.1, ""distance_km"": 1.0, ""empty_km"": 0.85, ""fuel_inr"": 0.01, ""risk"": 12.0, ""time_min"": 0.35, ""toll_inr"": 0.01}",CST_48011250D4FB,SCN_BASELINE,g1,False,25,train,20260903,v0.1,hash_bucket
INS_A6EEAE166895,1d70f538ac413bfb,PDP,quantum,LOC_0F3D188854D6,Amroha,UP,7,1,TRK_9F8038E305C7,15870.0,15870.0,2860.0,True,False,True,False,"{""circular_bonus"": -1.1, ""distance_km"": 1.0, ""empty_km"": 0.85, ""fuel_inr"": 0.01, ""risk"": 12.0, ""time_min"": 0.35, ""toll_inr"": 0.01}",CST_48011250D4FB,SCN_BASELINE,g1,False,64,train,20260903,v0.1,hash_bucket
INS_0CF6A9EC1373,563efbd63e5817fe,CIRCULAR_VRP,quantum,LOC_165F0D721F3E,Jalandhar,PB,4,1,TRK_A0E9F09D08D4,13770.0,13770.0,5320.0,True,True,False,True,"{""circular_bonus"": -1.1, ""distance_km"": 1.0, ""empty_km"": 0.85, ""fuel_inr"": 0.01, ""risk"": 12.0, ""time_min"": 0.35, ""toll_inr"": 0.01}",CST_48011250D4FB,SCN_BASELINE,g1,False,25,train,20260903,v0.1,hash_bucket
INS_71130EB669B4,122d419590802a6b,TSP,quantum,LOC_FF96333A5510,North West Delhi,DL,3,1,TRK_E260AFDFB21B,29400.0,29400.0,51280.0,False,True,True,False,"{""circular_bonus"": -1.1, ""distance_km"": 1.0, ""empty_km"": 0.85, ""fuel_inr"": 0.01, ""risk"": 12.0, ""time_min"": 0.35, ""toll_inr"": 0.01}",CST_48011250D4FB,SCN_BASELINE,g1,True,16,validation,20260903,v0.1,hash_bucket
INS_6F83543FF226,de02cf54fef66346,PDP,quantum,LOC_5B344A07BA57,Sangrur,PB,4,1,TRK_017DA12B162E,31980.0,31980.0,2350.0,True,True,True,False,"{""circular_bonus"": -1.1, ""distance_km"": 1.0, ""empty_km"": 0.85, ""fuel_inr"": 0.01, ""risk"": 12.0, ""time_min"": 0.35, ""toll_inr"": 0.01}",CST_48011250D4FB,SCN_BASELINE,g1,False,25,train,20260903,v0.1,hash_bucket
INS_E3FB2068323D,145eb87b58793f21,PDP,quantum,LOC_03F06DD41C28,Malerkotla,PB,6,1,TRK_FFF0E16B86EA,20290.0,20290.0,6440.0,True,False,True,False,"{""circular_bonus"": -1.1, ""distance_km"": 1.0, ""empty_km"": 0.85, ""fuel_inr"": 0.01, ""risk"": 12.0, ""time_min"": 0.35, ""toll_inr"": 0.01}",CST_48011250D4FB,SCN_BASELINE,g1,False,49,train,20260903,v0.1,hash_bucket
INS_71C1F0B3DFAA,afc041e55c293327,CIRCULAR_VRP,quantum,LOC_DD4D9C55D7BB,Fatehgarh Sahib,PB,6,1,TRK_106A24329287,24220.0,24220.0,3400.0,True,True,False,True,"{""circular_bonus"": -1.1, ""distance_km"": 1.0, ""empty_km"": 0.85, ""fuel_inr"": 0.01, ""risk"": 12.0, ""time_min"": 0.35, ""toll_inr"": 0.01}",CST_48011250D4FB,SCN_BASELINE,g1,False,49,train,20260903,v0.1,hash_bucket
INS_C85FC1D968F8,e9e47a520db579e6,CIRCULAR_VRP,quantum,LOC_DA9770705B86,South West Delhi,DL,6,1,TRK_017DA12B162E,31980.0,31980.0,79820.0,False,True,False,True,"{""circular_bonus"": -1.1, ""distance_km"": 1.0, ""empty_km"": 0.85, ""fuel_inr"": 0.01, ""risk"": 12.0, ""time_min"": 0.35, ""toll_inr"": 0.01}",CST_48011250D4FB,SCN_BASELINE,g1,False,49,test,20260903,v0.1,hash_bucket
INS_627CFF9DB831,0ef4992bc54ff90f,VRPTW,quantum,LOC_11A4C40B0A4F,Yamunanagar,HR,7,1,TRK_FB045E9F7F61,28890.0,28890.0,1370.0,True,True,False,False,"{""circular_bonus"": -1.1, ""distance_km"": 1.0, ""empty_km"": 0.85, ""fuel_inr"": 0.01, ""risk"": 12.0, ""time_min"": 0.35, ""toll_inr"": 0.01}",CST_48011250D4FB,SCN_BASELINE,g1,False,64,validation,20260903,v0.1,hash_bucket
INS_DD3D05952F55,bfd773caab1deb54,PDP,quantum,LOC_0D7AAF851D69,Tarn Taran,PB,4,1,TRK_8655D90B9573,8560.0,8560.0,2020.0,True,True,True,True,"{""circular_bonus"": -1.1, ""distance_km"": 1.0, ""empty_km"": 0.85, ""fuel_inr"": 0.01, ""risk"": 12.0, ""time_min"": 0.35, ""toll_inr"": 0.01}",CST_48011250D4FB,SCN_BASELINE,g1,False,25,validation,20260903,v0.1,hash_bucket
INS_2181FF945EAF,d2b1663604c9b604,CIRCULAR_VRP,quantum,LOC_1FB47BF8FFEB,Bulandshahr,UP,5,1,TRK_FC4EFBC1E225,14410.0,14410.0,2360.0,True,True,False,True,"{""circular_bonus"": -1.1, ""distance_km"": 1.0, ""empty_km"": 0.85, ""fuel_inr"": 0.01, ""risk"": 12.0, ""time_min"": 0.35, ""toll_inr"": 0.01}",CST_48011250D4FB,SCN_BASELINE,g1,False,36,test,20260903,v0.1,holdout_district
INS_84C0D639D306,8929d4d665940880,CIRCULAR_VRP,quantum,LOC_190E748F376B,Barabanki,UP,6,1,TRK_A28CD824B27B,16720.0,16720.0,4550.0,True,True,False,True,"{""circular_bonus"": -1.1, ""distance_km"": 1.0, ""empty_km"": 0.85, ""fuel_inr"": 0.01, ""risk"": 12.0, ""time_min"": 0.35, ""toll_inr"": 0.01}",CST_48011250D4FB,SCN_BASELINE,g1,False,49,train,20260903,v0.1,hash_bucket
INS_251C0987BDF7,1baac6200c6975c0,CIRCULAR_VRP,quantum,LOC_EC1D3E4138DF,Amritsar,PB,5,1,TRK_16D9D4191F37,15010.0,15010.0,6080.0,True,True,False,True,"{""circular_bonus"": -1.1, ""distance_km"": 1.0, ""empty_km"": 0.85, ""fuel_inr"": 0.01, ""risk"": 12.0, ""time_min"": 0.35, ""toll_inr"": 0.01}",CST_48011250D4FB,SCN_BASELINE,g1,False,36,validation,20260903,v0.1,hash_bucket
INS_7BB748514318,e7a7b459a972458f,TSP,quantum,LOC_2E423964E639,Agra,UP,3,1,TRK_ADDDD7A442CF,23720.0,23720.0,3000.0,True,True,True,False,"{""circular_bonus"": -1.1, ""distance_km"": 1.0, ""empty_km"": 0.85, ""fuel_inr"": 0.01, ""risk"": 12.0, ""time_min"": 0.35, ""toll_inr"": 0.01}",CST_48011250D4FB,SCN_BASELINE,g1,True,16,validation,20260903,v0.1,hash_bucket
INS_E285D04A776A,7ada1bf2c3903d82,TSP,quantum,LOC_21F591BF08EC,West Delhi,DL,3,1,TRK_D5734C94CA97,23880.0,23880.0,65820.0,False,True,True,True,"{""circular_bonus"": -1.1, ""distance_km"": 1.0, ""empty_km"": 0.85, ""fuel_inr"": 0.01, ""risk"": 12.0, ""time_min"": 0.35, ""toll_inr"": 0.01}",CST_48011250D4FB,SCN_BASELINE,g1,True,16,train,20260903,v0.1,hash_bucket
INS_82A1F141D776,34fdf276febcb5dd,PDP,quantum,LOC_60C46A471111,Pilibhit,UP,7,1,TRK_C943D7479AB1,13170.0,13170.0,3920.0,True,True,True,True,"{""circular_bonus"": -1.1, ""distance_km"": 1.0, ""empty_km"": 0.85, ""fuel_inr"": 0.01, ""risk"": 12.0, ""time_min"": 0.35, ""toll_inr"": 0.01}",CST_48011250D4FB,SCN_BASELINE,g1,False,64,test,20260903,v0.1,hash_bucket
INS_76B5979E5BD6,eab834de9442ea49,VRPTW,quantum,LOC_6B9FA168B682,Firozabad,UP,7,1,TRK_289DEA3F9F20,17070.0,17070.0,5840.0,True,True,False,False,"{""circular_bonus"": -1.1, ""distance_km"": 1.0, ""empty_km"": 0.85, ""fuel_inr"": 0.01, ""risk"": 12.0, ""time_min"": 0.35, ""toll_inr"": 0.01}",CST_48011250D4FB,SCN_BASELINE,g1,False,64,train,20260903,v0.1,hash_bucket
INS_6157154D4266,04ae6938f598e453,TSP,quantum,LOC_F1EE6A62E5AA,Mahendragarh,HR,3,1,TRK_CE450D7F416B,12650.0,12650.0,3040.0,True,False,False,False,"{""circular_bonus"": -1.1, ""distance_km"": 1.0, ""empty_km"": 0.85, ""fuel_inr"": 0.01, ""risk"": 12.0, ""time_min"": 0.35, ""toll_inr"": 0.01}",CST_48011250D4FB,SCN_BASELINE,g1,True,16,validation,20260903,v0.1,hash_bucket
INS_379AEE93FC61,6150e5a3e04a77ce,PDP,quantum,LOC_E7B504BE8FE9,Patiala,PB,4,1,TRK_77285ED95E64,7370.0,7370.0,3490.0,True,True,True,True,"{""circular_bonus"": -1.1, ""distance_km"": 1.0, ""empty_km"": 0.85, ""fuel_inr"": 0.01, ""risk"": 12.0, ""time_min"": 0.35, ""toll_inr"": 0.01}",CST_48011250D4FB,SCN_BASELINE,g1,False,25,train,20260903,v0.1,hash_bucket
INS_FBF5D307D4B7,24cd06df7aea0150,VRPTW,small,LOC_C6AB43142BDB,Faridkot,PB,11,5,TRK_017DA12B162E|TRK_A997FC00E0CF|TRK_8C037A0ADC54|TRK_EEB1DE456EE4|TRK_BCC966E673C0,30750.0,156920.0,109170.0,True,True,False,False,"{""circular_bonus"": -1.1, ""distance_km"": 1.0, ""empty_km"": 0.85, ""fuel_inr"": 0.01, ""risk"": 12.0, ""time_min"": 0.35, ""toll_inr"": 0.01}",CST_48011250D4FB,SCN_BASELINE,g1,False,144,train,20260903,v0.1,hash_bucket
INS_D2F223016FE4,516ea60922c12758,PDP,small,LOC_4A5F46E3AFB5,Sitapur,UP,11,6,TRK_017DA12B162E|TRK_A997FC00E0CF|TRK_8C037A0ADC54|TRK_EEB1DE456EE4|TRK_BCC966E673C0|TRK_B6CE07A71D80,30590.0,187510.0,145430.0,True,False,True,False,"{""circular_bonus"": -1.1, ""distance_km"": 1.0, ""empty_km"": 0.85, ""fuel_inr"": 0.01, ""risk"": 12.0, ""time_min"": 0.35, ""toll_inr"": 0.01}",CST_48011250D4FB,SCN_BASELINE,g1,False,144,train,20260903,v0.1,hash_bucket
INS_C4B55B924856,548e22d00ce0e857,PDP,small,LOC_BC83DA386B0E,Baghpat,UP,12,5,TRK_017DA12B162E|TRK_A997FC00E0CF|TRK_8C037A0ADC54|TRK_EEB1DE456EE4|TRK_BCC966E673C0,30750.0,156920.0,116930.0,True,False,True,False,"{""circular_bonus"": -1.1, ""distance_km"": 1.0, ""empty_km"": 0.85, ""fuel_inr"": 0.01, ""risk"": 12.0, ""time_min"": 0.35, ""toll_inr"": 0.01}",CST_48011250D4FB,SCN_BASELINE,g1,False,169,train,20260903,v0.1,hash_bucket
INS_EB3E10757159,4d4b3d02e706f527,CVRP,small,LOC_443EF0FB4E8C,Etawah,UP,10,4,TRK_017DA12B162E|TRK_A997FC00E0CF|TRK_8C037A0ADC54|TRK_EEB1DE456EE4,31250.0,126170.0,85180.0,True,False,False,False,"{""circular_bonus"": -1.1, ""distance_km"": 1.0, ""empty_km"": 0.85, ""fuel_inr"": 0.01, ""risk"": 12.0, ""time_min"": 0.35, ""toll_inr"": 0.01}",CST_48011250D4FB,SCN_BASELINE,g1,False,121,test,20260903,v0.1,hash_bucket
INS_47AE80706E58,f2041eb254bb8df5,VRPTW,medium,LOC_61BECDCA1350,Central Delhi,DL,4,3,TRK_0331FB7CD37E|TRK_5116501BE0D5|TRK_05D6F43C6DC3,6010.0,45860.0,39620.0,True,True,False,False,"{""circular_bonus"": -1.1, ""distance_km"": 1.0, ""empty_km"": 0.85, ""fuel_inr"": 0.01, ""risk"": 12.0, ""time_min"": 0.35, ""toll_inr"": 0.01}",CST_48011250D4FB,SCN_BASELINE,g1,False,25,validation,20260903,v0.1,hash_bucket
INS_02B1E2010677,6eb0937191a92f29,PDP,small,LOC_B6370F731EEC,Lucknow,UP,9,7,TRK_017DA12B162E|TRK_A997FC00E0CF|TRK_8C037A0ADC54|TRK_EEB1DE456EE4|TRK_BCC966E673C0|TRK_B6CE07A71D80|TRK_5564246F7906,30530.0,218040.0,167760.0,True,True,True,False,"{""circular_bonus"": -1.1, ""distance_km"": 1.0, ""empty_km"": 0.85, ""fuel_inr"": 0.01, ""risk"": 12.0, ""time_min"": 0.35, ""toll_inr"": 0.01}",CST_48011250D4FB,SCN_BASELINE,g1,False,100,train,20260903,v0.1,hash_bucket
INS_D3BC50966B28,c5fb93c4c18b94f6,CVRP,medium,LOC_6C7E235EC96D,Nawanshahr,PB,25,10,TRK_017DA12B162E|TRK_A997FC00E0CF|TRK_8C037A0ADC54|TRK_EEB1DE456EE4|TRK_BCC966E673C0|TRK_B6CE07A71D80|TRK_5564246F7906|TRK_5136065E98CA|TRK_E260AFDFB21B|TRK_E9C76BCDE1E1,28950.0,306160.0,275360.0,True,False,False,False,"{""circular_bonus"": -1.1, ""distance_km"": 1.0, ""empty_km"": 0.85, ""fuel_inr"": 0.01, ""risk"": 12.0, ""time_min"": 0.35, ""toll_inr"": 0.01}",CST_48011250D4FB,SCN_BASELINE,g1,False,676,train,20260903,v0.1,hash_bucket
INS_9A78DB83A6BC,65c0f50077b0a7a1,CVRP,small,LOC_BF1D141289ED,Hoshiarpur,PB,8,2,TRK_8406DD0477EF|TRK_1C5377557122,7740.0,21020.0,7200.0,True,False,False,False,"{""circular_bonus"": -1.1, ""distance_km"": 1.0, ""empty_km"": 0.85, ""fuel_inr"": 0.01, ""risk"": 12.0, ""time_min"": 0.35, ""toll_inr"": 0.01}",CST_48011250D4FB,SCN_BASELINE,g1,False,81,train,20260903,v0.1,hash_bucket
INS_B8E7057C200C,cd029aefbf712653,CVRP,small,LOC_5AA457C919DB,Ludhiana,PB,11,3,TRK_3F175C42FEAA|TRK_1785FA65C441|TRK_FCE48EDC764B,7300.0,40940.0,31815.0,True,False,False,False,"{""circular_bonus"": -1.1, ""distance_km"": 1.0, ""empty_km"": 0.85, ""fuel_inr"": 0.01, ""risk"": 12.0, ""time_min"": 0.35, ""toll_inr"": 0.01}",CST_48011250D4FB,SCN_BASELINE,g1,False,144,train,20260903,v0.1,hash_bucket
INS_EB47A2FE28E9,0315da2f7b38afe5,PDP,small,LOC_5D316714188F,Faridabad,HR,13,8,TRK_017DA12B162E|TRK_A997FC00E0CF|TRK_8C037A0ADC54|TRK_EEB1DE456EE4|TRK_BCC966E673C0|TRK_B6CE07A71D80|TRK_5564246F7906|TRK_5136065E98CA,29770.0,247810.0,209800.0,True,True,True,False,"{""circular_bonus"": -1.1, ""distance_km"": 1.0, ""empty_km"": 0.85, ""fuel_inr"": 0.01, ""risk"": 12.0, ""time_min"": 0.35, ""toll_inr"": 0.01}",CST_48011250D4FB,SCN_BASELINE,g1,False,196,train,20260903,v0.1,hash_bucket
INS_EABBF9E767B6,8fb4dfabbdc07e37,CIRCULAR_VRP,medium,LOC_2ECE587EC515,Hardoi,UP,30,10,TRK_017DA12B162E|TRK_A997FC00E0CF|TRK_8C037A0ADC54|TRK_EEB1DE456EE4|TRK_BCC966E673C0|TRK_B6CE07A71D80|TRK_5564246F7906|TRK_5136065E98CA|TRK_E260AFDFB21B|TRK_E9C76BCDE1E1,28950.0,306160.0,251740.0,True,True,False,True,"{""circular_bonus"": -1.1, ""distance_km"": 1.0, ""empty_km"": 0.85, ""fuel_inr"": 0.01, ""risk"": 12.0, ""time_min"": 0.35, ""toll_inr"": 0.01}",CST_48011250D4FB,SCN_BASELINE,g1,False,961,train,20260903,v0.1,hash_bucket
INS_B6B19BF24B5F,d6369534c68a9bba,VRPTW,medium,LOC_5775AEDC7A87,Kanpur Nagar,UP,29,9,TRK_017DA12B162E|TRK_A997FC00E0CF|TRK_8C037A0ADC54|TRK_EEB1DE456EE4|TRK_BCC966E673C0|TRK_B6CE07A71D80|TRK_5564246F7906|TRK_5136065E98CA|TRK_E260AFDFB21B,29400.0,277210.0,245100.0,True,True,False,False,"{""circular_bonus"": -1.1, ""distance_km"": 1.0, ""empty_km"": 0.85, ""fuel_inr"": 0.01, ""risk"": 12.0, ""time_min"": 0.35, ""toll_inr"": 0.01}",CST_48011250D4FB,SCN_BASELINE,g1,False,900,train,20260903,v0.1,hash_bucket
INS_CB0A672A7DBC,73a63f7737e8dbef,PDP,small,LOC_CF065FE8EBAB,Gautam Buddha Nagar,UP,13,12,TRK_017DA12B162E|TRK_A997FC00E0CF|TRK_8C037A0ADC54|TRK_EEB1DE456EE4|TRK_BCC966E673C0|TRK_B6CE07A71D80|TRK_5564246F7906|TRK_5136065E98CA|TRK_E260AFDFB21B|TRK_E9C76BCDE1E1|TRK_FB045E9F7F61|TRK_B7FB75BB3E0A,28840.0,363890.0,310240.0,True,True,True,False,"{""circular_bonus"": -1.1, ""distance_km"": 1.0, ""empty_km"": 0.85, ""fuel_inr"": 0.01, ""risk"": 12.0, ""time_min"": 0.35, ""toll_inr"": 0.01}",CST_48011250D4FB,SCN_BASELINE,g1,False,196,test,20260903,v0.1,hash_bucket
INS_C30C52E95848,2139a3d7d7c47f98,CIRCULAR_VRP,medium,LOC_0F3D188854D6,Amroha,UP,22,8,TRK_017DA12B162E|TRK_A997FC00E0CF|TRK_8C037A0ADC54|TRK_EEB1DE456EE4|TRK_BCC966E673C0|TRK_B6CE07A71D80|TRK_5564246F7906|TRK_5136065E98CA,29770.0,247810.0,199460.0,True,True,False,True,"{""circular_bonus"": -1.1, ""distance_km"": 1.0, ""empty_km"": 0.85, ""fuel_inr"": 0.01, ""risk"": 12.0, ""time_min"": 0.35, ""toll_inr"": 0.01}",CST_48011250D4FB,SCN_BASELINE,g1,False,529,train,20260903,v0.1,hash_bucket
INS_1C095C87ED95,f77fe8d7eaa241fb,CIRCULAR_VRP,small,LOC_EC1D3E4138DF,Amritsar,PB,9,7,TRK_017DA12B162E|TRK_A997FC00E0CF|TRK_8C037A0ADC54|TRK_EEB1DE456EE4|TRK_BCC966E673C0|TRK_B6CE07A71D80|TRK_5564246F7906,30530.0,218040.0,181740.0,True,False,False,True,"{""circular_bonus"": -1.1, ""distance_km"": 1.0, ""empty_km"": 0.85, ""fuel_inr"": 0.01, ""risk"": 12.0, ""time_min"": 0.35, ""toll_inr"": 0.01}",CST_48011250D4FB,SCN_BASELINE,g1,False,100,train,20260903,v0.1,hash_bucket
INS_4430B53624FC,63a92288624d85f5,CIRCULAR_VRP,small,LOC_DD4D9C55D7BB,Fatehgarh Sahib,PB,12,3,TRK_017DA12B162E|TRK_A997FC00E0CF|TRK_8C037A0ADC54,31430.0,94920.0,53700.0,True,False,False,True,"{""circular_bonus"": -1.1, ""distance_km"": 1.0, ""empty_km"": 0.85, ""fuel_inr"": 0.01, ""risk"": 12.0, ""time_min"": 0.35, ""toll_inr"": 0.01}",CST_48011250D4FB,SCN_BASELINE,g1,False,169,train,20260903,v0.1,hash_bucket
INS_C023E28A14AA,525145464462b0a1,CVRP,medium,LOC_3B372919B752,Karnal,HR,23,10,TRK_017DA12B162E|TRK_A997FC00E0CF|TRK_8C037A0ADC54|TRK_EEB1DE456EE4|TRK_BCC966E673C0|TRK_B6CE07A71D80|TRK_5564246F7906|TRK_5136065E98CA|TRK_E260AFDFB21B|TRK_E9C76BCDE1E1,28950.0,306160.0,256310.0,True,False,False,False,"{""circular_bonus"": -1.1, ""distance_km"": 1.0, ""empty_km"": 0.85, ""fuel_inr"": 0.01, ""risk"": 12.0, ""time_min"": 0.35, ""toll_inr"": 0.01}",CST_48011250D4FB,SCN_BASELINE,g1,False,576,test,20260903,v0.1,holdout_district
INS_68017C856DCA,180cdefff5dbbd78,CVRP,large,LOC_0F3D188854D6,Amroha,UP,45,17,TRK_017DA12B162E|TRK_A997FC00E0CF|TRK_8C037A0ADC54|TRK_EEB1DE456EE4|TRK_BCC966E673C0|TRK_B6CE07A71D80|TRK_5564246F7906|TRK_5136065E98CA|TRK_E260AFDFB21B|TRK_E9C76BCDE1E1|TRK_FB045E9F7F61|TRK_B7FB75BB3E0A|TRK_4A05F6B9B509|TRK_1C8C798F44C5|TRK_8DC7FD5FF93A|TRK_7A91F5198B53|TRK_BEE1B756CA92,27170.0,502510.0,456100.0,True,False,False,False,"{""circular_bonus"": -1.1, ""distance_km"": 1.0, ""empty_km"": 0.85, ""fuel_inr"": 0.01, ""risk"": 12.0, ""time_min"": 0.35, ""toll_inr"": 0.01}",CST_48011250D4FB,SCN_BASELINE,g1,False,2116,validation,20260903,v0.1,hash_bucket
INS_098F3B919902,269b8facc030b11d,VRPTW,medium,LOC_AD745A3946E4,Unnao,UP,15,6,TRK_017DA12B162E|TRK_A997FC00E0CF|TRK_8C037A0ADC54|TRK_EEB1DE456EE4|TRK_BCC966E673C0|TRK_B6CE07A71D80,30590.0,187510.0,155740.0,True,True,False,False,"{""circular_bonus"": -1.1, ""distance_km"": 1.0, ""empty_km"": 0.85, ""fuel_inr"": 0.01, ""risk"": 12.0, ""time_min"": 0.35, ""toll_inr"": 0.01}",CST_48011250D4FB,SCN_BASELINE,g1,False,256,train,20260903,v0.1,hash_bucket
INS_F20F3B3383E4,eb48a814b51ad2cb,PDP,medium,LOC_BF1D141289ED,Hoshiarpur,PB,20,5,TRK_017DA12B162E|TRK_A997FC00E0CF|TRK_8C037A0ADC54|TRK_EEB1DE456EE4|TRK_BCC966E673C0,30750.0,156920.0,116460.0,True,False,True,False,"{""circular_bonus"": -1.1, ""distance_km"": 1.0, ""empty_km"": 0.85, ""fuel_inr"": 0.01, ""risk"": 12.0, ""time_min"": 0.35, ""toll_inr"": 0.01}",CST_48011250D4FB,SCN_BASELINE,g1,False,441,train,20260903,v0.1,hash_bucket
INS_B2DDD0B6CEA7,b15cba21bf6941a1,CIRCULAR_VRP,small,LOC_165F0D721F3E,Jalandhar,PB,13,5,TRK_017DA12B162E|TRK_A997FC00E0CF|TRK_8C037A0ADC54|TRK_EEB1DE456EE4|TRK_BCC966E673C0,30750.0,156920.0,115120.0,True,False,False,True,"{""circular_bonus"": -1.1, ""distance_km"": 1.0, ""empty_km"": 0.85, ""fuel_inr"": 0.01, ""risk"": 12.0, ""time_min"": 0.35, ""toll_inr"": 0.01}",CST_48011250D4FB,SCN_BASELINE,g1,False,196,train,20260903,v0.1,hash_bucket
INS_79C28648B760,b65e4a79adf12983,PDP,medium,LOC_B890897F9CCC,Kapurthala,PB,16,6,TRK_017DA12B162E|TRK_A997FC00E0CF|TRK_8C037A0ADC54|TRK_EEB1DE456EE4|TRK_BCC966E673C0|TRK_B6CE07A71D80,30590.0,187510.0,131860.0,True,True,True,False,"{""circular_bonus"": -1.1, ""distance_km"": 1.0, ""empty_km"": 0.85, ""fuel_inr"": 0.01, ""risk"": 12.0, ""time_min"": 0.35, ""toll_inr"": 0.01}",CST_48011250D4FB,SCN_BASELINE,g1,False,289,validation,20260903,v0.1,hash_bucket
INS_7B6B749AE44E,ebb6279ee141299c,CIRCULAR_VRP,small,LOC_4A5F46E3AFB5,Sitapur,UP,12,4,TRK_017DA12B162E|TRK_A997FC00E0CF|TRK_8C037A0ADC54|TRK_EEB1DE456EE4,31250.0,126170.0,87980.0,True,False,False,True,"{""circular_bonus"": -1.1, ""distance_km"": 1.0, ""empty_km"": 0.85, ""fuel_inr"": 0.01, ""risk"": 12.0, ""time_min"": 0.35, ""toll_inr"": 0.01}",CST_48011250D4FB,SCN_BASELINE,g1,False,169,test,20260903,v0.1,hash_bucket
INS_DB653AE02122,4cfbab1c8eb10c21,PDP,medium,LOC_841795218E67,Ghaziabad,UP,20,8,TRK_017DA12B162E|TRK_A997FC00E0CF|TRK_8C037A0ADC54|TRK_EEB1DE456EE4|TRK_BCC966E673C0|TRK_B6CE07A71D80|TRK_5564246F7906|TRK_5136065E98CA,29770.0,247810.0,201935.0,True,False,True,True,"{""circular_bonus"": -1.1, ""distance_km"": 1.0, ""empty_km"": 0.85, ""fuel_inr"": 0.01, ""risk"": 12.0, ""time_min"": 0.35, ""toll_inr"": 0.01}",CST_48011250D4FB,SCN_BASELINE,g1,False,441,train,20260903,v0.1,hash_bucket
INS_B3A8073B2E75,f83c511d7cada586,PDP,small,LOC_BC83DA386B0E,Baghpat,UP,11,4,TRK_017DA12B162E|TRK_A997FC00E0CF|TRK_8C037A0ADC54|TRK_EEB1DE456EE4,31250.0,126170.0,68100.0,True,True,True,True,"{""circular_bonus"": -1.1, ""distance_km"": 1.0, ""empty_km"": 0.85, ""fuel_inr"": 0.01, ""risk"": 12.0, ""time_min"": 0.35, ""toll_inr"": 0.01}",CST_48011250D4FB,SCN_BASELINE,g1,False,144,train,20260903,v0.1,hash_bucket
INS_B7B7BB188206,4ecc06ff4d8d2bca,PDP,large,LOC_5D316714188F,Faridabad,HR,35,19,TRK_017DA12B162E|TRK_A997FC00E0CF|TRK_8C037A0ADC54|TRK_EEB1DE456EE4|TRK_BCC966E673C0|TRK_B6CE07A71D80|TRK_5564246F7906|TRK_5136065E98CA|TRK_E260AFDFB21B|TRK_E9C76BCDE1E1|TRK_FB045E9F7F61|TRK_B7FB75BB3E0A|TRK_4A05F6B9B509|TRK_1C8C798F44C5|TRK_8DC7FD5FF93A|TRK_7A91F5198B53|TRK_BEE1B756CA92|TRK_0331FB7CD37E|TRK_EEA8DB00B33D,26280.0,555400.0,512150.0,True,True,True,False,"{""circular_bonus"": -1.1, ""distance_km"": 1.0, ""empty_km"": 0.85, ""fuel_inr"": 0.01, ""risk"": 12.0, ""time_min"": 0.35, ""toll_inr"": 0.01}",CST_48011250D4FB,SCN_BASELINE,g1,False,1296,train,20260903,v0.1,hash_bucket
INS_C334077D950B,ff221dd42ad570aa,CVRP,large,LOC_B39E76DCD93F,Nuh,HR,39,12,TRK_017DA12B162E|TRK_A997FC00E0CF|TRK_8C037A0ADC54|TRK_EEB1DE456EE4|TRK_BCC966E673C0|TRK_B6CE07A71D80|TRK_5564246F7906|TRK_5136065E98CA|TRK_E260AFDFB21B|TRK_E9C76BCDE1E1|TRK_FB045E9F7F61|TRK_B7FB75BB3E0A,28840.0,363890.0,322230.0,True,False,False,False,"{""circular_bonus"": -1.1, ""distance_km"": 1.0, ""empty_km"": 0.85, ""fuel_inr"": 0.01, ""risk"": 12.0, ""time_min"": 0.35, ""toll_inr"": 0.01}",CST_48011250D4FB,SCN_BASELINE,g1,False,1600,test,20260903,v0.1,hash_bucket
INS_E50D57318EBE,119757d42bf92c7a,VRPTW,small,LOC_63A998834201,North East Delhi,DL,8,6,TRK_017DA12B162E|TRK_A997FC00E0CF|TRK_8C037A0ADC54|TRK_EEB1DE456EE4|TRK_BCC966E673C0|TRK_B6CE07A71D80,30590.0,187510.0,148020.0,True,True,False,False,"{""circular_bonus"": -1.1, ""distance_km"": 1.0, ""empty_km"": 0.85, ""fuel_inr"": 0.01, ""risk"": 12.0, ""time_min"": 0.35, ""toll_inr"": 0.01}",CST_48011250D4FB,SCN_BASELINE,g1,False,81,train,20260903,v0.1,hash_bucket
INS_B030ED49CC22,6feaa996c83cb416,CVRP,small,LOC_E7B504BE8FE9,Patiala,PB,10,5,TRK_017DA12B162E|TRK_A997FC00E0CF|TRK_8C037A0ADC54|TRK_EEB1DE456EE4|TRK_BCC966E673C0,30750.0,156920.0,103155.0,True,False,False,False,"{""circular_bonus"": -1.1, ""distance_km"": 1.0, ""empty_km"": 0.85, ""fuel_inr"": 0.01, ""risk"": 12.0, ""time_min"": 0.35, ""toll_inr"": 0.01}",CST_48011250D4FB,SCN_BASELINE,g1,False,121,train,20260903,v0.1,hash_bucket
INS_E26E7FA6D78A,86930720cbf287b8,PDP,medium,LOC_03F06DD41C28,Malerkotla,PB,30,14,TRK_017DA12B162E|TRK_A997FC00E0CF|TRK_8C037A0ADC54|TRK_EEB1DE456EE4|TRK_BCC966E673C0|TRK_B6CE07A71D80|TRK_5564246F7906|TRK_5136065E98CA|TRK_E260AFDFB21B|TRK_E9C76BCDE1E1|TRK_FB045E9F7F61|TRK_B7FB75BB3E0A|TRK_4A05F6B9B509|TRK_1C8C798F44C5,27990.0,420460.0,365320.0,True,True,True,True,"{""circular_bonus"": -1.1, ""distance_km"": 1.0, ""empty_km"": 0.85, ""fuel_inr"": 0.01, ""risk"": 12.0, ""time_min"": 0.35, ""toll_inr"": 0.01}",CST_48011250D4FB,SCN_BASELINE,g1,False,961,train,20260903,v0.1,hash_bucket
INS_ED8E5D2DFC6A,cc149ae697b1c000,VRPTW,medium,LOC_EC1D3E4138DF,Amritsar,PB,25,18,TRK_017DA12B162E|TRK_A997FC00E0CF|TRK_8C037A0ADC54|TRK_EEB1DE456EE4|TRK_BCC966E673C0|TRK_B6CE07A71D80|TRK_5564246F7906|TRK_5136065E98CA|TRK_E260AFDFB21B|TRK_E9C76BCDE1E1|TRK_FB045E9F7F61|TRK_B7FB75BB3E0A|TRK_4A05F6B9B509|TRK_1C8C798F44C5|TRK_8DC7FD5FF93A|TRK_7A91F5198B53|TRK_BEE1B756CA92|TRK_0331FB7CD37E,26610.0,529120.0,490020.0,True,True,False,False,"{""circular_bonus"": -1.1, ""distance_km"": 1.0, ""empty_km"": 0.85, ""fuel_inr"": 0.01, ""risk"": 12.0, ""time_min"": 0.35, ""toll_inr"": 0.01}",CST_48011250D4FB,SCN_BASELINE,g1,False,676,train,20260903,v0.1,hash_bucket
INS_54711AA90232,4af95e7853a5f453,CVRP,small,LOC_BC83DA386B0E,Baghpat,UP,8,2,TRK_017DA12B162E|TRK_A997FC00E0CF,31510.0,63490.0,23840.0,True,False,False,False,"{""circular_bonus"": -1.1, ""distance_km"": 1.0, ""empty_km"": 0.85, ""fuel_inr"": 0.01, ""risk"": 12.0, ""time_min"": 0.35, ""toll_inr"": 0.01}",CST_48011250D4FB,SCN_BASELINE,g1,False,81,validation,20260903,v0.1,hash_bucket
INS_28F058BC91BF,16ba4bf7d1249bd8,PDP,small,LOC_BF1D141289ED,Hoshiarpur,PB,8,4,TRK_017DA12B162E|TRK_A997FC00E0CF|TRK_8C037A0ADC54|TRK_EEB1DE456EE4,31250.0,126170.0,89440.0,True,True,True,False,"{""circular_bonus"": -1.1, ""distance_km"": 1.0, ""empty_km"": 0.85, ""fuel_inr"": 0.01, ""risk"": 12.0, ""time_min"": 0.35, ""toll_inr"": 0.01}",CST_48011250D4FB,SCN_BASELINE,g1,False,81,train,20260903,v0.1,hash_bucket
INS_9C917D1B365B,54424817ad8a1e0c,PDP,small,LOC_2B9C182E1BB7,Panchkula,HR,14,5,TRK_017DA12B162E|TRK_A997FC00E0CF|TRK_8C037A0ADC54|TRK_EEB1DE456EE4|TRK_BCC966E673C0,30750.0,156920.0,123300.0,True,True,True,False,"{""circular_bonus"": -1.1, ""distance_km"": 1.0, ""empty_km"": 0.85, ""fuel_inr"": 0.01, ""risk"": 12.0, ""time_min"": 0.35, ""toll_inr"": 0.01}",CST_48011250D4FB,SCN_BASELINE,g1,False,225,validation,20260903,v0.1,hash_bucket
INS_A1FB51A94442,89bad0cfcf4f5ef1,CIRCULAR_VRP,large,LOC_BF1D141289ED,Hoshiarpur,PB,42,12,TRK_017DA12B162E|TRK_A997FC00E0CF|TRK_8C037A0ADC54|TRK_EEB1DE456EE4|TRK_BCC966E673C0|TRK_B6CE07A71D80|TRK_5564246F7906|TRK_5136065E98CA|TRK_E260AFDFB21B|TRK_E9C76BCDE1E1|TRK_FB045E9F7F61|TRK_B7FB75BB3E0A,28840.0,363890.0,313720.0,True,False,False,True,"{""circular_bonus"": -1.1, ""distance_km"": 1.0, ""empty_km"": 0.85, ""fuel_inr"": 0.01, ""risk"": 12.0, ""time_min"": 0.35, ""toll_inr"": 0.01}",CST_48011250D4FB,SCN_BASELINE,g1,False,1849,train,20260903,v0.1,hash_bucket
INS_0A14E5ADE982,9400be49b48f81b1,VRPTW,small,LOC_3B372919B752,Karnal,HR,10,3,TRK_017DA12B162E|TRK_A997FC00E0CF|TRK_8C037A0ADC54,31430.0,94920.0,58460.0,True,True,False,False,"{""circular_bonus"": -1.1, ""distance_km"": 1.0, ""empty_km"": 0.85, ""fuel_inr"": 0.01, ""risk"": 12.0, ""time_min"": 0.35, ""toll_inr"": 0.01}",CST_48011250D4FB,SCN_BASELINE,g1,False,121,test,20260903,v0.1,holdout_district
INS_C1539E974B8A,8b28b6f4adf73ca1,PDP,large,LOC_5AA457C919DB,Ludhiana,PB,59,18,TRK_017DA12B162E|TRK_A997FC00E0CF|TRK_8C037A0ADC54|TRK_EEB1DE456EE4|TRK_BCC966E673C0|TRK_B6CE07A71D80|TRK_5564246F7906|TRK_5136065E98CA|TRK_E260AFDFB21B|TRK_E9C76BCDE1E1|TRK_FB045E9F7F61|TRK_B7FB75BB3E0A|TRK_4A05F6B9B509|TRK_1C8C798F44C5|TRK_8DC7FD5FF93A|TRK_7A91F5198B53|TRK_BEE1B756CA92|TRK_0331FB7CD37E,26610.0,529120.0,485205.0,True,True,True,False,"{""circular_bonus"": -1.1, ""distance_km"": 1.0, ""empty_km"": 0.85, ""fuel_inr"": 0.01, ""risk"": 12.0, ""time_min"": 0.35, ""toll_inr"": 0.01}",CST_48011250D4FB,SCN_BASELINE,g1,False,3600,train,20260903,v0.1,hash_bucket
INS_680A23D88AFB,68573b25761aa3ff,VRPTW,medium,LOC_DA9770705B86,South West Delhi,DL,15,14,TRK_017DA12B162E|TRK_A997FC00E0CF|TRK_8C037A0ADC54|TRK_EEB1DE456EE4|TRK_BCC966E673C0|TRK_B6CE07A71D80|TRK_5564246F7906|TRK_5136065E98CA|TRK_E260AFDFB21B|TRK_E9C76BCDE1E1|TRK_FB045E9F7F61|TRK_B7FB75BB3E0A|TRK_4A05F6B9B509|TRK_1C8C798F44C5,27990.0,420460.0,374400.0,True,True,False,False,"{""circular_bonus"": -1.1, ""distance_km"": 1.0, ""empty_km"": 0.85, ""fuel_inr"": 0.01, ""risk"": 12.0, ""time_min"": 0.35, ""toll_inr"": 0.01}",CST_48011250D4FB,SCN_BASELINE,g1,False,256,validation,20260903,v0.1,hash_bucket
INS_D0D5C8F29B0F,9257a4d18e5a87e6,PDP,medium,LOC_9F3A877025DA,Shahjahanpur,UP,25,7,TRK_017DA12B162E|TRK_A997FC00E0CF|TRK_8C037A0ADC54|TRK_EEB1DE456EE4|TRK_BCC966E673C0|TRK_B6CE07A71D80|TRK_5564246F7906,30530.0,218040.0,179800.0,True,True,True,False,"{""circular_bonus"": -1.1, ""distance_km"": 1.0, ""empty_km"": 0.85, ""fuel_inr"": 0.01, ""risk"": 12.0, ""time_min"": 0.35, ""toll_inr"": 0.01}",CST_48011250D4FB,SCN_BASELINE,g1,False,676,validation,20260903,v0.1,hash_bucket
INS_723E4CE810F3,d2ab06abaae239cb,PDP,small,LOC_FF96333A5510,North West Delhi,DL,9,8,TRK_017DA12B162E|TRK_A997FC00E0CF|TRK_8C037A0ADC54|TRK_EEB1DE456EE4|TRK_BCC966E673C0|TRK_B6CE07A71D80|TRK_5564246F7906|TRK_5136065E98CA,29770.0,247810.0,203620.0,True,True,True,True,"{""circular_bonus"": -1.1, ""distance_km"": 1.0, ""empty_km"": 0.85, ""fuel_inr"": 0.01, ""risk"": 12.0, ""time_min"": 0.35, ""toll_inr"": 0.01}",CST_48011250D4FB,SCN_BASELINE,g1,False,100,train,20260903,v0.1,hash_bucket
INS_8C1A86A5125C,21354346b562fe4d,CIRCULAR_VRP,small,LOC_C6AB43142BDB,Faridkot,PB,11,4,TRK_017DA12B162E|TRK_A997FC00E0CF|TRK_8C037A0ADC54|TRK_EEB1DE456EE4,31250.0,126170.0,86810.0,True,True,False,True,"{""circular_bonus"": -1.1, ""distance_km"": 1.0, ""empty_km"": 0.85, ""fuel_inr"": 0.01, ""risk"": 12.0, ""time_min"": 0.35, ""toll_inr"": 0.01}",CST_48011250D4FB,SCN_BASELINE,g1,False,144,test,20260903,v0.1,hash_bucket
INS_C1F074143591,9f7a5aa3813a6f53,CVRP,small,LOC_AA53E75D54A9,Etah,UP,12,4,TRK_017DA12B162E|TRK_A997FC00E0CF|TRK_8C037A0ADC54|TRK_EEB1DE456EE4,31250.0,126170.0,83340.0,True,False,False,False,"{""circular_bonus"": -1.1, ""distance_km"": 1.0, ""empty_km"": 0.85, ""fuel_inr"": 0.01, ""risk"": 12.0, ""time_min"": 0.35, ""toll_inr"": 0.01}",CST_48011250D4FB,SCN_BASELINE,g1,False,169,test,20260903,v0.1,hash_bucket
INS_D3357EC69373,c4c536bdba1e8610,VRPTW,small,LOC_08710C80560B,Moga,PB,12,5,TRK_017DA12B162E|TRK_A997FC00E0CF|TRK_8C037A0ADC54|TRK_EEB1DE456EE4|TRK_BCC966E673C0,30750.0,156920.0,123180.0,True,True,False,False,"{""circular_bonus"": -1.1, ""distance_km"": 1.0, ""empty_km"": 0.85, ""fuel_inr"": 0.01, ""risk"": 12.0, ""time_min"": 0.35, ""toll_inr"": 0.01}",CST_48011250D4FB,SCN_BASELINE,g1,False,169,train,20260903,v0.1,hash_bucket
INS_8929546B2EAE,b9793c08d485ae42,VRPTW,small,LOC_D49CDCEB7AF7,Charkhi Dadri,HR,14,8,TRK_017DA12B162E|TRK_A997FC00E0CF|TRK_8C037A0ADC54|TRK_EEB1DE456EE4|TRK_BCC966E673C0|TRK_B6CE07A71D80|TRK_5564246F7906|TRK_5136065E98CA,29770.0,247810.0,198730.0,True,True,False,False,"{""circular_bonus"": -1.1, ""distance_km"": 1.0, ""empty_km"": 0.85, ""fuel_inr"": 0.01, ""risk"": 12.0, ""time_min"": 0.35, ""toll_inr"": 0.01}",CST_48011250D4FB,SCN_BASELINE,g1,False,225,train,20260903,v0.1,hash_bucket
INS_A9E3588607C1,15d9fc67e654ae82,CIRCULAR_VRP,small,LOC_C6AB43142BDB,Faridkot,PB,9,3,TRK_017DA12B162E|TRK_A997FC00E0CF|TRK_8C037A0ADC54,31430.0,94920.0,53370.0,True,True,False,True,"{""circular_bonus"": -1.1, ""distance_km"": 1.0, ""empty_km"": 0.85, ""fuel_inr"": 0.01, ""risk"": 12.0, ""time_min"": 0.35, ""toll_inr"": 0.01}",CST_48011250D4FB,SCN_BASELINE,g1,False,100,train,20260903,v0.1,hash_bucket
INS_5ED0EEA8E5A0,38d38f5708bf4652,CVRP,medium,LOC_E96863625035,Shahdara,DL,8,9,TRK_017DA12B162E|TRK_A997FC00E0CF|TRK_8C037A0ADC54|TRK_EEB1DE456EE4|TRK_BCC966E673C0|TRK_B6CE07A71D80|TRK_5564246F7906|TRK_5136065E98CA|TRK_E260AFDFB21B,29400.0,277210.0,240000.0,True,False,False,False,"{""circular_bonus"": -1.1, ""distance_km"": 1.0, ""empty_km"": 0.85, ""fuel_inr"": 0.01, ""risk"": 12.0, ""time_min"": 0.35, ""toll_inr"": 0.01}",CST_48011250D4FB,SCN_BASELINE,g1,False,81,validation,20260903,v0.1,hash_bucket
INS_A8FA3BA68F1D,1cfaeeb1184b4606,PDP,small,LOC_E71843C35AC6,Bijnor,UP,11,7,TRK_017DA12B162E|TRK_A997FC00E0CF|TRK_8C037A0ADC54|TRK_EEB1DE456EE4|TRK_BCC966E673C0|TRK_B6CE07A71D80|TRK_5564246F7906,30530.0,218040.0,164610.0,True,False,True,False,"{""circular_bonus"": -1.1, ""distance_km"": 1.0, ""empty_km"": 0.85, ""fuel_inr"": 0.01, ""risk"": 12.0, ""time_min"": 0.35, ""toll_inr"": 0.01}",CST_48011250D4FB,SCN_BASELINE,g1,False,144,train,20260903,v0.1,hash_bucket
INS_6FF261276745,863f24e1d1e6b60b,PDP,small,LOC_EE8F1CF00ECF,Bhiwani,HR,14,5,TRK_017DA12B162E|TRK_A997FC00E0CF|TRK_8C037A0ADC54|TRK_EEB1DE456EE4|TRK_BCC966E673C0,30750.0,156920.0,103390.0,True,True,True,True,"{""circular_bonus"": -1.1, ""distance_km"": 1.0, ""empty_km"": 0.85, ""fuel_inr"": 0.01, ""risk"": 12.0, ""time_min"": 0.35, ""toll_inr"": 0.01}",CST_48011250D4FB,SCN_BASELINE,g1,False,225,train,20260903,v0.1,hash_bucket
INS_402AAB65C7B8,66f145a61a2f48e6,VRPTW,medium,LOC_2B9C182E1BB7,Panchkula,HR,25,13,TRK_017DA12B162E|TRK_A997FC00E0CF|TRK_8C037A0ADC54|TRK_EEB1DE456EE4|TRK_BCC966E673C0|TRK_B6CE07A71D80|TRK_5564246F7906|TRK_5136065E98CA|TRK_E260AFDFB21B|TRK_E9C76BCDE1E1|TRK_FB045E9F7F61|TRK_B7FB75BB3E0A|TRK_4A05F6B9B509,28580.0,392470.0,348000.0,True,True,False,False,"{""circular_bonus"": -1.1, ""distance_km"": 1.0, ""empty_km"": 0.85, ""fuel_inr"": 0.01, ""risk"": 12.0, ""time_min"": 0.35, ""toll_inr"": 0.01}",CST_48011250D4FB,SCN_BASELINE,g1,False,676,validation,20260903,v0.1,hash_bucket
INS_4DB04839DEA8,f5ed929a9ed02781,PDP,large,LOC_4E618897659A,Hathras,UP,56,14,TRK_017DA12B162E|TRK_A997FC00E0CF|TRK_8C037A0ADC54|TRK_EEB1DE456EE4|TRK_BCC966E673C0|TRK_B6CE07A71D80|TRK_5564246F7906|TRK_5136065E98CA|TRK_E260AFDFB21B|TRK_E9C76BCDE1E1|TRK_FB045E9F7F61|TRK_B7FB75BB3E0A|TRK_4A05F6B9B509|TRK_1C8C798F44C5,27990.0,420460.0,382665.0,True,True,True,False,"{""circular_bonus"": -1.1, ""distance_km"": 1.0, ""empty_km"": 0.85, ""fuel_inr"": 0.01, ""risk"": 12.0, ""time_min"": 0.35, ""toll_inr"": 0.01}",CST_48011250D4FB,SCN_BASELINE,g1,False,3249,train,20260903,v0.1,hash_bucket
INS_1BDA40EB17E5,001d191ce8520070,PDP,small,LOC_BC83DA386B0E,Baghpat,UP,9,3,TRK_017DA12B162E|TRK_A997FC00E0CF|TRK_8C037A0ADC54,31430.0,94920.0,48380.0,True,False,True,False,"{""circular_bonus"": -1.1, ""distance_km"": 1.0, ""empty_km"": 0.85, ""fuel_inr"": 0.01, ""risk"": 12.0, ""time_min"": 0.35, ""toll_inr"": 0.01}",CST_48011250D4FB,SCN_BASELINE,g1,False,100,test,20260903,v0.1,hash_bucket
INS_27F4C40E3A20,e2458bcc2cce2cee,PDP,medium,LOC_F86E62177015,Muzaffarnagar,UP,16,7,TRK_017DA12B162E|TRK_A997FC00E0CF|TRK_8C037A0ADC54|TRK_EEB1DE456EE4|TRK_BCC966E673C0|TRK_B6CE07A71D80|TRK_5564246F7906,30530.0,218040.0,181290.0,True,True,True,True,"{""circular_bonus"": -1.1, ""distance_km"": 1.0, ""empty_km"": 0.85, ""fuel_inr"": 0.01, ""risk"": 12.0, ""time_min"": 0.35, ""toll_inr"": 0.01}",CST_48011250D4FB,SCN_BASELINE,g1,False,289,train,20260903,v0.1,hash_bucket
INS_F72ECAC2D9D2,9c740aec782b4d60,CIRCULAR_VRP,small,LOC_5242BE7C01CE,Rewari,HR,13,7,TRK_017DA12B162E|TRK_A997FC00E0CF|TRK_8C037A0ADC54|TRK_EEB1DE456EE4|TRK_BCC966E673C0|TRK_B6CE07A71D80|TRK_5564246F7906,30530.0,218040.0,158380.0,True,True,False,True,"{""circular_bonus"": -1.1, ""distance_km"": 1.0, ""empty_km"": 0.85, ""fuel_inr"": 0.01, ""risk"": 12.0, ""time_min"": 0.35, ""toll_inr"": 0.01}",CST_48011250D4FB,SCN_BASELINE,g1,False,196,train,20260903,v0.1,hash_bucket
INS_077F17F93803,ef5830263e47a33c,CVRP,medium,LOC_B9CDAEAD5C72,Mainpuri,UP,29,11,TRK_017DA12B162E|TRK_A997FC00E0CF|TRK_8C037A0ADC54|TRK_EEB1DE456EE4|TRK_BCC966E673C0|TRK_B6CE07A71D80|TRK_5564246F7906|TRK_5136065E98CA|TRK_E260AFDFB21B|TRK_E9C76BCDE1E1|TRK_FB045E9F7F61,28890.0,335050.0,277280.0,True,False,False,False,"{""circular_bonus"": -1.1, ""distance_km"": 1.0, ""empty_km"": 0.85, ""fuel_inr"": 0.01, ""risk"": 12.0, ""time_min"": 0.35, ""toll_inr"": 0.01}",CST_48011250D4FB,SCN_BASELINE,g1,False,900,train,20260903,v0.1,hash_bucket
INS_CC2FCD920D17,ed9fdecae314cced,VRPTW,medium,LOC_2E423964E639,Agra,UP,30,13,TRK_017DA12B162E|TRK_A997FC00E0CF|TRK_8C037A0ADC54|TRK_EEB1DE456EE4|TRK_BCC966E673C0|TRK_B6CE07A71D80|TRK_5564246F7906|TRK_5136065E98CA|TRK_E260AFDFB21B|TRK_E9C76BCDE1E1|TRK_FB045E9F7F61|TRK_B7FB75BB3E0A|TRK_4A05F6B9B509,28580.0,392470.0,355660.0,True,True,False,False,"{""circular_bonus"": -1.1, ""distance_km"": 1.0, ""empty_km"": 0.85, ""fuel_inr"": 0.01, ""risk"": 12.0, ""time_min"": 0.35, ""toll_inr"": 0.01}",CST_48011250D4FB,SCN_BASELINE,g1,False,961,train,20260903,v0.1,hash_bucket
INS_1143470A010C,af26f3c948ce1415,PDP,large,LOC_ED9C60D04FC0,SAS Nagar,PB,31,15,TRK_017DA12B162E|TRK_A997FC00E0CF|TRK_8C037A0ADC54|TRK_EEB1DE456EE4|TRK_BCC966E673C0|TRK_B6CE07A71D80|TRK_5564246F7906|TRK_5136065E98CA|TRK_E260AFDFB21B|TRK_E9C76BCDE1E1|TRK_FB045E9F7F61|TRK_B7FB75BB3E0A|TRK_4A05F6B9B509|TRK_1C8C798F44C5|TRK_8DC7FD5FF93A,27710.0,448170.0,404130.0,True,True,True,False,"{""circular_bonus"": -1.1, ""distance_km"": 1.0, ""empty_km"": 0.85, ""fuel_inr"": 0.01, ""risk"": 12.0, ""time_min"": 0.35, ""toll_inr"": 0.01}",CST_48011250D4FB,SCN_BASELINE,g1,False,1024,validation,20260903,v0.1,hash_bucket
INS_BF863D4E9A6D,8cf5e5c578ec1485,VRPTW,small,LOC_6042150B38E7,Rohtak,HR,11,7,TRK_017DA12B162E|TRK_A997FC00E0CF|TRK_8C037A0ADC54|TRK_EEB1DE456EE4|TRK_BCC966E673C0|TRK_B6CE07A71D80|TRK_5564246F7906,30530.0,218040.0,176540.0,True,True,False,False,"{""circular_bonus"": -1.1, ""distance_km"": 1.0, ""empty_km"": 0.85, ""fuel_inr"": 0.01, ""risk"": 12.0, ""time_min"": 0.35, ""toll_inr"": 0.01}",CST_48011250D4FB,SCN_BASELINE,g1,False,144,test,20260903,v0.1,hash_bucket
INS_A7B50A7995D3,625ced37fd38a89d,PDP,medium,LOC_BF1D141289ED,Hoshiarpur,PB,28,9,TRK_017DA12B162E|TRK_A997FC00E0CF|TRK_8C037A0ADC54|TRK_EEB1DE456EE4|TRK_BCC966E673C0|TRK_B6CE07A71D80|TRK_5564246F7906|TRK_5136065E98CA|TRK_E260AFDFB21B,29400.0,277210.0,219140.0,True,False,True,True,"{""circular_bonus"": -1.1, ""distance_km"": 1.0, ""empty_km"": 0.85, ""fuel_inr"": 0.01, ""risk"": 12.0, ""time_min"": 0.35, ""toll_inr"": 0.01}",CST_48011250D4FB,SCN_BASELINE,g1,False,841,train,20260903,v0.1,hash_bucket
INS_C0A0B7EF2259,aa4629991a306e68,CIRCULAR_VRP,medium,LOC_0F3D188854D6,Amroha,UP,25,10,TRK_017DA12B162E|TRK_A997FC00E0CF|TRK_8C037A0ADC54|TRK_EEB1DE456EE4|TRK_BCC966E673C0|TRK_B6CE07A71D80|TRK_5564246F7906|TRK_5136065E98CA|TRK_E260AFDFB21B|TRK_E9C76BCDE1E1,28950.0,306160.0,250720.0,True,True,False,True,"{""circular_bonus"": -1.1, ""distance_km"": 1.0, ""empty_km"": 0.85, ""fuel_inr"": 0.01, ""risk"": 12.0, ""time_min"": 0.35, ""toll_inr"": 0.01}",CST_48011250D4FB,SCN_BASELINE,g1,False,676,train,20260903,v0.1,hash_bucket
INS_A2973E77E071,6f1ff21ec721e04d,CIRCULAR_VRP,small,LOC_B890897F9CCC,Kapurthala,PB,8,6,TRK_845EA1F8ABE4|TRK_C1FC4B86476D|TRK_176FE1AE1FEE|TRK_D0BC1C0C07BE|TRK_DFE2E7A3874A|TRK_CF878FD4C13C,9100.0,82410.0,66485.0,True,True,False,True,"{""circular_bonus"": -1.1, ""distance_km"": 1.0, ""empty_km"": 0.85, ""fuel_inr"": 0.01, ""risk"": 12.0, ""time_min"": 0.35, ""toll_inr"": 0.01}",CST_48011250D4FB,SCN_BASELINE,g1,False,81,train,20260903,v0.1,hash_bucket
INS_827655C4053B,df6d7242f88ce4a1,PDP,medium,LOC_FEFD9351973D,Bathinda,PB,19,11,TRK_017DA12B162E|TRK_A997FC00E0CF|TRK_8C037A0ADC54|TRK_EEB1DE456EE4|TRK_BCC966E673C0|TRK_B6CE07A71D80|TRK_5564246F7906|TRK_5136065E98CA|TRK_E260AFDFB21B|TRK_E9C76BCDE1E1|TRK_FB045E9F7F61,28890.0,335050.0,288870.0,True,False,True,False,"{""circular_bonus"": -1.1, ""distance_km"": 1.0, ""empty_km"": 0.85, ""fuel_inr"": 0.01, ""risk"": 12.0, ""time_min"": 0.35, ""toll_inr"": 0.01}",CST_48011250D4FB,SCN_BASELINE,g1,False,400,test,20260903,v0.1,holdout_district
INS_48F306551245,63d97db07e33c1ec,PDP,medium,LOC_FF96333A5510,North West Delhi,DL,16,16,TRK_017DA12B162E|TRK_A997FC00E0CF|TRK_8C037A0ADC54|TRK_EEB1DE456EE4|TRK_BCC966E673C0|TRK_B6CE07A71D80|TRK_5564246F7906|TRK_5136065E98CA|TRK_E260AFDFB21B|TRK_E9C76BCDE1E1|TRK_FB045E9F7F61|TRK_B7FB75BB3E0A|TRK_4A05F6B9B509|TRK_1C8C798F44C5|TRK_8DC7FD5FF93A|TRK_7A91F5198B53,27170.0,475340.0,428650.0,True,False,True,False,"{""circular_bonus"": -1.1, ""distance_km"": 1.0, ""empty_km"": 0.85, ""fuel_inr"": 0.01, ""risk"": 12.0, ""time_min"": 0.35, ""toll_inr"": 0.01}",CST_48011250D4FB,SCN_BASELINE,g1,False,289,test,20260903,v0.1,hash_bucket
INS_6CD5C94024E2,1219c1b641f7b9cf,VRPTW,small,LOC_E71843C35AC6,Bijnor,UP,8,4,TRK_017DA12B162E|TRK_A997FC00E0CF|TRK_8C037A0ADC54|TRK_EEB1DE456EE4,31250.0,126170.0,88840.0,True,True,False,False,"{""circular_bonus"": -1.1, ""distance_km"": 1.0, ""empty_km"": 0.85, ""fuel_inr"": 0.01, ""risk"": 12.0, ""time_min"": 0.35, ""toll_inr"": 0.01}",CST_48011250D4FB,SCN_BASELINE,g1,False,81,validation,20260903,v0.1,hash_bucket
INS_5896EF85A55C,b17651540e28ec05,CIRCULAR_VRP,small,LOC_BC48412E6B15,Sambhal,UP,8,5,TRK_1739A0E69F8F|TRK_452D76B93741|TRK_CB1859F20CFD|TRK_938ED02F82A5|TRK_718C8C333BD6,7620.0,63670.0,50590.0,True,True,False,True,"{""circular_bonus"": -1.1, ""distance_km"": 1.0, ""empty_km"": 0.85, ""fuel_inr"": 0.01, ""risk"": 12.0, ""time_min"": 0.35, ""toll_inr"": 0.01}",CST_48011250D4FB,SCN_BASELINE,g1,False,81,validation,20260903,v0.1,hash_bucket
INS_79F789054ABF,c3da754c0af7892d,CIRCULAR_VRP,small,LOC_B39E76DCD93F,Nuh,HR,9,4,TRK_017DA12B162E|TRK_A997FC00E0CF|TRK_8C037A0ADC54|TRK_EEB1DE456EE4,31250.0,126170.0,81770.0,True,True,False,True,"{""circular_bonus"": -1.1, ""distance_km"": 1.0, ""empty_km"": 0.85, ""fuel_inr"": 0.01, ""risk"": 12.0, ""time_min"": 0.35, ""toll_inr"": 0.01}",CST_48011250D4FB,SCN_BASELINE,g1,False,100,train,20260903,v0.1,hash_bucket
INS_9E9A134A74E5,cdb18e19a59ea48f,PDP,medium,LOC_36B5B5F31C8D,Varanasi,UP,25,12,TRK_017DA12B162E|TRK_A997FC00E0CF|TRK_8C037A0ADC54|TRK_EEB1DE456EE4|TRK_BCC966E673C0|TRK_B6CE07A71D80|TRK_5564246F7906|TRK_5136065E98CA|TRK_E260AFDFB21B|TRK_E9C76BCDE1E1|TRK_FB045E9F7F61|TRK_B7FB75BB3E0A,28840.0,363890.0,321850.0,True,True,True,False,"{""circular_bonus"": -1.1, ""distance_km"": 1.0, ""empty_km"": 0.85, ""fuel_inr"": 0.01, ""risk"": 12.0, ""time_min"": 0.35, ""toll_inr"": 0.01}",CST_48011250D4FB,SCN_BASELINE,g1,False,676,train,20260903,v0.1,hash_bucket
INS_147A0D77275F,8fa8bcc6a1730072,CIRCULAR_VRP,medium,LOC_2ECE587EC515,Hardoi,UP,25,9,TRK_017DA12B162E|TRK_A997FC00E0CF|TRK_8C037A0ADC54|TRK_EEB1DE456EE4|TRK_BCC966E673C0|TRK_B6CE07A71D80|TRK_5564246F7906|TRK_5136065E98CA|TRK_E260AFDFB21B,29400.0,277210.0,220640.0,True,False,False,True,"{""circular_bonus"": -1.1, ""distance_km"": 1.0, ""empty_km"": 0.85, ""fuel_inr"": 0.01, ""risk"": 12.0, ""time_min"": 0.35, ""toll_inr"": 0.01}",CST_48011250D4FB,SCN_BASELINE,g1,False,676,train,20260903,v0.1,hash_bucket
INS_E5CAC80B0C93,e49b6be6800739a6,PDP,medium,LOC_2E423964E639,Agra,UP,25,11,TRK_017DA12B162E|TRK_A997FC00E0CF|TRK_8C037A0ADC54|TRK_EEB1DE456EE4|TRK_BCC966E673C0|TRK_B6CE07A71D80|TRK_5564246F7906|TRK_5136065E98CA|TRK_E260AFDFB21B|TRK_E9C76BCDE1E1|TRK_FB045E9F7F61,28890.0,335050.0,286330.0,True,True,True,True,"{""circular_bonus"": -1.1, ""distance_km"": 1.0, ""empty_km"": 0.85, ""fuel_inr"": 0.01, ""risk"": 12.0, ""time_min"": 0.35, ""toll_inr"": 0.01}",CST_48011250D4FB,SCN_BASELINE,g1,False,676,test,20260903,v0.1,hash_bucket
INS_6B2D717EB57F,d53d15464f2adced,CVRP,small,LOC_B6370F731EEC,Lucknow,UP,11,9,TRK_017DA12B162E|TRK_A997FC00E0CF|TRK_8C037A0ADC54|TRK_EEB1DE456EE4|TRK_BCC966E673C0|TRK_B6CE07A71D80|TRK_5564246F7906|TRK_5136065E98CA|TRK_E260AFDFB21B,29400.0,277210.0,237120.0,True,False,False,False,"{""circular_bonus"": -1.1, ""distance_km"": 1.0, ""empty_km"": 0.85, ""fuel_inr"": 0.01, ""risk"": 12.0, ""time_min"": 0.35, ""toll_inr"": 0.01}",CST_48011250D4FB,SCN_BASELINE,g1,False,144,validation,20260903,v0.1,hash_bucket
INS_E6CB824B4967,113a58aba9bfd463,VRPTW,small,LOC_8F3BDE96C1C3,Rampur,UP,10,3,TRK_017DA12B162E|TRK_A997FC00E0CF|TRK_8C037A0ADC54,31430.0,94920.0,59480.0,True,True,False,False,"{""circular_bonus"": -1.1, ""distance_km"": 1.0, ""empty_km"": 0.85, ""fuel_inr"": 0.01, ""risk"": 12.0, ""time_min"": 0.35, ""toll_inr"": 0.01}",CST_48011250D4FB,SCN_BASELINE,g1,False,121,train,20260903,v0.1,hash_bucket
INS_DD78911D062D,5ba43101c11abafc,PDP,medium,LOC_165F0D721F3E,Jalandhar,PB,26,9,TRK_017DA12B162E|TRK_A997FC00E0CF|TRK_8C037A0ADC54|TRK_EEB1DE456EE4|TRK_BCC966E673C0|TRK_B6CE07A71D80|TRK_5564246F7906|TRK_5136065E98CA|TRK_E260AFDFB21B,29400.0,277210.0,230045.0,True,False,True,True,"{""circular_bonus"": -1.1, ""distance_km"": 1.0, ""empty_km"": 0.85, ""fuel_inr"": 0.01, ""risk"": 12.0, ""time_min"": 0.35, ""toll_inr"": 0.01}",CST_48011250D4FB,SCN_BASELINE,g1,False,729,train,20260903,v0.1,hash_bucket
INS_96D616C410D0,75577cbed8c10f7c,CIRCULAR_VRP,small,LOC_443EF0FB4E8C,Etawah,UP,14,5,TRK_017DA12B162E|TRK_A997FC00E0CF|TRK_8C037A0ADC54|TRK_EEB1DE456EE4|TRK_BCC966E673C0,30750.0,156920.0,95180.0,True,True,False,True,"{""circular_bonus"": -1.1, ""distance_km"": 1.0, ""empty_km"": 0.85, ""fuel_inr"": 0.01, ""risk"": 12.0, ""time_min"": 0.35, ""toll_inr"": 0.01}",CST_48011250D4FB,SCN_BASELINE,g1,False,225,train,20260903,v0.1,hash_bucket
INS_069B1192D2EA,5694264cafea8e54,CVRP,medium,LOC_D8FB48D6F894,Fatehabad,HR,20,3,TRK_017DA12B162E|TRK_A997FC00E0CF|TRK_8C037A0ADC54,31430.0,94920.0,54350.0,True,False,False,False,"{""circular_bonus"": -1.1, ""distance_km"": 1.0, ""empty_km"": 0.85, ""fuel_inr"": 0.01, ""risk"": 12.0, ""time_min"": 0.35, ""toll_inr"": 0.01}",CST_48011250D4FB,SCN_BASELINE,g1,False,441,validation,20260903,v0.1,hash_bucket
INS_7A0DFEE967F4,3d1f756d313b2d5b,CIRCULAR_VRP,medium,LOC_AC684A297AD1,Bareilly,UP,19,8,TRK_017DA12B162E|TRK_A997FC00E0CF|TRK_8C037A0ADC54|TRK_EEB1DE456EE4|TRK_BCC966E673C0|TRK_B6CE07A71D80|TRK_5564246F7906|TRK_5136065E98CA,29770.0,247810.0,217690.0,True,True,False,True,"{""circular_bonus"": -1.1, ""distance_km"": 1.0, ""empty_km"": 0.85, ""fuel_inr"": 0.01, ""risk"": 12.0, ""time_min"": 0.35, ""toll_inr"": 0.01}",CST_48011250D4FB,SCN_BASELINE,g1,False,400,train,20260903,v0.1,hash_bucket
INS_790DEDDA9032,5ff6d226e7a93f29,CIRCULAR_VRP,large,LOC_B9CDAEAD5C72,Mainpuri,UP,40,13,TRK_017DA12B162E|TRK_A997FC00E0CF|TRK_8C037A0ADC54|TRK_EEB1DE456EE4|TRK_BCC966E673C0|TRK_B6CE07A71D80|TRK_5564246F7906|TRK_5136065E98CA|TRK_E260AFDFB21B|TRK_E9C76BCDE1E1|TRK_FB045E9F7F61|TRK_B7FB75BB3E0A|TRK_4A05F6B9B509,28580.0,392470.0,362885.0,True,False,False,True,"{""circular_bonus"": -1.1, ""distance_km"": 1.0, ""empty_km"": 0.85, ""fuel_inr"": 0.01, ""risk"": 12.0, ""time_min"": 0.35, ""toll_inr"": 0.01}",CST_48011250D4FB,SCN_BASELINE,g1,False,1681,validation,20260903,v0.1,hash_bucket
INS_6C98EE00B28C,0791c83f470a31e2,CIRCULAR_VRP,medium,LOC_5D316714188F,Faridabad,HR,26,15,TRK_017DA12B162E|TRK_A997FC00E0CF|TRK_8C037A0ADC54|TRK_EEB1DE456EE4|TRK_BCC966E673C0|TRK_B6CE07A71D80|TRK_5564246F7906|TRK_5136065E98CA|TRK_E260AFDFB21B|TRK_E9C76BCDE1E1|TRK_FB045E9F7F61|TRK_B7FB75BB3E0A|TRK_4A05F6B9B509|TRK_1C8C798F44C5|TRK_8DC7FD5FF93A,27710.0,448170.0,405810.0,True,True,False,True,"{""circular_bonus"": -1.1, ""distance_km"": 1.0, ""empty_km"": 0.85, ""fuel_inr"": 0.01, ""risk"": 12.0, ""time_min"": 0.35, ""toll_inr"": 0.01}",CST_48011250D4FB,SCN_BASELINE,g1,False,729,train,20260903,v0.1,hash_bucket
INS_58A2C9171660,22729d0447ba9cad,VRPTW,medium,LOC_D24D73F16033,Meerut,UP,18,11,TRK_017DA12B162E|TRK_A997FC00E0CF|TRK_8C037A0ADC54|TRK_EEB1DE456EE4|TRK_BCC966E673C0|TRK_B6CE07A71D80|TRK_5564246F7906|TRK_5136065E98CA|TRK_E260AFDFB21B|TRK_E9C76BCDE1E1|TRK_FB045E9F7F61,28890.0,335050.0,290200.0,True,True,False,False,"{""circular_bonus"": -1.1, ""distance_km"": 1.0, ""empty_km"": 0.85, ""fuel_inr"": 0.01, ""risk"": 12.0, ""time_min"": 0.35, ""toll_inr"": 0.01}",CST_48011250D4FB,SCN_BASELINE,g1,False,361,train,20260903,v0.1,hash_bucket
INS_6DFB92C69C59,c5946093755c1c82,PDP,medium,LOC_AA53E75D54A9,Etah,UP,20,12,TRK_017DA12B162E|TRK_A997FC00E0CF|TRK_8C037A0ADC54|TRK_EEB1DE456EE4|TRK_BCC966E673C0|TRK_B6CE07A71D80|TRK_5564246F7906|TRK_5136065E98CA|TRK_E260AFDFB21B|TRK_E9C76BCDE1E1|TRK_FB045E9F7F61|TRK_B7FB75BB3E0A,28840.0,363890.0,312580.0,True,False,True,True,"{""circular_bonus"": -1.1, ""distance_km"": 1.0, ""empty_km"": 0.85, ""fuel_inr"": 0.01, ""risk"": 12.0, ""time_min"": 0.35, ""toll_inr"": 0.01}",CST_48011250D4FB,SCN_BASELINE,g1,False,441,train,20260903,v0.1,hash_bucket
INS_826904AA8CC2,7b86ed24ad2a1d4d,PDP,small,LOC_4A5F46E3AFB5,Sitapur,UP,14,7,TRK_017DA12B162E|TRK_A997FC00E0CF|TRK_8C037A0ADC54|TRK_EEB1DE456EE4|TRK_BCC966E673C0|TRK_B6CE07A71D80|TRK_5564246F7906,30530.0,218040.0,159390.0,True,True,True,False,"{""circular_bonus"": -1.1, ""distance_km"": 1.0, ""empty_km"": 0.85, ""fuel_inr"": 0.01, ""risk"": 12.0, ""time_min"": 0.35, ""toll_inr"": 0.01}",CST_48011250D4FB,SCN_BASELINE,g1,False,225,train,20260903,v0.1,hash_bucket
INS_450C5A15308D,d92524a0b43dc37f,CIRCULAR_VRP,small,LOC_5775AEDC7A87,Kanpur Nagar,UP,13,6,TRK_017DA12B162E|TRK_A997FC00E0CF|TRK_8C037A0ADC54|TRK_EEB1DE456EE4|TRK_BCC966E673C0|TRK_B6CE07A71D80,30590.0,187510.0,132140.0,True,True,False,True,"{""circular_bonus"": -1.1, ""distance_km"": 1.0, ""empty_km"": 0.85, ""fuel_inr"": 0.01, ""risk"": 12.0, ""time_min"": 0.35, ""toll_inr"": 0.01}",CST_48011250D4FB,SCN_BASELINE,g1,False,196,test,20260903,v0.1,hash_bucket
INS_564A63ECC1CF,6257bed03f2d5556,CIRCULAR_VRP,small,LOC_CF209A6CE403,Hapur,UP,11,5,TRK_017DA12B162E|TRK_A997FC00E0CF|TRK_8C037A0ADC54|TRK_EEB1DE456EE4|TRK_BCC966E673C0,30750.0,156920.0,120210.0,True,False,False,True,"{""circular_bonus"": -1.1, ""distance_km"": 1.0, ""empty_km"": 0.85, ""fuel_inr"": 0.01, ""risk"": 12.0, ""time_min"": 0.35, ""toll_inr"": 0.01}",CST_48011250D4FB,SCN_BASELINE,g1,False,144,validation,20260903,v0.1,hash_bucket
INS_BB998B9055AF,25e8c933e5bef58d,PDP,medium,LOC_AD745A3946E4,Unnao,UP,15,7,TRK_017DA12B162E|TRK_A997FC00E0CF|TRK_8C037A0ADC54|TRK_EEB1DE456EE4|TRK_BCC966E673C0|TRK_B6CE07A71D80|TRK_5564246F7906,30530.0,218040.0,165580.0,True,False,True,False,"{""circular_bonus"": -1.1, ""distance_km"": 1.0, ""empty_km"": 0.85, ""fuel_inr"": 0.01, ""risk"": 12.0, ""time_min"": 0.35, ""toll_inr"": 0.01}",CST_48011250D4FB,SCN_BASELINE,g1,False,256,train,20260903,v0.1,hash_bucket
INS_E5699B2784AF,95ca432dc9982830,PDP,medium,LOC_2011BC2FE7BD,Fazilka,PB,22,10,TRK_017DA12B162E|TRK_A997FC00E0CF|TRK_8C037A0ADC54|TRK_EEB1DE456EE4|TRK_BCC966E673C0|TRK_B6CE07A71D80|TRK_5564246F7906|TRK_5136065E98CA|TRK_E260AFDFB21B|TRK_E9C76BCDE1E1,28950.0,306160.0,273860.0,True,True,True,False,"{""circular_bonus"": -1.1, ""distance_km"": 1.0, ""empty_km"": 0.85, ""fuel_inr"": 0.01, ""risk"": 12.0, ""time_min"": 0.35, ""toll_inr"": 0.01}",CST_48011250D4FB,SCN_BASELINE,g1,False,529,train,20260903,v0.1,hash_bucket
INS_40851B5C396E,797c66a005a09135,VRPTW,small,LOC_FEFD9351973D,Bathinda,PB,10,5,TRK_340016F2B945|TRK_0C5E1B5422FA|TRK_B7BA04A0793B|TRK_3AAFDA8C31B2|TRK_2C29A4F9D289,10980.0,79000.0,54770.0,True,True,False,False,"{""circular_bonus"": -1.1, ""distance_km"": 1.0, ""empty_km"": 0.85, ""fuel_inr"": 0.01, ""risk"": 12.0, ""time_min"": 0.35, ""toll_inr"": 0.01}",CST_48011250D4FB,SCN_BASELINE,g1,False,121,test,20260903,v0.1,holdout_district
INS_4C1772CE7255,38d38f5708bf4652,VRPTW,medium,LOC_E96863625035,Shahdara,DL,8,9,TRK_017DA12B162E|TRK_A997FC00E0CF|TRK_8C037A0ADC54|TRK_EEB1DE456EE4|TRK_BCC966E673C0|TRK_B6CE07A71D80|TRK_5564246F7906|TRK_5136065E98CA|TRK_E260AFDFB21B,29400.0,277210.0,240000.0,True,True,False,False,"{""circular_bonus"": -1.1, ""distance_km"": 1.0, ""empty_km"": 0.85, ""fuel_inr"": 0.01, ""risk"": 12.0, ""time_min"": 0.35, ""toll_inr"": 0.01}",CST_48011250D4FB,SCN_BASELINE,g1,False,81,validation,20260903,v0.1,hash_bucket
INS_DF7C13DC4226,fe88d7254fdfd8a2,CIRCULAR_VRP,large,LOC_03F06DD41C28,Malerkotla,PB,54,20,TRK_017DA12B162E|TRK_A997FC00E0CF|TRK_8C037A0ADC54|TRK_EEB1DE456EE4|TRK_BCC966E673C0|TRK_B6CE07A71D80|TRK_5564246F7906|TRK_5136065E98CA|TRK_E260AFDFB21B|TRK_E9C76BCDE1E1|TRK_FB045E9F7F61|TRK_B7FB75BB3E0A|TRK_4A05F6B9B509|TRK_1C8C798F44C5|TRK_8DC7FD5FF93A|TRK_7A91F5198B53|TRK_BEE1B756CA92|TRK_0331FB7CD37E|TRK_EEA8DB00B33D|TRK_3A519CFB8F0F,26230.0,581630.0,549855.0,True,False,False,True,"{""circular_bonus"": -1.1, ""distance_km"": 1.0, ""empty_km"": 0.85, ""fuel_inr"": 0.01, ""risk"": 12.0, ""time_min"": 0.35, ""toll_inr"": 0.01}",CST_48011250D4FB,SCN_BASELINE,g1,False,3025,train,20260903,v0.1,hash_bucket
INS_C205727629D5,0fffa6bac288c8be,CVRP,large,LOC_2B9C182E1BB7,Panchkula,HR,50,23,TRK_017DA12B162E|TRK_A997FC00E0CF|TRK_8C037A0ADC54|TRK_EEB1DE456EE4|TRK_BCC966E673C0|TRK_B6CE07A71D80|TRK_5564246F7906|TRK_5136065E98CA|TRK_E260AFDFB21B|TRK_E9C76BCDE1E1|TRK_FB045E9F7F61|TRK_B7FB75BB3E0A|TRK_4A05F6B9B509|TRK_1C8C798F44C5|TRK_8DC7FD5FF93A|TRK_7A91F5198B53|TRK_BEE1B756CA92|TRK_0331FB7CD37E|TRK_EEA8DB00B33D|TRK_3A519CFB8F0F|TRK_8C842CC0A407|TRK_1A09343A6FAC|TRK_3F175C42FEAA,25290.0,658660.0,613020.0,True,False,False,False,"{""circular_bonus"": -1.1, ""distance_km"": 1.0, ""empty_km"": 0.85, ""fuel_inr"": 0.01, ""risk"": 12.0, ""time_min"": 0.35, ""toll_inr"": 0.01}",CST_48011250D4FB,SCN_BASELINE,g1,False,2601,train,20260903,v0.1,hash_bucket
INS_175972B65B0E,9c83917b2514d85d,CIRCULAR_VRP,medium,LOC_C58F1767A842,Barnala,PB,19,6,TRK_017DA12B162E|TRK_A997FC00E0CF|TRK_8C037A0ADC54|TRK_EEB1DE456EE4|TRK_BCC966E673C0|TRK_B6CE07A71D80,30590.0,187510.0,144170.0,True,True,False,True,"{""circular_bonus"": -1.1, ""distance_km"": 1.0, ""empty_km"": 0.85, ""fuel_inr"": 0.01, ""risk"": 12.0, ""time_min"": 0.35, ""toll_inr"": 0.01}",CST_48011250D4FB,SCN_BASELINE,g1,False,400,validation,20260903,v0.1,hash_bucket
INS_5E93F7DF50AD,c32bfff12f78fcae,VRPTW,small,LOC_27273A6A3299,Shamli,UP,11,4,TRK_017DA12B162E|TRK_A997FC00E0CF|TRK_8C037A0ADC54|TRK_EEB1DE456EE4,31250.0,126170.0,84300.0,True,True,False,False,"{""circular_bonus"": -1.1, ""distance_km"": 1.0, ""empty_km"": 0.85, ""fuel_inr"": 0.01, ""risk"": 12.0, ""time_min"": 0.35, ""toll_inr"": 0.01}",CST_48011250D4FB,SCN_BASELINE,g1,False,144,train,20260903,v0.1,hash_bucket
INS_2D358EA48C72,38aac0a03a6865bf,VRPTW,small,LOC_0F3D188854D6,Amroha,UP,9,4,TRK_017DA12B162E|TRK_A997FC00E0CF|TRK_8C037A0ADC54|TRK_EEB1DE456EE4,31250.0,126170.0,78660.0,True,True,False,False,"{""circular_bonus"": -1.1, ""distance_km"": 1.0, ""empty_km"": 0.85, ""fuel_inr"": 0.01, ""risk"": 12.0, ""time_min"": 0.35, ""toll_inr"": 0.01}",CST_48011250D4FB,SCN_BASELINE,g1,False,100,test,20260903,v0.1,hash_bucket
INS_081160044BF5,af7e776b24e8a914,VRPTW,large,LOC_5775AEDC7A87,Kanpur Nagar,UP,53,21,TRK_017DA12B162E|TRK_A997FC00E0CF|TRK_8C037A0ADC54|TRK_EEB1DE456EE4|TRK_BCC966E673C0|TRK_B6CE07A71D80|TRK_5564246F7906|TRK_5136065E98CA|TRK_E260AFDFB21B|TRK_E9C76BCDE1E1|TRK_FB045E9F7F61|TRK_B7FB75BB3E0A|TRK_4A05F6B9B509|TRK_1C8C798F44C5|TRK_8DC7FD5FF93A|TRK_7A91F5198B53|TRK_BEE1B756CA92|TRK_0331FB7CD37E|TRK_EEA8DB00B33D|TRK_3A519CFB8F0F|TRK_8C842CC0A407,25970.0,607600.0,568540.0,True,True,False,False,"{""circular_bonus"": -1.1, ""distance_km"": 1.0, ""empty_km"": 0.85, ""fuel_inr"": 0.01, ""risk"": 12.0, ""time_min"": 0.35, ""toll_inr"": 0.01}",CST_48011250D4FB,SCN_BASELINE,g1,False,2916,train,20260903,v0.1,hash_bucket
INS_545406420F9F,3c2c1efed3484e91,CIRCULAR_VRP,small,LOC_5242BE7C01CE,Rewari,HR,12,5,TRK_017DA12B162E|TRK_A997FC00E0CF|TRK_8C037A0ADC54|TRK_EEB1DE456EE4|TRK_BCC966E673C0,30750.0,156920.0,125720.0,True,False,False,True,"{""circular_bonus"": -1.1, ""distance_km"": 1.0, ""empty_km"": 0.85, ""fuel_inr"": 0.01, ""risk"": 12.0, ""time_min"": 0.35, ""toll_inr"": 0.01}",CST_48011250D4FB,SCN_BASELINE,g1,False,169,test,20260903,v0.1,hash_bucket
INS_AF869747CD96,f06723d74d9f789e,CIRCULAR_VRP,small,LOC_2011BC2FE7BD,Fazilka,PB,13,6,TRK_017DA12B162E|TRK_A997FC00E0CF|TRK_8C037A0ADC54|TRK_EEB1DE456EE4|TRK_BCC966E673C0|TRK_B6CE07A71D80,30590.0,187510.0,143670.0,True,True,False,True,"{""circular_bonus"": -1.1, ""distance_km"": 1.0, ""empty_km"": 0.85, ""fuel_inr"": 0.01, ""risk"": 12.0, ""time_min"": 0.35, ""toll_inr"": 0.01}",CST_48011250D4FB,SCN_BASELINE,g1,False,196,test,20260903,v0.1,hash_bucket
INS_519BECFEA16E,febb39ff443b045c,PDP,large,LOC_63A998834201,North East Delhi,DL,11,8,TRK_017DA12B162E|TRK_A997FC00E0CF|TRK_8C037A0ADC54|TRK_EEB1DE456EE4|TRK_BCC966E673C0|TRK_B6CE07A71D80|TRK_5564246F7906|TRK_5136065E98CA,29770.0,247810.0,190980.0,True,False,True,False,"{""circular_bonus"": -1.1, ""distance_km"": 1.0, ""empty_km"": 0.85, ""fuel_inr"": 0.01, ""risk"": 12.0, ""time_min"": 0.35, ""toll_inr"": 0.01}",CST_48011250D4FB,SCN_BASELINE,g1,False,144,validation,20260903,v0.1,hash_bucket
INS_958C21D06C87,0d35c44074838caa,CIRCULAR_VRP,small,LOC_B890897F9CCC,Kapurthala,PB,13,5,TRK_017DA12B162E|TRK_A997FC00E0CF|TRK_8C037A0ADC54|TRK_EEB1DE456EE4|TRK_BCC966E673C0,30750.0,156920.0,100250.0,True,True,False,True,"{""circular_bonus"": -1.1, ""distance_km"": 1.0, ""empty_km"": 0.85, ""fuel_inr"": 0.01, ""risk"": 12.0, ""time_min"": 0.35, ""toll_inr"": 0.01}",CST_48011250D4FB,SCN_BASELINE,g1,False,196,train,20260903,v0.1,hash_bucket
INS_CB34F1ED3D38,46ae7a2d5f5675d9,CVRP,medium,LOC_CF065FE8EBAB,Gautam Buddha Nagar,UP,20,17,TRK_017DA12B162E|TRK_A997FC00E0CF|TRK_8C037A0ADC54|TRK_EEB1DE456EE4|TRK_BCC966E673C0|TRK_B6CE07A71D80|TRK_5564246F7906|TRK_5136065E98CA|TRK_E260AFDFB21B|TRK_E9C76BCDE1E1|TRK_FB045E9F7F61|TRK_B7FB75BB3E0A|TRK_4A05F6B9B509|TRK_1C8C798F44C5|TRK_8DC7FD5FF93A|TRK_7A91F5198B53|TRK_BEE1B756CA92,27170.0,502510.0,448670.0,True,False,False,False,"{""circular_bonus"": -1.1, ""distance_km"": 1.0, ""empty_km"": 0.85, ""fuel_inr"": 0.01, ""risk"": 12.0, ""time_min"": 0.35, ""toll_inr"": 0.01}",CST_48011250D4FB,SCN_BASELINE,g1,False,441,train,20260903,v0.1,hash_bucket
INS_8587877A55C1,7246316a0010ca8c,PDP,small,LOC_FF96333A5510,North West Delhi,DL,12,11,TRK_017DA12B162E|TRK_A997FC00E0CF|TRK_8C037A0ADC54|TRK_EEB1DE456EE4|TRK_BCC966E673C0|TRK_B6CE07A71D80|TRK_5564246F7906|TRK_5136065E98CA|TRK_E260AFDFB21B|TRK_E9C76BCDE1E1|TRK_FB045E9F7F61,28890.0,335050.0,291710.0,True,False,True,False,"{""circular_bonus"": -1.1, ""distance_km"": 1.0, ""empty_km"": 0.85, ""fuel_inr"": 0.01, ""risk"": 12.0, ""time_min"": 0.35, ""toll_inr"": 0.01}",CST_48011250D4FB,SCN_BASELINE,g1,False,169,train,20260903,v0.1,hash_bucket
INS_B12CADBF7BCF,108b0f0f24cc6daf,CVRP,medium,LOC_8E24E29DF84B,Hisar,HR,26,12,TRK_017DA12B162E|TRK_A997FC00E0CF|TRK_8C037A0ADC54|TRK_EEB1DE456EE4|TRK_BCC966E673C0|TRK_B6CE07A71D80|TRK_5564246F7906|TRK_5136065E98CA|TRK_E260AFDFB21B|TRK_E9C76BCDE1E1|TRK_FB045E9F7F61|TRK_B7FB75BB3E0A,28840.0,363890.0,321140.0,True,False,False,False,"{""circular_bonus"": -1.1, ""distance_km"": 1.0, ""empty_km"": 0.85, ""fuel_inr"": 0.01, ""risk"": 12.0, ""time_min"": 0.35, ""toll_inr"": 0.01}",CST_48011250D4FB,SCN_BASELINE,g1,False,729,test,20260903,v0.1,hash_bucket
INS_E57703510F67,f4740c7fa704b0a2,VRPTW,large,LOC_2E9E391564C2,Sonipat,HR,54,21,TRK_017DA12B162E|TRK_A997FC00E0CF|TRK_8C037A0ADC54|TRK_EEB1DE456EE4|TRK_BCC966E673C0|TRK_B6CE07A71D80|TRK_5564246F7906|TRK_5136065E98CA|TRK_E260AFDFB21B|TRK_E9C76BCDE1E1|TRK_FB045E9F7F61|TRK_B7FB75BB3E0A|TRK_4A05F6B9B509|TRK_1C8C798F44C5|TRK_8DC7FD5FF93A|TRK_7A91F5198B53|TRK_BEE1B756CA92|TRK_0331FB7CD37E|TRK_EEA8DB00B33D|TRK_3A519CFB8F0F|TRK_8C842CC0A407,25970.0,607600.0,566350.0,True,True,False,False,"{""circular_bonus"": -1.1, ""distance_km"": 1.0, ""empty_km"": 0.85, ""fuel_inr"": 0.01, ""risk"": 12.0, ""time_min"": 0.35, ""toll_inr"": 0.01}",CST_48011250D4FB,SCN_BASELINE,g1,False,3025,test,20260903,v0.1,hash_bucket
INS_4E597C76E80D,ebe1bb766c4e6b26,CVRP,small,LOC_CF209A6CE403,Hapur,UP,10,5,TRK_017DA12B162E|TRK_A997FC00E0CF|TRK_8C037A0ADC54|TRK_EEB1DE456EE4|TRK_BCC966E673C0,30750.0,156920.0,106950.0,True,False,False,False,"{""circular_bonus"": -1.1, ""distance_km"": 1.0, ""empty_km"": 0.85, ""fuel_inr"": 0.01, ""risk"": 12.0, ""time_min"": 0.35, ""toll_inr"": 0.01}",CST_48011250D4FB,SCN_BASELINE,g1,False,121,train,20260903,v0.1,hash_bucket
INS_C18B412FE6FD,cc14e0626fcb11d4,CVRP,small,LOC_1FB47BF8FFEB,Bulandshahr,UP,9,6,TRK_FC4EFBC1E225|TRK_4927520C533F|TRK_D5A8DC42C947|TRK_49EE98E2F33C|TRK_15A4E86B7E18|TRK_F8096EB4BC10,7490.0,68450.0,60040.0,True,False,False,False,"{""circular_bonus"": -1.1, ""distance_km"": 1.0, ""empty_km"": 0.85, ""fuel_inr"": 0.01, ""risk"": 12.0, ""time_min"": 0.35, ""toll_inr"": 0.01}",CST_48011250D4FB,SCN_BASELINE,g1,False,100,test,20260903,v0.1,holdout_district
INS_C85673058725,25c9172d9b68ab19,PDP,medium,LOC_BACB2642B5AD,Kurukshetra,HR,20,6,TRK_017DA12B162E|TRK_A997FC00E0CF|TRK_8C037A0ADC54|TRK_EEB1DE456EE4|TRK_BCC966E673C0|TRK_B6CE07A71D80,30590.0,187510.0,150570.0,True,True,True,False,"{""circular_bonus"": -1.1, ""distance_km"": 1.0, ""empty_km"": 0.85, ""fuel_inr"": 0.01, ""risk"": 12.0, ""time_min"": 0.35, ""toll_inr"": 0.01}",CST_48011250D4FB,SCN_BASELINE,g1,False,441,test,20260903,v0.1,hash_bucket
INS_7D706553FD8E,a5d042b7c395d67a,PDP,large,LOC_D2DDEA75080C,Pathankot,PB,53,24,TRK_017DA12B162E|TRK_A997FC00E0CF|TRK_8C037A0ADC54|TRK_EEB1DE456EE4|TRK_BCC966E673C0|TRK_B6CE07A71D80|TRK_5564246F7906|TRK_5136065E98CA|TRK_E260AFDFB21B|TRK_E9C76BCDE1E1|TRK_FB045E9F7F61|TRK_B7FB75BB3E0A|TRK_4A05F6B9B509|TRK_1C8C798F44C5|TRK_8DC7FD5FF93A|TRK_7A91F5198B53|TRK_BEE1B756CA92|TRK_0331FB7CD37E|TRK_EEA8DB00B33D|TRK_3A519CFB8F0F|TRK_8C842CC0A407|TRK_1A09343A6FAC|TRK_3F175C42FEAA|TRK_2EC9632BD23F,25040.0,683700.0,644250.0,True,True,True,True,"{""circular_bonus"": -1.1, ""distance_km"": 1.0, ""empty_km"": 0.85, ""fuel_inr"": 0.01, ""risk"": 12.0, ""time_min"": 0.35, ""toll_inr"": 0.01}",CST_48011250D4FB,SCN_BASELINE,g1,False,2916,train,20260903,v0.1,hash_bucket
INS_30251DF181B7,f0cbf58125f45537,CIRCULAR_VRP,small,LOC_796345940EEC,Budaun,UP,12,5,TRK_017DA12B162E|TRK_A997FC00E0CF|TRK_8C037A0ADC54|TRK_EEB1DE456EE4|TRK_BCC966E673C0,30750.0,156920.0,115290.0,True,True,False,True,"{""circular_bonus"": -1.1, ""distance_km"": 1.0, ""empty_km"": 0.85, ""fuel_inr"": 0.01, ""risk"": 12.0, ""time_min"": 0.35, ""toll_inr"": 0.01}",CST_48011250D4FB,SCN_BASELINE,g1,False,169,train,20260903,v0.1,hash_bucket
INS_EF8F491B8230,a669f834a5ac4601,PDP,small,LOC_08E25919DCC7,Kanpur Dehat,UP,10,4,TRK_017DA12B162E|TRK_A997FC00E0CF|TRK_8C037A0ADC54|TRK_EEB1DE456EE4,31250.0,126170.0,69140.0,True,True,True,True,"{""circular_bonus"": -1.1, ""distance_km"": 1.0, ""empty_km"": 0.85, ""fuel_inr"": 0.01, ""risk"": 12.0, ""time_min"": 0.35, ""toll_inr"": 0.01}",CST_48011250D4FB,SCN_BASELINE,g1,False,121,train,20260903,v0.1,hash_bucket
INS_1B7BD308E87A,fddc47771bdff4bb,CVRP,small,LOC_21F591BF08EC,West Delhi,DL,4,8,TRK_D5734C94CA97|TRK_0DB792D95BC8|TRK_CE161697CB0F|TRK_B4E942FB3E8F|TRK_547C0929AFCE|TRK_3D378E8843DC|TRK_57C748EE92F0|TRK_38CCD92D5770,6550.0,95530.0,83560.0,True,False,False,False,"{""circular_bonus"": -1.1, ""distance_km"": 1.0, ""empty_km"": 0.85, ""fuel_inr"": 0.01, ""risk"": 12.0, ""time_min"": 0.35, ""toll_inr"": 0.01}",CST_48011250D4FB,SCN_BASELINE,g1,False,25,train,20260903,v0.1,hash_bucket
INS_C801EED722BB,32b473ac21fd166f,CIRCULAR_VRP,small,LOC_2275B2D35F85,Palwal,HR,12,3,TRK_017DA12B162E|TRK_A997FC00E0CF|TRK_8C037A0ADC54,31430.0,94920.0,47440.0,True,True,False,True,"{""circular_bonus"": -1.1, ""distance_km"": 1.0, ""empty_km"": 0.85, ""fuel_inr"": 0.01, ""risk"": 12.0, ""time_min"": 0.35, ""toll_inr"": 0.01}",CST_48011250D4FB,SCN_BASELINE,g1,False,169,test,20260903,v0.1,hash_bucket
INS_792A9CBD9BEB,2192c92958159502,PDP,small,LOC_487C12AA952A,Jind,HR,14,6,TRK_017DA12B162E|TRK_A997FC00E0CF|TRK_8C037A0ADC54|TRK_EEB1DE456EE4|TRK_BCC966E673C0|TRK_B6CE07A71D80,30590.0,187510.0,132260.0,True,True,True,False,"{""circular_bonus"": -1.1, ""distance_km"": 1.0, ""empty_km"": 0.85, ""fuel_inr"": 0.01, ""risk"": 12.0, ""time_min"": 0.35, ""toll_inr"": 0.01}",CST_48011250D4FB,SCN_BASELINE,g1,False,225,train,20260903,v0.1,hash_bucket
INS_464BECFD2F22,01f543caf5d2b810,CVRP,small,LOC_B01B9CC74597,Saharanpur,UP,14,5,TRK_017DA12B162E|TRK_A997FC00E0CF|TRK_8C037A0ADC54|TRK_EEB1DE456EE4|TRK_BCC966E673C0,30750.0,156920.0,123310.0,True,False,False,False,"{""circular_bonus"": -1.1, ""distance_km"": 1.0, ""empty_km"": 0.85, ""fuel_inr"": 0.01, ""risk"": 12.0, ""time_min"": 0.35, ""toll_inr"": 0.01}",CST_48011250D4FB,SCN_BASELINE,g1,False,225,train,20260903,v0.1,hash_bucket
INS_51CD4C76FED5,35d598712d7aeb2d,PDP,small,LOC_BACB2642B5AD,Kurukshetra,HR,8,2,TRK_C37572A4FA01|TRK_3636FA13AE0D,7970.0,30860.0,25520.0,True,False,True,False,"{""circular_bonus"": -1.1, ""distance_km"": 1.0, ""empty_km"": 0.85, ""fuel_inr"": 0.01, ""risk"": 12.0, ""time_min"": 0.35, ""toll_inr"": 0.01}",CST_48011250D4FB,SCN_BASELINE,g1,False,81,train,20260903,v0.1,hash_bucket
INS_E2FB89D0463C,40b856eb53fa48d1,CVRP,small,LOC_796345940EEC,Budaun,UP,9,5,TRK_017DA12B162E|TRK_A997FC00E0CF|TRK_8C037A0ADC54|TRK_EEB1DE456EE4|TRK_BCC966E673C0,30750.0,156920.0,119330.0,True,False,False,False,"{""circular_bonus"": -1.1, ""distance_km"": 1.0, ""empty_km"": 0.85, ""fuel_inr"": 0.01, ""risk"": 12.0, ""time_min"": 0.35, ""toll_inr"": 0.01}",CST_48011250D4FB,SCN_BASELINE,g1,False,100,train,20260903,v0.1,hash_bucket
INS_4CF7671ED0EF,60665990de08eea4,PDP,medium,LOC_BACB2642B5AD,Kurukshetra,HR,19,6,TRK_017DA12B162E|TRK_A997FC00E0CF|TRK_8C037A0ADC54|TRK_EEB1DE456EE4|TRK_BCC966E673C0|TRK_B6CE07A71D80,30590.0,187510.0,136570.0,True,True,True,True,"{""circular_bonus"": -1.1, ""distance_km"": 1.0, ""empty_km"": 0.85, ""fuel_inr"": 0.01, ""risk"": 12.0, ""time_min"": 0.35, ""toll_inr"": 0.01}",CST_48011250D4FB,SCN_BASELINE,g1,False,400,train,20260903,v0.1,hash_bucket
INS_84FDE2242ED3,313940764a057310,PDP,small,LOC_FEFD9351973D,Bathinda,PB,12,5,TRK_017DA12B162E|TRK_A997FC00E0CF|TRK_8C037A0ADC54|TRK_EEB1DE456EE4|TRK_BCC966E673C0,30750.0,156920.0,110280.0,True,False,True,False,"{""circular_bonus"": -1.1, ""distance_km"": 1.0, ""empty_km"": 0.85, ""fuel_inr"": 0.01, ""risk"": 12.0, ""time_min"": 0.35, ""toll_inr"": 0.01}",CST_48011250D4FB,SCN_BASELINE,g1,False,169,test,20260903,v0.1,holdout_district
INS_C37F6A577DD3,b9256e85d0ceb720,PDP,small,LOC_796345940EEC,Budaun,UP,9,5,TRK_47FA9BC52762|TRK_5F0188F77E0E|TRK_6C3165FB39B7|TRK_F56F84F62A42|TRK_061AB495BE27,1130.0,34570.0,32430.0,True,False,True,False,"{""circular_bonus"": -1.1, ""distance_km"": 1.0, ""empty_km"": 0.85, ""fuel_inr"": 0.01, ""risk"": 12.0, ""time_min"": 0.35, ""toll_inr"": 0.01}",CST_48011250D4FB,SCN_BASELINE,g1,False,100,train,20260903,v0.1,hash_bucket
INS_DD7FB26593A5,2ca4ef0e89ba1985,CVRP,small,LOC_AFF866260256,Moradabad,UP,11,5,TRK_017DA12B162E|TRK_A997FC00E0CF|TRK_8C037A0ADC54|TRK_EEB1DE456EE4|TRK_BCC966E673C0,30750.0,156920.0,123770.0,True,False,False,False,"{""circular_bonus"": -1.1, ""distance_km"": 1.0, ""empty_km"": 0.85, ""fuel_inr"": 0.01, ""risk"": 12.0, ""time_min"": 0.35, ""toll_inr"": 0.01}",CST_48011250D4FB,SCN_BASELINE,g1,False,144,train,20260903,v0.1,hash_bucket
INS_AF59E9E2D986,840a1f5bb20ccf1a,PDP,medium,LOC_B01B9CC74597,Saharanpur,UP,15,4,TRK_017DA12B162E|TRK_A997FC00E0CF|TRK_8C037A0ADC54|TRK_EEB1DE456EE4,31250.0,126170.0,87350.0,True,True,True,True,"{""circular_bonus"": -1.1, ""distance_km"": 1.0, ""empty_km"": 0.85, ""fuel_inr"": 0.01, ""risk"": 12.0, ""time_min"": 0.35, ""toll_inr"": 0.01}",CST_48011250D4FB,SCN_BASELINE,g1,False,256,train,20260903,v0.1,hash_bucket
INS_E4BFEF5F7267,32be752598b29772,PDP,large,LOC_7CE3D43FF63F,Ambala,HR,40,12,TRK_017DA12B162E|TRK_A997FC00E0CF|TRK_8C037A0ADC54|TRK_EEB1DE456EE4|TRK_BCC966E673C0|TRK_B6CE07A71D80|TRK_5564246F7906|TRK_5136065E98CA|TRK_E260AFDFB21B|TRK_E9C76BCDE1E1|TRK_FB045E9F7F61|TRK_B7FB75BB3E0A,28840.0,363890.0,334790.0,True,False,True,False,"{""circular_bonus"": -1.1, ""distance_km"": 1.0, ""empty_km"": 0.85, ""fuel_inr"": 0.01, ""risk"": 12.0, ""time_min"": 0.35, ""toll_inr"": 0.01}",CST_48011250D4FB,SCN_BASELINE,g1,False,1681,train,20260903,v0.1,hash_bucket
INS_D8A12EEC3F72,d700eec70930c37a,CIRCULAR_VRP,small,LOC_5B344A07BA57,Sangrur,PB,13,6,TRK_017DA12B162E|TRK_A997FC00E0CF|TRK_8C037A0ADC54|TRK_EEB1DE456EE4|TRK_BCC966E673C0|TRK_B6CE07A71D80,30590.0,187510.0,140465.0,True,False,False,True,"{""circular_bonus"": -1.1, ""distance_km"": 1.0, ""empty_km"": 0.85, ""fuel_inr"": 0.01, ""risk"": 12.0, ""time_min"": 0.35, ""toll_inr"": 0.01}",CST_48011250D4FB,SCN_BASELINE,g1,False,196,test,20260903,v0.1,hash_bucket
INS_5B58DF24FFA0,968a26f4e65c9059,PDP,small,LOC_BC48412E6B15,Sambhal,UP,10,3,TRK_1739A0E69F8F|TRK_452D76B93741|TRK_CB1859F20CFD,15360.0,47300.0,27680.0,True,False,True,True,"{""circular_bonus"": -1.1, ""distance_km"": 1.0, ""empty_km"": 0.85, ""fuel_inr"": 0.01, ""risk"": 12.0, ""time_min"": 0.35, ""toll_inr"": 0.01}",CST_48011250D4FB,SCN_BASELINE,g1,False,121,test,20260903,v0.1,hash_bucket
INS_4B18BB924218,c8d3a794804e8b43,CIRCULAR_VRP,medium,LOC_5B344A07BA57,Sangrur,PB,18,8,TRK_017DA12B162E|TRK_A997FC00E0CF|TRK_8C037A0ADC54|TRK_EEB1DE456EE4|TRK_BCC966E673C0|TRK_B6CE07A71D80|TRK_5564246F7906|TRK_5136065E98CA,29770.0,247810.0,215090.0,True,True,False,True,"{""circular_bonus"": -1.1, ""distance_km"": 1.0, ""empty_km"": 0.85, ""fuel_inr"": 0.01, ""risk"": 12.0, ""time_min"": 0.35, ""toll_inr"": 0.01}",CST_48011250D4FB,SCN_BASELINE,g1,False,361,test,20260903,v0.1,hash_bucket
INS_2C22C79BF4C5,a131e67d9446b8e3,CIRCULAR_VRP,small,LOC_BC48412E6B15,Sambhal,UP,8,4,TRK_017DA12B162E|TRK_A997FC00E0CF|TRK_8C037A0ADC54|TRK_EEB1DE456EE4,31250.0,126170.0,82880.0,True,False,False,True,"{""circular_bonus"": -1.1, ""distance_km"": 1.0, ""empty_km"": 0.85, ""fuel_inr"": 0.01, ""risk"": 12.0, ""time_min"": 0.35, ""toll_inr"": 0.01}",CST_48011250D4FB,SCN_BASELINE,g1,False,81,validation,20260903,v0.1,hash_bucket
INS_371C0EA6638A,3a11d40475758104,CIRCULAR_VRP,large,LOC_D2DDEA75080C,Pathankot,PB,57,25,TRK_017DA12B162E|TRK_A997FC00E0CF|TRK_8C037A0ADC54|TRK_EEB1DE456EE4|TRK_BCC966E673C0|TRK_B6CE07A71D80|TRK_5564246F7906|TRK_5136065E98CA|TRK_E260AFDFB21B|TRK_E9C76BCDE1E1|TRK_FB045E9F7F61|TRK_B7FB75BB3E0A|TRK_4A05F6B9B509|TRK_1C8C798F44C5|TRK_8DC7FD5FF93A|TRK_7A91F5198B53|TRK_BEE1B756CA92|TRK_0331FB7CD37E|TRK_EEA8DB00B33D|TRK_3A519CFB8F0F|TRK_8C842CC0A407|TRK_1A09343A6FAC|TRK_3F175C42FEAA|TRK_2EC9632BD23F|TRK_EA0BF86B0239,24700.0,708400.0,749450.0,False,True,False,True,"{""circular_bonus"": -1.1, ""distance_km"": 1.0, ""empty_km"": 0.85, ""fuel_inr"": 0.01, ""risk"": 12.0, ""time_min"": 0.35, ""toll_inr"": 0.01}",CST_48011250D4FB,SCN_BASELINE,g1,False,3364,test,20260903,v0.1,hash_bucket
INS_CF2867AD0D66,c16cb6052e7a1f04,PDP,small,LOC_8E24E29DF84B,Hisar,HR,9,4,TRK_017DA12B162E|TRK_A997FC00E0CF|TRK_8C037A0ADC54|TRK_EEB1DE456EE4,31250.0,126170.0,70700.0,True,False,True,False,"{""circular_bonus"": -1.1, ""distance_km"": 1.0, ""empty_km"": 0.85, ""fuel_inr"": 0.01, ""risk"": 12.0, ""time_min"": 0.35, ""toll_inr"": 0.01}",CST_48011250D4FB,SCN_BASELINE,g1,False,100,validation,20260903,v0.1,hash_bucket
INS_36A783E7038C,e23c4aa49bec1714,PDP,small,LOC_6042150B38E7,Rohtak,HR,11,7,TRK_A997FC00E0CF|TRK_1C8C798F44C5|TRK_5D8E3362C1D0|TRK_579E0CDDD559|TRK_DDE4F36F14B7|TRK_17B4D136E735|TRK_BA0F9737B3C2,2420.0,103780.0,101210.0,True,False,True,True,"{""circular_bonus"": -1.1, ""distance_km"": 1.0, ""empty_km"": 0.85, ""fuel_inr"": 0.01, ""risk"": 12.0, ""time_min"": 0.35, ""toll_inr"": 0.01}",CST_48011250D4FB,SCN_BASELINE,g1,False,144,validation,20260903,v0.1,hash_bucket
INS_19309C8951C0,66fc5171b8e65123,VRPTW,small,LOC_190E748F376B,Barabanki,UP,12,4,TRK_017DA12B162E|TRK_A997FC00E0CF|TRK_8C037A0ADC54|TRK_EEB1DE456EE4,31250.0,126170.0,91290.0,True,True,False,False,"{""circular_bonus"": -1.1, ""distance_km"": 1.0, ""empty_km"": 0.85, ""fuel_inr"": 0.01, ""risk"": 12.0, ""time_min"": 0.35, ""toll_inr"": 0.01}",CST_48011250D4FB,SCN_BASELINE,g1,False,169,train,20260903,v0.1,hash_bucket
INS_C96BEB653428,1d1563d419b73ef3,PDP,medium,LOC_08710C80560B,Moga,PB,28,8,TRK_017DA12B162E|TRK_A997FC00E0CF|TRK_8C037A0ADC54|TRK_EEB1DE456EE4|TRK_BCC966E673C0|TRK_B6CE07A71D80|TRK_5564246F7906|TRK_5136065E98CA,29770.0,247810.0,196500.0,True,True,True,False,"{""circular_bonus"": -1.1, ""distance_km"": 1.0, ""empty_km"": 0.85, ""fuel_inr"": 0.01, ""risk"": 12.0, ""time_min"": 0.35, ""toll_inr"": 0.01}",CST_48011250D4FB,SCN_BASELINE,g1,False,841,train,20260903,v0.1,hash_bucket
INS_99225D9775AC,1fd21f2d43308f11,VRPTW,large,LOC_2011BC2FE7BD,Fazilka,PB,43,17,TRK_017DA12B162E|TRK_A997FC00E0CF|TRK_8C037A0ADC54|TRK_EEB1DE456EE4|TRK_BCC966E673C0|TRK_B6CE07A71D80|TRK_5564246F7906|TRK_5136065E98CA|TRK_E260AFDFB21B|TRK_E9C76BCDE1E1|TRK_FB045E9F7F61|TRK_B7FB75BB3E0A|TRK_4A05F6B9B509|TRK_1C8C798F44C5|TRK_8DC7FD5FF93A|TRK_7A91F5198B53|TRK_BEE1B756CA92,27170.0,502510.0,462860.0,True,True,False,False,"{""circular_bonus"": -1.1, ""distance_km"": 1.0, ""empty_km"": 0.85, ""fuel_inr"": 0.01, ""risk"": 12.0, ""time_min"": 0.35, ""toll_inr"": 0.01}",CST_48011250D4FB,SCN_BASELINE,g1,False,1936,train,20260903,v0.1,hash_bucket
INS_4A6BFD5480DA,b3567e2fd16ee181,PDP,small,LOC_2B9C182E1BB7,Panchkula,HR,11,4,TRK_8C037A0ADC54|TRK_53479DAD233A|TRK_62BE0015EC2D|TRK_2328CBC73B38,8000.0,65740.0,53940.0,True,True,True,True,"{""circular_bonus"": -1.1, ""distance_km"": 1.0, ""empty_km"": 0.85, ""fuel_inr"": 0.01, ""risk"": 12.0, ""time_min"": 0.35, ""toll_inr"": 0.01}",CST_48011250D4FB,SCN_BASELINE,g1,False,144,train,20260903,v0.1,hash_bucket
INS_4D212E43B85E,644ce76d075c9802,PDP,medium,LOC_08710C80560B,Moga,PB,25,6,TRK_017DA12B162E|TRK_A997FC00E0CF|TRK_8C037A0ADC54|TRK_EEB1DE456EE4|TRK_BCC966E673C0|TRK_B6CE07A71D80,30590.0,187510.0,129580.0,True,False,True,False,"{""circular_bonus"": -1.1, ""distance_km"": 1.0, ""empty_km"": 0.85, ""fuel_inr"": 0.01, ""risk"": 12.0, ""time_min"": 0.35, ""toll_inr"": 0.01}",CST_48011250D4FB,SCN_BASELINE,g1,False,676,test,20260903,v0.1,hash_bucket
INS_63129E945378,ea610317d699e8e1,CIRCULAR_VRP,medium,LOC_D2DDEA75080C,Pathankot,PB,19,11,TRK_017DA12B162E|TRK_A997FC00E0CF|TRK_8C037A0ADC54|TRK_EEB1DE456EE4|TRK_BCC966E673C0|TRK_B6CE07A71D80|TRK_5564246F7906|TRK_5136065E98CA|TRK_E260AFDFB21B|TRK_E9C76BCDE1E1|TRK_FB045E9F7F61,28890.0,335050.0,290470.0,True,True,False,True,"{""circular_bonus"": -1.1, ""distance_km"": 1.0, ""empty_km"": 0.85, ""fuel_inr"": 0.01, ""risk"": 12.0, ""time_min"": 0.35, ""toll_inr"": 0.01}",CST_48011250D4FB,SCN_BASELINE,g1,False,400,train,20260903,v0.1,hash_bucket
INS_1ED8C67D3C92,8525d9e1135c9519,CIRCULAR_VRP,medium,LOC_B26FC239E19A,North Delhi,DL,16,14,TRK_017DA12B162E|TRK_A997FC00E0CF|TRK_8C037A0ADC54|TRK_EEB1DE456EE4|TRK_BCC966E673C0|TRK_B6CE07A71D80|TRK_5564246F7906|TRK_5136065E98CA|TRK_E260AFDFB21B|TRK_E9C76BCDE1E1|TRK_FB045E9F7F61|TRK_B7FB75BB3E0A|TRK_4A05F6B9B509|TRK_1C8C798F44C5,27990.0,420460.0,391710.0,True,True,False,True,"{""circular_bonus"": -1.1, ""distance_km"": 1.0, ""empty_km"": 0.85, ""fuel_inr"": 0.01, ""risk"": 12.0, ""time_min"": 0.35, ""toll_inr"": 0.01}",CST_48011250D4FB,SCN_BASELINE,g1,False,289,train,20260903,v0.1,hash_bucket
INS_E839B4D3B55B,7bd3ba7f4dc233bb,CVRP,small,LOC_4A5F46E3AFB5,Sitapur,UP,10,7,TRK_017DA12B162E|TRK_A997FC00E0CF|TRK_8C037A0ADC54|TRK_EEB1DE456EE4|TRK_BCC966E673C0|TRK_B6CE07A71D80|TRK_5564246F7906,30530.0,218040.0,157220.0,True,False,False,False,"{""circular_bonus"": -1.1, ""distance_km"": 1.0, ""empty_km"": 0.85, ""fuel_inr"": 0.01, ""risk"": 12.0, ""time_min"": 0.35, ""toll_inr"": 0.01}",CST_48011250D4FB,SCN_BASELINE,g1,False,121,validation,20260903,v0.1,hash_bucket
INS_CAA1ACAD7E42,009f7c28d1bde571,CIRCULAR_VRP,small,LOC_E9EE964E8CFE,South Delhi,DL,8,9,TRK_017DA12B162E|TRK_A997FC00E0CF|TRK_8C037A0ADC54|TRK_EEB1DE456EE4|TRK_BCC966E673C0|TRK_B6CE07A71D80|TRK_5564246F7906|TRK_5136065E98CA|TRK_E260AFDFB21B,29400.0,277210.0,240000.0,True,True,False,True,"{""circular_bonus"": -1.1, ""distance_km"": 1.0, ""empty_km"": 0.85, ""fuel_inr"": 0.01, ""risk"": 12.0, ""time_min"": 0.35, ""toll_inr"": 0.01}",CST_48011250D4FB,SCN_BASELINE,g1,False,81,train,20260903,v0.1,hash_bucket
INS_ECA4CE523A76,2ab30e1f658482f9,CIRCULAR_VRP,small,LOC_7CE3D43FF63F,Ambala,HR,8,6,TRK_017DA12B162E|TRK_A997FC00E0CF|TRK_8C037A0ADC54|TRK_EEB1DE456EE4|TRK_BCC966E673C0|TRK_B6CE07A71D80,30590.0,187510.0,134280.0,True,False,False,True,"{""circular_bonus"": -1.1, ""distance_km"": 1.0, ""empty_km"": 0.85, ""fuel_inr"": 0.01, ""risk"": 12.0, ""time_min"": 0.35, ""toll_inr"": 0.01}",CST_48011250D4FB,SCN_BASELINE,g1,False,81,test,20260903,v0.1,hash_bucket
INS_2B2B3DE1BAB5,1cfb44a4a4346d75,CIRCULAR_VRP,small,LOC_5D316714188F,Faridabad,HR,8,6,TRK_017DA12B162E|TRK_A997FC00E0CF|TRK_8C037A0ADC54|TRK_EEB1DE456EE4|TRK_BCC966E673C0|TRK_B6CE07A71D80,30590.0,187510.0,152250.0,True,False,False,True,"{""circular_bonus"": -1.1, ""distance_km"": 1.0, ""empty_km"": 0.85, ""fuel_inr"": 0.01, ""risk"": 12.0, ""time_min"": 0.35, ""toll_inr"": 0.01}",CST_48011250D4FB,SCN_BASELINE,g1,False,81,train,20260903,v0.1,hash_bucket
INS_D2D565BF0CA4,0733124724bb7f41,CVRP,small,LOC_D8FB48D6F894,Fatehabad,HR,11,5,TRK_ECEE8EE28F92|TRK_4DEB047EE4A3|TRK_E4FDAF928F73|TRK_CBA0CC8EBCBA|TRK_B05F093FBC7C,720.0,48310.0,48240.0,True,False,False,False,"{""circular_bonus"": -1.1, ""distance_km"": 1.0, ""empty_km"": 0.85, ""fuel_inr"": 0.01, ""risk"": 12.0, ""time_min"": 0.35, ""toll_inr"": 0.01}",CST_48011250D4FB,SCN_BASELINE,g1,False,144,train,20260903,v0.1,hash_bucket
INS_F59F32512CD8,ce999ecf65a3e450,PDP,small,LOC_CF065FE8EBAB,Gautam Buddha Nagar,UP,8,6,TRK_017DA12B162E|TRK_A997FC00E0CF|TRK_8C037A0ADC54|TRK_EEB1DE456EE4|TRK_BCC966E673C0|TRK_B6CE07A71D80,30590.0,187510.0,130810.0,True,True,True,True,"{""circular_bonus"": -1.1, ""distance_km"": 1.0, ""empty_km"": 0.85, ""fuel_inr"": 0.01, ""risk"": 12.0, ""time_min"": 0.35, ""toll_inr"": 0.01}",CST_48011250D4FB,SCN_BASELINE,g1,False,81,train,20260903,v0.1,hash_bucket
INS_846C4C9F0C71,be1535013953248d,VRPTW,large,LOC_B39E76DCD93F,Nuh,HR,59,18,TRK_017DA12B162E|TRK_A997FC00E0CF|TRK_8C037A0ADC54|TRK_EEB1DE456EE4|TRK_BCC966E673C0|TRK_B6CE07A71D80|TRK_5564246F7906|TRK_5136065E98CA|TRK_E260AFDFB21B|TRK_E9C76BCDE1E1|TRK_FB045E9F7F61|TRK_B7FB75BB3E0A|TRK_4A05F6B9B509|TRK_1C8C798F44C5|TRK_8DC7FD5FF93A|TRK_7A91F5198B53|TRK_BEE1B756CA92|TRK_0331FB7CD37E,26610.0,529120.0,482340.0,True,True,False,False,"{""circular_bonus"": -1.1, ""distance_km"": 1.0, ""empty_km"": 0.85, ""fuel_inr"": 0.01, ""risk"": 12.0, ""time_min"": 0.35, ""toll_inr"": 0.01}",CST_48011250D4FB,SCN_BASELINE,g1,False,3600,train,20260903,v0.1,hash_bucket
INS_CC904CAAEB9D,558c901bfed8c602,PDP,large,LOC_5775AEDC7A87,Kanpur Nagar,UP,39,11,TRK_017DA12B162E|TRK_A997FC00E0CF|TRK_8C037A0ADC54|TRK_EEB1DE456EE4|TRK_BCC966E673C0|TRK_B6CE07A71D80|TRK_5564246F7906|TRK_5136065E98CA|TRK_E260AFDFB21B|TRK_E9C76BCDE1E1|TRK_FB045E9F7F61,28890.0,335050.0,299400.0,True,True,True,False,"{""circular_bonus"": -1.1, ""distance_km"": 1.0, ""empty_km"": 0.85, ""fuel_inr"": 0.01, ""risk"": 12.0, ""time_min"": 0.35, ""toll_inr"": 0.01}",CST_48011250D4FB,SCN_BASELINE,g1,False,1600,validation,20260903,v0.1,hash_bucket
INS_8AFB18B906A9,ecd327930db6fdb3,CIRCULAR_VRP,medium,LOC_08710C80560B,Moga,PB,16,4,TRK_017DA12B162E|TRK_A997FC00E0CF|TRK_8C037A0ADC54|TRK_EEB1DE456EE4,31250.0,126170.0,81170.0,True,True,False,True,"{""circular_bonus"": -1.1, ""distance_km"": 1.0, ""empty_km"": 0.85, ""fuel_inr"": 0.01, ""risk"": 12.0, ""time_min"": 0.35, ""toll_inr"": 0.01}",CST_48011250D4FB,SCN_BASELINE,g1,False,289,test,20260903,v0.1,hash_bucket
INS_6A7A374AB53D,86eb6fcf9c550ab2,CIRCULAR_VRP,medium,LOC_2E9E391564C2,Sonipat,HR,20,7,TRK_017DA12B162E|TRK_A997FC00E0CF|TRK_8C037A0ADC54|TRK_EEB1DE456EE4|TRK_BCC966E673C0|TRK_B6CE07A71D80|TRK_5564246F7906,30530.0,218040.0,179200.0,True,False,False,True,"{""circular_bonus"": -1.1, ""distance_km"": 1.0, ""empty_km"": 0.85, ""fuel_inr"": 0.01, ""risk"": 12.0, ""time_min"": 0.35, ""toll_inr"": 0.01}",CST_48011250D4FB,SCN_BASELINE,g1,False,441,train,20260903,v0.1,hash_bucket
INS_D595F4BF1E5C,0ea2749e03d159e5,PDP,small,LOC_91BA4A3395D5,Sirsa,HR,11,3,TRK_017DA12B162E|TRK_A997FC00E0CF|TRK_8C037A0ADC54,31430.0,94920.0,56070.0,True,True,True,False,"{""circular_bonus"": -1.1, ""distance_km"": 1.0, ""empty_km"": 0.85, ""fuel_inr"": 0.01, ""risk"": 12.0, ""time_min"": 0.35, ""toll_inr"": 0.01}",CST_48011250D4FB,SCN_BASELINE,g1,False,144,train,20260903,v0.1,hash_bucket
INS_FAD42755D97B,6118a7bf59ec2962,CVRP,small,LOC_CF065FE8EBAB,Gautam Buddha Nagar,UP,12,9,TRK_017DA12B162E|TRK_A997FC00E0CF|TRK_8C037A0ADC54|TRK_EEB1DE456EE4|TRK_BCC966E673C0|TRK_B6CE07A71D80|TRK_5564246F7906|TRK_5136065E98CA|TRK_E260AFDFB21B,29400.0,277210.0,245470.0,True,False,False,False,"{""circular_bonus"": -1.1, ""distance_km"": 1.0, ""empty_km"": 0.85, ""fuel_inr"": 0.01, ""risk"": 12.0, ""time_min"": 0.35, ""toll_inr"": 0.01}",CST_48011250D4FB,SCN_BASELINE,g1,False,169,test,20260903,v0.1,hash_bucket
INS_8C13C3472D21,fcff8f18c4ebab27,CVRP,medium,LOC_2011BC2FE7BD,Fazilka,PB,29,8,TRK_017DA12B162E|TRK_A997FC00E0CF|TRK_8C037A0ADC54|TRK_EEB1DE456EE4|TRK_BCC966E673C0|TRK_B6CE07A71D80|TRK_5564246F7906|TRK_5136065E98CA,29770.0,247810.0,211090.0,True,False,False,False,"{""circular_bonus"": -1.1, ""distance_km"": 1.0, ""empty_km"": 0.85, ""fuel_inr"": 0.01, ""risk"": 12.0, ""time_min"": 0.35, ""toll_inr"": 0.01}",CST_48011250D4FB,SCN_BASELINE,g1,False,900,train,20260903,v0.1,hash_bucket
INS_9884B0F5DF05,e2fb1721509302ac,CIRCULAR_VRP,small,LOC_0F3D188854D6,Amroha,UP,10,3,TRK_017DA12B162E|TRK_A997FC00E0CF|TRK_8C037A0ADC54,31430.0,94920.0,58070.0,True,True,False,True,"{""circular_bonus"": -1.1, ""distance_km"": 1.0, ""empty_km"": 0.85, ""fuel_inr"": 0.01, ""risk"": 12.0, ""time_min"": 0.35, ""toll_inr"": 0.01}",CST_48011250D4FB,SCN_BASELINE,g1,False,121,train,20260903,v0.1,hash_bucket
INS_E14CC77510FD,b2883ed31543d293,VRPTW,medium,LOC_58DEC063659A,Gorakhpur,UP,29,7,TRK_017DA12B162E|TRK_A997FC00E0CF|TRK_8C037A0ADC54|TRK_EEB1DE456EE4|TRK_BCC966E673C0|TRK_B6CE07A71D80|TRK_5564246F7906,30530.0,218040.0,186530.0,True,True,False,False,"{""circular_bonus"": -1.1, ""distance_km"": 1.0, ""empty_km"": 0.85, ""fuel_inr"": 0.01, ""risk"": 12.0, ""time_min"": 0.35, ""toll_inr"": 0.01}",CST_48011250D4FB,SCN_BASELINE,g1,False,900,train,20260903,v0.1,hash_bucket
INS_3B4CEB6F8801,f3ad35fd20efe9e5,PDP,small,LOC_45C74FBD7B6F,Mansa,PB,11,3,TRK_017DA12B162E|TRK_A997FC00E0CF|TRK_8C037A0ADC54,31430.0,94920.0,46950.0,True,True,True,True,"{""circular_bonus"": -1.1, ""distance_km"": 1.0, ""empty_km"": 0.85, ""fuel_inr"": 0.01, ""risk"": 12.0, ""time_min"": 0.35, ""toll_inr"": 0.01}",CST_48011250D4FB,SCN_BASELINE,g1,False,144,validation,20260903,v0.1,hash_bucket
INS_89A7EA82BB12,00b074ccc3dcebc9,PDP,small,LOC_8E24E29DF84B,Hisar,HR,9,4,TRK_017DA12B162E|TRK_A997FC00E0CF|TRK_8C037A0ADC54|TRK_EEB1DE456EE4,31250.0,126170.0,78130.0,True,True,True,True,"{""circular_bonus"": -1.1, ""distance_km"": 1.0, ""empty_km"": 0.85, ""fuel_inr"": 0.01, ""risk"": 12.0, ""time_min"": 0.35, ""toll_inr"": 0.01}",CST_48011250D4FB,SCN_BASELINE,g1,False,100,train,20260903,v0.1,hash_bucket
INS_3876521B570C,5a9df9e5c126aa0e,PDP,small,LOC_190E748F376B,Barabanki,UP,8,4,TRK_017DA12B162E|TRK_A997FC00E0CF|TRK_8C037A0ADC54|TRK_EEB1DE456EE4,31250.0,126170.0,70290.0,True,False,True,False,"{""circular_bonus"": -1.1, ""distance_km"": 1.0, ""empty_km"": 0.85, ""fuel_inr"": 0.01, ""risk"": 12.0, ""time_min"": 0.35, ""toll_inr"": 0.01}",CST_48011250D4FB,SCN_BASELINE,g1,False,81,train,20260903,v0.1,hash_bucket
INS_4C29E59BF6C0,df4556a492f9e04e,CIRCULAR_VRP,small,LOC_8E5593D8E476,Rupnagar,PB,11,6,TRK_017DA12B162E|TRK_A997FC00E0CF|TRK_8C037A0ADC54|TRK_EEB1DE456EE4|TRK_BCC966E673C0|TRK_B6CE07A71D80,30590.0,187510.0,145975.0,True,True,False,True,"{""circular_bonus"": -1.1, ""distance_km"": 1.0, ""empty_km"": 0.85, ""fuel_inr"": 0.01, ""risk"": 12.0, ""time_min"": 0.35, ""toll_inr"": 0.01}",CST_48011250D4FB,SCN_BASELINE,g1,False,144,test,20260903,v0.1,hash_bucket
INS_A61F5D2A6EB4,21c12058532c7d28,CIRCULAR_VRP,small,LOC_AB3DB4CE53FF,Gurdaspur,PB,14,4,TRK_017DA12B162E|TRK_A997FC00E0CF|TRK_8C037A0ADC54|TRK_EEB1DE456EE4,31250.0,126170.0,93090.0,True,True,False,True,"{""circular_bonus"": -1.1, ""distance_km"": 1.0, ""empty_km"": 0.85, ""fuel_inr"": 0.01, ""risk"": 12.0, ""time_min"": 0.35, ""toll_inr"": 0.01}",CST_48011250D4FB,SCN_BASELINE,g1,False,225,validation,20260903,v0.1,hash_bucket
INS_DC15E0443456,d8be67c6c3f7827d,CVRP,medium,LOC_6C7E235EC96D,Nawanshahr,PB,28,15,TRK_017DA12B162E|TRK_A997FC00E0CF|TRK_8C037A0ADC54|TRK_EEB1DE456EE4|TRK_BCC966E673C0|TRK_B6CE07A71D80|TRK_5564246F7906|TRK_5136065E98CA|TRK_E260AFDFB21B|TRK_E9C76BCDE1E1|TRK_FB045E9F7F61|TRK_B7FB75BB3E0A|TRK_4A05F6B9B509|TRK_1C8C798F44C5|TRK_8DC7FD5FF93A,27710.0,448170.0,397090.0,True,False,False,False,"{""circular_bonus"": -1.1, ""distance_km"": 1.0, ""empty_km"": 0.85, ""fuel_inr"": 0.01, ""risk"": 12.0, ""time_min"": 0.35, ""toll_inr"": 0.01}",CST_48011250D4FB,SCN_BASELINE,g1,False,841,train,20260903,v0.1,hash_bucket
INS_DD4DF1D93B04,3c662589d0ccad01,CVRP,medium,LOC_BC48412E6B15,Sambhal,UP,21,6,TRK_017DA12B162E|TRK_A997FC00E0CF|TRK_8C037A0ADC54|TRK_EEB1DE456EE4|TRK_BCC966E673C0|TRK_B6CE07A71D80,30590.0,187510.0,138140.0,True,False,False,False,"{""circular_bonus"": -1.1, ""distance_km"": 1.0, ""empty_km"": 0.85, ""fuel_inr"": 0.01, ""risk"": 12.0, ""time_min"": 0.35, ""toll_inr"": 0.01}",CST_48011250D4FB,SCN_BASELINE,g1,False,484,train,20260903,v0.1,hash_bucket
INS_3CBCA682FD86,1ebdc15db6914f64,PDP,large,LOC_4E618897659A,Hathras,UP,37,12,TRK_017DA12B162E|TRK_A997FC00E0CF|TRK_8C037A0ADC54|TRK_EEB1DE456EE4|TRK_BCC966E673C0|TRK_B6CE07A71D80|TRK_5564246F7906|TRK_5136065E98CA|TRK_E260AFDFB21B|TRK_E9C76BCDE1E1|TRK_FB045E9F7F61|TRK_B7FB75BB3E0A,28840.0,363890.0,315830.0,True,True,True,False,"{""circular_bonus"": -1.1, ""distance_km"": 1.0, ""empty_km"": 0.85, ""fuel_inr"": 0.01, ""risk"": 12.0, ""time_min"": 0.35, ""toll_inr"": 0.01}",CST_48011250D4FB,SCN_BASELINE,g1,False,1444,test,20260903,v0.1,hash_bucket
INS_CBA557A928CC,532561f9ee3d3b3d,CVRP,medium,LOC_11A4C40B0A4F,Yamunanagar,HR,30,8,TRK_017DA12B162E|TRK_A997FC00E0CF|TRK_8C037A0ADC54|TRK_EEB1DE456EE4|TRK_BCC966E673C0|TRK_B6CE07A71D80|TRK_5564246F7906|TRK_5136065E98CA,29770.0,247810.0,203440.0,True,False,False,False,"{""circular_bonus"": -1.1, ""distance_km"": 1.0, ""empty_km"": 0.85, ""fuel_inr"": 0.01, ""risk"": 12.0, ""time_min"": 0.35, ""toll_inr"": 0.01}",CST_48011250D4FB,SCN_BASELINE,g1,False,961,test,20260903,v0.1,hash_bucket
INS_DCE36EAE7357,ca56f585119e3c61,VRPTW,small,LOC_C58F1767A842,Barnala,PB,10,5,TRK_017DA12B162E|TRK_A997FC00E0CF|TRK_8C037A0ADC54|TRK_EEB1DE456EE4|TRK_BCC966E673C0,30750.0,156920.0,99270.0,True,True,False,False,"{""circular_bonus"": -1.1, ""distance_km"": 1.0, ""empty_km"": 0.85, ""fuel_inr"": 0.01, ""risk"": 12.0, ""time_min"": 0.35, ""toll_inr"": 0.01}",CST_48011250D4FB,SCN_BASELINE,g1,False,121,validation,20260903,v0.1,hash_bucket
INS_4CC589875F14,d5d6be9a785b05c0,PDP,small,LOC_6042150B38E7,Rohtak,HR,8,6,TRK_017DA12B162E|TRK_A997FC00E0CF|TRK_8C037A0ADC54|TRK_EEB1DE456EE4|TRK_BCC966E673C0|TRK_B6CE07A71D80,30590.0,187510.0,154140.0,True,False,True,False,"{""circular_bonus"": -1.1, ""distance_km"": 1.0, ""empty_km"": 0.85, ""fuel_inr"": 0.01, ""risk"": 12.0, ""time_min"": 0.35, ""toll_inr"": 0.01}",CST_48011250D4FB,SCN_BASELINE,g1,False,81,test,20260903,v0.1,hash_bucket
INS_C0F289C39D45,c7e52d9d8b3f34a9,VRPTW,medium,LOC_6C7E235EC96D,Nawanshahr,PB,30,12,TRK_017DA12B162E|TRK_A997FC00E0CF|TRK_8C037A0ADC54|TRK_EEB1DE456EE4|TRK_BCC966E673C0|TRK_B6CE07A71D80|TRK_5564246F7906|TRK_5136065E98CA|TRK_E260AFDFB21B|TRK_E9C76BCDE1E1|TRK_FB045E9F7F61|TRK_B7FB75BB3E0A,28840.0,363890.0,320400.0,True,True,False,False,"{""circular_bonus"": -1.1, ""distance_km"": 1.0, ""empty_km"": 0.85, ""fuel_inr"": 0.01, ""risk"": 12.0, ""time_min"": 0.35, ""toll_inr"": 0.01}",CST_48011250D4FB,SCN_BASELINE,g1,False,961,train,20260903,v0.1,hash_bucket
INS_AEEAF1DEB90A,5c5a4ce42c9c420f,VRPTW,medium,LOC_B0D713DFA81B,Ferozepur,PB,21,6,TRK_017DA12B162E|TRK_A997FC00E0CF|TRK_8C037A0ADC54|TRK_EEB1DE456EE4|TRK_BCC966E673C0|TRK_B6CE07A71D80,30590.0,187510.0,137630.0,True,True,False,False,"{""circular_bonus"": -1.1, ""distance_km"": 1.0, ""empty_km"": 0.85, ""fuel_inr"": 0.01, ""risk"": 12.0, ""time_min"": 0.35, ""toll_inr"": 0.01}",CST_48011250D4FB,SCN_BASELINE,g1,False,484,train,20260903,v0.1,hash_bucket
INS_DEFB48DFC769,d15d77f612791f11,CIRCULAR_VRP,medium,LOC_2011BC2FE7BD,Fazilka,PB,20,8,TRK_017DA12B162E|TRK_A997FC00E0CF|TRK_8C037A0ADC54|TRK_EEB1DE456EE4|TRK_BCC966E673C0|TRK_B6CE07A71D80|TRK_5564246F7906|TRK_5136065E98CA,29770.0,247810.0,193280.0,True,True,False,True,"{""circular_bonus"": -1.1, ""distance_km"": 1.0, ""empty_km"": 0.85, ""fuel_inr"": 0.01, ""risk"": 12.0, ""time_min"": 0.35, ""toll_inr"": 0.01}",CST_48011250D4FB,SCN_BASELINE,g1,False,441,test,20260903,v0.1,hash_bucket
INS_A7C33ABFF55D,1b171bb9c610f8ea,CIRCULAR_VRP,medium,LOC_1FB47BF8FFEB,Bulandshahr,UP,17,9,TRK_FC4EFBC1E225|TRK_4927520C533F|TRK_D5A8DC42C947|TRK_49EE98E2F33C|TRK_15A4E86B7E18|TRK_F8096EB4BC10|TRK_06A40E83B39B|TRK_C73CD385496C|TRK_899C46DBA1D5,3880.0,85060.0,76970.0,True,False,False,True,"{""circular_bonus"": -1.1, ""distance_km"": 1.0, ""empty_km"": 0.85, ""fuel_inr"": 0.01, ""risk"": 12.0, ""time_min"": 0.35, ""toll_inr"": 0.01}",CST_48011250D4FB,SCN_BASELINE,g1,False,324,test,20260903,v0.1,holdout_district
INS_01F76441950A,447ad622b7e5311d,CIRCULAR_VRP,medium,LOC_8E24E29DF84B,Hisar,HR,16,7,TRK_017DA12B162E|TRK_A997FC00E0CF|TRK_8C037A0ADC54|TRK_EEB1DE456EE4|TRK_BCC966E673C0|TRK_B6CE07A71D80|TRK_5564246F7906,30530.0,218040.0,175780.0,True,False,False,True,"{""circular_bonus"": -1.1, ""distance_km"": 1.0, ""empty_km"": 0.85, ""fuel_inr"": 0.01, ""risk"": 12.0, ""time_min"": 0.35, ""toll_inr"": 0.01}",CST_48011250D4FB,SCN_BASELINE,g1,False,289,test,20260903,v0.1,hash_bucket
INS_CB7C7EA43275,1f07387391539a10,CIRCULAR_VRP,medium,LOC_B6370F731EEC,Lucknow,UP,27,19,TRK_017DA12B162E|TRK_A997FC00E0CF|TRK_8C037A0ADC54|TRK_EEB1DE456EE4|TRK_BCC966E673C0|TRK_B6CE07A71D80|TRK_5564246F7906|TRK_5136065E98CA|TRK_E260AFDFB21B|TRK_E9C76BCDE1E1|TRK_FB045E9F7F61|TRK_B7FB75BB3E0A|TRK_4A05F6B9B509|TRK_1C8C798F44C5|TRK_8DC7FD5FF93A|TRK_7A91F5198B53|TRK_BEE1B756CA92|TRK_0331FB7CD37E|TRK_EEA8DB00B33D,26280.0,555400.0,503790.0,True,True,False,True,"{""circular_bonus"": -1.1, ""distance_km"": 1.0, ""empty_km"": 0.85, ""fuel_inr"": 0.01, ""risk"": 12.0, ""time_min"": 0.35, ""toll_inr"": 0.01}",CST_48011250D4FB,SCN_BASELINE,g1,False,784,train,20260903,v0.1,hash_bucket
INS_648BFF2C59A4,1c6c4beed26d5873,PDP,large,LOC_EBC017604691,Mathura,UP,34,12,TRK_017DA12B162E|TRK_A997FC00E0CF|TRK_8C037A0ADC54|TRK_EEB1DE456EE4|TRK_BCC966E673C0|TRK_B6CE07A71D80|TRK_5564246F7906|TRK_5136065E98CA|TRK_E260AFDFB21B|TRK_E9C76BCDE1E1|TRK_FB045E9F7F61|TRK_B7FB75BB3E0A,28840.0,363890.0,321550.0,True,False,True,False,"{""circular_bonus"": -1.1, ""distance_km"": 1.0, ""empty_km"": 0.85, ""fuel_inr"": 0.01, ""risk"": 12.0, ""time_min"": 0.35, ""toll_inr"": 0.01}",CST_48011250D4FB,SCN_BASELINE,g1,False,1225,train,20260903,v0.1,hash_bucket
INS_A926E6CF8BC0,6b9660cdd4c79fea,CIRCULAR_VRP,large,LOC_8F3BDE96C1C3,Rampur,UP,53,14,TRK_017DA12B162E|TRK_A997FC00E0CF|TRK_8C037A0ADC54|TRK_EEB1DE456EE4|TRK_BCC966E673C0|TRK_B6CE07A71D80|TRK_5564246F7906|TRK_5136065E98CA|TRK_E260AFDFB21B|TRK_E9C76BCDE1E1|TRK_FB045E9F7F61|TRK_B7FB75BB3E0A|TRK_4A05F6B9B509|TRK_1C8C798F44C5,27990.0,420460.0,369930.0,True,True,False,True,"{""circular_bonus"": -1.1, ""distance_km"": 1.0, ""empty_km"": 0.85, ""fuel_inr"": 0.01, ""risk"": 12.0, ""time_min"": 0.35, ""toll_inr"": 0.01}",CST_48011250D4FB,SCN_BASELINE,g1,False,2916,train,20260903,v0.1,hash_bucket
INS_9DD7A2A00CFD,557d0ee6ec39b518,CIRCULAR_VRP,large,LOC_36B5B5F31C8D,Varanasi,UP,60,25,TRK_017DA12B162E|TRK_A997FC00E0CF|TRK_8C037A0ADC54|TRK_EEB1DE456EE4|TRK_BCC966E673C0|TRK_B6CE07A71D80|TRK_5564246F7906|TRK_5136065E98CA|TRK_E260AFDFB21B|TRK_E9C76BCDE1E1|TRK_FB045E9F7F61|TRK_B7FB75BB3E0A|TRK_4A05F6B9B509|TRK_1C8C798F44C5|TRK_8DC7FD5FF93A|TRK_7A91F5198B53|TRK_BEE1B756CA92|TRK_0331FB7CD37E|TRK_EEA8DB00B33D|TRK_3A519CFB8F0F|TRK_8C842CC0A407|TRK_1A09343A6FAC|TRK_3F175C42FEAA|TRK_2EC9632BD23F|TRK_EA0BF86B0239,24700.0,708400.0,769060.0,False,False,False,True,"{""circular_bonus"": -1.1, ""distance_km"": 1.0, ""empty_km"": 0.85, ""fuel_inr"": 0.01, ""risk"": 12.0, ""time_min"": 0.35, ""toll_inr"": 0.01}",CST_48011250D4FB,SCN_BASELINE,g1,False,3721,train,20260903,v0.1,hash_bucket
INS_1E36962D32C1,16e83d100a1ec1ff,VRPTW,medium,LOC_B0D713DFA81B,Ferozepur,PB,18,7,TRK_017DA12B162E|TRK_A997FC00E0CF|TRK_8C037A0ADC54|TRK_EEB1DE456EE4|TRK_BCC966E673C0|TRK_B6CE07A71D80|TRK_5564246F7906,30530.0,218040.0,185130.0,True,True,False,False,"{""circular_bonus"": -1.1, ""distance_km"": 1.0, ""empty_km"": 0.85, ""fuel_inr"": 0.01, ""risk"": 12.0, ""time_min"": 0.35, ""toll_inr"": 0.01}",CST_48011250D4FB,SCN_BASELINE,g1,False,361,train,20260903,v0.1,hash_bucket
INS_041C59598EFA,febb39ff443b045c,PDP,medium,LOC_63A998834201,North East Delhi,DL,11,8,TRK_017DA12B162E|TRK_A997FC00E0CF|TRK_8C037A0ADC54|TRK_EEB1DE456EE4|TRK_BCC966E673C0|TRK_B6CE07A71D80|TRK_5564246F7906|TRK_5136065E98CA,29770.0,247810.0,190980.0,True,True,True,False,"{""circular_bonus"": -1.1, ""distance_km"": 1.0, ""empty_km"": 0.85, ""fuel_inr"": 0.01, ""risk"": 12.0, ""time_min"": 0.35, ""toll_inr"": 0.01}",CST_48011250D4FB,SCN_BASELINE,g1,False,144,validation,20260903,v0.1,hash_bucket
INS_9455B1A9CC42,7607e77f47a59547,CIRCULAR_VRP,medium,LOC_27273A6A3299,Shamli,UP,29,12,TRK_017DA12B162E|TRK_A997FC00E0CF|TRK_8C037A0ADC54|TRK_EEB1DE456EE4|TRK_BCC966E673C0|TRK_B6CE07A71D80|TRK_5564246F7906|TRK_5136065E98CA|TRK_E260AFDFB21B|TRK_E9C76BCDE1E1|TRK_FB045E9F7F61|TRK_B7FB75BB3E0A,28840.0,363890.0,311510.0,True,True,False,True,"{""circular_bonus"": -1.1, ""distance_km"": 1.0, ""empty_km"": 0.85, ""fuel_inr"": 0.01, ""risk"": 12.0, ""time_min"": 0.35, ""toll_inr"": 0.01}",CST_48011250D4FB,SCN_BASELINE,g1,False,900,train,20260903,v0.1,hash_bucket
INS_3FC7F30B64F8,8e9b6e7f16de8ccd,CVRP,small,LOC_B56ABDBA32E2,Aligarh,UP,14,7,TRK_017DA12B162E|TRK_A997FC00E0CF|TRK_8C037A0ADC54|TRK_EEB1DE456EE4|TRK_BCC966E673C0|TRK_B6CE07A71D80|TRK_5564246F7906,30530.0,218040.0,162630.0,True,False,False,False,"{""circular_bonus"": -1.1, ""distance_km"": 1.0, ""empty_km"": 0.85, ""fuel_inr"": 0.01, ""risk"": 12.0, ""time_min"": 0.35, ""toll_inr"": 0.01}",CST_48011250D4FB,SCN_BASELINE,g1,False,225,train,20260903,v0.1,hash_bucket
INS_4D7644897F4A,e2cb34b91b90a427,CIRCULAR_VRP,small,LOC_BACB2642B5AD,Kurukshetra,HR,9,3,TRK_017DA12B162E|TRK_A997FC00E0CF|TRK_8C037A0ADC54,31430.0,94920.0,49300.0,True,False,False,True,"{""circular_bonus"": -1.1, ""distance_km"": 1.0, ""empty_km"": 0.85, ""fuel_inr"": 0.01, ""risk"": 12.0, ""time_min"": 0.35, ""toll_inr"": 0.01}",CST_48011250D4FB,SCN_BASELINE,g1,False,100,train,20260903,v0.1,hash_bucket
INS_E0B876FF107E,be9115270079fdaa,VRPTW,medium,LOC_60C46A471111,Pilibhit,UP,19,10,TRK_017DA12B162E|TRK_A997FC00E0CF|TRK_8C037A0ADC54|TRK_EEB1DE456EE4|TRK_BCC966E673C0|TRK_B6CE07A71D80|TRK_5564246F7906|TRK_5136065E98CA|TRK_E260AFDFB21B|TRK_E9C76BCDE1E1,28950.0,306160.0,252410.0,True,True,False,False,"{""circular_bonus"": -1.1, ""distance_km"": 1.0, ""empty_km"": 0.85, ""fuel_inr"": 0.01, ""risk"": 12.0, ""time_min"": 0.35, ""toll_inr"": 0.01}",CST_48011250D4FB,SCN_BASELINE,g1,False,400,validation,20260903,v0.1,hash_bucket
INS_EB86527DB375,8b54c6d63af2d7e7,PDP,medium,LOC_BC48412E6B15,Sambhal,UP,29,9,TRK_017DA12B162E|TRK_A997FC00E0CF|TRK_8C037A0ADC54|TRK_EEB1DE456EE4|TRK_BCC966E673C0|TRK_B6CE07A71D80|TRK_5564246F7906|TRK_5136065E98CA|TRK_E260AFDFB21B,29400.0,277210.0,247110.0,True,True,True,False,"{""circular_bonus"": -1.1, ""distance_km"": 1.0, ""empty_km"": 0.85, ""fuel_inr"": 0.01, ""risk"": 12.0, ""time_min"": 0.35, ""toll_inr"": 0.01}",CST_48011250D4FB,SCN_BASELINE,g1,False,900,train,20260903,v0.1,hash_bucket
INS_44F6F124059E,9ccfb612dd6c9d1e,CVRP,small,LOC_6C7E235EC96D,Nawanshahr,PB,11,5,TRK_017DA12B162E|TRK_A997FC00E0CF|TRK_8C037A0ADC54|TRK_EEB1DE456EE4|TRK_BCC966E673C0,30750.0,156920.0,110510.0,True,False,False,False,"{""circular_bonus"": -1.1, ""distance_km"": 1.0, ""empty_km"": 0.85, ""fuel_inr"": 0.01, ""risk"": 12.0, ""time_min"": 0.35, ""toll_inr"": 0.01}",CST_48011250D4FB,SCN_BASELINE,g1,False,144,train,20260903,v0.1,hash_bucket
INS_A6C5E2CAE53A,295f43b257db2310,CIRCULAR_VRP,medium,LOC_36B5B5F31C8D,Varanasi,UP,19,6,TRK_017DA12B162E|TRK_A997FC00E0CF|TRK_8C037A0ADC54|TRK_EEB1DE456EE4|TRK_BCC966E673C0|TRK_B6CE07A71D80,30590.0,187510.0,154140.0,True,True,False,True,"{""circular_bonus"": -1.1, ""distance_km"": 1.0, ""empty_km"": 0.85, ""fuel_inr"": 0.01, ""risk"": 12.0, ""time_min"": 0.35, ""toll_inr"": 0.01}",CST_48011250D4FB,SCN_BASELINE,g1,False,400,train,20260903,v0.1,hash_bucket
INS_B83944D5F6CF,6c3efdeec53d9542,VRPTW,medium,LOC_6042150B38E7,Rohtak,HR,24,11,TRK_017DA12B162E|TRK_A997FC00E0CF|TRK_8C037A0ADC54|TRK_EEB1DE456EE4|TRK_BCC966E673C0|TRK_B6CE07A71D80|TRK_5564246F7906|TRK_5136065E98CA|TRK_E260AFDFB21B|TRK_E9C76BCDE1E1|TRK_FB045E9F7F61,28890.0,335050.0,301310.0,True,True,False,False,"{""circular_bonus"": -1.1, ""distance_km"": 1.0, ""empty_km"": 0.85, ""fuel_inr"": 0.01, ""risk"": 12.0, ""time_min"": 0.35, ""toll_inr"": 0.01}",CST_48011250D4FB,SCN_BASELINE,g1,False,625,train,20260903,v0.1,hash_bucket
INS_5619DEE2FF53,b98b4e6d1ecdd73a,PDP,medium,LOC_2011BC2FE7BD,Fazilka,PB,15,4,TRK_017DA12B162E|TRK_A997FC00E0CF|TRK_8C037A0ADC54|TRK_EEB1DE456EE4,31250.0,126170.0,86120.0,True,False,True,True,"{""circular_bonus"": -1.1, ""distance_km"": 1.0, ""empty_km"": 0.85, ""fuel_inr"": 0.01, ""risk"": 12.0, ""time_min"": 0.35, ""toll_inr"": 0.01}",CST_48011250D4FB,SCN_BASELINE,g1,False,256,train,20260903,v0.1,hash_bucket
INS_87FA5D7EA9F7,b8a208136f68043e,PDP,small,LOC_B6370F731EEC,Lucknow,UP,12,8,TRK_017DA12B162E|TRK_A997FC00E0CF|TRK_8C037A0ADC54|TRK_EEB1DE456EE4|TRK_BCC966E673C0|TRK_B6CE07A71D80|TRK_5564246F7906|TRK_5136065E98CA,29770.0,247810.0,189190.0,True,False,True,False,"{""circular_bonus"": -1.1, ""distance_km"": 1.0, ""empty_km"": 0.85, ""fuel_inr"": 0.01, ""risk"": 12.0, ""time_min"": 0.35, ""toll_inr"": 0.01}",CST_48011250D4FB,SCN_BASELINE,g1,False,169,test,20260903,v0.1,hash_bucket
INS_FE3665AAD401,bd96c25b356e1aa3,CVRP,small,LOC_C6AB43142BDB,Faridkot,PB,9,3,TRK_017DA12B162E|TRK_A997FC00E0CF|TRK_8C037A0ADC54,31430.0,94920.0,59340.0,True,False,False,False,"{""circular_bonus"": -1.1, ""distance_km"": 1.0, ""empty_km"": 0.85, ""fuel_inr"": 0.01, ""risk"": 12.0, ""time_min"": 0.35, ""toll_inr"": 0.01}",CST_48011250D4FB,SCN_BASELINE,g1,False,100,train,20260903,v0.1,hash_bucket
INS_7EB87429DEDA,efb687ca3f0ad38f,CIRCULAR_VRP,medium,LOC_AC684A297AD1,Bareilly,UP,21,8,TRK_017DA12B162E|TRK_A997FC00E0CF|TRK_8C037A0ADC54|TRK_EEB1DE456EE4|TRK_BCC966E673C0|TRK_B6CE07A71D80|TRK_5564246F7906|TRK_5136065E98CA,29770.0,247810.0,206970.0,True,True,False,True,"{""circular_bonus"": -1.1, ""distance_km"": 1.0, ""empty_km"": 0.85, ""fuel_inr"": 0.01, ""risk"": 12.0, ""time_min"": 0.35, ""toll_inr"": 0.01}",CST_48011250D4FB,SCN_BASELINE,g1,False,484,test,20260903,v0.1,hash_bucket
INS_81E100F67B9F,a2989a96e83dfc67,CIRCULAR_VRP,medium,LOC_443EF0FB4E8C,Etawah,UP,25,5,TRK_017DA12B162E|TRK_A997FC00E0CF|TRK_8C037A0ADC54|TRK_EEB1DE456EE4|TRK_BCC966E673C0,30750.0,156920.0,108570.0,True,False,False,True,"{""circular_bonus"": -1.1, ""distance_km"": 1.0, ""empty_km"": 0.85, ""fuel_inr"": 0.01, ""risk"": 12.0, ""time_min"": 0.35, ""toll_inr"": 0.01}",CST_48011250D4FB,SCN_BASELINE,g1,False,676,train,20260903,v0.1,hash_bucket
INS_86FA381C2CCC,a47e58af5c91165c,PDP,medium,LOC_2B9C182E1BB7,Panchkula,HR,19,9,TRK_017DA12B162E|TRK_A997FC00E0CF|TRK_8C037A0ADC54|TRK_EEB1DE456EE4|TRK_BCC966E673C0|TRK_B6CE07A71D80|TRK_5564246F7906|TRK_5136065E98CA|TRK_E260AFDFB21B,29400.0,277210.0,245925.0,True,False,True,True,"{""circular_bonus"": -1.1, ""distance_km"": 1.0, ""empty_km"": 0.85, ""fuel_inr"": 0.01, ""risk"": 12.0, ""time_min"": 0.35, ""toll_inr"": 0.01}",CST_48011250D4FB,SCN_BASELINE,g1,False,400,train,20260903,v0.1,hash_bucket
INS_E013D34371BA,f52cf8829267f76a,VRPTW,small,LOC_ED9C60D04FC0,SAS Nagar,PB,10,6,TRK_017DA12B162E|TRK_A997FC00E0CF|TRK_8C037A0ADC54|TRK_EEB1DE456EE4|TRK_BCC966E673C0|TRK_B6CE07A71D80,30590.0,187510.0,145470.0,True,True,False,False,"{""circular_bonus"": -1.1, ""distance_km"": 1.0, ""empty_km"": 0.85, ""fuel_inr"": 0.01, ""risk"": 12.0, ""time_min"": 0.35, ""toll_inr"": 0.01}",CST_48011250D4FB,SCN_BASELINE,g1,False,121,test,20260903,v0.1,hash_bucket
INS_096C1D7EC6C1,a83e868ff678f3b6,CIRCULAR_VRP,large,LOC_CF065FE8EBAB,Gautam Buddha Nagar,UP,30,23,TRK_017DA12B162E|TRK_A997FC00E0CF|TRK_8C037A0ADC54|TRK_EEB1DE456EE4|TRK_BCC966E673C0|TRK_B6CE07A71D80|TRK_5564246F7906|TRK_5136065E98CA|TRK_E260AFDFB21B|TRK_E9C76BCDE1E1|TRK_FB045E9F7F61|TRK_B7FB75BB3E0A|TRK_4A05F6B9B509|TRK_1C8C798F44C5|TRK_8DC7FD5FF93A|TRK_7A91F5198B53|TRK_BEE1B756CA92|TRK_0331FB7CD37E|TRK_EEA8DB00B33D|TRK_3A519CFB8F0F|TRK_8C842CC0A407|TRK_1A09343A6FAC|TRK_3F175C42FEAA,25290.0,658660.0,629680.0,True,True,False,True,"{""circular_bonus"": -1.1, ""distance_km"": 1.0, ""empty_km"": 0.85, ""fuel_inr"": 0.01, ""risk"": 12.0, ""time_min"": 0.35, ""toll_inr"": 0.01}",CST_48011250D4FB,SCN_BASELINE,g1,False,961,train,20260903,v0.1,hash_bucket
INS_231CCFA28900,c293cbcbd32e548e,PDP,small,LOC_841795218E67,Ghaziabad,UP,12,6,TRK_017DA12B162E|TRK_A997FC00E0CF|TRK_8C037A0ADC54|TRK_EEB1DE456EE4|TRK_BCC966E673C0|TRK_B6CE07A71D80,30590.0,187510.0,137090.0,True,True,True,True,"{""circular_bonus"": -1.1, ""distance_km"": 1.0, ""empty_km"": 0.85, ""fuel_inr"": 0.01, ""risk"": 12.0, ""time_min"": 0.35, ""toll_inr"": 0.01}",CST_48011250D4FB,SCN_BASELINE,g1,False,169,validation,20260903,v0.1,hash_bucket
INS_4AD4233B8B2A,f952bbdda7027a0e,PDP,small,LOC_08E25919DCC7,Kanpur Dehat,UP,13,5,TRK_017DA12B162E|TRK_A997FC00E0CF|TRK_8C037A0ADC54|TRK_EEB1DE456EE4|TRK_BCC966E673C0,30750.0,156920.0,120400.0,True,True,True,False,"{""circular_bonus"": -1.1, ""distance_km"": 1.0, ""empty_km"": 0.85, ""fuel_inr"": 0.01, ""risk"": 12.0, ""time_min"": 0.35, ""toll_inr"": 0.01}",CST_48011250D4FB,SCN_BASELINE,g1,False,196,train,20260903,v0.1,hash_bucket
INS_4D04F06FC215,d71a42128e5f8617,PDP,medium,LOC_FF96333A5510,North West Delhi,DL,23,22,TRK_017DA12B162E|TRK_A997FC00E0CF|TRK_8C037A0ADC54|TRK_EEB1DE456EE4|TRK_BCC966E673C0|TRK_B6CE07A71D80|TRK_5564246F7906|TRK_5136065E98CA|TRK_E260AFDFB21B|TRK_E9C76BCDE1E1|TRK_FB045E9F7F61|TRK_B7FB75BB3E0A|TRK_4A05F6B9B509|TRK_1C8C798F44C5|TRK_8DC7FD5FF93A|TRK_7A91F5198B53|TRK_BEE1B756CA92|TRK_0331FB7CD37E|TRK_EEA8DB00B33D|TRK_3A519CFB8F0F|TRK_8C842CC0A407|TRK_1A09343A6FAC,25770.0,633370.0,589680.0,True,True,True,True,"{""circular_bonus"": -1.1, ""distance_km"": 1.0, ""empty_km"": 0.85, ""fuel_inr"": 0.01, ""risk"": 12.0, ""time_min"": 0.35, ""toll_inr"": 0.01}",CST_48011250D4FB,SCN_BASELINE,g1,False,576,train,20260903,v0.1,hash_bucket
INS_92C6292A72C2,a83c5422c3f8cca6,PDP,medium,LOC_45C74FBD7B6F,Mansa,PB,21,7,TRK_017DA12B162E|TRK_A997FC00E0CF|TRK_8C037A0ADC54|TRK_EEB1DE456EE4|TRK_BCC966E673C0|TRK_B6CE07A71D80|TRK_5564246F7906,30530.0,218040.0,162550.0,True,False,True,True,"{""circular_bonus"": -1.1, ""distance_km"": 1.0, ""empty_km"": 0.85, ""fuel_inr"": 0.01, ""risk"": 12.0, ""time_min"": 0.35, ""toll_inr"": 0.01}",CST_48011250D4FB,SCN_BASELINE,g1,False,484,validation,20260903,v0.1,hash_bucket
INS_FC44186DDF97,78aae032514891d6,CVRP,small,LOC_5242BE7C01CE,Rewari,HR,10,6,TRK_017DA12B162E|TRK_A997FC00E0CF|TRK_8C037A0ADC54|TRK_EEB1DE456EE4|TRK_BCC966E673C0|TRK_B6CE07A71D80,30590.0,187510.0,146560.0,True,False,False,False,"{""circular_bonus"": -1.1, ""distance_km"": 1.0, ""empty_km"": 0.85, ""fuel_inr"": 0.01, ""risk"": 12.0, ""time_min"": 0.35, ""toll_inr"": 0.01}",CST_48011250D4FB,SCN_BASELINE,g1,False,121,train,20260903,v0.1,hash_bucket
INS_2C17BDD553C9,11ecbe58e93b69da,VRPTW,medium,LOC_0D7AAF851D69,Tarn Taran,PB,19,7,TRK_017DA12B162E|TRK_A997FC00E0CF|TRK_8C037A0ADC54|TRK_EEB1DE456EE4|TRK_BCC966E673C0|TRK_B6CE07A71D80|TRK_5564246F7906,30530.0,218040.0,163650.0,True,True,False,False,"{""circular_bonus"": -1.1, ""distance_km"": 1.0, ""empty_km"": 0.85, ""fuel_inr"": 0.01, ""risk"": 12.0, ""time_min"": 0.35, ""toll_inr"": 0.01}",CST_48011250D4FB,SCN_BASELINE,g1,False,400,train,20260903,v0.1,hash_bucket
INS_F4F2EA877687,91eb1a2245f16c10,VRPTW,small,LOC_2B9C182E1BB7,Panchkula,HR,13,7,TRK_017DA12B162E|TRK_A997FC00E0CF|TRK_8C037A0ADC54|TRK_EEB1DE456EE4|TRK_BCC966E673C0|TRK_B6CE07A71D80|TRK_5564246F7906,30530.0,218040.0,174010.0,True,True,False,False,"{""circular_bonus"": -1.1, ""distance_km"": 1.0, ""empty_km"": 0.85, ""fuel_inr"": 0.01, ""risk"": 12.0, ""time_min"": 0.35, ""toll_inr"": 0.01}",CST_48011250D4FB,SCN_BASELINE,g1,False,196,test,20260903,v0.1,hash_bucket
INS_B1EE6D7DE427,7c246212fe9291b8,PDP,small,LOC_D49CDCEB7AF7,Charkhi Dadri,HR,11,6,TRK_017DA12B162E|TRK_A997FC00E0CF|TRK_8C037A0ADC54|TRK_EEB1DE456EE4|TRK_BCC966E673C0|TRK_B6CE07A71D80,30590.0,187510.0,153800.0,True,True,True,False,"{""circular_bonus"": -1.1, ""distance_km"": 1.0, ""empty_km"": 0.85, ""fuel_inr"": 0.01, ""risk"": 12.0, ""time_min"": 0.35, ""toll_inr"": 0.01}",CST_48011250D4FB,SCN_BASELINE,g1,False,144,train,20260903,v0.1,hash_bucket
INS_B2228D3DB289,1fd4c3a46edae6d2,CVRP,small,LOC_DD4D9C55D7BB,Fatehgarh Sahib,PB,13,8,TRK_017DA12B162E|TRK_A997FC00E0CF|TRK_8C037A0ADC54|TRK_EEB1DE456EE4|TRK_BCC966E673C0|TRK_B6CE07A71D80|TRK_5564246F7906|TRK_5136065E98CA,29770.0,247810.0,206080.0,True,False,False,False,"{""circular_bonus"": -1.1, ""distance_km"": 1.0, ""empty_km"": 0.85, ""fuel_inr"": 0.01, ""risk"": 12.0, ""time_min"": 0.35, ""toll_inr"": 0.01}",CST_48011250D4FB,SCN_BASELINE,g1,False,196,test,20260903,v0.1,hash_bucket
INS_86D82B08DBD1,0be4f5a3d0b11e23,VRPTW,medium,LOC_B01B9CC74597,Saharanpur,UP,25,5,TRK_017DA12B162E|TRK_A997FC00E0CF|TRK_8C037A0ADC54|TRK_EEB1DE456EE4|TRK_BCC966E673C0,30750.0,156920.0,125295.0,True,True,False,False,"{""circular_bonus"": -1.1, ""distance_km"": 1.0, ""empty_km"": 0.85, ""fuel_inr"": 0.01, ""risk"": 12.0, ""time_min"": 0.35, ""toll_inr"": 0.01}",CST_48011250D4FB,SCN_BASELINE,g1,False,676,test,20260903,v0.1,hash_bucket
INS_EFBA07799717,009f7c28d1bde571,VRPTW,small,LOC_E9EE964E8CFE,South Delhi,DL,8,9,TRK_017DA12B162E|TRK_A997FC00E0CF|TRK_8C037A0ADC54|TRK_EEB1DE456EE4|TRK_BCC966E673C0|TRK_B6CE07A71D80|TRK_5564246F7906|TRK_5136065E98CA|TRK_E260AFDFB21B,29400.0,277210.0,240000.0,True,True,False,False,"{""circular_bonus"": -1.1, ""distance_km"": 1.0, ""empty_km"": 0.85, ""fuel_inr"": 0.01, ""risk"": 12.0, ""time_min"": 0.35, ""toll_inr"": 0.01}",CST_48011250D4FB,SCN_BASELINE,g1,False,81,train,20260903,v0.1,hash_bucket
INS_91CE002940D0,3a920c986e4ad6fc,VRPTW,large,LOC_841795218E67,Ghaziabad,UP,33,15,TRK_017DA12B162E|TRK_A997FC00E0CF|TRK_8C037A0ADC54|TRK_EEB1DE456EE4|TRK_BCC966E673C0|TRK_B6CE07A71D80|TRK_5564246F7906|TRK_5136065E98CA|TRK_E260AFDFB21B|TRK_E9C76BCDE1E1|TRK_FB045E9F7F61|TRK_B7FB75BB3E0A|TRK_4A05F6B9B509|TRK_1C8C798F44C5|TRK_8DC7FD5FF93A,27710.0,448170.0,419735.0,True,True,False,False,"{""circular_bonus"": -1.1, ""distance_km"": 1.0, ""empty_km"": 0.85, ""fuel_inr"": 0.01, ""risk"": 12.0, ""time_min"": 0.35, ""toll_inr"": 0.01}",CST_48011250D4FB,SCN_BASELINE,g1,False,1156,validation,20260903,v0.1,hash_bucket
INS_C40A3B37D21E,684258ae8506fde5,VRPTW,medium,LOC_C6AB43142BDB,Faridkot,PB,23,8,TRK_017DA12B162E|TRK_A997FC00E0CF|TRK_8C037A0ADC54|TRK_EEB1DE456EE4|TRK_BCC966E673C0|TRK_B6CE07A71D80|TRK_5564246F7906|TRK_5136065E98CA,29770.0,247810.0,192060.0,True,True,False,False,"{""circular_bonus"": -1.1, ""distance_km"": 1.0, ""empty_km"": 0.85, ""fuel_inr"": 0.01, ""risk"": 12.0, ""time_min"": 0.35, ""toll_inr"": 0.01}",CST_48011250D4FB,SCN_BASELINE,g1,False,576,validation,20260903,v0.1,hash_bucket
INS_7EDE915367A5,617b24569fc640cb,PDP,small,LOC_F20DB0F2A327,Gurugram,HR,12,7,TRK_017DA12B162E|TRK_A997FC00E0CF|TRK_8C037A0ADC54|TRK_EEB1DE456EE4|TRK_BCC966E673C0|TRK_B6CE07A71D80|TRK_5564246F7906,30530.0,218040.0,162030.0,True,True,True,True,"{""circular_bonus"": -1.1, ""distance_km"": 1.0, ""empty_km"": 0.85, ""fuel_inr"": 0.01, ""risk"": 12.0, ""time_min"": 0.35, ""toll_inr"": 0.01}",CST_48011250D4FB,SCN_BASELINE,g1,False,169,train,20260903,v0.1,hash_bucket
INS_7693FA0B000E,b5b80faed7e59f63,CIRCULAR_VRP,small,LOC_AC684A297AD1,Bareilly,UP,13,7,TRK_017DA12B162E|TRK_A997FC00E0CF|TRK_8C037A0ADC54|TRK_EEB1DE456EE4|TRK_BCC966E673C0|TRK_B6CE07A71D80|TRK_5564246F7906,30530.0,218040.0,168240.0,True,True,False,True,"{""circular_bonus"": -1.1, ""distance_km"": 1.0, ""empty_km"": 0.85, ""fuel_inr"": 0.01, ""risk"": 12.0, ""time_min"": 0.35, ""toll_inr"": 0.01}",CST_48011250D4FB,SCN_BASELINE,g1,False,196,train,20260903,v0.1,hash_bucket
INS_8A20FB45A5E3,913ed03700df4509,PDP,small,LOC_796345940EEC,Budaun,UP,13,7,TRK_017DA12B162E|TRK_A997FC00E0CF|TRK_8C037A0ADC54|TRK_EEB1DE456EE4|TRK_BCC966E673C0|TRK_B6CE07A71D80|TRK_5564246F7906,30530.0,218040.0,160800.0,True,False,True,True,"{""circular_bonus"": -1.1, ""distance_km"": 1.0, ""empty_km"": 0.85, ""fuel_inr"": 0.01, ""risk"": 12.0, ""time_min"": 0.35, ""toll_inr"": 0.01}",CST_48011250D4FB,SCN_BASELINE,g1,False,196,validation,20260903,v0.1,hash_bucket
INS_E6A7A8295B02,6ce8e19b89fd5ff4,VRPTW,small,LOC_FEFD9351973D,Bathinda,PB,10,6,TRK_340016F2B945|TRK_0C5E1B5422FA|TRK_B7BA04A0793B|TRK_3AAFDA8C31B2|TRK_2C29A4F9D289|TRK_7C939A3C75A8,10860.0,89860.0,74000.0,True,True,False,False,"{""circular_bonus"": -1.1, ""distance_km"": 1.0, ""empty_km"": 0.85, ""fuel_inr"": 0.01, ""risk"": 12.0, ""time_min"": 0.35, ""toll_inr"": 0.01}",CST_48011250D4FB,SCN_BASELINE,g1,False,121,test,20260903,v0.1,holdout_district
INS_0ED9AE4C3CB2,dc25121d69969e36,CIRCULAR_VRP,small,LOC_60C46A471111,Pilibhit,UP,11,7,TRK_017DA12B162E|TRK_A997FC00E0CF|TRK_8C037A0ADC54|TRK_EEB1DE456EE4|TRK_BCC966E673C0|TRK_B6CE07A71D80|TRK_5564246F7906,30530.0,218040.0,166580.0,True,True,False,True,"{""circular_bonus"": -1.1, ""distance_km"": 1.0, ""empty_km"": 0.85, ""fuel_inr"": 0.01, ""risk"": 12.0, ""time_min"": 0.35, ""toll_inr"": 0.01}",CST_48011250D4FB,SCN_BASELINE,g1,False,144,train,20260903,v0.1,hash_bucket
INS_9DB1A26D89BC,9c9dab0e1916354c,VRPTW,small,LOC_EBC017604691,Mathura,UP,10,2,TRK_017DA12B162E|TRK_A997FC00E0CF,31510.0,63490.0,27530.0,True,True,False,False,"{""circular_bonus"": -1.1, ""distance_km"": 1.0, ""empty_km"": 0.85, ""fuel_inr"": 0.01, ""risk"": 12.0, ""time_min"": 0.35, ""toll_inr"": 0.01}",CST_48011250D4FB,SCN_BASELINE,g1,False,121,test,20260903,v0.1,hash_bucket
INS_D144DA0F3D9A,f1950b9123227643,PDP,large,LOC_9F3A877025DA,Shahjahanpur,UP,53,11,TRK_017DA12B162E|TRK_A997FC00E0CF|TRK_8C037A0ADC54|TRK_EEB1DE456EE4|TRK_BCC966E673C0|TRK_B6CE07A71D80|TRK_5564246F7906|TRK_5136065E98CA|TRK_E260AFDFB21B|TRK_E9C76BCDE1E1|TRK_FB045E9F7F61,28890.0,335050.0,287880.0,True,True,True,False,"{""circular_bonus"": -1.1, ""distance_km"": 1.0, ""empty_km"": 0.85, ""fuel_inr"": 0.01, ""risk"": 12.0, ""time_min"": 0.35, ""toll_inr"": 0.01}",CST_48011250D4FB,SCN_BASELINE,g1,False,2916,train,20260903,v0.1,hash_bucket
INS_3A6075FA51CE,009f7c28d1bde571,CVRP,medium,LOC_E9EE964E8CFE,South Delhi,DL,8,9,TRK_017DA12B162E|TRK_A997FC00E0CF|TRK_8C037A0ADC54|TRK_EEB1DE456EE4|TRK_BCC966E673C0|TRK_B6CE07A71D80|TRK_5564246F7906|TRK_5136065E98CA|TRK_E260AFDFB21B,29400.0,277210.0,240000.0,True,False,False,False,"{""circular_bonus"": -1.1, ""distance_km"": 1.0, ""empty_km"": 0.85, ""fuel_inr"": 0.01, ""risk"": 12.0, ""time_min"": 0.35, ""toll_inr"": 0.01}",CST_48011250D4FB,SCN_BASELINE,g1,False,81,train,20260903,v0.1,hash_bucket
INS_9B87E5241BE5,99570571d716990c,CIRCULAR_VRP,small,LOC_36B5B5F31C8D,Varanasi,UP,13,7,TRK_017DA12B162E|TRK_A997FC00E0CF|TRK_8C037A0ADC54|TRK_EEB1DE456EE4|TRK_BCC966E673C0|TRK_B6CE07A71D80|TRK_5564246F7906,30530.0,218040.0,178290.0,True,False,False,True,"{""circular_bonus"": -1.1, ""distance_km"": 1.0, ""empty_km"": 0.85, ""fuel_inr"": 0.01, ""risk"": 12.0, ""time_min"": 0.35, ""toll_inr"": 0.01}",CST_48011250D4FB,SCN_BASELINE,g1,False,196,train,20260903,v0.1,hash_bucket
INS_BCBC4EB4E643,273acb200551e435,PDP,medium,LOC_6042150B38E7,Rohtak,HR,30,16,TRK_017DA12B162E|TRK_A997FC00E0CF|TRK_8C037A0ADC54|TRK_EEB1DE456EE4|TRK_BCC966E673C0|TRK_B6CE07A71D80|TRK_5564246F7906|TRK_5136065E98CA|TRK_E260AFDFB21B|TRK_E9C76BCDE1E1|TRK_FB045E9F7F61|TRK_B7FB75BB3E0A|TRK_4A05F6B9B509|TRK_1C8C798F44C5|TRK_8DC7FD5FF93A|TRK_7A91F5198B53,27170.0,475340.0,439450.0,True,True,True,True,"{""circular_bonus"": -1.1, ""distance_km"": 1.0, ""empty_km"": 0.85, ""fuel_inr"": 0.01, ""risk"": 12.0, ""time_min"": 0.35, ""toll_inr"": 0.01}",CST_48011250D4FB,SCN_BASELINE,g1,False,961,train,20260903,v0.1,hash_bucket
INS_0EB83372ECC2,7a8bc8ee341072e6,PDP,medium,LOC_CF209A6CE403,Hapur,UP,21,9,TRK_017DA12B162E|TRK_A997FC00E0CF|TRK_8C037A0ADC54|TRK_EEB1DE456EE4|TRK_BCC966E673C0|TRK_B6CE07A71D80|TRK_5564246F7906|TRK_5136065E98CA|TRK_E260AFDFB21B,29400.0,277210.0,230580.0,True,False,True,True,"{""circular_bonus"": -1.1, ""distance_km"": 1.0, ""empty_km"": 0.85, ""fuel_inr"": 0.01, ""risk"": 12.0, ""time_min"": 0.35, ""toll_inr"": 0.01}",CST_48011250D4FB,SCN_BASELINE,g1,False,484,train,20260903,v0.1,hash_bucket
INS_192EE98D6A61,8b8eec67d7fe0bb4,PDP,small,LOC_FF96333A5510,North West Delhi,DL,12,11,TRK_017DA12B162E|TRK_A997FC00E0CF|TRK_8C037A0ADC54|TRK_EEB1DE456EE4|TRK_BCC966E673C0|TRK_B6CE07A71D80|TRK_5564246F7906|TRK_5136065E98CA|TRK_E260AFDFB21B|TRK_E9C76BCDE1E1|TRK_FB045E9F7F61,28890.0,335050.0,301810.0,True,True,True,False,"{""circular_bonus"": -1.1, ""distance_km"": 1.0, ""empty_km"": 0.85, ""fuel_inr"": 0.01, ""risk"": 12.0, ""time_min"": 0.35, ""toll_inr"": 0.01}",CST_48011250D4FB,SCN_BASELINE,g1,False,169,train,20260903,v0.1,hash_bucket
INS_9BDF9CFAF1C7,8585537452ba865d,PDP,large,LOC_FEFD9351973D,Bathinda,PB,58,19,TRK_017DA12B162E|TRK_A997FC00E0CF|TRK_8C037A0ADC54|TRK_EEB1DE456EE4|TRK_BCC966E673C0|TRK_B6CE07A71D80|TRK_5564246F7906|TRK_5136065E98CA|TRK_E260AFDFB21B|TRK_E9C76BCDE1E1|TRK_FB045E9F7F61|TRK_B7FB75BB3E0A|TRK_4A05F6B9B509|TRK_1C8C798F44C5|TRK_8DC7FD5FF93A|TRK_7A91F5198B53|TRK_BEE1B756CA92|TRK_0331FB7CD37E|TRK_EEA8DB00B33D,26280.0,555400.0,522290.0,True,False,True,True,"{""circular_bonus"": -1.1, ""distance_km"": 1.0, ""empty_km"": 0.85, ""fuel_inr"": 0.01, ""risk"": 12.0, ""time_min"": 0.35, ""toll_inr"": 0.01}",CST_48011250D4FB,SCN_BASELINE,g1,False,3481,test,20260903,v0.1,holdout_district
INS_D29C9AAB86E7,f2041eb254bb8df5,PDP,small,LOC_61BECDCA1350,Central Delhi,DL,4,3,TRK_0331FB7CD37E|TRK_5116501BE0D5|TRK_05D6F43C6DC3,6010.0,45860.0,39620.0,True,False,True,False,"{""circular_bonus"": -1.1, ""distance_km"": 1.0, ""empty_km"": 0.85, ""fuel_inr"": 0.01, ""risk"": 12.0, ""time_min"": 0.35, ""toll_inr"": 0.01}",CST_48011250D4FB,SCN_BASELINE,g1,False,25,validation,20260903,v0.1,hash_bucket
INS_601D624F7398,bb8522d69a9ecf78,CVRP,medium,LOC_DA9770705B86,South West Delhi,DL,17,15,TRK_017DA12B162E|TRK_A997FC00E0CF|TRK_8C037A0ADC54|TRK_EEB1DE456EE4|TRK_BCC966E673C0|TRK_B6CE07A71D80|TRK_5564246F7906|TRK_5136065E98CA|TRK_E260AFDFB21B|TRK_E9C76BCDE1E1|TRK_FB045E9F7F61|TRK_B7FB75BB3E0A|TRK_4A05F6B9B509|TRK_1C8C798F44C5|TRK_8DC7FD5FF93A,27710.0,448170.0,402240.0,True,False,False,False,"{""circular_bonus"": -1.1, ""distance_km"": 1.0, ""empty_km"": 0.85, ""fuel_inr"": 0.01, ""risk"": 12.0, ""time_min"": 0.35, ""toll_inr"": 0.01}",CST_48011250D4FB,SCN_BASELINE,g1,False,324,train,20260903,v0.1,hash_bucket
INS_E3547B2CE4F6,535260d5b0e1a750,CIRCULAR_VRP,small,LOC_63A998834201,North East Delhi,DL,10,7,TRK_017DA12B162E|TRK_A997FC00E0CF|TRK_8C037A0ADC54|TRK_EEB1DE456EE4|TRK_BCC966E673C0|TRK_B6CE07A71D80|TRK_5564246F7906,30530.0,218040.0,164490.0,True,False,False,True,"{""circular_bonus"": -1.1, ""distance_km"": 1.0, ""empty_km"": 0.85, ""fuel_inr"": 0.01, ""risk"": 12.0, ""time_min"": 0.35, ""toll_inr"": 0.01}",CST_48011250D4FB,SCN_BASELINE,g1,False,121,train,20260903,v0.1,hash_bucket
INS_341DDDD76007,e26b47dc729aae90,PDP,medium,LOC_5AA457C919DB,Ludhiana,PB,15,7,TRK_017DA12B162E|TRK_A997FC00E0CF|TRK_8C037A0ADC54|TRK_EEB1DE456EE4|TRK_BCC966E673C0|TRK_B6CE07A71D80|TRK_5564246F7906,30530.0,218040.0,173310.0,True,False,True,True,"{""circular_bonus"": -1.1, ""distance_km"": 1.0, ""empty_km"": 0.85, ""fuel_inr"": 0.01, ""risk"": 12.0, ""time_min"": 0.35, ""toll_inr"": 0.01}",CST_48011250D4FB,SCN_BASELINE,g1,False,256,validation,20260903,v0.1,hash_bucket
INS_74FAC31E7D8F,d54de1eb13ac39d1,PDP,medium,LOC_C6AB43142BDB,Faridkot,PB,27,7,TRK_017DA12B162E|TRK_A997FC00E0CF|TRK_8C037A0ADC54|TRK_EEB1DE456EE4|TRK_BCC966E673C0|TRK_B6CE07A71D80|TRK_5564246F7906,30530.0,218040.0,161920.0,True,True,True,False,"{""circular_bonus"": -1.1, ""distance_km"": 1.0, ""empty_km"": 0.85, ""fuel_inr"": 0.01, ""risk"": 12.0, ""time_min"": 0.35, ""toll_inr"": 0.01}",CST_48011250D4FB,SCN_BASELINE,g1,False,784,test,20260903,v0.1,hash_bucket
INS_40EF78CB59A6,28c88656b88d8641,CIRCULAR_VRP,large,LOC_F20DB0F2A327,Gurugram,HR,34,13,TRK_017DA12B162E|TRK_A997FC00E0CF|TRK_8C037A0ADC54|TRK_EEB1DE456EE4|TRK_BCC966E673C0|TRK_B6CE07A71D80|TRK_5564246F7906|TRK_5136065E98CA|TRK_E260AFDFB21B|TRK_E9C76BCDE1E1|TRK_FB045E9F7F61|TRK_B7FB75BB3E0A|TRK_4A05F6B9B509,28580.0,392470.0,352750.0,True,False,False,True,"{""circular_bonus"": -1.1, ""distance_km"": 1.0, ""empty_km"": 0.85, ""fuel_inr"": 0.01, ""risk"": 12.0, ""time_min"": 0.35, ""toll_inr"": 0.01}",CST_48011250D4FB,SCN_BASELINE,g1,False,1225,train,20260903,v0.1,hash_bucket
INS_B89CA14EF28C,009f7c28d1bde571,CIRCULAR_VRP,small,LOC_E9EE964E8CFE,South Delhi,DL,8,9,TRK_017DA12B162E|TRK_A997FC00E0CF|TRK_8C037A0ADC54|TRK_EEB1DE456EE4|TRK_BCC966E673C0|TRK_B6CE07A71D80|TRK_5564246F7906|TRK_5136065E98CA|TRK_E260AFDFB21B,29400.0,277210.0,240000.0,True,True,False,True,"{""circular_bonus"": -1.1, ""distance_km"": 1.0, ""empty_km"": 0.85, ""fuel_inr"": 0.01, ""risk"": 12.0, ""time_min"": 0.35, ""toll_inr"": 0.01}",CST_48011250D4FB,SCN_BASELINE,g1,False,81,train,20260903,v0.1,hash_bucket
INS_90F39589A482,33729542504ed59b,CVRP,small,LOC_FEFD9351973D,Bathinda,PB,13,8,TRK_340016F2B945|TRK_0C5E1B5422FA|TRK_B7BA04A0793B|TRK_3AAFDA8C31B2|TRK_2C29A4F9D289|TRK_7C939A3C75A8|TRK_531D5E4723D5|TRK_4C099DD0CCEF,1590.0,100890.0,95880.0,True,False,False,False,"{""circular_bonus"": -1.1, ""distance_km"": 1.0, ""empty_km"": 0.85, ""fuel_inr"": 0.01, ""risk"": 12.0, ""time_min"": 0.35, ""toll_inr"": 0.01}",CST_48011250D4FB,SCN_BASELINE,g1,False,196,test,20260903,v0.1,holdout_district
INS_754BC162412F,bb6a4abd7c78bb36,PDP,medium,LOC_B890897F9CCC,Kapurthala,PB,15,8,TRK_017DA12B162E|TRK_A997FC00E0CF|TRK_8C037A0ADC54|TRK_EEB1DE456EE4|TRK_BCC966E673C0|TRK_B6CE07A71D80|TRK_5564246F7906|TRK_5136065E98CA,29770.0,247810.0,208880.0,True,True,True,True,"{""circular_bonus"": -1.1, ""distance_km"": 1.0, ""empty_km"": 0.85, ""fuel_inr"": 0.01, ""risk"": 12.0, ""time_min"": 0.35, ""toll_inr"": 0.01}",CST_48011250D4FB,SCN_BASELINE,g1,False,256,train,20260903,v0.1,hash_bucket
INS_97C7B12EAC66,009f7c28d1bde571,CVRP,small,LOC_E9EE964E8CFE,South Delhi,DL,8,9,TRK_017DA12B162E|TRK_A997FC00E0CF|TRK_8C037A0ADC54|TRK_EEB1DE456EE4|TRK_BCC966E673C0|TRK_B6CE07A71D80|TRK_5564246F7906|TRK_5136065E98CA|TRK_E260AFDFB21B,29400.0,277210.0,240000.0,True,False,False,False,"{""circular_bonus"": -1.1, ""distance_km"": 1.0, ""empty_km"": 0.85, ""fuel_inr"": 0.01, ""risk"": 12.0, ""time_min"": 0.35, ""toll_inr"": 0.01}",CST_48011250D4FB,SCN_BASELINE,g1,False,81,train,20260903,v0.1,hash_bucket
INS_0ED5FB87413A,63fc7ff36ca737e3,PDP,medium,LOC_AFF866260256,Moradabad,UP,20,7,TRK_017DA12B162E|TRK_A997FC00E0CF|TRK_8C037A0ADC54|TRK_EEB1DE456EE4|TRK_BCC966E673C0|TRK_B6CE07A71D80|TRK_5564246F7906,30530.0,218040.0,167570.0,True,False,True,True,"{""circular_bonus"": -1.1, ""distance_km"": 1.0, ""empty_km"": 0.85, ""fuel_inr"": 0.01, ""risk"": 12.0, ""time_min"": 0.35, ""toll_inr"": 0.01}",CST_48011250D4FB,SCN_BASELINE,g1,False,441,train,20260903,v0.1,hash_bucket
INS_DD421AC38BDC,560e2681a89cb8af,CIRCULAR_VRP,medium,LOC_841795218E67,Ghaziabad,UP,15,8,TRK_017DA12B162E|TRK_A997FC00E0CF|TRK_8C037A0ADC54|TRK_EEB1DE456EE4|TRK_BCC966E673C0|TRK_B6CE07A71D80|TRK_5564246F7906|TRK_5136065E98CA,29770.0,247810.0,217735.0,True,True,False,True,"{""circular_bonus"": -1.1, ""distance_km"": 1.0, ""empty_km"": 0.85, ""fuel_inr"": 0.01, ""risk"": 12.0, ""time_min"": 0.35, ""toll_inr"": 0.01}",CST_48011250D4FB,SCN_BASELINE,g1,False,256,train,20260903,v0.1,hash_bucket
INS_ABBB74A6DADA,9ec24d25aebf7ebb,PDP,small,LOC_0D7AAF851D69,Tarn Taran,PB,14,4,TRK_017DA12B162E|TRK_A997FC00E0CF|TRK_8C037A0ADC54|TRK_EEB1DE456EE4,31250.0,126170.0,79650.0,True,True,True,False,"{""circular_bonus"": -1.1, ""distance_km"": 1.0, ""empty_km"": 0.85, ""fuel_inr"": 0.01, ""risk"": 12.0, ""time_min"": 0.35, ""toll_inr"": 0.01}",CST_48011250D4FB,SCN_BASELINE,g1,False,225,test,20260903,v0.1,hash_bucket
INS_EBBF191B846C,504fb66e309663e9,VRPTW,small,LOC_E71843C35AC6,Bijnor,UP,9,5,TRK_017DA12B162E|TRK_A997FC00E0CF|TRK_8C037A0ADC54|TRK_EEB1DE456EE4|TRK_BCC966E673C0,30750.0,156920.0,102770.0,True,True,False,False,"{""circular_bonus"": -1.1, ""distance_km"": 1.0, ""empty_km"": 0.85, ""fuel_inr"": 0.01, ""risk"": 12.0, ""time_min"": 0.35, ""toll_inr"": 0.01}",CST_48011250D4FB,SCN_BASELINE,g1,False,100,train,20260903,v0.1,hash_bucket
INS_C61593A2036C,dd601173603cac50,CIRCULAR_VRP,medium,LOC_BACB2642B5AD,Kurukshetra,HR,26,8,TRK_017DA12B162E|TRK_A997FC00E0CF|TRK_8C037A0ADC54|TRK_EEB1DE456EE4|TRK_BCC966E673C0|TRK_B6CE07A71D80|TRK_5564246F7906|TRK_5136065E98CA,29770.0,247810.0,193610.0,True,True,False,True,"{""circular_bonus"": -1.1, ""distance_km"": 1.0, ""empty_km"": 0.85, ""fuel_inr"": 0.01, ""risk"": 12.0, ""time_min"": 0.35, ""toll_inr"": 0.01}",CST_48011250D4FB,SCN_BASELINE,g1,False,729,train,20260903,v0.1,hash_bucket
INS_1C4BCA0E5F52,041a68954768e474,PDP,small,LOC_2E9E391564C2,Sonipat,HR,12,5,TRK_017DA12B162E|TRK_A997FC00E0CF|TRK_8C037A0ADC54|TRK_EEB1DE456EE4|TRK_BCC966E673C0,30750.0,156920.0,109320.0,True,False,True,False,"{""circular_bonus"": -1.1, ""distance_km"": 1.0, ""empty_km"": 0.85, ""fuel_inr"": 0.01, ""risk"": 12.0, ""time_min"": 0.35, ""toll_inr"": 0.01}",CST_48011250D4FB,SCN_BASELINE,g1,False,169,test,20260903,v0.1,hash_bucket
INS_1504390EB563,b2855dbe178b19a2,PDP,medium,LOC_0B27B307A77E,Panipat,HR,18,9,TRK_017DA12B162E|TRK_A997FC00E0CF|TRK_8C037A0ADC54|TRK_EEB1DE456EE4|TRK_BCC966E673C0|TRK_B6CE07A71D80|TRK_5564246F7906|TRK_5136065E98CA|TRK_E260AFDFB21B,29400.0,277210.0,244800.0,True,True,True,True,"{""circular_bonus"": -1.1, ""distance_km"": 1.0, ""empty_km"": 0.85, ""fuel_inr"": 0.01, ""risk"": 12.0, ""time_min"": 0.35, ""toll_inr"": 0.01}",CST_48011250D4FB,SCN_BASELINE,g1,False,361,validation,20260903,v0.1,hash_bucket
INS_DB6FC628FFE3,f40d98805a6bafce,VRPTW,medium,LOC_B01B9CC74597,Saharanpur,UP,18,6,TRK_017DA12B162E|TRK_A997FC00E0CF|TRK_8C037A0ADC54|TRK_EEB1DE456EE4|TRK_BCC966E673C0|TRK_B6CE07A71D80,30590.0,187510.0,133370.0,True,True,False,False,"{""circular_bonus"": -1.1, ""distance_km"": 1.0, ""empty_km"": 0.85, ""fuel_inr"": 0.01, ""risk"": 12.0, ""time_min"": 0.35, ""toll_inr"": 0.01}",CST_48011250D4FB,SCN_BASELINE,g1,False,361,train,20260903,v0.1,hash_bucket
INS_58B66C2E6E9B,02ac5e0d51f7d538,CVRP,large,LOC_E7B504BE8FE9,Patiala,PB,51,16,TRK_017DA12B162E|TRK_A997FC00E0CF|TRK_8C037A0ADC54|TRK_EEB1DE456EE4|TRK_BCC966E673C0|TRK_B6CE07A71D80|TRK_5564246F7906|TRK_5136065E98CA|TRK_E260AFDFB21B|TRK_E9C76BCDE1E1|TRK_FB045E9F7F61|TRK_B7FB75BB3E0A|TRK_4A05F6B9B509|TRK_1C8C798F44C5|TRK_8DC7FD5FF93A|TRK_7A91F5198B53,27170.0,475340.0,446715.0,True,False,False,False,"{""circular_bonus"": -1.1, ""distance_km"": 1.0, ""empty_km"": 0.85, ""fuel_inr"": 0.01, ""risk"": 12.0, ""time_min"": 0.35, ""toll_inr"": 0.01}",CST_48011250D4FB,SCN_BASELINE,g1,False,2704,test,20260903,v0.1,hash_bucket
INS_F442E034AA9D,1a8af56ec8e85b59,PDP,small,LOC_0F3D188854D6,Amroha,UP,9,4,TRK_017DA12B162E|TRK_A997FC00E0CF|TRK_8C037A0ADC54|TRK_EEB1DE456EE4,31250.0,126170.0,86940.0,True,False,True,True,"{""circular_bonus"": -1.1, ""distance_km"": 1.0, ""empty_km"": 0.85, ""fuel_inr"": 0.01, ""risk"": 12.0, ""time_min"": 0.35, ""toll_inr"": 0.01}",CST_48011250D4FB,SCN_BASELINE,g1,False,100,train,20260903,v0.1,hash_bucket
INS_08D098CC8BDC,b5511ac72e4de43c,VRPTW,small,LOC_AFF866260256,Moradabad,UP,12,3,TRK_017DA12B162E|TRK_A997FC00E0CF|TRK_8C037A0ADC54,31430.0,94920.0,63170.0,True,True,False,False,"{""circular_bonus"": -1.1, ""distance_km"": 1.0, ""empty_km"": 0.85, ""fuel_inr"": 0.01, ""risk"": 12.0, ""time_min"": 0.35, ""toll_inr"": 0.01}",CST_48011250D4FB,SCN_BASELINE,g1,False,169,train,20260903,v0.1,hash_bucket
INS_A9D5E7121D0C,83dfa2bfc025b41c,CIRCULAR_VRP,small,LOC_EC1D3E4138DF,Amritsar,PB,8,3,TRK_017DA12B162E|TRK_A997FC00E0CF|TRK_8C037A0ADC54,31430.0,94920.0,52160.0,True,True,False,True,"{""circular_bonus"": -1.1, ""distance_km"": 1.0, ""empty_km"": 0.85, ""fuel_inr"": 0.01, ""risk"": 12.0, ""time_min"": 0.35, ""toll_inr"": 0.01}",CST_48011250D4FB,SCN_BASELINE,g1,False,81,test,20260903,v0.1,hash_bucket
INS_C384B424E261,7997f046db640a55,CIRCULAR_VRP,small,LOC_CF209A6CE403,Hapur,UP,8,5,TRK_017DA12B162E|TRK_A997FC00E0CF|TRK_8C037A0ADC54|TRK_EEB1DE456EE4|TRK_BCC966E673C0,30750.0,156920.0,104420.0,True,True,False,True,"{""circular_bonus"": -1.1, ""distance_km"": 1.0, ""empty_km"": 0.85, ""fuel_inr"": 0.01, ""risk"": 12.0, ""time_min"": 0.35, ""toll_inr"": 0.01}",CST_48011250D4FB,SCN_BASELINE,g1,False,81,train,20260903,v0.1,hash_bucket
INS_A6213B7ED5FB,db343dab8c02696c,PDP,medium,LOC_B6370F731EEC,Lucknow,UP,17,10,TRK_017DA12B162E|TRK_A997FC00E0CF|TRK_8C037A0ADC54|TRK_EEB1DE456EE4|TRK_BCC966E673C0|TRK_B6CE07A71D80|TRK_5564246F7906|TRK_5136065E98CA|TRK_E260AFDFB21B|TRK_E9C76BCDE1E1,28950.0,306160.0,272740.0,True,True,True,True,"{""circular_bonus"": -1.1, ""distance_km"": 1.0, ""empty_km"": 0.85, ""fuel_inr"": 0.01, ""risk"": 12.0, ""time_min"": 0.35, ""toll_inr"": 0.01}",CST_48011250D4FB,SCN_BASELINE,g1,False,324,validation,20260903,v0.1,hash_bucket
INS_C1786ADD6E28,1f3877b5da809d44,PDP,medium,LOC_5B344A07BA57,Sangrur,PB,24,9,TRK_017DA12B162E|TRK_A997FC00E0CF|TRK_8C037A0ADC54|TRK_EEB1DE456EE4|TRK_BCC966E673C0|TRK_B6CE07A71D80|TRK_5564246F7906|TRK_5136065E98CA|TRK_E260AFDFB21B,29400.0,277210.0,247030.0,True,False,True,False,"{""circular_bonus"": -1.1, ""distance_km"": 1.0, ""empty_km"": 0.85, ""fuel_inr"": 0.01, ""risk"": 12.0, ""time_min"": 0.35, ""toll_inr"": 0.01}",CST_48011250D4FB,SCN_BASELINE,g1,False,625,validation,20260903,v0.1,hash_bucket
INS_741D2EFF9774,c3fbc253352f3c61,CIRCULAR_VRP,medium,LOC_B0D713DFA81B,Ferozepur,PB,22,4,TRK_017DA12B162E|TRK_A997FC00E0CF|TRK_8C037A0ADC54|TRK_EEB1DE456EE4,31250.0,126170.0,76420.0,True,False,False,True,"{""circular_bonus"": -1.1, ""distance_km"": 1.0, ""empty_km"": 0.85, ""fuel_inr"": 0.01, ""risk"": 12.0, ""time_min"": 0.35, ""toll_inr"": 0.01}",CST_48011250D4FB,SCN_BASELINE,g1,False,529,train,20260903,v0.1,hash_bucket
INS_D7686D634DD6,e552e20aab8011ad,PDP,small,LOC_FEFD9351973D,Bathinda,PB,14,8,TRK_017DA12B162E|TRK_A997FC00E0CF|TRK_8C037A0ADC54|TRK_EEB1DE456EE4|TRK_BCC966E673C0|TRK_B6CE07A71D80|TRK_5564246F7906|TRK_5136065E98CA,29770.0,247810.0,213420.0,True,False,True,False,"{""circular_bonus"": -1.1, ""distance_km"": 1.0, ""empty_km"": 0.85, ""fuel_inr"": 0.01, ""risk"": 12.0, ""time_min"": 0.35, ""toll_inr"": 0.01}",CST_48011250D4FB,SCN_BASELINE,g1,False,225,test,20260903,v0.1,holdout_district
INS_85B043F6B3CE,03b8d67fc16d4559,PDP,small,LOC_45C74FBD7B6F,Mansa,PB,11,6,TRK_017DA12B162E|TRK_A997FC00E0CF|TRK_8C037A0ADC54|TRK_EEB1DE456EE4|TRK_BCC966E673C0|TRK_B6CE07A71D80,30590.0,187510.0,131110.0,True,True,True,True,"{""circular_bonus"": -1.1, ""distance_km"": 1.0, ""empty_km"": 0.85, ""fuel_inr"": 0.01, ""risk"": 12.0, ""time_min"": 0.35, ""toll_inr"": 0.01}",CST_48011250D4FB,SCN_BASELINE,g1,False,144,train,20260903,v0.1,hash_bucket
INS_58E55EAAEEB9,c30dca7e6a6a77c7,CVRP,medium,LOC_2275B2D35F85,Palwal,HR,16,4,TRK_017DA12B162E|TRK_A997FC00E0CF|TRK_8C037A0ADC54|TRK_EEB1DE456EE4,31250.0,126170.0,94410.0,True,False,False,False,"{""circular_bonus"": -1.1, ""distance_km"": 1.0, ""empty_km"": 0.85, ""fuel_inr"": 0.01, ""risk"": 12.0, ""time_min"": 0.35, ""toll_inr"": 0.01}",CST_48011250D4FB,SCN_BASELINE,g1,False,289,train,20260903,v0.1,hash_bucket
INS_074B1FFEC9D9,c9e2d8beac21239c,PDP,small,LOC_CF065FE8EBAB,Gautam Buddha Nagar,UP,11,8,TRK_017DA12B162E|TRK_A997FC00E0CF|TRK_8C037A0ADC54|TRK_EEB1DE456EE4|TRK_BCC966E673C0|TRK_B6CE07A71D80|TRK_5564246F7906|TRK_5136065E98CA,29770.0,247810.0,189040.0,True,False,True,True,"{""circular_bonus"": -1.1, ""distance_km"": 1.0, ""empty_km"": 0.85, ""fuel_inr"": 0.01, ""risk"": 12.0, ""time_min"": 0.35, ""toll_inr"": 0.01}",CST_48011250D4FB,SCN_BASELINE,g1,False,144,validation,20260903,v0.1,hash_bucket
INS_0EF6DA65F475,03f4b63414c8cec2,CIRCULAR_VRP,medium,LOC_2275B2D35F85,Palwal,HR,30,10,TRK_017DA12B162E|TRK_A997FC00E0CF|TRK_8C037A0ADC54|TRK_EEB1DE456EE4|TRK_BCC966E673C0|TRK_B6CE07A71D80|TRK_5564246F7906|TRK_5136065E98CA|TRK_E260AFDFB21B|TRK_E9C76BCDE1E1,28950.0,306160.0,253730.0,True,True,False,True,"{""circular_bonus"": -1.1, ""distance_km"": 1.0, ""empty_km"": 0.85, ""fuel_inr"": 0.01, ""risk"": 12.0, ""time_min"": 0.35, ""toll_inr"": 0.01}",CST_48011250D4FB,SCN_BASELINE,g1,False,961,train,20260903,v0.1,hash_bucket
INS_321D0FFB4A52,3376103f0840b6d8,PDP,small,LOC_EC1D3E4138DF,Amritsar,PB,11,7,TRK_017DA12B162E|TRK_A997FC00E0CF|TRK_8C037A0ADC54|TRK_EEB1DE456EE4|TRK_BCC966E673C0|TRK_B6CE07A71D80|TRK_5564246F7906,30530.0,218040.0,174890.0,True,True,True,False,"{""circular_bonus"": -1.1, ""distance_km"": 1.0, ""empty_km"": 0.85, ""fuel_inr"": 0.01, ""risk"": 12.0, ""time_min"": 0.35, ""toll_inr"": 0.01}",CST_48011250D4FB,SCN_BASELINE,g1,False,144,train,20260903,v0.1,hash_bucket
INS_C610E1E734A1,c6c109f24bbe1af8,CIRCULAR_VRP,small,LOC_B9CDAEAD5C72,Mainpuri,UP,14,5,TRK_017DA12B162E|TRK_A997FC00E0CF|TRK_8C037A0ADC54|TRK_EEB1DE456EE4|TRK_BCC966E673C0,30750.0,156920.0,122140.0,True,False,False,True,"{""circular_bonus"": -1.1, ""distance_km"": 1.0, ""empty_km"": 0.85, ""fuel_inr"": 0.01, ""risk"": 12.0, ""time_min"": 0.35, ""toll_inr"": 0.01}",CST_48011250D4FB,SCN_BASELINE,g1,False,225,train,20260903,v0.1,hash_bucket
INS_6455AFBC9322,404dd588e12755e9,CVRP,small,LOC_5D316714188F,Faridabad,HR,10,7,TRK_017DA12B162E|TRK_A997FC00E0CF|TRK_8C037A0ADC54|TRK_EEB1DE456EE4|TRK_BCC966E673C0|TRK_B6CE07A71D80|TRK_5564246F7906,30530.0,218040.0,177820.0,True,False,False,False,"{""circular_bonus"": -1.1, ""distance_km"": 1.0, ""empty_km"": 0.85, ""fuel_inr"": 0.01, ""risk"": 12.0, ""time_min"": 0.35, ""toll_inr"": 0.01}",CST_48011250D4FB,SCN_BASELINE,g1,False,121,test,20260903,v0.1,hash_bucket
INS_79E36DBEA0CA,a07e934716d88274,PDP,small,LOC_4A5F46E3AFB5,Sitapur,UP,8,3,TRK_017DA12B162E|TRK_A997FC00E0CF|TRK_8C037A0ADC54,31430.0,94920.0,61440.0,True,False,True,True,"{""circular_bonus"": -1.1, ""distance_km"": 1.0, ""empty_km"": 0.85, ""fuel_inr"": 0.01, ""risk"": 12.0, ""time_min"": 0.35, ""toll_inr"": 0.01}",CST_48011250D4FB,SCN_BASELINE,g1,False,81,test,20260903,v0.1,hash_bucket
INS_DADADB6B9865,95809353c3ab1634,PDP,small,LOC_B9CDAEAD5C72,Mainpuri,UP,8,4,TRK_017DA12B162E|TRK_A997FC00E0CF|TRK_8C037A0ADC54|TRK_EEB1DE456EE4,31250.0,126170.0,85260.0,True,False,True,True,"{""circular_bonus"": -1.1, ""distance_km"": 1.0, ""empty_km"": 0.85, ""fuel_inr"": 0.01, ""risk"": 12.0, ""time_min"": 0.35, ""toll_inr"": 0.01}",CST_48011250D4FB,SCN_BASELINE,g1,False,81,train,20260903,v0.1,hash_bucket
INS_9AF7FB0E2D78,5f8efbd8453af795,PDP,small,LOC_27273A6A3299,Shamli,UP,11,5,TRK_017DA12B162E|TRK_A997FC00E0CF|TRK_8C037A0ADC54|TRK_EEB1DE456EE4|TRK_BCC966E673C0,30750.0,156920.0,112020.0,True,True,True,True,"{""circular_bonus"": -1.1, ""distance_km"": 1.0, ""empty_km"": 0.85, ""fuel_inr"": 0.01, ""risk"": 12.0, ""time_min"": 0.35, ""toll_inr"": 0.01}",CST_48011250D4FB,SCN_BASELINE,g1,False,144,train,20260903,v0.1,hash_bucket
INS_CDEA41E6FF15,04fb85753c94f31b,CVRP,small,LOC_841795218E67,Ghaziabad,UP,14,10,TRK_BF4524860146|TRK_E0816312C500|TRK_ABC633A3D528|TRK_7CACB8009A8C|TRK_F0C91B5B2FC0|TRK_1A728EEE2A9E|TRK_FC69327D528A|TRK_8BB9FA95D4D9|TRK_95E9B951FE4B|TRK_035B73E44EE9,2740.0,123350.0,118740.0,True,False,False,False,"{""circular_bonus"": -1.1, ""distance_km"": 1.0, ""empty_km"": 0.85, ""fuel_inr"": 0.01, ""risk"": 12.0, ""time_min"": 0.35, ""toll_inr"": 0.01}",CST_48011250D4FB,SCN_BASELINE,g1,False,225,train,20260903,v0.1,hash_bucket
INS_061D5812071C,9d7a216345ecbd64,CIRCULAR_VRP,medium,LOC_4A5F46E3AFB5,Sitapur,UP,23,8,TRK_017DA12B162E|TRK_A997FC00E0CF|TRK_8C037A0ADC54|TRK_EEB1DE456EE4|TRK_BCC966E673C0|TRK_B6CE07A71D80|TRK_5564246F7906|TRK_5136065E98CA,29770.0,247810.0,213305.0,True,False,False,True,"{""circular_bonus"": -1.1, ""distance_km"": 1.0, ""empty_km"": 0.85, ""fuel_inr"": 0.01, ""risk"": 12.0, ""time_min"": 0.35, ""toll_inr"": 0.01}",CST_48011250D4FB,SCN_BASELINE,g1,False,576,validation,20260903,v0.1,hash_bucket
INS_9E08A0C3998D,15fbfeb9a06d3cf4,VRPTW,small,LOC_1FB47BF8FFEB,Bulandshahr,UP,11,6,TRK_FC4EFBC1E225|TRK_4927520C533F|TRK_D5A8DC42C947|TRK_49EE98E2F33C|TRK_15A4E86B7E18|TRK_F8096EB4BC10,7490.0,68450.0,57850.0,True,True,False,False,"{""circular_bonus"": -1.1, ""distance_km"": 1.0, ""empty_km"": 0.85, ""fuel_inr"": 0.01, ""risk"": 12.0, ""time_min"": 0.35, ""toll_inr"": 0.01}",CST_48011250D4FB,SCN_BASELINE,g1,False,144,test,20260903,v0.1,holdout_district
INS_25B1E92BB143,d265907203dd5594,CIRCULAR_VRP,medium,LOC_8F3BDE96C1C3,Rampur,UP,21,5,TRK_017DA12B162E|TRK_A997FC00E0CF|TRK_8C037A0ADC54|TRK_EEB1DE456EE4|TRK_BCC966E673C0,30750.0,156920.0,113470.0,True,True,False,True,"{""circular_bonus"": -1.1, ""distance_km"": 1.0, ""empty_km"": 0.85, ""fuel_inr"": 0.01, ""risk"": 12.0, ""time_min"": 0.35, ""toll_inr"": 0.01}",CST_48011250D4FB,SCN_BASELINE,g1,False,484,train,20260903,v0.1,hash_bucket
INS_A3D8148A06C4,139d5cfe94efee2b,PDP,small,LOC_EE8F1CF00ECF,Bhiwani,HR,11,6,TRK_017DA12B162E|TRK_A997FC00E0CF|TRK_8C037A0ADC54|TRK_EEB1DE456EE4|TRK_BCC966E673C0|TRK_B6CE07A71D80,30590.0,187510.0,152970.0,True,True,True,False,"{""circular_bonus"": -1.1, ""distance_km"": 1.0, ""empty_km"": 0.85, ""fuel_inr"": 0.01, ""risk"": 12.0, ""time_min"": 0.35, ""toll_inr"": 0.01}",CST_48011250D4FB,SCN_BASELINE,g1,False,144,train,20260903,v0.1,hash_bucket
INS_C10FA2331E6B,00c6800bc37411b5,CIRCULAR_VRP,large,LOC_2E423964E639,Agra,UP,54,17,TRK_017DA12B162E|TRK_A997FC00E0CF|TRK_8C037A0ADC54|TRK_EEB1DE456EE4|TRK_BCC966E673C0|TRK_B6CE07A71D80|TRK_5564246F7906|TRK_5136065E98CA|TRK_E260AFDFB21B|TRK_E9C76BCDE1E1|TRK_FB045E9F7F61|TRK_B7FB75BB3E0A|TRK_4A05F6B9B509|TRK_1C8C798F44C5|TRK_8DC7FD5FF93A|TRK_7A91F5198B53|TRK_BEE1B756CA92,27170.0,502510.0,468570.0,True,False,False,True,"{""circular_bonus"": -1.1, ""distance_km"": 1.0, ""empty_km"": 0.85, ""fuel_inr"": 0.01, ""risk"": 12.0, ""time_min"": 0.35, ""toll_inr"": 0.01}",CST_48011250D4FB,SCN_BASELINE,g1,False,3025,train,20260903,v0.1,hash_bucket
INS_77BA5659826C,2cc3047c0bbbccfe,PDP,medium,LOC_8E24E29DF84B,Hisar,HR,23,9,TRK_017DA12B162E|TRK_A997FC00E0CF|TRK_8C037A0ADC54|TRK_EEB1DE456EE4|TRK_BCC966E673C0|TRK_B6CE07A71D80|TRK_5564246F7906|TRK_5136065E98CA|TRK_E260AFDFB21B,29400.0,277210.0,223500.0,True,True,True,True,"{""circular_bonus"": -1.1, ""distance_km"": 1.0, ""empty_km"": 0.85, ""fuel_inr"": 0.01, ""risk"": 12.0, ""time_min"": 0.35, ""toll_inr"": 0.01}",CST_48011250D4FB,SCN_BASELINE,g1,False,576,validation,20260903,v0.1,hash_bucket
INS_B0265AB4BEF6,2cbdd1c2ab005d80,CVRP,small,LOC_9F3A877025DA,Shahjahanpur,UP,12,3,TRK_017DA12B162E|TRK_A997FC00E0CF|TRK_8C037A0ADC54,31430.0,94920.0,41830.0,True,False,False,False,"{""circular_bonus"": -1.1, ""distance_km"": 1.0, ""empty_km"": 0.85, ""fuel_inr"": 0.01, ""risk"": 12.0, ""time_min"": 0.35, ""toll_inr"": 0.01}",CST_48011250D4FB,SCN_BASELINE,g1,False,169,test,20260903,v0.1,hash_bucket
INS_252120006BE3,52e6e4ae59cf98b3,CIRCULAR_VRP,small,LOC_36B5B5F31C8D,Varanasi,UP,9,5,TRK_017DA12B162E|TRK_A997FC00E0CF|TRK_8C037A0ADC54|TRK_EEB1DE456EE4|TRK_BCC966E673C0,30750.0,156920.0,125110.0,True,False,False,True,"{""circular_bonus"": -1.1, ""distance_km"": 1.0, ""empty_km"": 0.85, ""fuel_inr"": 0.01, ""risk"": 12.0, ""time_min"": 0.35, ""toll_inr"": 0.01}",CST_48011250D4FB,SCN_BASELINE,g1,False,100,train,20260903,v0.1,hash_bucket
INS_C205DFF12293,50490a99b7e6df8d,CVRP,small,LOC_AA53E75D54A9,Etah,UP,8,4,TRK_017DA12B162E|TRK_A997FC00E0CF|TRK_8C037A0ADC54|TRK_EEB1DE456EE4,31250.0,126170.0,69550.0,True,False,False,False,"{""circular_bonus"": -1.1, ""distance_km"": 1.0, ""empty_km"": 0.85, ""fuel_inr"": 0.01, ""risk"": 12.0, ""time_min"": 0.35, ""toll_inr"": 0.01}",CST_48011250D4FB,SCN_BASELINE,g1,False,81,train,20260903,v0.1,hash_bucket
INS_24F5F5B656F2,a8e7cdafc0a59008,CIRCULAR_VRP,small,LOC_91BA4A3395D5,Sirsa,HR,13,3,TRK_017DA12B162E|TRK_A997FC00E0CF|TRK_8C037A0ADC54,31430.0,94920.0,59690.0,True,False,False,True,"{""circular_bonus"": -1.1, ""distance_km"": 1.0, ""empty_km"": 0.85, ""fuel_inr"": 0.01, ""risk"": 12.0, ""time_min"": 0.35, ""toll_inr"": 0.01}",CST_48011250D4FB,SCN_BASELINE,g1,False,196,train,20260903,v0.1,hash_bucket
INS_2D35AB8C815C,4223d7f3f95270e8,VRPTW,small,LOC_B39E76DCD93F,Nuh,HR,11,5,TRK_017DA12B162E|TRK_A997FC00E0CF|TRK_8C037A0ADC54|TRK_EEB1DE456EE4|TRK_BCC966E673C0,30750.0,156920.0,107290.0,True,True,False,False,"{""circular_bonus"": -1.1, ""distance_km"": 1.0, ""empty_km"": 0.85, ""fuel_inr"": 0.01, ""risk"": 12.0, ""time_min"": 0.35, ""toll_inr"": 0.01}",CST_48011250D4FB,SCN_BASELINE,g1,False,144,train,20260903,v0.1,hash_bucket
INS_935EABF0D09D,364cc03b4cd6db37,CIRCULAR_VRP,medium,LOC_AA53E75D54A9,Etah,UP,28,8,TRK_017DA12B162E|TRK_A997FC00E0CF|TRK_8C037A0ADC54|TRK_EEB1DE456EE4|TRK_BCC966E673C0|TRK_B6CE07A71D80|TRK_5564246F7906|TRK_5136065E98CA,29770.0,247810.0,209305.0,True,False,False,True,"{""circular_bonus"": -1.1, ""distance_km"": 1.0, ""empty_km"": 0.85, ""fuel_inr"": 0.01, ""risk"": 12.0, ""time_min"": 0.35, ""toll_inr"": 0.01}",CST_48011250D4FB,SCN_BASELINE,g1,False,841,train,20260903,v0.1,hash_bucket
INS_FA3A05607CC2,a3f6c34b7dba9a0f,PDP,large,LOC_03F06DD41C28,Malerkotla,PB,58,25,TRK_017DA12B162E|TRK_A997FC00E0CF|TRK_8C037A0ADC54|TRK_EEB1DE456EE4|TRK_BCC966E673C0|TRK_B6CE07A71D80|TRK_5564246F7906|TRK_5136065E98CA|TRK_E260AFDFB21B|TRK_E9C76BCDE1E1|TRK_FB045E9F7F61|TRK_B7FB75BB3E0A|TRK_4A05F6B9B509|TRK_1C8C798F44C5|TRK_8DC7FD5FF93A|TRK_7A91F5198B53|TRK_BEE1B756CA92|TRK_0331FB7CD37E|TRK_EEA8DB00B33D|TRK_3A519CFB8F0F|TRK_8C842CC0A407|TRK_1A09343A6FAC|TRK_3F175C42FEAA|TRK_2EC9632BD23F|TRK_EA0BF86B0239,24700.0,708400.0,711110.0,False,True,True,True,"{""circular_bonus"": -1.1, ""distance_km"": 1.0, ""empty_km"": 0.85, ""fuel_inr"": 0.01, ""risk"": 12.0, ""time_min"": 0.35, ""toll_inr"": 0.01}",CST_48011250D4FB,SCN_BASELINE,g1,False,3481,validation,20260903,v0.1,hash_bucket
INS_4859E3029A4E,83ebe7ab8835328d,VRPTW,medium,LOC_AD745A3946E4,Unnao,UP,30,10,TRK_017DA12B162E|TRK_A997FC00E0CF|TRK_8C037A0ADC54|TRK_EEB1DE456EE4|TRK_BCC966E673C0|TRK_B6CE07A71D80|TRK_5564246F7906|TRK_5136065E98CA|TRK_E260AFDFB21B|TRK_E9C76BCDE1E1,28950.0,306160.0,249890.0,True,True,False,False,"{""circular_bonus"": -1.1, ""distance_km"": 1.0, ""empty_km"": 0.85, ""fuel_inr"": 0.01, ""risk"": 12.0, ""time_min"": 0.35, ""toll_inr"": 0.01}",CST_48011250D4FB,SCN_BASELINE,g1,False,961,train,20260903,v0.1,hash_bucket
INS_6FA160CD5939,fddc47771bdff4bb,CVRP,medium,LOC_21F591BF08EC,West Delhi,DL,4,8,TRK_D5734C94CA97|TRK_0DB792D95BC8|TRK_CE161697CB0F|TRK_B4E942FB3E8F|TRK_547C0929AFCE|TRK_3D378E8843DC|TRK_57C748EE92F0|TRK_38CCD92D5770,6550.0,95530.0,83560.0,True,False,False,False,"{""circular_bonus"": -1.1, ""distance_km"": 1.0, ""empty_km"": 0.85, ""fuel_inr"": 0.01, ""risk"": 12.0, ""time_min"": 0.35, ""toll_inr"": 0.01}",CST_48011250D4FB,SCN_BASELINE,g1,False,25,train,20260903,v0.1,hash_bucket
INS_F88005D12954,59773cc2b6a6f802,CVRP,small,LOC_36B5B5F31C8D,Varanasi,UP,8,3,TRK_EEB1DE456EE4|TRK_2EC9632BD23F|TRK_4B9B485B6A6B,17450.0,73740.0,42770.0,True,False,False,False,"{""circular_bonus"": -1.1, ""distance_km"": 1.0, ""empty_km"": 0.85, ""fuel_inr"": 0.01, ""risk"": 12.0, ""time_min"": 0.35, ""toll_inr"": 0.01}",CST_48011250D4FB,SCN_BASELINE,g1,False,81,train,20260903,v0.1,hash_bucket
INS_DFF273F4C638,797a5be99321194d,CIRCULAR_VRP,small,LOC_8F3BDE96C1C3,Rampur,UP,9,4,TRK_017DA12B162E|TRK_A997FC00E0CF|TRK_8C037A0ADC54|TRK_EEB1DE456EE4,31250.0,126170.0,73210.0,True,True,False,True,"{""circular_bonus"": -1.1, ""distance_km"": 1.0, ""empty_km"": 0.85, ""fuel_inr"": 0.01, ""risk"": 12.0, ""time_min"": 0.35, ""toll_inr"": 0.01}",CST_48011250D4FB,SCN_BASELINE,g1,False,100,train,20260903,v0.1,hash_bucket
INS_07AE946C4B9F,a0b2936a02a80822,CVRP,medium,LOC_BACB2642B5AD,Kurukshetra,HR,19,4,TRK_017DA12B162E|TRK_A997FC00E0CF|TRK_8C037A0ADC54|TRK_EEB1DE456EE4,31250.0,126170.0,82260.0,True,False,False,False,"{""circular_bonus"": -1.1, ""distance_km"": 1.0, ""empty_km"": 0.85, ""fuel_inr"": 0.01, ""risk"": 12.0, ""time_min"": 0.35, ""toll_inr"": 0.01}",CST_48011250D4FB,SCN_BASELINE,g1,False,400,train,20260903,v0.1,hash_bucket
INS_B0FB06CC4379,6cc20f944db69fc9,PDP,small,LOC_5B344A07BA57,Sangrur,PB,8,4,TRK_017DA12B162E|TRK_4A05F6B9B509|TRK_53CBDA158281|TRK_AA8BF80E5DEA,12600.0,90690.0,67490.0,True,True,True,True,"{""circular_bonus"": -1.1, ""distance_km"": 1.0, ""empty_km"": 0.85, ""fuel_inr"": 0.01, ""risk"": 12.0, ""time_min"": 0.35, ""toll_inr"": 0.01}",CST_48011250D4FB,SCN_BASELINE,g1,False,81,validation,20260903,v0.1,hash_bucket
INS_1DCD14308CDE,a3991143a7ad52e6,CVRP,medium,LOC_2ECE587EC515,Hardoi,UP,23,5,TRK_017DA12B162E|TRK_A997FC00E0CF|TRK_8C037A0ADC54|TRK_EEB1DE456EE4|TRK_BCC966E673C0,30750.0,156920.0,115810.0,True,False,False,False,"{""circular_bonus"": -1.1, ""distance_km"": 1.0, ""empty_km"": 0.85, ""fuel_inr"": 0.01, ""risk"": 12.0, ""time_min"": 0.35, ""toll_inr"": 0.01}",CST_48011250D4FB,SCN_BASELINE,g1,False,576,train,20260903,v0.1,hash_bucket
INS_CC688CA3C851,1fb223cb238dc986,VRPTW,small,LOC_EBC017604691,Mathura,UP,12,7,TRK_017DA12B162E|TRK_A997FC00E0CF|TRK_8C037A0ADC54|TRK_EEB1DE456EE4|TRK_BCC966E673C0|TRK_B6CE07A71D80|TRK_5564246F7906,30530.0,218040.0,182010.0,True,True,False,False,"{""circular_bonus"": -1.1, ""distance_km"": 1.0, ""empty_km"": 0.85, ""fuel_inr"": 0.01, ""risk"": 12.0, ""time_min"": 0.35, ""toll_inr"": 0.01}",CST_48011250D4FB,SCN_BASELINE,g1,False,169,train,20260903,v0.1,hash_bucket
INS_3E5B01666654,50bdd427874ebdeb,PDP,small,LOC_B9CDAEAD5C72,Mainpuri,UP,13,4,TRK_017DA12B162E|TRK_A997FC00E0CF|TRK_8C037A0ADC54|TRK_EEB1DE456EE4,31250.0,126170.0,69520.0,True,True,True,True,"{""circular_bonus"": -1.1, ""distance_km"": 1.0, ""empty_km"": 0.85, ""fuel_inr"": 0.01, ""risk"": 12.0, ""time_min"": 0.35, ""toll_inr"": 0.01}",CST_48011250D4FB,SCN_BASELINE,g1,False,196,train,20260903,v0.1,hash_bucket
INS_CF7E00BF42EB,fb379c973beabf33,CIRCULAR_VRP,small,LOC_2E423964E639,Agra,UP,14,4,TRK_017DA12B162E|TRK_A997FC00E0CF|TRK_8C037A0ADC54|TRK_EEB1DE456EE4,31250.0,126170.0,74510.0,True,True,False,True,"{""circular_bonus"": -1.1, ""distance_km"": 1.0, ""empty_km"": 0.85, ""fuel_inr"": 0.01, ""risk"": 12.0, ""time_min"": 0.35, ""toll_inr"": 0.01}",CST_48011250D4FB,SCN_BASELINE,g1,False,225,train,20260903,v0.1,hash_bucket
INS_D0C6E4B000FF,2dcac850ba671eae,PDP,medium,LOC_EE8F1CF00ECF,Bhiwani,HR,23,11,TRK_017DA12B162E|TRK_A997FC00E0CF|TRK_8C037A0ADC54|TRK_EEB1DE456EE4|TRK_BCC966E673C0|TRK_B6CE07A71D80|TRK_5564246F7906|TRK_5136065E98CA|TRK_E260AFDFB21B|TRK_E9C76BCDE1E1|TRK_FB045E9F7F61,28890.0,335050.0,280000.0,True,True,True,True,"{""circular_bonus"": -1.1, ""distance_km"": 1.0, ""empty_km"": 0.85, ""fuel_inr"": 0.01, ""risk"": 12.0, ""time_min"": 0.35, ""toll_inr"": 0.01}",CST_48011250D4FB,SCN_BASELINE,g1,False,576,train,20260903,v0.1,hash_bucket
INS_97E3F3CA0281,75fb54c5402ad95f,PDP,medium,LOC_2275B2D35F85,Palwal,HR,16,6,TRK_017DA12B162E|TRK_A997FC00E0CF|TRK_8C037A0ADC54|TRK_EEB1DE456EE4|TRK_BCC966E673C0|TRK_B6CE07A71D80,30590.0,187510.0,132030.0,True,False,True,True,"{""circular_bonus"": -1.1, ""distance_km"": 1.0, ""empty_km"": 0.85, ""fuel_inr"": 0.01, ""risk"": 12.0, ""time_min"": 0.35, ""toll_inr"": 0.01}",CST_48011250D4FB,SCN_BASELINE,g1,False,289,train,20260903,v0.1,hash_bucket
INS_5B80F81923E0,fddc47771bdff4bb,PDP,medium,LOC_21F591BF08EC,West Delhi,DL,4,8,TRK_D5734C94CA97|TRK_0DB792D95BC8|TRK_CE161697CB0F|TRK_B4E942FB3E8F|TRK_547C0929AFCE|TRK_3D378E8843DC|TRK_57C748EE92F0|TRK_38CCD92D5770,6550.0,95530.0,83560.0,True,True,True,False,"{""circular_bonus"": -1.1, ""distance_km"": 1.0, ""empty_km"": 0.85, ""fuel_inr"": 0.01, ""risk"": 12.0, ""time_min"": 0.35, ""toll_inr"": 0.01}",CST_48011250D4FB,SCN_BASELINE,g1,False,25,train,20260903,v0.1,hash_bucket
INS_0C128BEBC42C,fddc47771bdff4bb,PDP,medium,LOC_21F591BF08EC,West Delhi,DL,4,8,TRK_D5734C94CA97|TRK_0DB792D95BC8|TRK_CE161697CB0F|TRK_B4E942FB3E8F|TRK_547C0929AFCE|TRK_3D378E8843DC|TRK_57C748EE92F0|TRK_38CCD92D5770,6550.0,95530.0,83560.0,True,True,True,False,"{""circular_bonus"": -1.1, ""distance_km"": 1.0, ""empty_km"": 0.85, ""fuel_inr"": 0.01, ""risk"": 12.0, ""time_min"": 0.35, ""toll_inr"": 0.01}",CST_48011250D4FB,SCN_BASELINE,g1,False,25,train,20260903,v0.1,hash_bucket
INS_711BF844D513,59835181228fe987,CIRCULAR_VRP,small,LOC_D8FB48D6F894,Fatehabad,HR,11,3,TRK_ECEE8EE28F92|TRK_4DEB047EE4A3|TRK_E4FDAF928F73,2320.0,46550.0,37630.0,True,True,False,True,"{""circular_bonus"": -1.1, ""distance_km"": 1.0, ""empty_km"": 0.85, ""fuel_inr"": 0.01, ""risk"": 12.0, ""time_min"": 0.35, ""toll_inr"": 0.01}",CST_48011250D4FB,SCN_BASELINE,g1,False,144,validation,20260903,v0.1,hash_bucket
INS_A556A546376A,39ea75bf70cef165,PDP,medium,LOC_D8FB48D6F894,Fatehabad,HR,23,3,TRK_017DA12B162E|TRK_A997FC00E0CF|TRK_8C037A0ADC54,31430.0,94920.0,54195.0,True,True,True,False,"{""circular_bonus"": -1.1, ""distance_km"": 1.0, ""empty_km"": 0.85, ""fuel_inr"": 0.01, ""risk"": 12.0, ""time_min"": 0.35, ""toll_inr"": 0.01}",CST_48011250D4FB,SCN_BASELINE,g1,False,576,train,20260903,v0.1,hash_bucket
INS_57C68E99E43E,adfacc732bbe5c48,CIRCULAR_VRP,medium,LOC_27273A6A3299,Shamli,UP,21,7,TRK_017DA12B162E|TRK_A997FC00E0CF|TRK_8C037A0ADC54|TRK_EEB1DE456EE4|TRK_BCC966E673C0|TRK_B6CE07A71D80|TRK_5564246F7906,30530.0,218040.0,162350.0,True,False,False,True,"{""circular_bonus"": -1.1, ""distance_km"": 1.0, ""empty_km"": 0.85, ""fuel_inr"": 0.01, ""risk"": 12.0, ""time_min"": 0.35, ""toll_inr"": 0.01}",CST_48011250D4FB,SCN_BASELINE,g1,False,484,train,20260903,v0.1,hash_bucket
INS_46452404BE2D,ff8256dc73afb7cf,CVRP,small,LOC_AB3DB4CE53FF,Gurdaspur,PB,9,6,TRK_017DA12B162E|TRK_A997FC00E0CF|TRK_8C037A0ADC54|TRK_EEB1DE456EE4|TRK_BCC966E673C0|TRK_B6CE07A71D80,30590.0,187510.0,130750.0,True,False,False,False,"{""circular_bonus"": -1.1, ""distance_km"": 1.0, ""empty_km"": 0.85, ""fuel_inr"": 0.01, ""risk"": 12.0, ""time_min"": 0.35, ""toll_inr"": 0.01}",CST_48011250D4FB,SCN_BASELINE,g1,False,100,train,20260903,v0.1,hash_bucket
INS_8BE5F04E7FE7,df3d3f70335fdda8,PDP,large,LOC_DA9770705B86,South West Delhi,DL,18,16,TRK_017DA12B162E|TRK_A997FC00E0CF|TRK_8C037A0ADC54|TRK_EEB1DE456EE4|TRK_BCC966E673C0|TRK_B6CE07A71D80|TRK_5564246F7906|TRK_5136065E98CA|TRK_E260AFDFB21B|TRK_E9C76BCDE1E1|TRK_FB045E9F7F61|TRK_B7FB75BB3E0A|TRK_4A05F6B9B509|TRK_1C8C798F44C5|TRK_8DC7FD5FF93A|TRK_7A91F5198B53,27170.0,475340.0,432240.0,True,True,True,True,"{""circular_bonus"": -1.1, ""distance_km"": 1.0, ""empty_km"": 0.85, ""fuel_inr"": 0.01, ""risk"": 12.0, ""time_min"": 0.35, ""toll_inr"": 0.01}",CST_48011250D4FB,SCN_BASELINE,g1,False,361,validation,20260903,v0.1,hash_bucket
INS_E97348C59AD4,629a8b832cc0d7b7,CIRCULAR_VRP,medium,LOC_11A4C40B0A4F,Yamunanagar,HR,15,8,TRK_017DA12B162E|TRK_A997FC00E0CF|TRK_8C037A0ADC54|TRK_EEB1DE456EE4|TRK_BCC966E673C0|TRK_B6CE07A71D80|TRK_5564246F7906|TRK_5136065E98CA,29770.0,247810.0,188550.0,True,False,False,True,"{""circular_bonus"": -1.1, ""distance_km"": 1.0, ""empty_km"": 0.85, ""fuel_inr"": 0.01, ""risk"": 12.0, ""time_min"": 0.35, ""toll_inr"": 0.01}",CST_48011250D4FB,SCN_BASELINE,g1,False,256,train,20260903,v0.1,hash_bucket
INS_364D657CDD3D,72d7fff5824d8a63,PDP,medium,LOC_2ADFB4EFDB06,Kaithal,HR,19,3,TRK_017DA12B162E|TRK_A997FC00E0CF|TRK_8C037A0ADC54,31430.0,94920.0,61650.0,True,True,True,False,"{""circular_bonus"": -1.1, ""distance_km"": 1.0, ""empty_km"": 0.85, ""fuel_inr"": 0.01, ""risk"": 12.0, ""time_min"": 0.35, ""toll_inr"": 0.01}",CST_48011250D4FB,SCN_BASELINE,g1,False,400,train,20260903,v0.1,hash_bucket
INS_2A74864CAD81,a8eeccb7eebd1f2d,CIRCULAR_VRP,medium,LOC_0D7AAF851D69,Tarn Taran,PB,26,9,TRK_017DA12B162E|TRK_A997FC00E0CF|TRK_8C037A0ADC54|TRK_EEB1DE456EE4|TRK_BCC966E673C0|TRK_B6CE07A71D80|TRK_5564246F7906|TRK_5136065E98CA|TRK_E260AFDFB21B,29400.0,277210.0,228900.0,True,False,False,True,"{""circular_bonus"": -1.1, ""distance_km"": 1.0, ""empty_km"": 0.85, ""fuel_inr"": 0.01, ""risk"": 12.0, ""time_min"": 0.35, ""toll_inr"": 0.01}",CST_48011250D4FB,SCN_BASELINE,g1,False,729,test,20260903,v0.1,hash_bucket
INS_0902A25BEB96,c69106d3c0596e22,VRPTW,small,LOC_F20DB0F2A327,Gurugram,HR,8,6,TRK_017DA12B162E|TRK_A997FC00E0CF|TRK_8C037A0ADC54|TRK_EEB1DE456EE4|TRK_BCC966E673C0|TRK_B6CE07A71D80,30590.0,187510.0,127900.0,True,True,False,False,"{""circular_bonus"": -1.1, ""distance_km"": 1.0, ""empty_km"": 0.85, ""fuel_inr"": 0.01, ""risk"": 12.0, ""time_min"": 0.35, ""toll_inr"": 0.01}",CST_48011250D4FB,SCN_BASELINE,g1,False,81,test,20260903,v0.1,hash_bucket
INS_71EBB8EC43CC,eb04f4c5e8463f1d,CIRCULAR_VRP,small,LOC_E7B504BE8FE9,Patiala,PB,12,5,TRK_017DA12B162E|TRK_A997FC00E0CF|TRK_8C037A0ADC54|TRK_EEB1DE456EE4|TRK_BCC966E673C0,30750.0,156920.0,101655.0,True,True,False,True,"{""circular_bonus"": -1.1, ""distance_km"": 1.0, ""empty_km"": 0.85, ""fuel_inr"": 0.01, ""risk"": 12.0, ""time_min"": 0.35, ""toll_inr"": 0.01}",CST_48011250D4FB,SCN_BASELINE,g1,False,169,train,20260903,v0.1,hash_bucket
INS_7DA770A7722C,b1bdd1db952eb330,CIRCULAR_VRP,medium,LOC_BF1D141289ED,Hoshiarpur,PB,30,13,TRK_017DA12B162E|TRK_A997FC00E0CF|TRK_8C037A0ADC54|TRK_EEB1DE456EE4|TRK_BCC966E673C0|TRK_B6CE07A71D80|TRK_5564246F7906|TRK_5136065E98CA|TRK_E260AFDFB21B|TRK_E9C76BCDE1E1|TRK_FB045E9F7F61|TRK_B7FB75BB3E0A|TRK_4A05F6B9B509,28580.0,392470.0,336020.0,True,True,False,True,"{""circular_bonus"": -1.1, ""distance_km"": 1.0, ""empty_km"": 0.85, ""fuel_inr"": 0.01, ""risk"": 12.0, ""time_min"": 0.35, ""toll_inr"": 0.01}",CST_48011250D4FB,SCN_BASELINE,g1,False,961,train,20260903,v0.1,hash_bucket
INS_FFC6AA6D04FC,d0c08e515218a120,VRPTW,medium,LOC_AB3DB4CE53FF,Gurdaspur,PB,19,5,TRK_017DA12B162E|TRK_A997FC00E0CF|TRK_8C037A0ADC54|TRK_EEB1DE456EE4|TRK_BCC966E673C0,30750.0,156920.0,105005.0,True,True,False,False,"{""circular_bonus"": -1.1, ""distance_km"": 1.0, ""empty_km"": 0.85, ""fuel_inr"": 0.01, ""risk"": 12.0, ""time_min"": 0.35, ""toll_inr"": 0.01}",CST_48011250D4FB,SCN_BASELINE,g1,False,400,validation,20260903,v0.1,hash_bucket
INS_1026941B01B8,7705d4c09e9e790a,VRPTW,small,LOC_D2DDEA75080C,Pathankot,PB,9,6,TRK_017DA12B162E|TRK_A997FC00E0CF|TRK_8C037A0ADC54|TRK_EEB1DE456EE4|TRK_BCC966E673C0|TRK_B6CE07A71D80,30590.0,187510.0,142790.0,True,True,False,False,"{""circular_bonus"": -1.1, ""distance_km"": 1.0, ""empty_km"": 0.85, ""fuel_inr"": 0.01, ""risk"": 12.0, ""time_min"": 0.35, ""toll_inr"": 0.01}",CST_48011250D4FB,SCN_BASELINE,g1,False,100,train,20260903,v0.1,hash_bucket
INS_E9EB33E1A3AB,a4ad3bc3777424a3,VRPTW,medium,LOC_5B344A07BA57,Sangrur,PB,30,12,TRK_017DA12B162E|TRK_A997FC00E0CF|TRK_8C037A0ADC54|TRK_EEB1DE456EE4|TRK_BCC966E673C0|TRK_B6CE07A71D80|TRK_5564246F7906|TRK_5136065E98CA|TRK_E260AFDFB21B|TRK_E9C76BCDE1E1|TRK_FB045E9F7F61|TRK_B7FB75BB3E0A,28840.0,363890.0,323080.0,True,True,False,False,"{""circular_bonus"": -1.1, ""distance_km"": 1.0, ""empty_km"": 0.85, ""fuel_inr"": 0.01, ""risk"": 12.0, ""time_min"": 0.35, ""toll_inr"": 0.01}",CST_48011250D4FB,SCN_BASELINE,g1,False,961,train,20260903,v0.1,hash_bucket
INS_23E0DD7CCD7D,a6addb8d56f65e46,CVRP,medium,LOC_B01B9CC74597,Saharanpur,UP,27,5,TRK_017DA12B162E|TRK_A997FC00E0CF|TRK_8C037A0ADC54|TRK_EEB1DE456EE4|TRK_BCC966E673C0,30750.0,156920.0,116800.0,True,False,False,False,"{""circular_bonus"": -1.1, ""distance_km"": 1.0, ""empty_km"": 0.85, ""fuel_inr"": 0.01, ""risk"": 12.0, ""time_min"": 0.35, ""toll_inr"": 0.01}",CST_48011250D4FB,SCN_BASELINE,g1,False,784,train,20260903,v0.1,hash_bucket
INS_5549CCDE8076,95254f59c773f78c,PDP,medium,LOC_08710C80560B,Moga,PB,26,8,TRK_017DA12B162E|TRK_A997FC00E0CF|TRK_8C037A0ADC54|TRK_EEB1DE456EE4|TRK_BCC966E673C0|TRK_B6CE07A71D80|TRK_5564246F7906|TRK_5136065E98CA,29770.0,247810.0,209590.0,True,True,True,False,"{""circular_bonus"": -1.1, ""distance_km"": 1.0, ""empty_km"": 0.85, ""fuel_inr"": 0.01, ""risk"": 12.0, ""time_min"": 0.35, ""toll_inr"": 0.01}",CST_48011250D4FB,SCN_BASELINE,g1,False,729,train,20260903,v0.1,hash_bucket
INS_EB311D6463FD,1cc3c71386f127fc,PDP,large,LOC_4A5F46E3AFB5,Sitapur,UP,33,11,TRK_017DA12B162E|TRK_A997FC00E0CF|TRK_8C037A0ADC54|TRK_EEB1DE456EE4|TRK_BCC966E673C0|TRK_B6CE07A71D80|TRK_5564246F7906|TRK_5136065E98CA|TRK_E260AFDFB21B|TRK_E9C76BCDE1E1|TRK_FB045E9F7F61,28890.0,335050.0,278340.0,True,True,True,True,"{""circular_bonus"": -1.1, ""distance_km"": 1.0, ""empty_km"": 0.85, ""fuel_inr"": 0.01, ""risk"": 12.0, ""time_min"": 0.35, ""toll_inr"": 0.01}",CST_48011250D4FB,SCN_BASELINE,g1,False,1156,train,20260903,v0.1,hash_bucket
INS_427C6D734FDA,9945e2fbc7e0246d,CIRCULAR_VRP,small,LOC_2ADFB4EFDB06,Kaithal,HR,9,3,TRK_017DA12B162E|TRK_A997FC00E0CF|TRK_8C037A0ADC54,31430.0,94920.0,36170.0,True,True,False,True,"{""circular_bonus"": -1.1, ""distance_km"": 1.0, ""empty_km"": 0.85, ""fuel_inr"": 0.01, ""risk"": 12.0, ""time_min"": 0.35, ""toll_inr"": 0.01}",CST_48011250D4FB,SCN_BASELINE,g1,False,100,train,20260903,v0.1,hash_bucket
INS_E09877267C55,81db9e755e95f841,CIRCULAR_VRP,small,LOC_EBC017604691,Mathura,UP,8,4,TRK_017DA12B162E|TRK_A997FC00E0CF|TRK_8C037A0ADC54|TRK_EEB1DE456EE4,31250.0,126170.0,73290.0,True,True,False,True,"{""circular_bonus"": -1.1, ""distance_km"": 1.0, ""empty_km"": 0.85, ""fuel_inr"": 0.01, ""risk"": 12.0, ""time_min"": 0.35, ""toll_inr"": 0.01}",CST_48011250D4FB,SCN_BASELINE,g1,False,81,test,20260903,v0.1,hash_bucket
INS_A805C88B8B9C,e9c499bef234dfd0,CIRCULAR_VRP,small,LOC_CF209A6CE403,Hapur,UP,13,8,TRK_017DA12B162E|TRK_A997FC00E0CF|TRK_8C037A0ADC54|TRK_EEB1DE456EE4|TRK_BCC966E673C0|TRK_B6CE07A71D80|TRK_5564246F7906|TRK_5136065E98CA,29770.0,247810.0,206430.0,True,True,False,True,"{""circular_bonus"": -1.1, ""distance_km"": 1.0, ""empty_km"": 0.85, ""fuel_inr"": 0.01, ""risk"": 12.0, ""time_min"": 0.35, ""toll_inr"": 0.01}",CST_48011250D4FB,SCN_BASELINE,g1,False,196,train,20260903,v0.1,hash_bucket
INS_A901A2465C82,d50df1d03393b50e,PDP,medium,LOC_487C12AA952A,Jind,HR,26,10,TRK_017DA12B162E|TRK_A997FC00E0CF|TRK_8C037A0ADC54|TRK_EEB1DE456EE4|TRK_BCC966E673C0|TRK_B6CE07A71D80|TRK_5564246F7906|TRK_5136065E98CA|TRK_E260AFDFB21B|TRK_E9C76BCDE1E1,28950.0,306160.0,261060.0,True,False,True,True,"{""circular_bonus"": -1.1, ""distance_km"": 1.0, ""empty_km"": 0.85, ""fuel_inr"": 0.01, ""risk"": 12.0, ""time_min"": 0.35, ""toll_inr"": 0.01}",CST_48011250D4FB,SCN_BASELINE,g1,False,729,test,20260903,v0.1,hash_bucket
INS_50B1F55C8FD3,38d38f5708bf4652,PDP,small,LOC_E96863625035,Shahdara,DL,8,9,TRK_017DA12B162E|TRK_A997FC00E0CF|TRK_8C037A0ADC54|TRK_EEB1DE456EE4|TRK_BCC966E673C0|TRK_B6CE07A71D80|TRK_5564246F7906|TRK_5136065E98CA|TRK_E260AFDFB21B,29400.0,277210.0,240000.0,True,False,True,False,"{""circular_bonus"": -1.1, ""distance_km"": 1.0, ""empty_km"": 0.85, ""fuel_inr"": 0.01, ""risk"": 12.0, ""time_min"": 0.35, ""toll_inr"": 0.01}",CST_48011250D4FB,SCN_BASELINE,g1,False,81,validation,20260903,v0.1,hash_bucket
INS_FFF03874DA54,e2b6bed352df22fe,CIRCULAR_VRP,large,LOC_0B27B307A77E,Panipat,HR,32,12,TRK_017DA12B162E|TRK_A997FC00E0CF|TRK_8C037A0ADC54|TRK_EEB1DE456EE4|TRK_BCC966E673C0|TRK_B6CE07A71D80|TRK_5564246F7906|TRK_5136065E98CA|TRK_E260AFDFB21B|TRK_E9C76BCDE1E1|TRK_FB045E9F7F61|TRK_B7FB75BB3E0A,28840.0,363890.0,311890.0,True,True,False,True,"{""circular_bonus"": -1.1, ""distance_km"": 1.0, ""empty_km"": 0.85, ""fuel_inr"": 0.01, ""risk"": 12.0, ""time_min"": 0.35, ""toll_inr"": 0.01}",CST_48011250D4FB,SCN_BASELINE,g1,False,1089,train,20260903,v0.1,hash_bucket
INS_6F91970CE864,dfaacccca54d1cce,PDP,small,LOC_2011BC2FE7BD,Fazilka,PB,9,5,TRK_017DA12B162E|TRK_A997FC00E0CF|TRK_8C037A0ADC54|TRK_EEB1DE456EE4|TRK_BCC966E673C0,30750.0,156920.0,117470.0,True,False,True,False,"{""circular_bonus"": -1.1, ""distance_km"": 1.0, ""empty_km"": 0.85, ""fuel_inr"": 0.01, ""risk"": 12.0, ""time_min"": 0.35, ""toll_inr"": 0.01}",CST_48011250D4FB,SCN_BASELINE,g1,False,100,train,20260903,v0.1,hash_bucket
INS_DAC6D3C8D0F9,1511cb33deaedfb8,CIRCULAR_VRP,small,LOC_BACB2642B5AD,Kurukshetra,HR,13,5,TRK_017DA12B162E|TRK_A997FC00E0CF|TRK_8C037A0ADC54|TRK_EEB1DE456EE4|TRK_BCC966E673C0,30750.0,156920.0,113230.0,True,True,False,True,"{""circular_bonus"": -1.1, ""distance_km"": 1.0, ""empty_km"": 0.85, ""fuel_inr"": 0.01, ""risk"": 12.0, ""time_min"": 0.35, ""toll_inr"": 0.01}",CST_48011250D4FB,SCN_BASELINE,g1,False,196,test,20260903,v0.1,hash_bucket
INS_C8B2AE492412,e3a3efb7f5df3878,VRPTW,small,LOC_03F06DD41C28,Malerkotla,PB,10,3,TRK_FFF0E16B86EA|TRK_4F30A739ED08|TRK_07C89818BEEF,8170.0,45390.0,35040.0,True,True,False,False,"{""circular_bonus"": -1.1, ""distance_km"": 1.0, ""empty_km"": 0.85, ""fuel_inr"": 0.01, ""risk"": 12.0, ""time_min"": 0.35, ""toll_inr"": 0.01}",CST_48011250D4FB,SCN_BASELINE,g1,False,121,train,20260903,v0.1,hash_bucket
INS_9A5F315D15AF,38d38f5708bf4652,PDP,medium,LOC_E96863625035,Shahdara,DL,8,9,TRK_017DA12B162E|TRK_A997FC00E0CF|TRK_8C037A0ADC54|TRK_EEB1DE456EE4|TRK_BCC966E673C0|TRK_B6CE07A71D80|TRK_5564246F7906|TRK_5136065E98CA|TRK_E260AFDFB21B,29400.0,277210.0,240000.0,True,False,True,True,"{""circular_bonus"": -1.1, ""distance_km"": 1.0, ""empty_km"": 0.85, ""fuel_inr"": 0.01, ""risk"": 12.0, ""time_min"": 0.35, ""toll_inr"": 0.01}",CST_48011250D4FB,SCN_BASELINE,g1,False,81,validation,20260903,v0.1,hash_bucket
INS_DDADA303F96C,df4a66e4140c582d,CVRP,small,LOC_5775AEDC7A87,Kanpur Nagar,UP,10,5,TRK_017DA12B162E|TRK_A997FC00E0CF|TRK_8C037A0ADC54|TRK_EEB1DE456EE4|TRK_BCC966E673C0,30750.0,156920.0,108700.0,True,False,False,False,"{""circular_bonus"": -1.1, ""distance_km"": 1.0, ""empty_km"": 0.85, ""fuel_inr"": 0.01, ""risk"": 12.0, ""time_min"": 0.35, ""toll_inr"": 0.01}",CST_48011250D4FB,SCN_BASELINE,g1,False,121,train,20260903,v0.1,hash_bucket
INS_07CE7D186411,6a1bff67f39e512a,PDP,medium,LOC_B890897F9CCC,Kapurthala,PB,15,5,TRK_017DA12B162E|TRK_A997FC00E0CF|TRK_8C037A0ADC54|TRK_EEB1DE456EE4|TRK_BCC966E673C0,30750.0,156920.0,102720.0,True,False,True,False,"{""circular_bonus"": -1.1, ""distance_km"": 1.0, ""empty_km"": 0.85, ""fuel_inr"": 0.01, ""risk"": 12.0, ""time_min"": 0.35, ""toll_inr"": 0.01}",CST_48011250D4FB,SCN_BASELINE,g1,False,256,validation,20260903,v0.1,hash_bucket
INS_FDC36E43D86E,97a1346a5795c98f,PDP,large,LOC_F20DB0F2A327,Gurugram,HR,40,16,TRK_017DA12B162E|TRK_A997FC00E0CF|TRK_8C037A0ADC54|TRK_EEB1DE456EE4|TRK_BCC966E673C0|TRK_B6CE07A71D80|TRK_5564246F7906|TRK_5136065E98CA|TRK_E260AFDFB21B|TRK_E9C76BCDE1E1|TRK_FB045E9F7F61|TRK_B7FB75BB3E0A|TRK_4A05F6B9B509|TRK_1C8C798F44C5|TRK_8DC7FD5FF93A|TRK_7A91F5198B53,27170.0,475340.0,420580.0,True,True,True,True,"{""circular_bonus"": -1.1, ""distance_km"": 1.0, ""empty_km"": 0.85, ""fuel_inr"": 0.01, ""risk"": 12.0, ""time_min"": 0.35, ""toll_inr"": 0.01}",CST_48011250D4FB,SCN_BASELINE,g1,False,1681,train,20260903,v0.1,hash_bucket
INS_EE52A9D79AAB,4ca6d785fe5244a7,PDP,medium,LOC_165F0D721F3E,Jalandhar,PB,26,8,TRK_017DA12B162E|TRK_A997FC00E0CF|TRK_8C037A0ADC54|TRK_EEB1DE456EE4|TRK_BCC966E673C0|TRK_B6CE07A71D80|TRK_5564246F7906|TRK_5136065E98CA,29770.0,247810.0,211280.0,True,False,True,True,"{""circular_bonus"": -1.1, ""distance_km"": 1.0, ""empty_km"": 0.85, ""fuel_inr"": 0.01, ""risk"": 12.0, ""time_min"": 0.35, ""toll_inr"": 0.01}",CST_48011250D4FB,SCN_BASELINE,g1,False,729,train,20260903,v0.1,hash_bucket
INS_28C279CCCDA6,162239d37265ee2e,PDP,small,LOC_ED9C60D04FC0,SAS Nagar,PB,14,6,TRK_7A91F5198B53|TRK_BEE1B756CA92|TRK_866E87497CC2|TRK_7404AB9A5D0C|TRK_CC5E9F699FD3|TRK_8CABBE59C7B3,10360.0,101410.0,85380.0,True,True,True,True,"{""circular_bonus"": -1.1, ""distance_km"": 1.0, ""empty_km"": 0.85, ""fuel_inr"": 0.01, ""risk"": 12.0, ""time_min"": 0.35, ""toll_inr"": 0.01}",CST_48011250D4FB,SCN_BASELINE,g1,False,225,validation,20260903,v0.1,hash_bucket
INS_FC414ECD4A36,864f2b950efa7ce6,CIRCULAR_VRP,large,LOC_B01B9CC74597,Saharanpur,UP,32,9,TRK_017DA12B162E|TRK_A997FC00E0CF|TRK_8C037A0ADC54|TRK_EEB1DE456EE4|TRK_BCC966E673C0|TRK_B6CE07A71D80|TRK_5564246F7906|TRK_5136065E98CA|TRK_E260AFDFB21B,29400.0,277210.0,234860.0,True,True,False,True,"{""circular_bonus"": -1.1, ""distance_km"": 1.0, ""empty_km"": 0.85, ""fuel_inr"": 0.01, ""risk"": 12.0, ""time_min"": 0.35, ""toll_inr"": 0.01}",CST_48011250D4FB,SCN_BASELINE,g1,False,1089,train,20260903,v0.1,hash_bucket
INS_A2FAEDB9C906,13b3515f49dbeec1,PDP,medium,LOC_08E25919DCC7,Kanpur Dehat,UP,23,6,TRK_017DA12B162E|TRK_A997FC00E0CF|TRK_8C037A0ADC54|TRK_EEB1DE456EE4|TRK_BCC966E673C0|TRK_B6CE07A71D80,30590.0,187510.0,154510.0,True,True,True,True,"{""circular_bonus"": -1.1, ""distance_km"": 1.0, ""empty_km"": 0.85, ""fuel_inr"": 0.01, ""risk"": 12.0, ""time_min"": 0.35, ""toll_inr"": 0.01}",CST_48011250D4FB,SCN_BASELINE,g1,False,576,train,20260903,v0.1,hash_bucket
INS_DC7C34F8B8C9,3c27e767e33fd6e3,PDP,medium,LOC_C90487F88BAC,Muktsar,PB,27,10,TRK_017DA12B162E|TRK_A997FC00E0CF|TRK_8C037A0ADC54|TRK_EEB1DE456EE4|TRK_BCC966E673C0|TRK_B6CE07A71D80|TRK_5564246F7906|TRK_5136065E98CA|TRK_E260AFDFB21B|TRK_E9C76BCDE1E1,28950.0,306160.0,262390.0,True,False,True,False,"{""circular_bonus"": -1.1, ""distance_km"": 1.0, ""empty_km"": 0.85, ""fuel_inr"": 0.01, ""risk"": 12.0, ""time_min"": 0.35, ""toll_inr"": 0.01}",CST_48011250D4FB,SCN_BASELINE,g1,False,784,train,20260903,v0.1,hash_bucket
INS_0B0635617E55,401147162a92d799,PDP,small,LOC_36B5B5F31C8D,Varanasi,UP,11,14,TRK_EEB1DE456EE4|TRK_2EC9632BD23F|TRK_4B9B485B6A6B|TRK_F129A970A76F|TRK_6F7B962D8029|TRK_493D005A7980|TRK_1ADF63AC033E|TRK_8E966DCB684A|TRK_21A36B979651|TRK_8786EA160AA6|TRK_40B5303313DE|TRK_C83D46088374|TRK_5C7FAD79866D|TRK_EE305F995190,830.0,119070.0,118280.0,True,False,True,False,"{""circular_bonus"": -1.1, ""distance_km"": 1.0, ""empty_km"": 0.85, ""fuel_inr"": 0.01, ""risk"": 12.0, ""time_min"": 0.35, ""toll_inr"": 0.01}",CST_48011250D4FB,SCN_BASELINE,g1,False,144,train,20260903,v0.1,hash_bucket
INS_6DE6B6DE2DB4,0eb2927c81862359,PDP,medium,LOC_AD745A3946E4,Unnao,UP,27,7,TRK_017DA12B162E|TRK_A997FC00E0CF|TRK_8C037A0ADC54|TRK_EEB1DE456EE4|TRK_BCC966E673C0|TRK_B6CE07A71D80|TRK_5564246F7906,30530.0,218040.0,179390.0,True,False,True,True,"{""circular_bonus"": -1.1, ""distance_km"": 1.0, ""empty_km"": 0.85, ""fuel_inr"": 0.01, ""risk"": 12.0, ""time_min"": 0.35, ""toll_inr"": 0.01}",CST_48011250D4FB,SCN_BASELINE,g1,False,784,train,20260903,v0.1,hash_bucket
INS_9D622512D1CC,7f9122563027c065,VRPTW,large,LOC_AC684A297AD1,Bareilly,UP,40,14,TRK_017DA12B162E|TRK_A997FC00E0CF|TRK_8C037A0ADC54|TRK_EEB1DE456EE4|TRK_BCC966E673C0|TRK_B6CE07A71D80|TRK_5564246F7906|TRK_5136065E98CA|TRK_E260AFDFB21B|TRK_E9C76BCDE1E1|TRK_FB045E9F7F61|TRK_B7FB75BB3E0A|TRK_4A05F6B9B509|TRK_1C8C798F44C5,27990.0,420460.0,390090.0,True,True,False,False,"{""circular_bonus"": -1.1, ""distance_km"": 1.0, ""empty_km"": 0.85, ""fuel_inr"": 0.01, ""risk"": 12.0, ""time_min"": 0.35, ""toll_inr"": 0.01}",CST_48011250D4FB,SCN_BASELINE,g1,False,1681,train,20260903,v0.1,hash_bucket
INS_5498FB61FC73,fddc47771bdff4bb,PDP,small,LOC_21F591BF08EC,West Delhi,DL,4,8,TRK_D5734C94CA97|TRK_0DB792D95BC8|TRK_CE161697CB0F|TRK_B4E942FB3E8F|TRK_547C0929AFCE|TRK_3D378E8843DC|TRK_57C748EE92F0|TRK_38CCD92D5770,6550.0,95530.0,83560.0,True,False,True,True,"{""circular_bonus"": -1.1, ""distance_km"": 1.0, ""empty_km"": 0.85, ""fuel_inr"": 0.01, ""risk"": 12.0, ""time_min"": 0.35, ""toll_inr"": 0.01}",CST_48011250D4FB,SCN_BASELINE,g1,False,25,train,20260903,v0.1,hash_bucket
INS_8861B334F48A,45a56ded34d4f895,PDP,medium,LOC_0D7AAF851D69,Tarn Taran,PB,25,8,TRK_017DA12B162E|TRK_A997FC00E0CF|TRK_8C037A0ADC54|TRK_EEB1DE456EE4|TRK_BCC966E673C0|TRK_B6CE07A71D80|TRK_5564246F7906|TRK_5136065E98CA,29770.0,247810.0,203190.0,True,False,True,False,"{""circular_bonus"": -1.1, ""distance_km"": 1.0, ""empty_km"": 0.85, ""fuel_inr"": 0.01, ""risk"": 12.0, ""time_min"": 0.35, ""toll_inr"": 0.01}",CST_48011250D4FB,SCN_BASELINE,g1,False,676,train,20260903,v0.1,hash_bucket
INS_C97D01C882D8,f008d8cbd3638c8b,VRPTW,medium,LOC_C6AB43142BDB,Faridkot,PB,22,7,TRK_017DA12B162E|TRK_A997FC00E0CF|TRK_8C037A0ADC54|TRK_EEB1DE456EE4|TRK_BCC966E673C0|TRK_B6CE07A71D80|TRK_5564246F7906,30530.0,218040.0,187250.0,True,True,False,False,"{""circular_bonus"": -1.1, ""distance_km"": 1.0, ""empty_km"": 0.85, ""fuel_inr"": 0.01, ""risk"": 12.0, ""time_min"": 0.35, ""toll_inr"": 0.01}",CST_48011250D4FB,SCN_BASELINE,g1,False,529,train,20260903,v0.1,hash_bucket
INS_0F8A6D7650D3,64906f9f4ec685a3,CVRP,large,LOC_9F3A877025DA,Shahjahanpur,UP,41,7,TRK_017DA12B162E|TRK_A997FC00E0CF|TRK_8C037A0ADC54|TRK_EEB1DE456EE4|TRK_BCC966E673C0|TRK_B6CE07A71D80|TRK_5564246F7906,30530.0,218040.0,185620.0,True,False,False,False,"{""circular_bonus"": -1.1, ""distance_km"": 1.0, ""empty_km"": 0.85, ""fuel_inr"": 0.01, ""risk"": 12.0, ""time_min"": 0.35, ""toll_inr"": 0.01}",CST_48011250D4FB,SCN_BASELINE,g1,False,1764,train,20260903,v0.1,hash_bucket
INS_129635D6D428,2e7758869f3507b6,CVRP,large,LOC_2E423964E639,Agra,UP,48,16,TRK_017DA12B162E|TRK_A997FC00E0CF|TRK_8C037A0ADC54|TRK_EEB1DE456EE4|TRK_BCC966E673C0|TRK_B6CE07A71D80|TRK_5564246F7906|TRK_5136065E98CA|TRK_E260AFDFB21B|TRK_E9C76BCDE1E1|TRK_FB045E9F7F61|TRK_B7FB75BB3E0A|TRK_4A05F6B9B509|TRK_1C8C798F44C5|TRK_8DC7FD5FF93A|TRK_7A91F5198B53,27170.0,475340.0,427160.0,True,False,False,False,"{""circular_bonus"": -1.1, ""distance_km"": 1.0, ""empty_km"": 0.85, ""fuel_inr"": 0.01, ""risk"": 12.0, ""time_min"": 0.35, ""toll_inr"": 0.01}",CST_48011250D4FB,SCN_BASELINE,g1,False,2401,train,20260903,v0.1,hash_bucket
INS_893CABD64BBB,b4214cfe45b4ade7,CVRP,small,LOC_6B9FA168B682,Firozabad,UP,8,5,TRK_017DA12B162E|TRK_A997FC00E0CF|TRK_8C037A0ADC54|TRK_EEB1DE456EE4|TRK_BCC966E673C0,30750.0,156920.0,115150.0,True,False,False,False,"{""circular_bonus"": -1.1, ""distance_km"": 1.0, ""empty_km"": 0.85, ""fuel_inr"": 0.01, ""risk"": 12.0, ""time_min"": 0.35, ""toll_inr"": 0.01}",CST_48011250D4FB,SCN_BASELINE,g1,False,81,train,20260903,v0.1,hash_bucket
INS_5A6D36712CD4,31ebabf558105fea,VRPTW,small,LOC_165F0D721F3E,Jalandhar,PB,12,5,TRK_017DA12B162E|TRK_A997FC00E0CF|TRK_8C037A0ADC54|TRK_EEB1DE456EE4|TRK_BCC966E673C0,30750.0,156920.0,118420.0,True,True,False,False,"{""circular_bonus"": -1.1, ""distance_km"": 1.0, ""empty_km"": 0.85, ""fuel_inr"": 0.01, ""risk"": 12.0, ""time_min"": 0.35, ""toll_inr"": 0.01}",CST_48011250D4FB,SCN_BASELINE,g1,False,169,train,20260903,v0.1,hash_bucket
INS_64E3FA4BD1C8,39aff721019888e5,CVRP,small,LOC_2011BC2FE7BD,Fazilka,PB,9,4,TRK_017DA12B162E|TRK_A997FC00E0CF|TRK_8C037A0ADC54|TRK_EEB1DE456EE4,31250.0,126170.0,69340.0,True,False,False,False,"{""circular_bonus"": -1.1, ""distance_km"": 1.0, ""empty_km"": 0.85, ""fuel_inr"": 0.01, ""risk"": 12.0, ""time_min"": 0.35, ""toll_inr"": 0.01}",CST_48011250D4FB,SCN_BASELINE,g1,False,100,train,20260903,v0.1,hash_bucket
INS_7FB670E5E87D,1ddbdc2e0c568758,CIRCULAR_VRP,small,LOC_EE8F1CF00ECF,Bhiwani,HR,10,6,TRK_017DA12B162E|TRK_A997FC00E0CF|TRK_8C037A0ADC54|TRK_EEB1DE456EE4|TRK_BCC966E673C0|TRK_B6CE07A71D80,30590.0,187510.0,149780.0,True,False,False,True,"{""circular_bonus"": -1.1, ""distance_km"": 1.0, ""empty_km"": 0.85, ""fuel_inr"": 0.01, ""risk"": 12.0, ""time_min"": 0.35, ""toll_inr"": 0.01}",CST_48011250D4FB,SCN_BASELINE,g1,False,121,train,20260903,v0.1,hash_bucket
INS_5BBAF59ECE2A,76da4da54be04d61,PDP,small,LOC_8F3BDE96C1C3,Rampur,UP,10,3,TRK_5136065E98CA|TRK_01E66002417B|TRK_5A00116C5568,2470.0,46640.0,32430.0,True,True,True,False,"{""circular_bonus"": -1.1, ""distance_km"": 1.0, ""empty_km"": 0.85, ""fuel_inr"": 0.01, ""risk"": 12.0, ""time_min"": 0.35, ""toll_inr"": 0.01}",CST_48011250D4FB,SCN_BASELINE,g1,False,121,train,20260903,v0.1,hash_bucket
INS_96DF77262EA1,de6c3b1bf7c998f1,VRPTW,medium,LOC_5AA457C919DB,Ludhiana,PB,30,10,TRK_017DA12B162E|TRK_A997FC00E0CF|TRK_8C037A0ADC54|TRK_EEB1DE456EE4|TRK_BCC966E673C0|TRK_B6CE07A71D80|TRK_5564246F7906|TRK_5136065E98CA|TRK_E260AFDFB21B|TRK_E9C76BCDE1E1,28950.0,306160.0,270590.0,True,True,False,False,"{""circular_bonus"": -1.1, ""distance_km"": 1.0, ""empty_km"": 0.85, ""fuel_inr"": 0.01, ""risk"": 12.0, ""time_min"": 0.35, ""toll_inr"": 0.01}",CST_48011250D4FB,SCN_BASELINE,g1,False,961,train,20260903,v0.1,hash_bucket
INS_7553F7263E30,c1e4b737066417a0,CVRP,medium,LOC_2E9E391564C2,Sonipat,HR,28,11,TRK_017DA12B162E|TRK_A997FC00E0CF|TRK_8C037A0ADC54|TRK_EEB1DE456EE4|TRK_BCC966E673C0|TRK_B6CE07A71D80|TRK_5564246F7906|TRK_5136065E98CA|TRK_E260AFDFB21B|TRK_E9C76BCDE1E1|TRK_FB045E9F7F61,28890.0,335050.0,281900.0,True,False,False,False,"{""circular_bonus"": -1.1, ""distance_km"": 1.0, ""empty_km"": 0.85, ""fuel_inr"": 0.01, ""risk"": 12.0, ""time_min"": 0.35, ""toll_inr"": 0.01}",CST_48011250D4FB,SCN_BASELINE,g1,False,841,train,20260903,v0.1,hash_bucket
INS_6974E33C0EA5,7da3abf6e03604fa,VRPTW,medium,LOC_1FB47BF8FFEB,Bulandshahr,UP,23,7,TRK_017DA12B162E|TRK_A997FC00E0CF|TRK_8C037A0ADC54|TRK_EEB1DE456EE4|TRK_BCC966E673C0|TRK_B6CE07A71D80|TRK_5564246F7906,30530.0,218040.0,175580.0,True,True,False,False,"{""circular_bonus"": -1.1, ""distance_km"": 1.0, ""empty_km"": 0.85, ""fuel_inr"": 0.01, ""risk"": 12.0, ""time_min"": 0.35, ""toll_inr"": 0.01}",CST_48011250D4FB,SCN_BASELINE,g1,False,576,test,20260903,v0.1,holdout_district
INS_CDD96730C807,7eb2f2bb93983c97,CVRP,large,LOC_D2DDEA75080C,Pathankot,PB,57,23,TRK_017DA12B162E|TRK_A997FC00E0CF|TRK_8C037A0ADC54|TRK_EEB1DE456EE4|TRK_BCC966E673C0|TRK_B6CE07A71D80|TRK_5564246F7906|TRK_5136065E98CA|TRK_E260AFDFB21B|TRK_E9C76BCDE1E1|TRK_FB045E9F7F61|TRK_B7FB75BB3E0A|TRK_4A05F6B9B509|TRK_1C8C798F44C5|TRK_8DC7FD5FF93A|TRK_7A91F5198B53|TRK_BEE1B756CA92|TRK_0331FB7CD37E|TRK_EEA8DB00B33D|TRK_3A519CFB8F0F|TRK_8C842CC0A407|TRK_1A09343A6FAC|TRK_3F175C42FEAA,25290.0,658660.0,617450.0,True,False,False,False,"{""circular_bonus"": -1.1, ""distance_km"": 1.0, ""empty_km"": 0.85, ""fuel_inr"": 0.01, ""risk"": 12.0, ""time_min"": 0.35, ""toll_inr"": 0.01}",CST_48011250D4FB,SCN_BASELINE,g1,False,3364,train,20260903,v0.1,hash_bucket
INS_DE9C0964F5A5,eef5ed2548e55009,VRPTW,large,LOC_2E423964E639,Agra,UP,31,16,TRK_017DA12B162E|TRK_A997FC00E0CF|TRK_8C037A0ADC54|TRK_EEB1DE456EE4|TRK_BCC966E673C0|TRK_B6CE07A71D80|TRK_5564246F7906|TRK_5136065E98CA|TRK_E260AFDFB21B|TRK_E9C76BCDE1E1|TRK_FB045E9F7F61|TRK_B7FB75BB3E0A|TRK_4A05F6B9B509|TRK_1C8C798F44C5|TRK_8DC7FD5FF93A|TRK_7A91F5198B53,27170.0,475340.0,427630.0,True,True,False,False,"{""circular_bonus"": -1.1, ""distance_km"": 1.0, ""empty_km"": 0.85, ""fuel_inr"": 0.01, ""risk"": 12.0, ""time_min"": 0.35, ""toll_inr"": 0.01}",CST_48011250D4FB,SCN_BASELINE,g1,False,1024,train,20260903,v0.1,hash_bucket
INS_0744E3F727D5,41cd5cf8c23b5691,PDP,large,LOC_6B9FA168B682,Firozabad,UP,58,23,TRK_017DA12B162E|TRK_A997FC00E0CF|TRK_8C037A0ADC54|TRK_EEB1DE456EE4|TRK_BCC966E673C0|TRK_B6CE07A71D80|TRK_5564246F7906|TRK_5136065E98CA|TRK_E260AFDFB21B|TRK_E9C76BCDE1E1|TRK_FB045E9F7F61|TRK_B7FB75BB3E0A|TRK_4A05F6B9B509|TRK_1C8C798F44C5|TRK_8DC7FD5FF93A|TRK_7A91F5198B53|TRK_BEE1B756CA92|TRK_0331FB7CD37E|TRK_EEA8DB00B33D|TRK_3A519CFB8F0F|TRK_8C842CC0A407|TRK_1A09343A6FAC|TRK_3F175C42FEAA,25290.0,658660.0,614970.0,True,True,True,True,"{""circular_bonus"": -1.1, ""distance_km"": 1.0, ""empty_km"": 0.85, ""fuel_inr"": 0.01, ""risk"": 12.0, ""time_min"": 0.35, ""toll_inr"": 0.01}",CST_48011250D4FB,SCN_BASELINE,g1,False,3481,validation,20260903,v0.1,hash_bucket
INS_F76D5CE65390,5e7ffb16de672ced,CIRCULAR_VRP,small,LOC_B890897F9CCC,Kapurthala,PB,10,6,TRK_017DA12B162E|TRK_A997FC00E0CF|TRK_8C037A0ADC54|TRK_EEB1DE456EE4|TRK_BCC966E673C0|TRK_B6CE07A71D80,30590.0,187510.0,149510.0,True,False,False,True,"{""circular_bonus"": -1.1, ""distance_km"": 1.0, ""empty_km"": 0.85, ""fuel_inr"": 0.01, ""risk"": 12.0, ""time_min"": 0.35, ""toll_inr"": 0.01}",CST_48011250D4FB,SCN_BASELINE,g1,False,121,train,20260903,v0.1,hash_bucket
INS_DF8169C976F8,e815b849c539c27c,PDP,medium,LOC_CF065FE8EBAB,Gautam Buddha Nagar,UP,29,22,TRK_017DA12B162E|TRK_A997FC00E0CF|TRK_8C037A0ADC54|TRK_EEB1DE456EE4|TRK_BCC966E673C0|TRK_B6CE07A71D80|TRK_5564246F7906|TRK_5136065E98CA|TRK_E260AFDFB21B|TRK_E9C76BCDE1E1|TRK_FB045E9F7F61|TRK_B7FB75BB3E0A|TRK_4A05F6B9B509|TRK_1C8C798F44C5|TRK_8DC7FD5FF93A|TRK_7A91F5198B53|TRK_BEE1B756CA92|TRK_0331FB7CD37E|TRK_EEA8DB00B33D|TRK_3A519CFB8F0F|TRK_8C842CC0A407|TRK_1A09343A6FAC,25770.0,633370.0,599680.0,True,True,True,False,"{""circular_bonus"": -1.1, ""distance_km"": 1.0, ""empty_km"": 0.85, ""fuel_inr"": 0.01, ""risk"": 12.0, ""time_min"": 0.35, ""toll_inr"": 0.01}",CST_48011250D4FB,SCN_BASELINE,g1,False,900,validation,20260903,v0.1,hash_bucket
INS_DEF290122A3D,e7101909a76cd1ca,PDP,small,LOC_C58F1767A842,Barnala,PB,9,4,TRK_017DA12B162E|TRK_A997FC00E0CF|TRK_8C037A0ADC54|TRK_EEB1DE456EE4,31250.0,126170.0,65160.0,True,True,True,True,"{""circular_bonus"": -1.1, ""distance_km"": 1.0, ""empty_km"": 0.85, ""fuel_inr"": 0.01, ""risk"": 12.0, ""time_min"": 0.35, ""toll_inr"": 0.01}",CST_48011250D4FB,SCN_BASELINE,g1,False,100,train,20260903,v0.1,hash_bucket
INS_2918FEB699C4,3e07a45616391a05,PDP,small,LOC_AC684A297AD1,Bareilly,UP,11,5,TRK_017DA12B162E|TRK_A997FC00E0CF|TRK_8C037A0ADC54|TRK_EEB1DE456EE4|TRK_BCC966E673C0,30750.0,156920.0,116310.0,True,True,True,False,"{""circular_bonus"": -1.1, ""distance_km"": 1.0, ""empty_km"": 0.85, ""fuel_inr"": 0.01, ""risk"": 12.0, ""time_min"": 0.35, ""toll_inr"": 0.01}",CST_48011250D4FB,SCN_BASELINE,g1,False,144,train,20260903,v0.1,hash_bucket
INS_50B06965A2E8,7603eda5224e967c,CIRCULAR_VRP,medium,LOC_AFF866260256,Moradabad,UP,19,5,TRK_017DA12B162E|TRK_A997FC00E0CF|TRK_8C037A0ADC54|TRK_EEB1DE456EE4|TRK_BCC966E673C0,30750.0,156920.0,115480.0,True,False,False,True,"{""circular_bonus"": -1.1, ""distance_km"": 1.0, ""empty_km"": 0.85, ""fuel_inr"": 0.01, ""risk"": 12.0, ""time_min"": 0.35, ""toll_inr"": 0.01}",CST_48011250D4FB,SCN_BASELINE,g1,False,400,train,20260903,v0.1,hash_bucket
INS_5ABE991AD666,e9a531a0c34ef11c,VRPTW,small,LOC_796345940EEC,Budaun,UP,8,4,TRK_017DA12B162E|TRK_A997FC00E0CF|TRK_8C037A0ADC54|TRK_EEB1DE456EE4,31250.0,126170.0,87700.0,True,True,False,False,"{""circular_bonus"": -1.1, ""distance_km"": 1.0, ""empty_km"": 0.85, ""fuel_inr"": 0.01, ""risk"": 12.0, ""time_min"": 0.35, ""toll_inr"": 0.01}",CST_48011250D4FB,SCN_BASELINE,g1,False,81,validation,20260903,v0.1,hash_bucket
INS_B75BCB98AEEB,0bc81ac55a719be0,VRPTW,small,LOC_190E748F376B,Barabanki,UP,9,4,TRK_017DA12B162E|TRK_A997FC00E0CF|TRK_8C037A0ADC54|TRK_EEB1DE456EE4,31250.0,126170.0,89180.0,True,True,False,False,"{""circular_bonus"": -1.1, ""distance_km"": 1.0, ""empty_km"": 0.85, ""fuel_inr"": 0.01, ""risk"": 12.0, ""time_min"": 0.35, ""toll_inr"": 0.01}",CST_48011250D4FB,SCN_BASELINE,g1,False,100,validation,20260903,v0.1,hash_bucket
INS_5D47AE8E4864,b4c6b4de98b933c1,VRPTW,small,LOC_45C74FBD7B6F,Mansa,PB,11,4,TRK_017DA12B162E|TRK_A997FC00E0CF|TRK_8C037A0ADC54|TRK_EEB1DE456EE4,31250.0,126170.0,70000.0,True,True,False,False,"{""circular_bonus"": -1.1, ""distance_km"": 1.0, ""empty_km"": 0.85, ""fuel_inr"": 0.01, ""risk"": 12.0, ""time_min"": 0.35, ""toll_inr"": 0.01}",CST_48011250D4FB,SCN_BASELINE,g1,False,144,train,20260903,v0.1,hash_bucket
INS_37A5FF485F96,6aa08a5ae2cd1251,CVRP,large,LOC_B9CDAEAD5C72,Mainpuri,UP,32,10,TRK_017DA12B162E|TRK_A997FC00E0CF|TRK_8C037A0ADC54|TRK_EEB1DE456EE4|TRK_BCC966E673C0|TRK_B6CE07A71D80|TRK_5564246F7906|TRK_5136065E98CA|TRK_E260AFDFB21B|TRK_E9C76BCDE1E1,28950.0,306160.0,266590.0,True,False,False,False,"{""circular_bonus"": -1.1, ""distance_km"": 1.0, ""empty_km"": 0.85, ""fuel_inr"": 0.01, ""risk"": 12.0, ""time_min"": 0.35, ""toll_inr"": 0.01}",CST_48011250D4FB,SCN_BASELINE,g1,False,1089,train,20260903,v0.1,hash_bucket
INS_EC696D246EBC,6a2a135601e57d6a,PDP,large,LOC_2275B2D35F85,Palwal,HR,49,12,TRK_017DA12B162E|TRK_A997FC00E0CF|TRK_8C037A0ADC54|TRK_EEB1DE456EE4|TRK_BCC966E673C0|TRK_B6CE07A71D80|TRK_5564246F7906|TRK_5136065E98CA|TRK_E260AFDFB21B|TRK_E9C76BCDE1E1|TRK_FB045E9F7F61|TRK_B7FB75BB3E0A,28840.0,363890.0,306530.0,True,False,True,False,"{""circular_bonus"": -1.1, ""distance_km"": 1.0, ""empty_km"": 0.85, ""fuel_inr"": 0.01, ""risk"": 12.0, ""time_min"": 0.35, ""toll_inr"": 0.01}",CST_48011250D4FB,SCN_BASELINE,g1,False,2500,train,20260903,v0.1,hash_bucket
INS_ED167E8B3803,57cc5b904817958f,PDP,large,LOC_AA53E75D54A9,Etah,UP,44,15,TRK_017DA12B162E|TRK_A997FC00E0CF|TRK_8C037A0ADC54|TRK_EEB1DE456EE4|TRK_BCC966E673C0|TRK_B6CE07A71D80|TRK_5564246F7906|TRK_5136065E98CA|TRK_E260AFDFB21B|TRK_E9C76BCDE1E1|TRK_FB045E9F7F61|TRK_B7FB75BB3E0A|TRK_4A05F6B9B509|TRK_1C8C798F44C5|TRK_8DC7FD5FF93A,27710.0,448170.0,413070.0,True,True,True,False,"{""circular_bonus"": -1.1, ""distance_km"": 1.0, ""empty_km"": 0.85, ""fuel_inr"": 0.01, ""risk"": 12.0, ""time_min"": 0.35, ""toll_inr"": 0.01}",CST_48011250D4FB,SCN_BASELINE,g1,False,2025,train,20260903,v0.1,hash_bucket
INS_DB98C0AC6972,eeec8a01c9518749,CIRCULAR_VRP,large,LOC_190E748F376B,Barabanki,UP,39,14,TRK_017DA12B162E|TRK_A997FC00E0CF|TRK_8C037A0ADC54|TRK_EEB1DE456EE4|TRK_BCC966E673C0|TRK_B6CE07A71D80|TRK_5564246F7906|TRK_5136065E98CA|TRK_E260AFDFB21B|TRK_E9C76BCDE1E1|TRK_FB045E9F7F61|TRK_B7FB75BB3E0A|TRK_4A05F6B9B509|TRK_1C8C798F44C5,27990.0,420460.0,374485.0,True,True,False,True,"{""circular_bonus"": -1.1, ""distance_km"": 1.0, ""empty_km"": 0.85, ""fuel_inr"": 0.01, ""risk"": 12.0, ""time_min"": 0.35, ""toll_inr"": 0.01}",CST_48011250D4FB,SCN_BASELINE,g1,False,1600,train,20260903,v0.1,hash_bucket
INS_10E8418B6F5F,bad6ac130e807a8d,CIRCULAR_VRP,small,LOC_D2DDEA75080C,Pathankot,PB,12,4,TRK_017DA12B162E|TRK_A997FC00E0CF|TRK_8C037A0ADC54|TRK_EEB1DE456EE4,31250.0,126170.0,84930.0,True,True,False,True,"{""circular_bonus"": -1.1, ""distance_km"": 1.0, ""empty_km"": 0.85, ""fuel_inr"": 0.01, ""risk"": 12.0, ""time_min"": 0.35, ""toll_inr"": 0.01}",CST_48011250D4FB,SCN_BASELINE,g1,False,169,validation,20260903,v0.1,hash_bucket
INS_9B85FB7279F7,ad61536ab5aac810,CIRCULAR_VRP,medium,LOC_6B9FA168B682,Firozabad,UP,23,10,TRK_017DA12B162E|TRK_A997FC00E0CF|TRK_8C037A0ADC54|TRK_EEB1DE456EE4|TRK_BCC966E673C0|TRK_B6CE07A71D80|TRK_5564246F7906|TRK_5136065E98CA|TRK_E260AFDFB21B|TRK_E9C76BCDE1E1,28950.0,306160.0,250580.0,True,False,False,True,"{""circular_bonus"": -1.1, ""distance_km"": 1.0, ""empty_km"": 0.85, ""fuel_inr"": 0.01, ""risk"": 12.0, ""time_min"": 0.35, ""toll_inr"": 0.01}",CST_48011250D4FB,SCN_BASELINE,g1,False,576,test,20260903,v0.1,hash_bucket
INS_1E5BECA6A41F,c7f0816ce51cf5e6,PDP,medium,LOC_7CE3D43FF63F,Ambala,HR,19,7,TRK_017DA12B162E|TRK_A997FC00E0CF|TRK_8C037A0ADC54|TRK_EEB1DE456EE4|TRK_BCC966E673C0|TRK_B6CE07A71D80|TRK_5564246F7906,30530.0,218040.0,158510.0,True,True,True,True,"{""circular_bonus"": -1.1, ""distance_km"": 1.0, ""empty_km"": 0.85, ""fuel_inr"": 0.01, ""risk"": 12.0, ""time_min"": 0.35, ""toll_inr"": 0.01}",CST_48011250D4FB,SCN_BASELINE,g1,False,400,train,20260903,v0.1,hash_bucket
INS_1A15A7D5F171,0d231e74befefc13,PDP,large,LOC_91BA4A3395D5,Sirsa,HR,45,12,TRK_017DA12B162E|TRK_A997FC00E0CF|TRK_8C037A0ADC54|TRK_EEB1DE456EE4|TRK_BCC966E673C0|TRK_B6CE07A71D80|TRK_5564246F7906|TRK_5136065E98CA|TRK_E260AFDFB21B|TRK_E9C76BCDE1E1|TRK_FB045E9F7F61|TRK_B7FB75BB3E0A,28840.0,363890.0,324040.0,True,False,True,False,"{""circular_bonus"": -1.1, ""distance_km"": 1.0, ""empty_km"": 0.85, ""fuel_inr"": 0.01, ""risk"": 12.0, ""time_min"": 0.35, ""toll_inr"": 0.01}",CST_48011250D4FB,SCN_BASELINE,g1,False,2116,train,20260903,v0.1,hash_bucket
INS_775994291970,721d4a306603c123,CIRCULAR_VRP,small,LOC_D2DDEA75080C,Pathankot,PB,9,5,TRK_017DA12B162E|TRK_A997FC00E0CF|TRK_8C037A0ADC54|TRK_EEB1DE456EE4|TRK_BCC966E673C0,30750.0,156920.0,124860.0,True,True,False,True,"{""circular_bonus"": -1.1, ""distance_km"": 1.0, ""empty_km"": 0.85, ""fuel_inr"": 0.01, ""risk"": 12.0, ""time_min"": 0.35, ""toll_inr"": 0.01}",CST_48011250D4FB,SCN_BASELINE,g1,False,100,train,20260903,v0.1,hash_bucket
INS_E736A5BE0D3C,e0d8e76af743857c,PDP,large,LOC_C58F1767A842,Barnala,PB,58,20,TRK_017DA12B162E|TRK_A997FC00E0CF|TRK_8C037A0ADC54|TRK_EEB1DE456EE4|TRK_BCC966E673C0|TRK_B6CE07A71D80|TRK_5564246F7906|TRK_5136065E98CA|TRK_E260AFDFB21B|TRK_E9C76BCDE1E1|TRK_FB045E9F7F61|TRK_B7FB75BB3E0A|TRK_4A05F6B9B509|TRK_1C8C798F44C5|TRK_8DC7FD5FF93A|TRK_7A91F5198B53|TRK_BEE1B756CA92|TRK_0331FB7CD37E|TRK_EEA8DB00B33D|TRK_3A519CFB8F0F,26230.0,581630.0,541570.0,True,True,True,True,"{""circular_bonus"": -1.1, ""distance_km"": 1.0, ""empty_km"": 0.85, ""fuel_inr"": 0.01, ""risk"": 12.0, ""time_min"": 0.35, ""toll_inr"": 0.01}",CST_48011250D4FB,SCN_BASELINE,g1,False,3481,train,20260903,v0.1,hash_bucket
INS_CC4351CD085C,3a1ae60ab17212c1,CIRCULAR_VRP,large,LOC_DD4D9C55D7BB,Fatehgarh Sahib,PB,54,24,TRK_017DA12B162E|TRK_A997FC00E0CF|TRK_8C037A0ADC54|TRK_EEB1DE456EE4|TRK_BCC966E673C0|TRK_B6CE07A71D80|TRK_5564246F7906|TRK_5136065E98CA|TRK_E260AFDFB21B|TRK_E9C76BCDE1E1|TRK_FB045E9F7F61|TRK_B7FB75BB3E0A|TRK_4A05F6B9B509|TRK_1C8C798F44C5|TRK_8DC7FD5FF93A|TRK_7A91F5198B53|TRK_BEE1B756CA92|TRK_0331FB7CD37E|TRK_EEA8DB00B33D|TRK_3A519CFB8F0F|TRK_8C842CC0A407|TRK_1A09343A6FAC|TRK_3F175C42FEAA|TRK_2EC9632BD23F,25040.0,683700.0,656330.0,True,False,False,True,"{""circular_bonus"": -1.1, ""distance_km"": 1.0, ""empty_km"": 0.85, ""fuel_inr"": 0.01, ""risk"": 12.0, ""time_min"": 0.35, ""toll_inr"": 0.01}",CST_48011250D4FB,SCN_BASELINE,g1,False,3025,train,20260903,v0.1,hash_bucket
INS_21A37DBDB7A4,79b2629cdbcbf6fd,CIRCULAR_VRP,small,LOC_5B344A07BA57,Sangrur,PB,9,6,TRK_017DA12B162E|TRK_A997FC00E0CF|TRK_8C037A0ADC54|TRK_EEB1DE456EE4|TRK_BCC966E673C0|TRK_B6CE07A71D80,30590.0,187510.0,141260.0,True,True,False,True,"{""circular_bonus"": -1.1, ""distance_km"": 1.0, ""empty_km"": 0.85, ""fuel_inr"": 0.01, ""risk"": 12.0, ""time_min"": 0.35, ""toll_inr"": 0.01}",CST_48011250D4FB,SCN_BASELINE,g1,False,100,train,20260903,v0.1,hash_bucket
INS_5D1E3FA2D893,f2b1f468d17050ed,PDP,medium,LOC_B890897F9CCC,Kapurthala,PB,18,9,TRK_017DA12B162E|TRK_A997FC00E0CF|TRK_8C037A0ADC54|TRK_EEB1DE456EE4|TRK_BCC966E673C0|TRK_B6CE07A71D80|TRK_5564246F7906|TRK_5136065E98CA|TRK_E260AFDFB21B,29400.0,277210.0,236905.0,True,True,True,False,"{""circular_bonus"": -1.1, ""distance_km"": 1.0, ""empty_km"": 0.85, ""fuel_inr"": 0.01, ""risk"": 12.0, ""time_min"": 0.35, ""toll_inr"": 0.01}",CST_48011250D4FB,SCN_BASELINE,g1,False,361,test,20260903,v0.1,hash_bucket
INS_34C22E355581,ff99c79c47274ea6,VRPTW,large,LOC_2B9C182E1BB7,Panchkula,HR,39,20,TRK_017DA12B162E|TRK_A997FC00E0CF|TRK_8C037A0ADC54|TRK_EEB1DE456EE4|TRK_BCC966E673C0|TRK_B6CE07A71D80|TRK_5564246F7906|TRK_5136065E98CA|TRK_E260AFDFB21B|TRK_E9C76BCDE1E1|TRK_FB045E9F7F61|TRK_B7FB75BB3E0A|TRK_4A05F6B9B509|TRK_1C8C798F44C5|TRK_8DC7FD5FF93A|TRK_7A91F5198B53|TRK_BEE1B756CA92|TRK_0331FB7CD37E|TRK_EEA8DB00B33D|TRK_3A519CFB8F0F,26230.0,581630.0,550790.0,True,True,False,False,"{""circular_bonus"": -1.1, ""distance_km"": 1.0, ""empty_km"": 0.85, ""fuel_inr"": 0.01, ""risk"": 12.0, ""time_min"": 0.35, ""toll_inr"": 0.01}",CST_48011250D4FB,SCN_BASELINE,g1,False,1600,test,20260903,v0.1,hash_bucket
INS_74AC73AD2F25,f504de87f0da5141,CVRP,small,LOC_2E423964E639,Agra,UP,12,8,TRK_017DA12B162E|TRK_A997FC00E0CF|TRK_8C037A0ADC54|TRK_EEB1DE456EE4|TRK_BCC966E673C0|TRK_B6CE07A71D80|TRK_5564246F7906|TRK_5136065E98CA,29770.0,247810.0,203160.0,True,False,False,False,"{""circular_bonus"": -1.1, ""distance_km"": 1.0, ""empty_km"": 0.85, ""fuel_inr"": 0.01, ""risk"": 12.0, ""time_min"": 0.35, ""toll_inr"": 0.01}",CST_48011250D4FB,SCN_BASELINE,g1,False,169,train,20260903,v0.1,hash_bucket
INS_1F5B95EFEE44,2c4e453bca9d1f97,PDP,small,LOC_2E9E391564C2,Sonipat,HR,10,3,TRK_017DA12B162E|TRK_A997FC00E0CF|TRK_8C037A0ADC54,31430.0,94920.0,56490.0,True,True,True,True,"{""circular_bonus"": -1.1, ""distance_km"": 1.0, ""empty_km"": 0.85, ""fuel_inr"": 0.01, ""risk"": 12.0, ""time_min"": 0.35, ""toll_inr"": 0.01}",CST_48011250D4FB,SCN_BASELINE,g1,False,121,validation,20260903,v0.1,hash_bucket
INS_0EDEB1C09D8B,98f7e80a6a47f57f,CIRCULAR_VRP,medium,LOC_BC83DA386B0E,Baghpat,UP,26,6,TRK_017DA12B162E|TRK_A997FC00E0CF|TRK_8C037A0ADC54|TRK_EEB1DE456EE4|TRK_BCC966E673C0|TRK_B6CE07A71D80,30590.0,187510.0,141790.0,True,True,False,True,"{""circular_bonus"": -1.1, ""distance_km"": 1.0, ""empty_km"": 0.85, ""fuel_inr"": 0.01, ""risk"": 12.0, ""time_min"": 0.35, ""toll_inr"": 0.01}",CST_48011250D4FB,SCN_BASELINE,g1,False,729,train,20260903,v0.1,hash_bucket
INS_8DA0233D20E1,c06a571c4b349aae,VRPTW,medium,LOC_0B27B307A77E,Panipat,HR,17,9,TRK_017DA12B162E|TRK_A997FC00E0CF|TRK_8C037A0ADC54|TRK_EEB1DE456EE4|TRK_BCC966E673C0|TRK_B6CE07A71D80|TRK_5564246F7906|TRK_5136065E98CA|TRK_E260AFDFB21B,29400.0,277210.0,231390.0,True,True,False,False,"{""circular_bonus"": -1.1, ""distance_km"": 1.0, ""empty_km"": 0.85, ""fuel_inr"": 0.01, ""risk"": 12.0, ""time_min"": 0.35, ""toll_inr"": 0.01}",CST_48011250D4FB,SCN_BASELINE,g1,False,324,train,20260903,v0.1,hash_bucket
INS_20FB7D0D27BB,5449756b226a9394,CVRP,small,LOC_F86E62177015,Muzaffarnagar,UP,11,6,TRK_017DA12B162E|TRK_A997FC00E0CF|TRK_8C037A0ADC54|TRK_EEB1DE456EE4|TRK_BCC966E673C0|TRK_B6CE07A71D80,30590.0,187510.0,155930.0,True,False,False,False,"{""circular_bonus"": -1.1, ""distance_km"": 1.0, ""empty_km"": 0.85, ""fuel_inr"": 0.01, ""risk"": 12.0, ""time_min"": 0.35, ""toll_inr"": 0.01}",CST_48011250D4FB,SCN_BASELINE,g1,False,144,train,20260903,v0.1,hash_bucket
INS_336E3C9775B0,4b0144bbc99279de,CIRCULAR_VRP,medium,LOC_58DEC063659A,Gorakhpur,UP,18,7,TRK_017DA12B162E|TRK_A997FC00E0CF|TRK_8C037A0ADC54|TRK_EEB1DE456EE4|TRK_BCC966E673C0|TRK_B6CE07A71D80|TRK_5564246F7906,30530.0,218040.0,176300.0,True,False,False,True,"{""circular_bonus"": -1.1, ""distance_km"": 1.0, ""empty_km"": 0.85, ""fuel_inr"": 0.01, ""risk"": 12.0, ""time_min"": 0.35, ""toll_inr"": 0.01}",CST_48011250D4FB,SCN_BASELINE,g1,False,361,test,20260903,v0.1,hash_bucket
INS_E7DB87C3A3C2,606b782c9d2f7e37,VRPTW,medium,LOC_B26FC239E19A,North Delhi,DL,18,16,TRK_017DA12B162E|TRK_A997FC00E0CF|TRK_8C037A0ADC54|TRK_EEB1DE456EE4|TRK_BCC966E673C0|TRK_B6CE07A71D80|TRK_5564246F7906|TRK_5136065E98CA|TRK_E260AFDFB21B|TRK_E9C76BCDE1E1|TRK_FB045E9F7F61|TRK_B7FB75BB3E0A|TRK_4A05F6B9B509|TRK_1C8C798F44C5|TRK_8DC7FD5FF93A|TRK_7A91F5198B53,27170.0,475340.0,433010.0,True,True,False,False,"{""circular_bonus"": -1.1, ""distance_km"": 1.0, ""empty_km"": 0.85, ""fuel_inr"": 0.01, ""risk"": 12.0, ""time_min"": 0.35, ""toll_inr"": 0.01}",CST_48011250D4FB,SCN_BASELINE,g1,False,361,train,20260903,v0.1,hash_bucket
INS_5A1487282EBD,cb33bd2659e933dc,CIRCULAR_VRP,medium,LOC_B0D713DFA81B,Ferozepur,PB,21,7,TRK_017DA12B162E|TRK_A997FC00E0CF|TRK_8C037A0ADC54|TRK_EEB1DE456EE4|TRK_BCC966E673C0|TRK_B6CE07A71D80|TRK_5564246F7906,30530.0,218040.0,158780.0,True,True,False,True,"{""circular_bonus"": -1.1, ""distance_km"": 1.0, ""empty_km"": 0.85, ""fuel_inr"": 0.01, ""risk"": 12.0, ""time_min"": 0.35, ""toll_inr"": 0.01}",CST_48011250D4FB,SCN_BASELINE,g1,False,484,train,20260903,v0.1,hash_bucket
INS_152EA60EBA8E,79d1fe5839a544f7,PDP,small,LOC_EC1D3E4138DF,Amritsar,PB,13,9,TRK_017DA12B162E|TRK_A997FC00E0CF|TRK_8C037A0ADC54|TRK_EEB1DE456EE4|TRK_BCC966E673C0|TRK_B6CE07A71D80|TRK_5564246F7906|TRK_5136065E98CA|TRK_E260AFDFB21B,29400.0,277210.0,230850.0,True,False,True,True,"{""circular_bonus"": -1.1, ""distance_km"": 1.0, ""empty_km"": 0.85, ""fuel_inr"": 0.01, ""risk"": 12.0, ""time_min"": 0.35, ""toll_inr"": 0.01}",CST_48011250D4FB,SCN_BASELINE,g1,False,196,test,20260903,v0.1,hash_bucket
INS_FD04A3EE0D61,009f7c28d1bde571,PDP,medium,LOC_E9EE964E8CFE,South Delhi,DL,8,9,TRK_017DA12B162E|TRK_A997FC00E0CF|TRK_8C037A0ADC54|TRK_EEB1DE456EE4|TRK_BCC966E673C0|TRK_B6CE07A71D80|TRK_5564246F7906|TRK_5136065E98CA|TRK_E260AFDFB21B,29400.0,277210.0,240000.0,True,True,True,False,"{""circular_bonus"": -1.1, ""distance_km"": 1.0, ""empty_km"": 0.85, ""fuel_inr"": 0.01, ""risk"": 12.0, ""time_min"": 0.35, ""toll_inr"": 0.01}",CST_48011250D4FB,SCN_BASELINE,g1,False,81,train,20260903,v0.1,hash_bucket
INS_EFEBB3A59C8B,fe6b4e9ee669692d,PDP,small,LOC_4A5F46E3AFB5,Sitapur,UP,12,5,TRK_017DA12B162E|TRK_A997FC00E0CF|TRK_8C037A0ADC54|TRK_EEB1DE456EE4|TRK_BCC966E673C0,30750.0,156920.0,115770.0,True,True,True,False,"{""circular_bonus"": -1.1, ""distance_km"": 1.0, ""empty_km"": 0.85, ""fuel_inr"": 0.01, ""risk"": 12.0, ""time_min"": 0.35, ""toll_inr"": 0.01}",CST_48011250D4FB,SCN_BASELINE,g1,False,169,train,20260903,v0.1,hash_bucket
INS_8BACBDBB9CE8,174a8ef7718485cc,VRPTW,medium,LOC_E71843C35AC6,Bijnor,UP,16,6,TRK_017DA12B162E|TRK_A997FC00E0CF|TRK_8C037A0ADC54|TRK_EEB1DE456EE4|TRK_BCC966E673C0|TRK_B6CE07A71D80,30590.0,187510.0,135685.0,True,True,False,False,"{""circular_bonus"": -1.1, ""distance_km"": 1.0, ""empty_km"": 0.85, ""fuel_inr"": 0.01, ""risk"": 12.0, ""time_min"": 0.35, ""toll_inr"": 0.01}",CST_48011250D4FB,SCN_BASELINE,g1,False,289,train,20260903,v0.1,hash_bucket
INS_E65EF528B1D9,8dd0fc4b25849154,CIRCULAR_VRP,medium,LOC_27273A6A3299,Shamli,UP,21,8,TRK_017DA12B162E|TRK_A997FC00E0CF|TRK_8C037A0ADC54|TRK_EEB1DE456EE4|TRK_BCC966E673C0|TRK_B6CE07A71D80|TRK_5564246F7906|TRK_5136065E98CA,29770.0,247810.0,199800.0,True,True,False,True,"{""circular_bonus"": -1.1, ""distance_km"": 1.0, ""empty_km"": 0.85, ""fuel_inr"": 0.01, ""risk"": 12.0, ""time_min"": 0.35, ""toll_inr"": 0.01}",CST_48011250D4FB,SCN_BASELINE,g1,False,484,train,20260903,v0.1,hash_bucket
INS_3F1D5F049EE8,ec2b3af0e90c3ffe,PDP,large,LOC_91BA4A3395D5,Sirsa,HR,40,8,TRK_017DA12B162E|TRK_A997FC00E0CF|TRK_8C037A0ADC54|TRK_EEB1DE456EE4|TRK_BCC966E673C0|TRK_B6CE07A71D80|TRK_5564246F7906|TRK_5136065E98CA,29770.0,247810.0,208560.0,True,True,True,False,"{""circular_bonus"": -1.1, ""distance_km"": 1.0, ""empty_km"": 0.85, ""fuel_inr"": 0.01, ""risk"": 12.0, ""time_min"": 0.35, ""toll_inr"": 0.01}",CST_48011250D4FB,SCN_BASELINE,g1,False,1681,validation,20260903,v0.1,hash_bucket
INS_BA160AE54144,e651a91b7ec69701,PDP,large,LOC_27273A6A3299,Shamli,UP,44,17,TRK_017DA12B162E|TRK_A997FC00E0CF|TRK_8C037A0ADC54|TRK_EEB1DE456EE4|TRK_BCC966E673C0|TRK_B6CE07A71D80|TRK_5564246F7906|TRK_5136065E98CA|TRK_E260AFDFB21B|TRK_E9C76BCDE1E1|TRK_FB045E9F7F61|TRK_B7FB75BB3E0A|TRK_4A05F6B9B509|TRK_1C8C798F44C5|TRK_8DC7FD5FF93A|TRK_7A91F5198B53|TRK_BEE1B756CA92,27170.0,502510.0,458030.0,True,True,True,True,"{""circular_bonus"": -1.1, ""distance_km"": 1.0, ""empty_km"": 0.85, ""fuel_inr"": 0.01, ""risk"": 12.0, ""time_min"": 0.35, ""toll_inr"": 0.01}",CST_48011250D4FB,SCN_BASELINE,g1,False,2025,train,20260903,v0.1,hash_bucket
INS_A753CF830456,9b7840998c87a0fa,CVRP,medium,LOC_3B372919B752,Karnal,HR,18,5,TRK_017DA12B162E|TRK_A997FC00E0CF|TRK_8C037A0ADC54|TRK_EEB1DE456EE4|TRK_BCC966E673C0,30750.0,156920.0,109130.0,True,False,False,False,"{""circular_bonus"": -1.1, ""distance_km"": 1.0, ""empty_km"": 0.85, ""fuel_inr"": 0.01, ""risk"": 12.0, ""time_min"": 0.35, ""toll_inr"": 0.01}",CST_48011250D4FB,SCN_BASELINE,g1,False,361,test,20260903,v0.1,holdout_district
INS_356853986337,9738e82e85d58536,PDP,medium,LOC_8E5593D8E476,Rupnagar,PB,15,4,TRK_017DA12B162E|TRK_A997FC00E0CF|TRK_8C037A0ADC54|TRK_EEB1DE456EE4,31250.0,126170.0,72885.0,True,True,True,True,"{""circular_bonus"": -1.1, ""distance_km"": 1.0, ""empty_km"": 0.85, ""fuel_inr"": 0.01, ""risk"": 12.0, ""time_min"": 0.35, ""toll_inr"": 0.01}",CST_48011250D4FB,SCN_BASELINE,g1,False,256,train,20260903,v0.1,hash_bucket
INS_2CE92B70E5AE,0f4fc2abe7b68ae1,CIRCULAR_VRP,medium,LOC_190E748F376B,Barabanki,UP,25,8,TRK_017DA12B162E|TRK_A997FC00E0CF|TRK_8C037A0ADC54|TRK_EEB1DE456EE4|TRK_BCC966E673C0|TRK_B6CE07A71D80|TRK_5564246F7906|TRK_5136065E98CA,29770.0,247810.0,193495.0,True,True,False,True,"{""circular_bonus"": -1.1, ""distance_km"": 1.0, ""empty_km"": 0.85, ""fuel_inr"": 0.01, ""risk"": 12.0, ""time_min"": 0.35, ""toll_inr"": 0.01}",CST_48011250D4FB,SCN_BASELINE,g1,False,676,train,20260903,v0.1,hash_bucket
INS_1CF731FDA1C3,d675a46c461a0fe6,CVRP,medium,LOC_BF1D141289ED,Hoshiarpur,PB,28,9,TRK_017DA12B162E|TRK_A997FC00E0CF|TRK_8C037A0ADC54|TRK_EEB1DE456EE4|TRK_BCC966E673C0|TRK_B6CE07A71D80|TRK_5564246F7906|TRK_5136065E98CA|TRK_E260AFDFB21B,29400.0,277210.0,231990.0,True,False,False,False,"{""circular_bonus"": -1.1, ""distance_km"": 1.0, ""empty_km"": 0.85, ""fuel_inr"": 0.01, ""risk"": 12.0, ""time_min"": 0.35, ""toll_inr"": 0.01}",CST_48011250D4FB,SCN_BASELINE,g1,False,841,train,20260903,v0.1,hash_bucket
INS_800BC63C4DB9,3042bf0c627c38fd,PDP,small,LOC_C90487F88BAC,Muktsar,PB,8,5,TRK_017DA12B162E|TRK_A997FC00E0CF|TRK_8C037A0ADC54|TRK_EEB1DE456EE4|TRK_BCC966E673C0,30750.0,156920.0,104830.0,True,True,True,False,"{""circular_bonus"": -1.1, ""distance_km"": 1.0, ""empty_km"": 0.85, ""fuel_inr"": 0.01, ""risk"": 12.0, ""time_min"": 0.35, ""toll_inr"": 0.01}",CST_48011250D4FB,SCN_BASELINE,g1,False,81,train,20260903,v0.1,hash_bucket
INS_BF53483FDB7E,19833213cc2f7f0d,PDP,small,LOC_8F3BDE96C1C3,Rampur,UP,14,6,TRK_017DA12B162E|TRK_A997FC00E0CF|TRK_8C037A0ADC54|TRK_EEB1DE456EE4|TRK_BCC966E673C0|TRK_B6CE07A71D80,30590.0,187510.0,131720.0,True,True,True,True,"{""circular_bonus"": -1.1, ""distance_km"": 1.0, ""empty_km"": 0.85, ""fuel_inr"": 0.01, ""risk"": 12.0, ""time_min"": 0.35, ""toll_inr"": 0.01}",CST_48011250D4FB,SCN_BASELINE,g1,False,225,train,20260903,v0.1,hash_bucket
INS_1A9FF9073314,8308ac762a9c8a06,CIRCULAR_VRP,small,LOC_AC684A297AD1,Bareilly,UP,13,5,TRK_017DA12B162E|TRK_A997FC00E0CF|TRK_8C037A0ADC54|TRK_EEB1DE456EE4|TRK_BCC966E673C0,30750.0,156920.0,97470.0,True,True,False,True,"{""circular_bonus"": -1.1, ""distance_km"": 1.0, ""empty_km"": 0.85, ""fuel_inr"": 0.01, ""risk"": 12.0, ""time_min"": 0.35, ""toll_inr"": 0.01}",CST_48011250D4FB,SCN_BASELINE,g1,False,196,train,20260903,v0.1,hash_bucket
INS_D8E8E2F72534,28c273499ba20ca6,VRPTW,small,LOC_B26FC239E19A,North Delhi,DL,8,7,TRK_017DA12B162E|TRK_A997FC00E0CF|TRK_8C037A0ADC54|TRK_EEB1DE456EE4|TRK_BCC966E673C0|TRK_B6CE07A71D80|TRK_5564246F7906,30530.0,218040.0,182790.0,True,True,False,False,"{""circular_bonus"": -1.1, ""distance_km"": 1.0, ""empty_km"": 0.85, ""fuel_inr"": 0.01, ""risk"": 12.0, ""time_min"": 0.35, ""toll_inr"": 0.01}",CST_48011250D4FB,SCN_BASELINE,g1,False,81,validation,20260903,v0.1,hash_bucket
INS_A59D44973DAA,4f1f56dd0afd2990,VRPTW,small,LOC_B26DA7992E56,Prayagraj,UP,11,4,TRK_017DA12B162E|TRK_A997FC00E0CF|TRK_8C037A0ADC54|TRK_EEB1DE456EE4,31250.0,126170.0,82370.0,True,True,False,False,"{""circular_bonus"": -1.1, ""distance_km"": 1.0, ""empty_km"": 0.85, ""fuel_inr"": 0.01, ""risk"": 12.0, ""time_min"": 0.35, ""toll_inr"": 0.01}",CST_48011250D4FB,SCN_BASELINE,g1,False,144,test,20260903,v0.1,hash_bucket
INS_E3C4AD606F2D,86993a27c8a0ea61,CIRCULAR_VRP,medium,LOC_487C12AA952A,Jind,HR,27,7,TRK_017DA12B162E|TRK_A997FC00E0CF|TRK_8C037A0ADC54|TRK_EEB1DE456EE4|TRK_BCC966E673C0|TRK_B6CE07A71D80|TRK_5564246F7906,30530.0,218040.0,179030.0,True,True,False,True,"{""circular_bonus"": -1.1, ""distance_km"": 1.0, ""empty_km"": 0.85, ""fuel_inr"": 0.01, ""risk"": 12.0, ""time_min"": 0.35, ""toll_inr"": 0.01}",CST_48011250D4FB,SCN_BASELINE,g1,False,784,test,20260903,v0.1,hash_bucket
INS_35C313EFB549,938690bc0e1803fe,VRPTW,medium,LOC_58DEC063659A,Gorakhpur,UP,27,8,TRK_017DA12B162E|TRK_A997FC00E0CF|TRK_8C037A0ADC54|TRK_EEB1DE456EE4|TRK_BCC966E673C0|TRK_B6CE07A71D80|TRK_5564246F7906|TRK_5136065E98CA,29770.0,247810.0,200400.0,True,True,False,False,"{""circular_bonus"": -1.1, ""distance_km"": 1.0, ""empty_km"": 0.85, ""fuel_inr"": 0.01, ""risk"": 12.0, ""time_min"": 0.35, ""toll_inr"": 0.01}",CST_48011250D4FB,SCN_BASELINE,g1,False,784,train,20260903,v0.1,hash_bucket
INS_99BAB361EB37,4024dcdbcbfbf9d4,PDP,small,LOC_B0D713DFA81B,Ferozepur,PB,8,3,TRK_017DA12B162E|TRK_A997FC00E0CF|TRK_8C037A0ADC54,31430.0,94920.0,60290.0,True,True,True,False,"{""circular_bonus"": -1.1, ""distance_km"": 1.0, ""empty_km"": 0.85, ""fuel_inr"": 0.01, ""risk"": 12.0, ""time_min"": 0.35, ""toll_inr"": 0.01}",CST_48011250D4FB,SCN_BASELINE,g1,False,81,train,20260903,v0.1,hash_bucket
INS_4D9A63519AAC,f2041eb254bb8df5,CIRCULAR_VRP,medium,LOC_61BECDCA1350,Central Delhi,DL,4,3,TRK_0331FB7CD37E|TRK_5116501BE0D5|TRK_05D6F43C6DC3,6010.0,45860.0,39620.0,True,False,False,True,"{""circular_bonus"": -1.1, ""distance_km"": 1.0, ""empty_km"": 0.85, ""fuel_inr"": 0.01, ""risk"": 12.0, ""time_min"": 0.35, ""toll_inr"": 0.01}",CST_48011250D4FB,SCN_BASELINE,g1,False,25,validation,20260903,v0.1,hash_bucket
INS_E86139762D5C,9e3cefad15cd9a5b,VRPTW,small,LOC_8E24E29DF84B,Hisar,HR,10,4,TRK_017DA12B162E|TRK_A997FC00E0CF|TRK_8C037A0ADC54|TRK_EEB1DE456EE4,31250.0,126170.0,90500.0,True,True,False,False,"{""circular_bonus"": -1.1, ""distance_km"": 1.0, ""empty_km"": 0.85, ""fuel_inr"": 0.01, ""risk"": 12.0, ""time_min"": 0.35, ""toll_inr"": 0.01}",CST_48011250D4FB,SCN_BASELINE,g1,False,121,test,20260903,v0.1,hash_bucket
INS_7A59F3D11B8C,18d601c016865784,PDP,large,LOC_AC684A297AD1,Bareilly,UP,43,12,TRK_017DA12B162E|TRK_A997FC00E0CF|TRK_8C037A0ADC54|TRK_EEB1DE456EE4|TRK_BCC966E673C0|TRK_B6CE07A71D80|TRK_5564246F7906|TRK_5136065E98CA|TRK_E260AFDFB21B|TRK_E9C76BCDE1E1|TRK_FB045E9F7F61|TRK_B7FB75BB3E0A,28840.0,363890.0,325920.0,True,False,True,True,"{""circular_bonus"": -1.1, ""distance_km"": 1.0, ""empty_km"": 0.85, ""fuel_inr"": 0.01, ""risk"": 12.0, ""time_min"": 0.35, ""toll_inr"": 0.01}",CST_48011250D4FB,SCN_BASELINE,g1,False,1936,train,20260903,v0.1,hash_bucket
INS_00BBAC82CD1D,08cbea1e2696ab5e,PDP,small,LOC_D24D73F16033,Meerut,UP,8,4,TRK_BCC966E673C0|TRK_6457D63032E1|TRK_8CA485E15563|TRK_DC35C8B6C226,10350.0,69540.0,54470.0,True,True,True,False,"{""circular_bonus"": -1.1, ""distance_km"": 1.0, ""empty_km"": 0.85, ""fuel_inr"": 0.01, ""risk"": 12.0, ""time_min"": 0.35, ""toll_inr"": 0.01}",CST_48011250D4FB,SCN_BASELINE,g1,False,81,test,20260903,v0.1,hash_bucket
INS_434CBC2330E7,601048fd04765977,PDP,small,LOC_B26DA7992E56,Prayagraj,UP,14,4,TRK_017DA12B162E|TRK_A997FC00E0CF|TRK_8C037A0ADC54|TRK_EEB1DE456EE4,31250.0,126170.0,74300.0,True,True,True,True,"{""circular_bonus"": -1.1, ""distance_km"": 1.0, ""empty_km"": 0.85, ""fuel_inr"": 0.01, ""risk"": 12.0, ""time_min"": 0.35, ""toll_inr"": 0.01}",CST_48011250D4FB,SCN_BASELINE,g1,False,225,test,20260903,v0.1,hash_bucket
INS_1552EC739583,69430b9fcbb7feb8,CIRCULAR_VRP,medium,LOC_ED9C60D04FC0,SAS Nagar,PB,21,9,TRK_017DA12B162E|TRK_A997FC00E0CF|TRK_8C037A0ADC54|TRK_EEB1DE456EE4|TRK_BCC966E673C0|TRK_B6CE07A71D80|TRK_5564246F7906|TRK_5136065E98CA|TRK_E260AFDFB21B,29400.0,277210.0,243460.0,True,False,False,True,"{""circular_bonus"": -1.1, ""distance_km"": 1.0, ""empty_km"": 0.85, ""fuel_inr"": 0.01, ""risk"": 12.0, ""time_min"": 0.35, ""toll_inr"": 0.01}",CST_48011250D4FB,SCN_BASELINE,g1,False,484,train,20260903,v0.1,hash_bucket
INS_6F17819B3183,82ebe455faf3b17f,PDP,medium,LOC_2ADFB4EFDB06,Kaithal,HR,20,4,TRK_017DA12B162E|TRK_A997FC00E0CF|TRK_8C037A0ADC54|TRK_EEB1DE456EE4,31250.0,126170.0,67750.0,True,True,True,False,"{""circular_bonus"": -1.1, ""distance_km"": 1.0, ""empty_km"": 0.85, ""fuel_inr"": 0.01, ""risk"": 12.0, ""time_min"": 0.35, ""toll_inr"": 0.01}",CST_48011250D4FB,SCN_BASELINE,g1,False,441,test,20260903,v0.1,hash_bucket
INS_ACC26FDCBD12,1b301f8777457b07,PDP,small,LOC_45C74FBD7B6F,Mansa,PB,9,4,TRK_017DA12B162E|TRK_A997FC00E0CF|TRK_8C037A0ADC54|TRK_EEB1DE456EE4,31250.0,126170.0,93280.0,True,True,True,True,"{""circular_bonus"": -1.1, ""distance_km"": 1.0, ""empty_km"": 0.85, ""fuel_inr"": 0.01, ""risk"": 12.0, ""time_min"": 0.35, ""toll_inr"": 0.01}",CST_48011250D4FB,SCN_BASELINE,g1,False,100,train,20260903,v0.1,hash_bucket
INS_15E1D642A127,ef230f8d6dfd91ed,PDP,large,LOC_DD4D9C55D7BB,Fatehgarh Sahib,PB,46,18,TRK_017DA12B162E|TRK_A997FC00E0CF|TRK_8C037A0ADC54|TRK_EEB1DE456EE4|TRK_BCC966E673C0|TRK_B6CE07A71D80|TRK_5564246F7906|TRK_5136065E98CA|TRK_E260AFDFB21B|TRK_E9C76BCDE1E1|TRK_FB045E9F7F61|TRK_B7FB75BB3E0A|TRK_4A05F6B9B509|TRK_1C8C798F44C5|TRK_8DC7FD5FF93A|TRK_7A91F5198B53|TRK_BEE1B756CA92|TRK_0331FB7CD37E,26610.0,529120.0,499060.0,True,False,True,True,"{""circular_bonus"": -1.1, ""distance_km"": 1.0, ""empty_km"": 0.85, ""fuel_inr"": 0.01, ""risk"": 12.0, ""time_min"": 0.35, ""toll_inr"": 0.01}",CST_48011250D4FB,SCN_BASELINE,g1,False,2209,train,20260903,v0.1,hash_bucket
INS_C8AE14D0762B,12325a9b2efaf6ef,PDP,small,LOC_6042150B38E7,Rohtak,HR,12,8,TRK_017DA12B162E|TRK_A997FC00E0CF|TRK_8C037A0ADC54|TRK_EEB1DE456EE4|TRK_BCC966E673C0|TRK_B6CE07A71D80|TRK_5564246F7906|TRK_5136065E98CA,29770.0,247810.0,188920.0,True,True,True,False,"{""circular_bonus"": -1.1, ""distance_km"": 1.0, ""empty_km"": 0.85, ""fuel_inr"": 0.01, ""risk"": 12.0, ""time_min"": 0.35, ""toll_inr"": 0.01}",CST_48011250D4FB,SCN_BASELINE,g1,False,169,test,20260903,v0.1,hash_bucket
INS_47EB57365B67,1da8b31e0c0869a9,PDP,small,LOC_2ECE587EC515,Hardoi,UP,10,7,TRK_017DA12B162E|TRK_A997FC00E0CF|TRK_8C037A0ADC54|TRK_EEB1DE456EE4|TRK_BCC966E673C0|TRK_B6CE07A71D80|TRK_5564246F7906,30530.0,218040.0,158990.0,True,False,True,False,"{""circular_bonus"": -1.1, ""distance_km"": 1.0, ""empty_km"": 0.85, ""fuel_inr"": 0.01, ""risk"": 12.0, ""time_min"": 0.35, ""toll_inr"": 0.01}",CST_48011250D4FB,SCN_BASELINE,g1,False,121,train,20260903,v0.1,hash_bucket
INS_E76D59F393C2,9d909b2627108ff3,PDP,medium,LOC_8E5593D8E476,Rupnagar,PB,30,12,TRK_017DA12B162E|TRK_A997FC00E0CF|TRK_8C037A0ADC54|TRK_EEB1DE456EE4|TRK_BCC966E673C0|TRK_B6CE07A71D80|TRK_5564246F7906|TRK_5136065E98CA|TRK_E260AFDFB21B|TRK_E9C76BCDE1E1|TRK_FB045E9F7F61|TRK_B7FB75BB3E0A,28840.0,363890.0,331770.0,True,True,True,True,"{""circular_bonus"": -1.1, ""distance_km"": 1.0, ""empty_km"": 0.85, ""fuel_inr"": 0.01, ""risk"": 12.0, ""time_min"": 0.35, ""toll_inr"": 0.01}",CST_48011250D4FB,SCN_BASELINE,g1,False,961,train,20260903,v0.1,hash_bucket
INS_017B358E0DFD,89ce9eacbfb48997,PDP,medium,LOC_BC83DA386B0E,Baghpat,UP,22,5,TRK_017DA12B162E|TRK_A997FC00E0CF|TRK_8C037A0ADC54|TRK_EEB1DE456EE4|TRK_BCC966E673C0,30750.0,156920.0,104370.0,True,True,True,False,"{""circular_bonus"": -1.1, ""distance_km"": 1.0, ""empty_km"": 0.85, ""fuel_inr"": 0.01, ""risk"": 12.0, ""time_min"": 0.35, ""toll_inr"": 0.01}",CST_48011250D4FB,SCN_BASELINE,g1,False,529,validation,20260903,v0.1,hash_bucket
INS_E4CFBAD4BB6D,8b12b6e8a7d559e2,PDP,large,LOC_5B344A07BA57,Sangrur,PB,55,22,TRK_017DA12B162E|TRK_A997FC00E0CF|TRK_8C037A0ADC54|TRK_EEB1DE456EE4|TRK_BCC966E673C0|TRK_B6CE07A71D80|TRK_5564246F7906|TRK_5136065E98CA|TRK_E260AFDFB21B|TRK_E9C76BCDE1E1|TRK_FB045E9F7F61|TRK_B7FB75BB3E0A|TRK_4A05F6B9B509|TRK_1C8C798F44C5|TRK_8DC7FD5FF93A|TRK_7A91F5198B53|TRK_BEE1B756CA92|TRK_0331FB7CD37E|TRK_EEA8DB00B33D|TRK_3A519CFB8F0F|TRK_8C842CC0A407|TRK_1A09343A6FAC,25770.0,633370.0,584870.0,True,False,True,True,"{""circular_bonus"": -1.1, ""distance_km"": 1.0, ""empty_km"": 0.85, ""fuel_inr"": 0.01, ""risk"": 12.0, ""time_min"": 0.35, ""toll_inr"": 0.01}",CST_48011250D4FB,SCN_BASELINE,g1,False,3136,train,20260903,v0.1,hash_bucket
INS_B12ADE4BC977,38d38f5708bf4652,PDP,large,LOC_E96863625035,Shahdara,DL,8,9,TRK_017DA12B162E|TRK_A997FC00E0CF|TRK_8C037A0ADC54|TRK_EEB1DE456EE4|TRK_BCC966E673C0|TRK_B6CE07A71D80|TRK_5564246F7906|TRK_5136065E98CA|TRK_E260AFDFB21B,29400.0,277210.0,240000.0,True,False,True,True,"{""circular_bonus"": -1.1, ""distance_km"": 1.0, ""empty_km"": 0.85, ""fuel_inr"": 0.01, ""risk"": 12.0, ""time_min"": 0.35, ""toll_inr"": 0.01}",CST_48011250D4FB,SCN_BASELINE,g1,False,81,validation,20260903,v0.1,hash_bucket
INS_78564026531E,cdcad0d52c8cb927,VRPTW,medium,LOC_E7B504BE8FE9,Patiala,PB,24,11,TRK_017DA12B162E|TRK_A997FC00E0CF|TRK_8C037A0ADC54|TRK_EEB1DE456EE4|TRK_BCC966E673C0|TRK_B6CE07A71D80|TRK_5564246F7906|TRK_5136065E98CA|TRK_E260AFDFB21B|TRK_E9C76BCDE1E1|TRK_FB045E9F7F61,28890.0,335050.0,286730.0,True,True,False,False,"{""circular_bonus"": -1.1, ""distance_km"": 1.0, ""empty_km"": 0.85, ""fuel_inr"": 0.01, ""risk"": 12.0, ""time_min"": 0.35, ""toll_inr"": 0.01}",CST_48011250D4FB,SCN_BASELINE,g1,False,625,train,20260903,v0.1,hash_bucket
INS_28E4C23AD452,885e9b0371361f43,PDP,small,LOC_4A5F46E3AFB5,Sitapur,UP,11,6,TRK_017DA12B162E|TRK_A997FC00E0CF|TRK_8C037A0ADC54|TRK_EEB1DE456EE4|TRK_BCC966E673C0|TRK_B6CE07A71D80,30590.0,187510.0,136280.0,True,False,True,False,"{""circular_bonus"": -1.1, ""distance_km"": 1.0, ""empty_km"": 0.85, ""fuel_inr"": 0.01, ""risk"": 12.0, ""time_min"": 0.35, ""toll_inr"": 0.01}",CST_48011250D4FB,SCN_BASELINE,g1,False,144,train,20260903,v0.1,hash_bucket
INS_C4C7B3654791,09d2834b488a52db,VRPTW,medium,LOC_DD4D9C55D7BB,Fatehgarh Sahib,PB,22,7,TRK_017DA12B162E|TRK_A997FC00E0CF|TRK_8C037A0ADC54|TRK_EEB1DE456EE4|TRK_BCC966E673C0|TRK_B6CE07A71D80|TRK_5564246F7906,30530.0,218040.0,159260.0,True,True,False,False,"{""circular_bonus"": -1.1, ""distance_km"": 1.0, ""empty_km"": 0.85, ""fuel_inr"": 0.01, ""risk"": 12.0, ""time_min"": 0.35, ""toll_inr"": 0.01}",CST_48011250D4FB,SCN_BASELINE,g1,False,529,train,20260903,v0.1,hash_bucket
INS_D12D54F17989,04ea91acbfe9ad42,PDP,small,LOC_D24D73F16033,Meerut,UP,8,7,TRK_017DA12B162E|TRK_A997FC00E0CF|TRK_8C037A0ADC54|TRK_EEB1DE456EE4|TRK_BCC966E673C0|TRK_B6CE07A71D80|TRK_5564246F7906,30530.0,218040.0,160980.0,True,True,True,False,"{""circular_bonus"": -1.1, ""distance_km"": 1.0, ""empty_km"": 0.85, ""fuel_inr"": 0.01, ""risk"": 12.0, ""time_min"": 0.35, ""toll_inr"": 0.01}",CST_48011250D4FB,SCN_BASELINE,g1,False,81,train,20260903,v0.1,hash_bucket
INS_E50CB091E629,fddc47771bdff4bb,CIRCULAR_VRP,small,LOC_21F591BF08EC,West Delhi,DL,4,8,TRK_D5734C94CA97|TRK_0DB792D95BC8|TRK_CE161697CB0F|TRK_B4E942FB3E8F|TRK_547C0929AFCE|TRK_3D378E8843DC|TRK_57C748EE92F0|TRK_38CCD92D5770,6550.0,95530.0,83560.0,True,True,False,True,"{""circular_bonus"": -1.1, ""distance_km"": 1.0, ""empty_km"": 0.85, ""fuel_inr"": 0.01, ""risk"": 12.0, ""time_min"": 0.35, ""toll_inr"": 0.01}",CST_48011250D4FB,SCN_BASELINE,g1,False,25,train,20260903,v0.1,hash_bucket
INS_DE331DBF62A9,6f0f6bbfb6f731b6,PDP,small,LOC_BC83DA386B0E,Baghpat,UP,13,4,TRK_017DA12B162E|TRK_A997FC00E0CF|TRK_8C037A0ADC54|TRK_EEB1DE456EE4,31250.0,126170.0,75290.0,True,False,True,False,"{""circular_bonus"": -1.1, ""distance_km"": 1.0, ""empty_km"": 0.85, ""fuel_inr"": 0.01, ""risk"": 12.0, ""time_min"": 0.35, ""toll_inr"": 0.01}",CST_48011250D4FB,SCN_BASELINE,g1,False,196,validation,20260903,v0.1,hash_bucket
INS_0EEE82DF6C1D,1a0faecd2d53892a,PDP,medium,LOC_5242BE7C01CE,Rewari,HR,28,11,TRK_017DA12B162E|TRK_A997FC00E0CF|TRK_8C037A0ADC54|TRK_EEB1DE456EE4|TRK_BCC966E673C0|TRK_B6CE07A71D80|TRK_5564246F7906|TRK_5136065E98CA|TRK_E260AFDFB21B|TRK_E9C76BCDE1E1|TRK_FB045E9F7F61,28890.0,335050.0,297450.0,True,True,True,False,"{""circular_bonus"": -1.1, ""distance_km"": 1.0, ""empty_km"": 0.85, ""fuel_inr"": 0.01, ""risk"": 12.0, ""time_min"": 0.35, ""toll_inr"": 0.01}",CST_48011250D4FB,SCN_BASELINE,g1,False,841,train,20260903,v0.1,hash_bucket
INS_995CD02C7A75,1ac8e3af20b81109,VRPTW,large,LOC_F1EE6A62E5AA,Mahendragarh,HR,40,15,TRK_017DA12B162E|TRK_A997FC00E0CF|TRK_8C037A0ADC54|TRK_EEB1DE456EE4|TRK_BCC966E673C0|TRK_B6CE07A71D80|TRK_5564246F7906|TRK_5136065E98CA|TRK_E260AFDFB21B|TRK_E9C76BCDE1E1|TRK_FB045E9F7F61|TRK_B7FB75BB3E0A|TRK_4A05F6B9B509|TRK_1C8C798F44C5|TRK_8DC7FD5FF93A,27710.0,448170.0,395895.0,True,True,False,False,"{""circular_bonus"": -1.1, ""distance_km"": 1.0, ""empty_km"": 0.85, ""fuel_inr"": 0.01, ""risk"": 12.0, ""time_min"": 0.35, ""toll_inr"": 0.01}",CST_48011250D4FB,SCN_BASELINE,g1,False,1681,train,20260903,v0.1,hash_bucket
INS_FDE0E0B4B4BE,5ae5ee3016334d59,VRPTW,small,LOC_AB3DB4CE53FF,Gurdaspur,PB,9,4,TRK_017DA12B162E|TRK_A997FC00E0CF|TRK_8C037A0ADC54|TRK_EEB1DE456EE4,31250.0,126170.0,83190.0,True,True,False,False,"{""circular_bonus"": -1.1, ""distance_km"": 1.0, ""empty_km"": 0.85, ""fuel_inr"": 0.01, ""risk"": 12.0, ""time_min"": 0.35, ""toll_inr"": 0.01}",CST_48011250D4FB,SCN_BASELINE,g1,False,100,test,20260903,v0.1,hash_bucket
INS_3E51CA75D66D,f78855e612f86f86,VRPTW,medium,LOC_8E24E29DF84B,Hisar,HR,28,10,TRK_017DA12B162E|TRK_A997FC00E0CF|TRK_8C037A0ADC54|TRK_EEB1DE456EE4|TRK_BCC966E673C0|TRK_B6CE07A71D80|TRK_5564246F7906|TRK_5136065E98CA|TRK_E260AFDFB21B|TRK_E9C76BCDE1E1,28950.0,306160.0,250180.0,True,True,False,False,"{""circular_bonus"": -1.1, ""distance_km"": 1.0, ""empty_km"": 0.85, ""fuel_inr"": 0.01, ""risk"": 12.0, ""time_min"": 0.35, ""toll_inr"": 0.01}",CST_48011250D4FB,SCN_BASELINE,g1,False,841,train,20260903,v0.1,hash_bucket
INS_6BCF60EA9FC5,b47d83796586d03e,VRPTW,medium,LOC_45C74FBD7B6F,Mansa,PB,17,5,TRK_017DA12B162E|TRK_A997FC00E0CF|TRK_8C037A0ADC54|TRK_EEB1DE456EE4|TRK_BCC966E673C0,30750.0,156920.0,111180.0,True,True,False,False,"{""circular_bonus"": -1.1, ""distance_km"": 1.0, ""empty_km"": 0.85, ""fuel_inr"": 0.01, ""risk"": 12.0, ""time_min"": 0.35, ""toll_inr"": 0.01}",CST_48011250D4FB,SCN_BASELINE,g1,False,324,train,20260903,v0.1,hash_bucket
INS_572FF7B72824,9b30751036988eb0,CVRP,medium,LOC_91BA4A3395D5,Sirsa,HR,27,6,TRK_017DA12B162E|TRK_A997FC00E0CF|TRK_8C037A0ADC54|TRK_EEB1DE456EE4|TRK_BCC966E673C0|TRK_B6CE07A71D80,30590.0,187510.0,132150.0,True,False,False,False,"{""circular_bonus"": -1.1, ""distance_km"": 1.0, ""empty_km"": 0.85, ""fuel_inr"": 0.01, ""risk"": 12.0, ""time_min"": 0.35, ""toll_inr"": 0.01}",CST_48011250D4FB,SCN_BASELINE,g1,False,784,train,20260903,v0.1,hash_bucket
INS_FAAA65BB5D12,daff0b725fc98221,CIRCULAR_VRP,large,LOC_4E618897659A,Hathras,UP,46,18,TRK_017DA12B162E|TRK_A997FC00E0CF|TRK_8C037A0ADC54|TRK_EEB1DE456EE4|TRK_BCC966E673C0|TRK_B6CE07A71D80|TRK_5564246F7906|TRK_5136065E98CA|TRK_E260AFDFB21B|TRK_E9C76BCDE1E1|TRK_FB045E9F7F61|TRK_B7FB75BB3E0A|TRK_4A05F6B9B509|TRK_1C8C798F44C5|TRK_8DC7FD5FF93A|TRK_7A91F5198B53|TRK_BEE1B756CA92|TRK_0331FB7CD37E,26610.0,529120.0,476735.0,True,False,False,True,"{""circular_bonus"": -1.1, ""distance_km"": 1.0, ""empty_km"": 0.85, ""fuel_inr"": 0.01, ""risk"": 12.0, ""time_min"": 0.35, ""toll_inr"": 0.01}",CST_48011250D4FB,SCN_BASELINE,g1,False,2209,train,20260903,v0.1,hash_bucket
INS_9C1C956A07E7,fe457b4eb24e4d50,CVRP,large,LOC_58DEC063659A,Gorakhpur,UP,44,14,TRK_017DA12B162E|TRK_A997FC00E0CF|TRK_8C037A0ADC54|TRK_EEB1DE456EE4|TRK_BCC966E673C0|TRK_B6CE07A71D80|TRK_5564246F7906|TRK_5136065E98CA|TRK_E260AFDFB21B|TRK_E9C76BCDE1E1|TRK_FB045E9F7F61|TRK_B7FB75BB3E0A|TRK_4A05F6B9B509|TRK_1C8C798F44C5,27990.0,420460.0,364500.0,True,False,False,False,"{""circular_bonus"": -1.1, ""distance_km"": 1.0, ""empty_km"": 0.85, ""fuel_inr"": 0.01, ""risk"": 12.0, ""time_min"": 0.35, ""toll_inr"": 0.01}",CST_48011250D4FB,SCN_BASELINE,g1,False,2025,train,20260903,v0.1,hash_bucket
INS_A109B10986AC,06eff4ea20c27fa9,PDP,medium,LOC_B01B9CC74597,Saharanpur,UP,25,7,TRK_017DA12B162E|TRK_A997FC00E0CF|TRK_8C037A0ADC54|TRK_EEB1DE456EE4|TRK_BCC966E673C0|TRK_B6CE07A71D80|TRK_5564246F7906,30530.0,218040.0,173685.0,True,True,True,False,"{""circular_bonus"": -1.1, ""distance_km"": 1.0, ""empty_km"": 0.85, ""fuel_inr"": 0.01, ""risk"": 12.0, ""time_min"": 0.35, ""toll_inr"": 0.01}",CST_48011250D4FB,SCN_BASELINE,g1,False,676,test,20260903,v0.1,hash_bucket
INS_BDF916964A77,0e0c3e9a0f299ba0,CVRP,large,LOC_4E618897659A,Hathras,UP,53,16,TRK_017DA12B162E|TRK_A997FC00E0CF|TRK_8C037A0ADC54|TRK_EEB1DE456EE4|TRK_BCC966E673C0|TRK_B6CE07A71D80|TRK_5564246F7906|TRK_5136065E98CA|TRK_E260AFDFB21B|TRK_E9C76BCDE1E1|TRK_FB045E9F7F61|TRK_B7FB75BB3E0A|TRK_4A05F6B9B509|TRK_1C8C798F44C5|TRK_8DC7FD5FF93A|TRK_7A91F5198B53,27170.0,475340.0,420540.0,True,False,False,False,"{""circular_bonus"": -1.1, ""distance_km"": 1.0, ""empty_km"": 0.85, ""fuel_inr"": 0.01, ""risk"": 12.0, ""time_min"": 0.35, ""toll_inr"": 0.01}",CST_48011250D4FB,SCN_BASELINE,g1,False,2916,train,20260903,v0.1,hash_bucket
INS_7CCA6A693D02,009f7c28d1bde571,PDP,small,LOC_E9EE964E8CFE,South Delhi,DL,8,9,TRK_017DA12B162E|TRK_A997FC00E0CF|TRK_8C037A0ADC54|TRK_EEB1DE456EE4|TRK_BCC966E673C0|TRK_B6CE07A71D80|TRK_5564246F7906|TRK_5136065E98CA|TRK_E260AFDFB21B,29400.0,277210.0,240000.0,True,True,True,True,"{""circular_bonus"": -1.1, ""distance_km"": 1.0, ""empty_km"": 0.85, ""fuel_inr"": 0.01, ""risk"": 12.0, ""time_min"": 0.35, ""toll_inr"": 0.01}",CST_48011250D4FB,SCN_BASELINE,g1,False,81,train,20260903,v0.1,hash_bucket
INS_8D0DBFA156F6,c053b97ec637c475,PDP,small,LOC_2ADFB4EFDB06,Kaithal,HR,13,4,TRK_017DA12B162E|TRK_A997FC00E0CF|TRK_8C037A0ADC54|TRK_EEB1DE456EE4,31250.0,126170.0,80745.0,True,True,True,True,"{""circular_bonus"": -1.1, ""distance_km"": 1.0, ""empty_km"": 0.85, ""fuel_inr"": 0.01, ""risk"": 12.0, ""time_min"": 0.35, ""toll_inr"": 0.01}",CST_48011250D4FB,SCN_BASELINE,g1,False,196,test,20260903,v0.1,hash_bucket
INS_6B258949AA37,2e4e17d4bb4d67e8,CVRP,medium,LOC_ED9C60D04FC0,SAS Nagar,PB,26,9,TRK_017DA12B162E|TRK_A997FC00E0CF|TRK_8C037A0ADC54|TRK_EEB1DE456EE4|TRK_BCC966E673C0|TRK_B6CE07A71D80|TRK_5564246F7906|TRK_5136065E98CA|TRK_E260AFDFB21B,29400.0,277210.0,237270.0,True,False,False,False,"{""circular_bonus"": -1.1, ""distance_km"": 1.0, ""empty_km"": 0.85, ""fuel_inr"": 0.01, ""risk"": 12.0, ""time_min"": 0.35, ""toll_inr"": 0.01}",CST_48011250D4FB,SCN_BASELINE,g1,False,729,test,20260903,v0.1,hash_bucket
INS_CF1C96F54622,562cad03519977c6,VRPTW,large,LOC_BC83DA386B0E,Baghpat,UP,38,12,TRK_017DA12B162E|TRK_A997FC00E0CF|TRK_8C037A0ADC54|TRK_EEB1DE456EE4|TRK_BCC966E673C0|TRK_B6CE07A71D80|TRK_5564246F7906|TRK_5136065E98CA|TRK_E260AFDFB21B|TRK_E9C76BCDE1E1|TRK_FB045E9F7F61|TRK_B7FB75BB3E0A,28840.0,363890.0,321860.0,True,True,False,False,"{""circular_bonus"": -1.1, ""distance_km"": 1.0, ""empty_km"": 0.85, ""fuel_inr"": 0.01, ""risk"": 12.0, ""time_min"": 0.35, ""toll_inr"": 0.01}",CST_48011250D4FB,SCN_BASELINE,g1,False,1521,train,20260903,v0.1,hash_bucket
INS_83888B74E861,1b99f6d7779c7250,PDP,medium,LOC_DD4D9C55D7BB,Fatehgarh Sahib,PB,24,9,TRK_017DA12B162E|TRK_A997FC00E0CF|TRK_8C037A0ADC54|TRK_EEB1DE456EE4|TRK_BCC966E673C0|TRK_B6CE07A71D80|TRK_5564246F7906|TRK_5136065E98CA|TRK_E260AFDFB21B,29400.0,277210.0,219490.0,True,True,True,True,"{""circular_bonus"": -1.1, ""distance_km"": 1.0, ""empty_km"": 0.85, ""fuel_inr"": 0.01, ""risk"": 12.0, ""time_min"": 0.35, ""toll_inr"": 0.01}",CST_48011250D4FB,SCN_BASELINE,g1,False,625,test,20260903,v0.1,hash_bucket
INS_6099EB145173,8451d1f848d07afb,VRPTW,small,LOC_BF1D141289ED,Hoshiarpur,PB,11,4,TRK_017DA12B162E|TRK_A997FC00E0CF|TRK_8C037A0ADC54|TRK_EEB1DE456EE4,31250.0,126170.0,73070.0,True,True,False,False,"{""circular_bonus"": -1.1, ""distance_km"": 1.0, ""empty_km"": 0.85, ""fuel_inr"": 0.01, ""risk"": 12.0, ""time_min"": 0.35, ""toll_inr"": 0.01}",CST_48011250D4FB,SCN_BASELINE,g1,False,144,train,20260903,v0.1,hash_bucket
INS_698E3BF2C98B,55065b33e20940ea,CIRCULAR_VRP,medium,LOC_AB3DB4CE53FF,Gurdaspur,PB,28,11,TRK_017DA12B162E|TRK_A997FC00E0CF|TRK_8C037A0ADC54|TRK_EEB1DE456EE4|TRK_BCC966E673C0|TRK_B6CE07A71D80|TRK_5564246F7906|TRK_5136065E98CA|TRK_E260AFDFB21B|TRK_E9C76BCDE1E1|TRK_FB045E9F7F61,28890.0,335050.0,288830.0,True,False,False,True,"{""circular_bonus"": -1.1, ""distance_km"": 1.0, ""empty_km"": 0.85, ""fuel_inr"": 0.01, ""risk"": 12.0, ""time_min"": 0.35, ""toll_inr"": 0.01}",CST_48011250D4FB,SCN_BASELINE,g1,False,841,test,20260903,v0.1,hash_bucket
INS_F39C952C0F63,b16520251d8acca3,CVRP,medium,LOC_B39E76DCD93F,Nuh,HR,22,6,TRK_017DA12B162E|TRK_A997FC00E0CF|TRK_8C037A0ADC54|TRK_EEB1DE456EE4|TRK_BCC966E673C0|TRK_B6CE07A71D80,30590.0,187510.0,154630.0,True,False,False,False,"{""circular_bonus"": -1.1, ""distance_km"": 1.0, ""empty_km"": 0.85, ""fuel_inr"": 0.01, ""risk"": 12.0, ""time_min"": 0.35, ""toll_inr"": 0.01}",CST_48011250D4FB,SCN_BASELINE,g1,False,529,train,20260903,v0.1,hash_bucket
INS_31B20FEF279C,4a59aab659597d48,PDP,small,LOC_FF96333A5510,North West Delhi,DL,9,9,TRK_017DA12B162E|TRK_A997FC00E0CF|TRK_8C037A0ADC54|TRK_EEB1DE456EE4|TRK_BCC966E673C0|TRK_B6CE07A71D80|TRK_5564246F7906|TRK_5136065E98CA|TRK_E260AFDFB21B,29400.0,277210.0,247060.0,True,False,True,True,"{""circular_bonus"": -1.1, ""distance_km"": 1.0, ""empty_km"": 0.85, ""fuel_inr"": 0.01, ""risk"": 12.0, ""time_min"": 0.35, ""toll_inr"": 0.01}",CST_48011250D4FB,SCN_BASELINE,g1,False,100,train,20260903,v0.1,hash_bucket
INS_15A51035F0B2,69494cd328e836c8,VRPTW,large,LOC_2B9C182E1BB7,Panchkula,HR,52,21,TRK_017DA12B162E|TRK_A997FC00E0CF|TRK_8C037A0ADC54|TRK_EEB1DE456EE4|TRK_BCC966E673C0|TRK_B6CE07A71D80|TRK_5564246F7906|TRK_5136065E98CA|TRK_E260AFDFB21B|TRK_E9C76BCDE1E1|TRK_FB045E9F7F61|TRK_B7FB75BB3E0A|TRK_4A05F6B9B509|TRK_1C8C798F44C5|TRK_8DC7FD5FF93A|TRK_7A91F5198B53|TRK_BEE1B756CA92|TRK_0331FB7CD37E|TRK_EEA8DB00B33D|TRK_3A519CFB8F0F|TRK_8C842CC0A407,25970.0,607600.0,570025.0,True,True,False,False,"{""circular_bonus"": -1.1, ""distance_km"": 1.0, ""empty_km"": 0.85, ""fuel_inr"": 0.01, ""risk"": 12.0, ""time_min"": 0.35, ""toll_inr"": 0.01}",CST_48011250D4FB,SCN_BASELINE,g1,False,2809,test,20260903,v0.1,hash_bucket
INS_72AF825EA884,e53f7bc4f76d6d8d,CIRCULAR_VRP,small,LOC_4E618897659A,Hathras,UP,8,4,TRK_40F5228AAD63|TRK_EACC11A598BC|TRK_AEFF0F3D6157|TRK_5761F54D80F2,7680.0,48540.0,34910.0,True,True,False,True,"{""circular_bonus"": -1.1, ""distance_km"": 1.0, ""empty_km"": 0.85, ""fuel_inr"": 0.01, ""risk"": 12.0, ""time_min"": 0.35, ""toll_inr"": 0.01}",CST_48011250D4FB,SCN_BASELINE,g1,False,81,test,20260903,v0.1,hash_bucket
INS_E6669DAC019D,0033cae042fa6803,CIRCULAR_VRP,medium,LOC_E7B504BE8FE9,Patiala,PB,19,7,TRK_017DA12B162E|TRK_A997FC00E0CF|TRK_8C037A0ADC54|TRK_EEB1DE456EE4|TRK_BCC966E673C0|TRK_B6CE07A71D80|TRK_5564246F7906,30530.0,218040.0,172170.0,True,True,False,True,"{""circular_bonus"": -1.1, ""distance_km"": 1.0, ""empty_km"": 0.85, ""fuel_inr"": 0.01, ""risk"": 12.0, ""time_min"": 0.35, ""toll_inr"": 0.01}",CST_48011250D4FB,SCN_BASELINE,g1,False,400,train,20260903,v0.1,hash_bucket
INS_2730A6751638,677acb8412739ec6,PDP,small,LOC_0B27B307A77E,Panipat,HR,13,5,TRK_017DA12B162E|TRK_A997FC00E0CF|TRK_8C037A0ADC54|TRK_EEB1DE456EE4|TRK_BCC966E673C0,30750.0,156920.0,115950.0,True,False,True,False,"{""circular_bonus"": -1.1, ""distance_km"": 1.0, ""empty_km"": 0.85, ""fuel_inr"": 0.01, ""risk"": 12.0, ""time_min"": 0.35, ""toll_inr"": 0.01}",CST_48011250D4FB,SCN_BASELINE,g1,False,196,train,20260903,v0.1,hash_bucket
INS_A203839115DB,236c5b87ed499a1a,VRPTW,large,LOC_2ADFB4EFDB06,Kaithal,HR,40,9,TRK_017DA12B162E|TRK_A997FC00E0CF|TRK_8C037A0ADC54|TRK_EEB1DE456EE4|TRK_BCC966E673C0|TRK_B6CE07A71D80|TRK_5564246F7906|TRK_5136065E98CA|TRK_E260AFDFB21B,29400.0,277210.0,239850.0,True,True,False,False,"{""circular_bonus"": -1.1, ""distance_km"": 1.0, ""empty_km"": 0.85, ""fuel_inr"": 0.01, ""risk"": 12.0, ""time_min"": 0.35, ""toll_inr"": 0.01}",CST_48011250D4FB,SCN_BASELINE,g1,False,1681,test,20260903,v0.1,hash_bucket
INS_52A747026E7F,f1f66920b91ef93f,PDP,large,LOC_0B27B307A77E,Panipat,HR,37,15,TRK_017DA12B162E|TRK_A997FC00E0CF|TRK_8C037A0ADC54|TRK_EEB1DE456EE4|TRK_BCC966E673C0|TRK_B6CE07A71D80|TRK_5564246F7906|TRK_5136065E98CA|TRK_E260AFDFB21B|TRK_E9C76BCDE1E1|TRK_FB045E9F7F61|TRK_B7FB75BB3E0A|TRK_4A05F6B9B509|TRK_1C8C798F44C5|TRK_8DC7FD5FF93A,27710.0,448170.0,417830.0,True,True,True,False,"{""circular_bonus"": -1.1, ""distance_km"": 1.0, ""empty_km"": 0.85, ""fuel_inr"": 0.01, ""risk"": 12.0, ""time_min"": 0.35, ""toll_inr"": 0.01}",CST_48011250D4FB,SCN_BASELINE,g1,False,1444,train,20260903,v0.1,hash_bucket
INS_A3A1E218A07D,c5b1f123f800dcf7,CIRCULAR_VRP,small,LOC_F1EE6A62E5AA,Mahendragarh,HR,8,3,TRK_017DA12B162E|TRK_A997FC00E0CF|TRK_8C037A0ADC54,31430.0,94920.0,46755.0,True,True,False,True,"{""circular_bonus"": -1.1, ""distance_km"": 1.0, ""empty_km"": 0.85, ""fuel_inr"": 0.01, ""risk"": 12.0, ""time_min"": 0.35, ""toll_inr"": 0.01}",CST_48011250D4FB,SCN_BASELINE,g1,False,81,train,20260903,v0.1,hash_bucket
INS_44707A415DCF,14395379398f0f84,PDP,large,LOC_2ADFB4EFDB06,Kaithal,HR,38,6,TRK_017DA12B162E|TRK_A997FC00E0CF|TRK_8C037A0ADC54|TRK_EEB1DE456EE4|TRK_BCC966E673C0|TRK_B6CE07A71D80,30590.0,187510.0,154905.0,True,True,True,False,"{""circular_bonus"": -1.1, ""distance_km"": 1.0, ""empty_km"": 0.85, ""fuel_inr"": 0.01, ""risk"": 12.0, ""time_min"": 0.35, ""toll_inr"": 0.01}",CST_48011250D4FB,SCN_BASELINE,g1,False,1521,train,20260903,v0.1,hash_bucket
INS_6497646F86D8,1a86788bbc3e2d51,PDP,medium,LOC_2275B2D35F85,Palwal,HR,27,6,TRK_017DA12B162E|TRK_A997FC00E0CF|TRK_8C037A0ADC54|TRK_EEB1DE456EE4|TRK_BCC966E673C0|TRK_B6CE07A71D80,30590.0,187510.0,146360.0,True,True,True,True,"{""circular_bonus"": -1.1, ""distance_km"": 1.0, ""empty_km"": 0.85, ""fuel_inr"": 0.01, ""risk"": 12.0, ""time_min"": 0.35, ""toll_inr"": 0.01}",CST_48011250D4FB,SCN_BASELINE,g1,False,784,validation,20260903,v0.1,hash_bucket
INS_8D37CA2FC0C3,6719f63952a9e7f0,PDP,medium,LOC_03F06DD41C28,Malerkotla,PB,24,9,TRK_017DA12B162E|TRK_A997FC00E0CF|TRK_8C037A0ADC54|TRK_EEB1DE456EE4|TRK_BCC966E673C0|TRK_B6CE07A71D80|TRK_5564246F7906|TRK_5136065E98CA|TRK_E260AFDFB21B,29400.0,277210.0,219040.0,True,False,True,False,"{""circular_bonus"": -1.1, ""distance_km"": 1.0, ""empty_km"": 0.85, ""fuel_inr"": 0.01, ""risk"": 12.0, ""time_min"": 0.35, ""toll_inr"": 0.01}",CST_48011250D4FB,SCN_BASELINE,g1,False,625,validation,20260903,v0.1,hash_bucket
INS_D247CFB5EA65,b2ba3b1f40f23b94,CIRCULAR_VRP,small,LOC_27273A6A3299,Shamli,UP,11,3,TRK_017DA12B162E|TRK_A997FC00E0CF|TRK_8C037A0ADC54,31430.0,94920.0,48600.0,True,False,False,True,"{""circular_bonus"": -1.1, ""distance_km"": 1.0, ""empty_km"": 0.85, ""fuel_inr"": 0.01, ""risk"": 12.0, ""time_min"": 0.35, ""toll_inr"": 0.01}",CST_48011250D4FB,SCN_BASELINE,g1,False,144,train,20260903,v0.1,hash_bucket
INS_96B0D5BCC523,df21870a27c474cd,PDP,medium,LOC_0D7AAF851D69,Tarn Taran,PB,27,9,TRK_017DA12B162E|TRK_A997FC00E0CF|TRK_8C037A0ADC54|TRK_EEB1DE456EE4|TRK_BCC966E673C0|TRK_B6CE07A71D80|TRK_5564246F7906|TRK_5136065E98CA|TRK_E260AFDFB21B,29400.0,277210.0,243940.0,True,True,True,False,"{""circular_bonus"": -1.1, ""distance_km"": 1.0, ""empty_km"": 0.85, ""fuel_inr"": 0.01, ""risk"": 12.0, ""time_min"": 0.35, ""toll_inr"": 0.01}",CST_48011250D4FB,SCN_BASELINE,g1,False,784,train,20260903,v0.1,hash_bucket
INS_9448E6F5C534,6e074a704b2c4013,CVRP,medium,LOC_B26DA7992E56,Prayagraj,UP,17,6,TRK_017DA12B162E|TRK_A997FC00E0CF|TRK_8C037A0ADC54|TRK_EEB1DE456EE4|TRK_BCC966E673C0|TRK_B6CE07A71D80,30590.0,187510.0,126975.0,True,False,False,False,"{""circular_bonus"": -1.1, ""distance_km"": 1.0, ""empty_km"": 0.85, ""fuel_inr"": 0.01, ""risk"": 12.0, ""time_min"": 0.35, ""toll_inr"": 0.01}",CST_48011250D4FB,SCN_BASELINE,g1,False,324,validation,20260903,v0.1,hash_bucket
INS_37DFEC11E6C9,d3c672f3c3adc36e,CIRCULAR_VRP,small,LOC_2011BC2FE7BD,Fazilka,PB,13,4,TRK_017DA12B162E|TRK_A997FC00E0CF|TRK_8C037A0ADC54|TRK_EEB1DE456EE4,31250.0,126170.0,81900.0,True,False,False,True,"{""circular_bonus"": -1.1, ""distance_km"": 1.0, ""empty_km"": 0.85, ""fuel_inr"": 0.01, ""risk"": 12.0, ""time_min"": 0.35, ""toll_inr"": 0.01}",CST_48011250D4FB,SCN_BASELINE,g1,False,196,train,20260903,v0.1,hash_bucket
INS_9FA1B015E4EA,e855b421a2cf5649,VRPTW,small,LOC_63A998834201,North East Delhi,DL,9,6,TRK_017DA12B162E|TRK_A997FC00E0CF|TRK_8C037A0ADC54|TRK_EEB1DE456EE4|TRK_BCC966E673C0|TRK_B6CE07A71D80,30590.0,187510.0,134490.0,True,True,False,False,"{""circular_bonus"": -1.1, ""distance_km"": 1.0, ""empty_km"": 0.85, ""fuel_inr"": 0.01, ""risk"": 12.0, ""time_min"": 0.35, ""toll_inr"": 0.01}",CST_48011250D4FB,SCN_BASELINE,g1,False,100,train,20260903,v0.1,hash_bucket
INS_B89994395A05,dcb3a19c5d9a24eb,CIRCULAR_VRP,small,LOC_4E618897659A,Hathras,UP,8,6,TRK_017DA12B162E|TRK_A997FC00E0CF|TRK_8C037A0ADC54|TRK_EEB1DE456EE4|TRK_BCC966E673C0|TRK_B6CE07A71D80,30590.0,187510.0,144730.0,True,True,False,True,"{""circular_bonus"": -1.1, ""distance_km"": 1.0, ""empty_km"": 0.85, ""fuel_inr"": 0.01, ""risk"": 12.0, ""time_min"": 0.35, ""toll_inr"": 0.01}",CST_48011250D4FB,SCN_BASELINE,g1,False,81,train,20260903,v0.1,hash_bucket
INS_5CDAFB2AC74D,9e58cf148292f96e,CIRCULAR_VRP,small,LOC_AB3DB4CE53FF,Gurdaspur,PB,14,3,TRK_017DA12B162E|TRK_A997FC00E0CF|TRK_8C037A0ADC54,31430.0,94920.0,51800.0,True,False,False,True,"{""circular_bonus"": -1.1, ""distance_km"": 1.0, ""empty_km"": 0.85, ""fuel_inr"": 0.01, ""risk"": 12.0, ""time_min"": 0.35, ""toll_inr"": 0.01}",CST_48011250D4FB,SCN_BASELINE,g1,False,225,train,20260903,v0.1,hash_bucket
INS_E5A9C4750A98,770a573187d2f827,PDP,medium,LOC_6B9FA168B682,Firozabad,UP,21,9,TRK_017DA12B162E|TRK_A997FC00E0CF|TRK_8C037A0ADC54|TRK_EEB1DE456EE4|TRK_BCC966E673C0|TRK_B6CE07A71D80|TRK_5564246F7906|TRK_5136065E98CA|TRK_E260AFDFB21B,29400.0,277210.0,220170.0,True,False,True,False,"{""circular_bonus"": -1.1, ""distance_km"": 1.0, ""empty_km"": 0.85, ""fuel_inr"": 0.01, ""risk"": 12.0, ""time_min"": 0.35, ""toll_inr"": 0.01}",CST_48011250D4FB,SCN_BASELINE,g1,False,484,train,20260903,v0.1,hash_bucket
INS_D0689B165CF4,d2d3c5ab6e6768dd,PDP,medium,LOC_8F3BDE96C1C3,Rampur,UP,30,6,TRK_017DA12B162E|TRK_A997FC00E0CF|TRK_8C037A0ADC54|TRK_EEB1DE456EE4|TRK_BCC966E673C0|TRK_B6CE07A71D80,30590.0,187510.0,153630.0,True,True,True,False,"{""circular_bonus"": -1.1, ""distance_km"": 1.0, ""empty_km"": 0.85, ""fuel_inr"": 0.01, ""risk"": 12.0, ""time_min"": 0.35, ""toll_inr"": 0.01}",CST_48011250D4FB,SCN_BASELINE,g1,False,961,train,20260903,v0.1,hash_bucket
INS_B15E6FAAAB81,28c013d27c6bee18,VRPTW,medium,LOC_91BA4A3395D5,Sirsa,HR,24,4,TRK_017DA12B162E|TRK_A997FC00E0CF|TRK_8C037A0ADC54|TRK_EEB1DE456EE4,31250.0,126170.0,87890.0,True,True,False,False,"{""circular_bonus"": -1.1, ""distance_km"": 1.0, ""empty_km"": 0.85, ""fuel_inr"": 0.01, ""risk"": 12.0, ""time_min"": 0.35, ""toll_inr"": 0.01}",CST_48011250D4FB,SCN_BASELINE,g1,False,625,train,20260903,v0.1,hash_bucket
INS_907C4933FD85,1d669896349a6084,PDP,medium,LOC_03F06DD41C28,Malerkotla,PB,25,9,TRK_017DA12B162E|TRK_A997FC00E0CF|TRK_8C037A0ADC54|TRK_EEB1DE456EE4|TRK_BCC966E673C0|TRK_B6CE07A71D80|TRK_5564246F7906|TRK_5136065E98CA|TRK_E260AFDFB21B,29400.0,277210.0,243735.0,True,False,True,True,"{""circular_bonus"": -1.1, ""distance_km"": 1.0, ""empty_km"": 0.85, ""fuel_inr"": 0.01, ""risk"": 12.0, ""time_min"": 0.35, ""toll_inr"": 0.01}",CST_48011250D4FB,SCN_BASELINE,g1,False,676,train,20260903,v0.1,hash_bucket
INS_279D0C96E4D3,236734de8ff5f68d,CIRCULAR_VRP,large,LOC_2ADFB4EFDB06,Kaithal,HR,53,8,TRK_017DA12B162E|TRK_A997FC00E0CF|TRK_8C037A0ADC54|TRK_EEB1DE456EE4|TRK_BCC966E673C0|TRK_B6CE07A71D80|TRK_5564246F7906|TRK_5136065E98CA,29770.0,247810.0,209835.0,True,True,False,True,"{""circular_bonus"": -1.1, ""distance_km"": 1.0, ""empty_km"": 0.85, ""fuel_inr"": 0.01, ""risk"": 12.0, ""time_min"": 0.35, ""toll_inr"": 0.01}",CST_48011250D4FB,SCN_BASELINE,g1,False,2916,test,20260903,v0.1,hash_bucket
INS_2D44D422E7CB,a50d9a1f9d5a05c1,PDP,small,LOC_AD745A3946E4,Unnao,UP,11,4,TRK_017DA12B162E|TRK_A997FC00E0CF|TRK_8C037A0ADC54|TRK_EEB1DE456EE4,31250.0,126170.0,75120.0,True,True,True,False,"{""circular_bonus"": -1.1, ""distance_km"": 1.0, ""empty_km"": 0.85, ""fuel_inr"": 0.01, ""risk"": 12.0, ""time_min"": 0.35, ""toll_inr"": 0.01}",CST_48011250D4FB,SCN_BASELINE,g1,False,144,train,20260903,v0.1,hash_bucket
INS_B88CF8205E52,bbe8e80606ac0c48,CIRCULAR_VRP,medium,LOC_AD745A3946E4,Unnao,UP,23,4,TRK_017DA12B162E|TRK_A997FC00E0CF|TRK_8C037A0ADC54|TRK_EEB1DE456EE4,31250.0,126170.0,83610.0,True,True,False,True,"{""circular_bonus"": -1.1, ""distance_km"": 1.0, ""empty_km"": 0.85, ""fuel_inr"": 0.01, ""risk"": 12.0, ""time_min"": 0.35, ""toll_inr"": 0.01}",CST_48011250D4FB,SCN_BASELINE,g1,False,576,train,20260903,v0.1,hash_bucket
INS_8BF6E3B355FA,5a33aee786085253,PDP,small,LOC_6042150B38E7,Rohtak,HR,13,11,TRK_017DA12B162E|TRK_A997FC00E0CF|TRK_8C037A0ADC54|TRK_EEB1DE456EE4|TRK_BCC966E673C0|TRK_B6CE07A71D80|TRK_5564246F7906|TRK_5136065E98CA|TRK_E260AFDFB21B|TRK_E9C76BCDE1E1|TRK_FB045E9F7F61,28890.0,335050.0,304930.0,True,True,True,True,"{""circular_bonus"": -1.1, ""distance_km"": 1.0, ""empty_km"": 0.85, ""fuel_inr"": 0.01, ""risk"": 12.0, ""time_min"": 0.35, ""toll_inr"": 0.01}",CST_48011250D4FB,SCN_BASELINE,g1,False,196,train,20260903,v0.1,hash_bucket
INS_04B19AAEEF32,a6fa2c4c9569aa71,PDP,small,LOC_487C12AA952A,Jind,HR,8,3,TRK_017DA12B162E|TRK_A997FC00E0CF|TRK_8C037A0ADC54,31430.0,94920.0,40760.0,True,False,True,True,"{""circular_bonus"": -1.1, ""distance_km"": 1.0, ""empty_km"": 0.85, ""fuel_inr"": 0.01, ""risk"": 12.0, ""time_min"": 0.35, ""toll_inr"": 0.01}",CST_48011250D4FB,SCN_BASELINE,g1,False,81,train,20260903,v0.1,hash_bucket
INS_8A149AAE1532,76e1a276fb4d0384,VRPTW,medium,LOC_6B9FA168B682,Firozabad,UP,17,7,TRK_017DA12B162E|TRK_A997FC00E0CF|TRK_8C037A0ADC54|TRK_EEB1DE456EE4|TRK_BCC966E673C0|TRK_B6CE07A71D80|TRK_5564246F7906,30530.0,218040.0,163540.0,True,True,False,False,"{""circular_bonus"": -1.1, ""distance_km"": 1.0, ""empty_km"": 0.85, ""fuel_inr"": 0.01, ""risk"": 12.0, ""time_min"": 0.35, ""toll_inr"": 0.01}",CST_48011250D4FB,SCN_BASELINE,g1,False,324,train,20260903,v0.1,hash_bucket
INS_25D7601AC0CA,0127df0ed7e651e5,VRPTW,medium,LOC_4E618897659A,Hathras,UP,19,7,TRK_017DA12B162E|TRK_A997FC00E0CF|TRK_8C037A0ADC54|TRK_EEB1DE456EE4|TRK_BCC966E673C0|TRK_B6CE07A71D80|TRK_5564246F7906,30530.0,218040.0,180870.0,True,True,False,False,"{""circular_bonus"": -1.1, ""distance_km"": 1.0, ""empty_km"": 0.85, ""fuel_inr"": 0.01, ""risk"": 12.0, ""time_min"": 0.35, ""toll_inr"": 0.01}",CST_48011250D4FB,SCN_BASELINE,g1,False,400,train,20260903,v0.1,hash_bucket
INS_629E2BB45BA1,7917086c741b3e91,VRPTW,large,LOC_5775AEDC7A87,Kanpur Nagar,UP,35,14,TRK_017DA12B162E|TRK_A997FC00E0CF|TRK_8C037A0ADC54|TRK_EEB1DE456EE4|TRK_BCC966E673C0|TRK_B6CE07A71D80|TRK_5564246F7906|TRK_5136065E98CA|TRK_E260AFDFB21B|TRK_E9C76BCDE1E1|TRK_FB045E9F7F61|TRK_B7FB75BB3E0A|TRK_4A05F6B9B509|TRK_1C8C798F44C5,27990.0,420460.0,383550.0,True,True,False,False,"{""circular_bonus"": -1.1, ""distance_km"": 1.0, ""empty_km"": 0.85, ""fuel_inr"": 0.01, ""risk"": 12.0, ""time_min"": 0.35, ""toll_inr"": 0.01}",CST_48011250D4FB,SCN_BASELINE,g1,False,1296,train,20260903,v0.1,hash_bucket
INS_070D363F8492,38d38f5708bf4652,PDP,medium,LOC_E96863625035,Shahdara,DL,8,9,TRK_017DA12B162E|TRK_A997FC00E0CF|TRK_8C037A0ADC54|TRK_EEB1DE456EE4|TRK_BCC966E673C0|TRK_B6CE07A71D80|TRK_5564246F7906|TRK_5136065E98CA|TRK_E260AFDFB21B,29400.0,277210.0,240000.0,True,True,True,False,"{""circular_bonus"": -1.1, ""distance_km"": 1.0, ""empty_km"": 0.85, ""fuel_inr"": 0.01, ""risk"": 12.0, ""time_min"": 0.35, ""toll_inr"": 0.01}",CST_48011250D4FB,SCN_BASELINE,g1,False,81,validation,20260903,v0.1,hash_bucket
INS_53B263D6138B,3d16ce09ee50bbeb,CIRCULAR_VRP,medium,LOC_B9CDAEAD5C72,Mainpuri,UP,29,7,TRK_017DA12B162E|TRK_A997FC00E0CF|TRK_8C037A0ADC54|TRK_EEB1DE456EE4|TRK_BCC966E673C0|TRK_B6CE07A71D80|TRK_5564246F7906,30530.0,218040.0,179120.0,True,False,False,True,"{""circular_bonus"": -1.1, ""distance_km"": 1.0, ""empty_km"": 0.85, ""fuel_inr"": 0.01, ""risk"": 12.0, ""time_min"": 0.35, ""toll_inr"": 0.01}",CST_48011250D4FB,SCN_BASELINE,g1,False,900,validation,20260903,v0.1,hash_bucket
INS_EF293C681310,74cead7bc55b5e9f,PDP,small,LOC_DD4D9C55D7BB,Fatehgarh Sahib,PB,12,7,TRK_017DA12B162E|TRK_A997FC00E0CF|TRK_8C037A0ADC54|TRK_EEB1DE456EE4|TRK_BCC966E673C0|TRK_B6CE07A71D80|TRK_5564246F7906,30530.0,218040.0,179540.0,True,False,True,False,"{""circular_bonus"": -1.1, ""distance_km"": 1.0, ""empty_km"": 0.85, ""fuel_inr"": 0.01, ""risk"": 12.0, ""time_min"": 0.35, ""toll_inr"": 0.01}",CST_48011250D4FB,SCN_BASELINE,g1,False,169,train,20260903,v0.1,hash_bucket
INS_B81D6445F23A,e98fd18f4ade06db,CIRCULAR_VRP,medium,LOC_C58F1767A842,Barnala,PB,25,8,TRK_017DA12B162E|TRK_A997FC00E0CF|TRK_8C037A0ADC54|TRK_EEB1DE456EE4|TRK_BCC966E673C0|TRK_B6CE07A71D80|TRK_5564246F7906|TRK_5136065E98CA,29770.0,247810.0,190480.0,True,False,False,True,"{""circular_bonus"": -1.1, ""distance_km"": 1.0, ""empty_km"": 0.85, ""fuel_inr"": 0.01, ""risk"": 12.0, ""time_min"": 0.35, ""toll_inr"": 0.01}",CST_48011250D4FB,SCN_BASELINE,g1,False,676,train,20260903,v0.1,hash_bucket
INS_6657F8E9AD8A,97ca5d91c5cad696,PDP,small,LOC_2275B2D35F85,Palwal,HR,14,3,TRK_017DA12B162E|TRK_A997FC00E0CF|TRK_8C037A0ADC54,31430.0,94920.0,59890.0,True,False,True,False,"{""circular_bonus"": -1.1, ""distance_km"": 1.0, ""empty_km"": 0.85, ""fuel_inr"": 0.01, ""risk"": 12.0, ""time_min"": 0.35, ""toll_inr"": 0.01}",CST_48011250D4FB,SCN_BASELINE,g1,False,225,train,20260903,v0.1,hash_bucket
INS_31D9632057A2,e6daac8171345a58,PDP,small,LOC_D24D73F16033,Meerut,UP,11,9,TRK_017DA12B162E|TRK_A997FC00E0CF|TRK_8C037A0ADC54|TRK_EEB1DE456EE4|TRK_BCC966E673C0|TRK_B6CE07A71D80|TRK_5564246F7906|TRK_5136065E98CA|TRK_E260AFDFB21B,29400.0,277210.0,245570.0,True,True,True,False,"{""circular_bonus"": -1.1, ""distance_km"": 1.0, ""empty_km"": 0.85, ""fuel_inr"": 0.01, ""risk"": 12.0, ""time_min"": 0.35, ""toll_inr"": 0.01}",CST_48011250D4FB,SCN_BASELINE,g1,False,144,train,20260903,v0.1,hash_bucket
INS_567070BC6DE9,e2ab932e54533a4c,PDP,small,LOC_B56ABDBA32E2,Aligarh,UP,10,3,TRK_017DA12B162E|TRK_A997FC00E0CF|TRK_8C037A0ADC54,31430.0,94920.0,55010.0,True,False,True,True,"{""circular_bonus"": -1.1, ""distance_km"": 1.0, ""empty_km"": 0.85, ""fuel_inr"": 0.01, ""risk"": 12.0, ""time_min"": 0.35, ""toll_inr"": 0.01}",CST_48011250D4FB,SCN_BASELINE,g1,False,121,validation,20260903,v0.1,hash_bucket
INS_9578F5707717,4bc00ea0fd6ef258,CIRCULAR_VRP,medium,LOC_6C7E235EC96D,Nawanshahr,PB,23,10,TRK_017DA12B162E|TRK_A997FC00E0CF|TRK_8C037A0ADC54|TRK_EEB1DE456EE4|TRK_BCC966E673C0|TRK_B6CE07A71D80|TRK_5564246F7906|TRK_5136065E98CA|TRK_E260AFDFB21B|TRK_E9C76BCDE1E1,28950.0,306160.0,252015.0,True,False,False,True,"{""circular_bonus"": -1.1, ""distance_km"": 1.0, ""empty_km"": 0.85, ""fuel_inr"": 0.01, ""risk"": 12.0, ""time_min"": 0.35, ""toll_inr"": 0.01}",CST_48011250D4FB,SCN_BASELINE,g1,False,576,test,20260903,v0.1,hash_bucket
INS_0DEB75821DBC,164a53d02dd1d39e,CIRCULAR_VRP,small,LOC_443EF0FB4E8C,Etawah,UP,10,3,TRK_017DA12B162E|TRK_A997FC00E0CF|TRK_8C037A0ADC54,31430.0,94920.0,50310.0,True,True,False,True,"{""circular_bonus"": -1.1, ""distance_km"": 1.0, ""empty_km"": 0.85, ""fuel_inr"": 0.01, ""risk"": 12.0, ""time_min"": 0.35, ""toll_inr"": 0.01}",CST_48011250D4FB,SCN_BASELINE,g1,False,121,test,20260903,v0.1,hash_bucket
INS_E735FE31C977,febb39ff443b045c,CVRP,medium,LOC_63A998834201,North East Delhi,DL,11,8,TRK_017DA12B162E|TRK_A997FC00E0CF|TRK_8C037A0ADC54|TRK_EEB1DE456EE4|TRK_BCC966E673C0|TRK_B6CE07A71D80|TRK_5564246F7906|TRK_5136065E98CA,29770.0,247810.0,190980.0,True,False,False,False,"{""circular_bonus"": -1.1, ""distance_km"": 1.0, ""empty_km"": 0.85, ""fuel_inr"": 0.01, ""risk"": 12.0, ""time_min"": 0.35, ""toll_inr"": 0.01}",CST_48011250D4FB,SCN_BASELINE,g1,False,144,validation,20260903,v0.1,hash_bucket
INS_C354C762AEFA,96608cdd42265037,PDP,medium,LOC_D8FB48D6F894,Fatehabad,HR,29,4,TRK_017DA12B162E|TRK_A997FC00E0CF|TRK_8C037A0ADC54|TRK_EEB1DE456EE4,31250.0,126170.0,92330.0,True,True,True,False,"{""circular_bonus"": -1.1, ""distance_km"": 1.0, ""empty_km"": 0.85, ""fuel_inr"": 0.01, ""risk"": 12.0, ""time_min"": 0.35, ""toll_inr"": 0.01}",CST_48011250D4FB,SCN_BASELINE,g1,False,900,train,20260903,v0.1,hash_bucket
INS_4172A4A7D994,6a11580d5e1e8281,VRPTW,medium,LOC_7CE3D43FF63F,Ambala,HR,23,9,TRK_017DA12B162E|TRK_A997FC00E0CF|TRK_8C037A0ADC54|TRK_EEB1DE456EE4|TRK_BCC966E673C0|TRK_B6CE07A71D80|TRK_5564246F7906|TRK_5136065E98CA|TRK_E260AFDFB21B,29400.0,277210.0,225730.0,True,True,False,False,"{""circular_bonus"": -1.1, ""distance_km"": 1.0, ""empty_km"": 0.85, ""fuel_inr"": 0.01, ""risk"": 12.0, ""time_min"": 0.35, ""toll_inr"": 0.01}",CST_48011250D4FB,SCN_BASELINE,g1,False,576,train,20260903,v0.1,hash_bucket
INS_EB6B3A2FDCAB,8fb38dc494bcea40,CVRP,medium,LOC_27273A6A3299,Shamli,UP,20,8,TRK_017DA12B162E|TRK_A997FC00E0CF|TRK_8C037A0ADC54|TRK_EEB1DE456EE4|TRK_BCC966E673C0|TRK_B6CE07A71D80|TRK_5564246F7906|TRK_5136065E98CA,29770.0,247810.0,188000.0,True,False,False,False,"{""circular_bonus"": -1.1, ""distance_km"": 1.0, ""empty_km"": 0.85, ""fuel_inr"": 0.01, ""risk"": 12.0, ""time_min"": 0.35, ""toll_inr"": 0.01}",CST_48011250D4FB,SCN_BASELINE,g1,False,441,validation,20260903,v0.1,hash_bucket
INS_76C77D98BA8D,775cc58acf2c79c1,CIRCULAR_VRP,medium,LOC_B01B9CC74597,Saharanpur,UP,23,5,TRK_017DA12B162E|TRK_A997FC00E0CF|TRK_8C037A0ADC54|TRK_EEB1DE456EE4|TRK_BCC966E673C0,30750.0,156920.0,123000.0,True,False,False,True,"{""circular_bonus"": -1.1, ""distance_km"": 1.0, ""empty_km"": 0.85, ""fuel_inr"": 0.01, ""risk"": 12.0, ""time_min"": 0.35, ""toll_inr"": 0.01}",CST_48011250D4FB,SCN_BASELINE,g1,False,576,train,20260903,v0.1,hash_bucket
INS_425BA278AA8F,1810ba9cfd8a9569,VRPTW,small,LOC_6042150B38E7,Rohtak,HR,13,8,TRK_017DA12B162E|TRK_A997FC00E0CF|TRK_8C037A0ADC54|TRK_EEB1DE456EE4|TRK_BCC966E673C0|TRK_B6CE07A71D80|TRK_5564246F7906|TRK_5136065E98CA,29770.0,247810.0,218035.0,True,True,False,False,"{""circular_bonus"": -1.1, ""distance_km"": 1.0, ""empty_km"": 0.85, ""fuel_inr"": 0.01, ""risk"": 12.0, ""time_min"": 0.35, ""toll_inr"": 0.01}",CST_48011250D4FB,SCN_BASELINE,g1,False,196,train,20260903,v0.1,hash_bucket
INS_A1F9033300D9,3a667596d3b6854c,VRPTW,small,LOC_2ECE587EC515,Hardoi,UP,11,4,TRK_017DA12B162E|TRK_A997FC00E0CF|TRK_8C037A0ADC54|TRK_EEB1DE456EE4,31250.0,126170.0,89460.0,True,True,False,False,"{""circular_bonus"": -1.1, ""distance_km"": 1.0, ""empty_km"": 0.85, ""fuel_inr"": 0.01, ""risk"": 12.0, ""time_min"": 0.35, ""toll_inr"": 0.01}",CST_48011250D4FB,SCN_BASELINE,g1,False,144,train,20260903,v0.1,hash_bucket
INS_D6EAAE697E87,7e526c96e3e24ded,PDP,small,LOC_C6AB43142BDB,Faridkot,PB,8,3,TRK_017DA12B162E|TRK_A997FC00E0CF|TRK_8C037A0ADC54,31430.0,94920.0,49640.0,True,True,True,True,"{""circular_bonus"": -1.1, ""distance_km"": 1.0, ""empty_km"": 0.85, ""fuel_inr"": 0.01, ""risk"": 12.0, ""time_min"": 0.35, ""toll_inr"": 0.01}",CST_48011250D4FB,SCN_BASELINE,g1,False,81,train,20260903,v0.1,hash_bucket
INS_F4674FA2E3C4,6b102e56cc2956ad,PDP,medium,LOC_58DEC063659A,Gorakhpur,UP,24,7,TRK_017DA12B162E|TRK_A997FC00E0CF|TRK_8C037A0ADC54|TRK_EEB1DE456EE4|TRK_BCC966E673C0|TRK_B6CE07A71D80|TRK_5564246F7906,30530.0,218040.0,169900.0,True,True,True,False,"{""circular_bonus"": -1.1, ""distance_km"": 1.0, ""empty_km"": 0.85, ""fuel_inr"": 0.01, ""risk"": 12.0, ""time_min"": 0.35, ""toll_inr"": 0.01}",CST_48011250D4FB,SCN_BASELINE,g1,False,625,test,20260903,v0.1,hash_bucket
INS_36D69012A9F6,a2de25b3d1280be1,CIRCULAR_VRP,small,LOC_1FB47BF8FFEB,Bulandshahr,UP,13,7,TRK_FC4EFBC1E225|TRK_4927520C533F|TRK_D5A8DC42C947|TRK_49EE98E2F33C|TRK_15A4E86B7E18|TRK_F8096EB4BC10|TRK_06A40E83B39B,6540.0,74990.0,64640.0,True,False,False,True,"{""circular_bonus"": -1.1, ""distance_km"": 1.0, ""empty_km"": 0.85, ""fuel_inr"": 0.01, ""risk"": 12.0, ""time_min"": 0.35, ""toll_inr"": 0.01}",CST_48011250D4FB,SCN_BASELINE,g1,False,196,test,20260903,v0.1,holdout_district
INS_913CEEC6A6E9,d71a42128e5f8617,CIRCULAR_VRP,large,LOC_FF96333A5510,North West Delhi,DL,23,22,TRK_017DA12B162E|TRK_A997FC00E0CF|TRK_8C037A0ADC54|TRK_EEB1DE456EE4|TRK_BCC966E673C0|TRK_B6CE07A71D80|TRK_5564246F7906|TRK_5136065E98CA|TRK_E260AFDFB21B|TRK_E9C76BCDE1E1|TRK_FB045E9F7F61|TRK_B7FB75BB3E0A|TRK_4A05F6B9B509|TRK_1C8C798F44C5|TRK_8DC7FD5FF93A|TRK_7A91F5198B53|TRK_BEE1B756CA92|TRK_0331FB7CD37E|TRK_EEA8DB00B33D|TRK_3A519CFB8F0F|TRK_8C842CC0A407|TRK_1A09343A6FAC,25770.0,633370.0,589680.0,True,False,False,True,"{""circular_bonus"": -1.1, ""distance_km"": 1.0, ""empty_km"": 0.85, ""fuel_inr"": 0.01, ""risk"": 12.0, ""time_min"": 0.35, ""toll_inr"": 0.01}",CST_48011250D4FB,SCN_BASELINE,g1,False,576,train,20260903,v0.1,hash_bucket
INS_5A0F2154F5A8,b9f53a4c1947d378,CIRCULAR_VRP,large,LOC_4A5F46E3AFB5,Sitapur,UP,38,11,TRK_017DA12B162E|TRK_A997FC00E0CF|TRK_8C037A0ADC54|TRK_EEB1DE456EE4|TRK_BCC966E673C0|TRK_B6CE07A71D80|TRK_5564246F7906|TRK_5136065E98CA|TRK_E260AFDFB21B|TRK_E9C76BCDE1E1|TRK_FB045E9F7F61,28890.0,335050.0,303070.0,True,True,False,True,"{""circular_bonus"": -1.1, ""distance_km"": 1.0, ""empty_km"": 0.85, ""fuel_inr"": 0.01, ""risk"": 12.0, ""time_min"": 0.35, ""toll_inr"": 0.01}",CST_48011250D4FB,SCN_BASELINE,g1,False,1521,train,20260903,v0.1,hash_bucket
INS_CB78CE4583BE,9c5d7df3a1b0b0e8,VRPTW,small,LOC_4A5F46E3AFB5,Sitapur,UP,8,3,TRK_017DA12B162E|TRK_A997FC00E0CF|TRK_8C037A0ADC54,31430.0,94920.0,63480.0,True,True,False,False,"{""circular_bonus"": -1.1, ""distance_km"": 1.0, ""empty_km"": 0.85, ""fuel_inr"": 0.01, ""risk"": 12.0, ""time_min"": 0.35, ""toll_inr"": 0.01}",CST_48011250D4FB,SCN_BASELINE,g1,False,81,test,20260903,v0.1,hash_bucket
INS_D74A905EB9D4,cca4f4dd24c5fcb2,CVRP,small,LOC_EE8F1CF00ECF,Bhiwani,HR,8,5,TRK_017DA12B162E|TRK_A997FC00E0CF|TRK_8C037A0ADC54|TRK_EEB1DE456EE4|TRK_BCC966E673C0,30750.0,156920.0,102220.0,True,False,False,False,"{""circular_bonus"": -1.1, ""distance_km"": 1.0, ""empty_km"": 0.85, ""fuel_inr"": 0.01, ""risk"": 12.0, ""time_min"": 0.35, ""toll_inr"": 0.01}",CST_48011250D4FB,SCN_BASELINE,g1,False,81,validation,20260903,v0.1,hash_bucket
INS_66920624B90A,ac1e8067f63908bf,CIRCULAR_VRP,small,LOC_4A5F46E3AFB5,Sitapur,UP,14,6,TRK_017DA12B162E|TRK_A997FC00E0CF|TRK_8C037A0ADC54|TRK_EEB1DE456EE4|TRK_BCC966E673C0|TRK_B6CE07A71D80,30590.0,187510.0,133635.0,True,False,False,True,"{""circular_bonus"": -1.1, ""distance_km"": 1.0, ""empty_km"": 0.85, ""fuel_inr"": 0.01, ""risk"": 12.0, ""time_min"": 0.35, ""toll_inr"": 0.01}",CST_48011250D4FB,SCN_BASELINE,g1,False,225,train,20260903,v0.1,hash_bucket
INS_CE164589C239,92e40e6d980259c2,PDP,small,LOC_B9CDAEAD5C72,Mainpuri,UP,11,4,TRK_017DA12B162E|TRK_A997FC00E0CF|TRK_8C037A0ADC54|TRK_EEB1DE456EE4,31250.0,126170.0,82810.0,True,False,True,False,"{""circular_bonus"": -1.1, ""distance_km"": 1.0, ""empty_km"": 0.85, ""fuel_inr"": 0.01, ""risk"": 12.0, ""time_min"": 0.35, ""toll_inr"": 0.01}",CST_48011250D4FB,SCN_BASELINE,g1,False,144,validation,20260903,v0.1,hash_bucket
INS_E0E6C3E985F4,b6f0b7fc36127d5d,CVRP,medium,LOC_6C7E235EC96D,Nawanshahr,PB,26,12,TRK_017DA12B162E|TRK_A997FC00E0CF|TRK_8C037A0ADC54|TRK_EEB1DE456EE4|TRK_BCC966E673C0|TRK_B6CE07A71D80|TRK_5564246F7906|TRK_5136065E98CA|TRK_E260AFDFB21B|TRK_E9C76BCDE1E1|TRK_FB045E9F7F61|TRK_B7FB75BB3E0A,28840.0,363890.0,332670.0,True,False,False,False,"{""circular_bonus"": -1.1, ""distance_km"": 1.0, ""empty_km"": 0.85, ""fuel_inr"": 0.01, ""risk"": 12.0, ""time_min"": 0.35, ""toll_inr"": 0.01}",CST_48011250D4FB,SCN_BASELINE,g1,False,729,validation,20260903,v0.1,hash_bucket
INS_FF9B7EEC589D,76c52a37cbb83d0c,CVRP,medium,LOC_8E5593D8E476,Rupnagar,PB,15,6,TRK_017DA12B162E|TRK_A997FC00E0CF|TRK_8C037A0ADC54|TRK_EEB1DE456EE4|TRK_BCC966E673C0|TRK_B6CE07A71D80,30590.0,187510.0,128840.0,True,False,False,False,"{""circular_bonus"": -1.1, ""distance_km"": 1.0, ""empty_km"": 0.85, ""fuel_inr"": 0.01, ""risk"": 12.0, ""time_min"": 0.35, ""toll_inr"": 0.01}",CST_48011250D4FB,SCN_BASELINE,g1,False,256,train,20260903,v0.1,hash_bucket
INS_9AD5FBC4850C,0b28609f448d1332,VRPTW,small,LOC_B26FC239E19A,North Delhi,DL,8,8,TRK_017DA12B162E|TRK_A997FC00E0CF|TRK_8C037A0ADC54|TRK_EEB1DE456EE4|TRK_BCC966E673C0|TRK_B6CE07A71D80|TRK_5564246F7906|TRK_5136065E98CA,29770.0,247810.0,189170.0,True,True,False,False,"{""circular_bonus"": -1.1, ""distance_km"": 1.0, ""empty_km"": 0.85, ""fuel_inr"": 0.01, ""risk"": 12.0, ""time_min"": 0.35, ""toll_inr"": 0.01}",CST_48011250D4FB,SCN_BASELINE,g1,False,81,train,20260903,v0.1,hash_bucket
INS_A5325B073517,0b7917a1734efbbc,VRPTW,medium,LOC_E71843C35AC6,Bijnor,UP,26,9,TRK_017DA12B162E|TRK_A997FC00E0CF|TRK_8C037A0ADC54|TRK_EEB1DE456EE4|TRK_BCC966E673C0|TRK_B6CE07A71D80|TRK_5564246F7906|TRK_5136065E98CA|TRK_E260AFDFB21B,29400.0,277210.0,220470.0,True,True,False,False,"{""circular_bonus"": -1.1, ""distance_km"": 1.0, ""empty_km"": 0.85, ""fuel_inr"": 0.01, ""risk"": 12.0, ""time_min"": 0.35, ""toll_inr"": 0.01}",CST_48011250D4FB,SCN_BASELINE,g1,False,729,train,20260903,v0.1,hash_bucket
INS_CCCCBCDC5443,ae40ddc0c1db3b20,PDP,medium,LOC_B39E76DCD93F,Nuh,HR,15,5,TRK_017DA12B162E|TRK_A997FC00E0CF|TRK_8C037A0ADC54|TRK_EEB1DE456EE4|TRK_BCC966E673C0,30750.0,156920.0,110520.0,True,True,True,True,"{""circular_bonus"": -1.1, ""distance_km"": 1.0, ""empty_km"": 0.85, ""fuel_inr"": 0.01, ""risk"": 12.0, ""time_min"": 0.35, ""toll_inr"": 0.01}",CST_48011250D4FB,SCN_BASELINE,g1,False,256,validation,20260903,v0.1,hash_bucket
INS_742D8E3A289A,32255567cf50afd7,CIRCULAR_VRP,small,LOC_D24D73F16033,Meerut,UP,12,7,TRK_017DA12B162E|TRK_A997FC00E0CF|TRK_8C037A0ADC54|TRK_EEB1DE456EE4|TRK_BCC966E673C0|TRK_B6CE07A71D80|TRK_5564246F7906,30530.0,218040.0,176210.0,True,True,False,True,"{""circular_bonus"": -1.1, ""distance_km"": 1.0, ""empty_km"": 0.85, ""fuel_inr"": 0.01, ""risk"": 12.0, ""time_min"": 0.35, ""toll_inr"": 0.01}",CST_48011250D4FB,SCN_BASELINE,g1,False,169,train,20260903,v0.1,hash_bucket
INS_86792AF69F34,cdab818f1e212f27,PDP,medium,LOC_5775AEDC7A87,Kanpur Nagar,UP,22,8,TRK_017DA12B162E|TRK_A997FC00E0CF|TRK_8C037A0ADC54|TRK_EEB1DE456EE4|TRK_BCC966E673C0|TRK_B6CE07A71D80|TRK_5564246F7906|TRK_5136065E98CA,29770.0,247810.0,197090.0,True,True,True,True,"{""circular_bonus"": -1.1, ""distance_km"": 1.0, ""empty_km"": 0.85, ""fuel_inr"": 0.01, ""risk"": 12.0, ""time_min"": 0.35, ""toll_inr"": 0.01}",CST_48011250D4FB,SCN_BASELINE,g1,False,529,train,20260903,v0.1,hash_bucket
INS_BC613A7109FC,9c41a6359534b7f8,PDP,small,LOC_FEFD9351973D,Bathinda,PB,12,7,TRK_017DA12B162E|TRK_A997FC00E0CF|TRK_8C037A0ADC54|TRK_EEB1DE456EE4|TRK_BCC966E673C0|TRK_B6CE07A71D80|TRK_5564246F7906,30530.0,218040.0,177730.0,True,False,True,True,"{""circular_bonus"": -1.1, ""distance_km"": 1.0, ""empty_km"": 0.85, ""fuel_inr"": 0.01, ""risk"": 12.0, ""time_min"": 0.35, ""toll_inr"": 0.01}",CST_48011250D4FB,SCN_BASELINE,g1,False,169,test,20260903,v0.1,holdout_district
INS_0A08C206251E,5a962be730c4aa1c,CIRCULAR_VRP,small,LOC_B26DA7992E56,Prayagraj,UP,9,5,TRK_017DA12B162E|TRK_A997FC00E0CF|TRK_8C037A0ADC54|TRK_EEB1DE456EE4|TRK_BCC966E673C0,30750.0,156920.0,105280.0,True,False,False,True,"{""circular_bonus"": -1.1, ""distance_km"": 1.0, ""empty_km"": 0.85, ""fuel_inr"": 0.01, ""risk"": 12.0, ""time_min"": 0.35, ""toll_inr"": 0.01}",CST_48011250D4FB,SCN_BASELINE,g1,False,100,train,20260903,v0.1,hash_bucket
INS_EA3E01AFCC64,d71a42128e5f8617,CIRCULAR_VRP,large,LOC_FF96333A5510,North West Delhi,DL,23,22,TRK_017DA12B162E|TRK_A997FC00E0CF|TRK_8C037A0ADC54|TRK_EEB1DE456EE4|TRK_BCC966E673C0|TRK_B6CE07A71D80|TRK_5564246F7906|TRK_5136065E98CA|TRK_E260AFDFB21B|TRK_E9C76BCDE1E1|TRK_FB045E9F7F61|TRK_B7FB75BB3E0A|TRK_4A05F6B9B509|TRK_1C8C798F44C5|TRK_8DC7FD5FF93A|TRK_7A91F5198B53|TRK_BEE1B756CA92|TRK_0331FB7CD37E|TRK_EEA8DB00B33D|TRK_3A519CFB8F0F|TRK_8C842CC0A407|TRK_1A09343A6FAC,25770.0,633370.0,589680.0,True,True,False,True,"{""circular_bonus"": -1.1, ""distance_km"": 1.0, ""empty_km"": 0.85, ""fuel_inr"": 0.01, ""risk"": 12.0, ""time_min"": 0.35, ""toll_inr"": 0.01}",CST_48011250D4FB,SCN_BASELINE,g1,False,576,train,20260903,v0.1,hash_bucket
INS_03E4A1CAA8E6,1e78cc36e5c1282a,VRPTW,small,LOC_E7B504BE8FE9,Patiala,PB,14,4,TRK_017DA12B162E|TRK_A997FC00E0CF|TRK_8C037A0ADC54|TRK_EEB1DE456EE4,31250.0,126170.0,87490.0,True,True,False,False,"{""circular_bonus"": -1.1, ""distance_km"": 1.0, ""empty_km"": 0.85, ""fuel_inr"": 0.01, ""risk"": 12.0, ""time_min"": 0.35, ""toll_inr"": 0.01}",CST_48011250D4FB,SCN_BASELINE,g1,False,225,validation,20260903,v0.1,hash_bucket
INS_96C0F2068709,56553fe3cbd121d8,CIRCULAR_VRP,medium,LOC_ED9C60D04FC0,SAS Nagar,PB,20,8,TRK_017DA12B162E|TRK_A997FC00E0CF|TRK_8C037A0ADC54|TRK_EEB1DE456EE4|TRK_BCC966E673C0|TRK_B6CE07A71D80|TRK_5564246F7906|TRK_5136065E98CA,29770.0,247810.0,192540.0,True,True,False,True,"{""circular_bonus"": -1.1, ""distance_km"": 1.0, ""empty_km"": 0.85, ""fuel_inr"": 0.01, ""risk"": 12.0, ""time_min"": 0.35, ""toll_inr"": 0.01}",CST_48011250D4FB,SCN_BASELINE,g1,False,441,test,20260903,v0.1,hash_bucket
INS_A6086984DAE2,d84384dd65eae70b,CIRCULAR_VRP,large,LOC_D8FB48D6F894,Fatehabad,HR,40,6,TRK_017DA12B162E|TRK_A997FC00E0CF|TRK_8C037A0ADC54|TRK_EEB1DE456EE4|TRK_BCC966E673C0|TRK_B6CE07A71D80,30590.0,187510.0,144650.0,True,True,False,True,"{""circular_bonus"": -1.1, ""distance_km"": 1.0, ""empty_km"": 0.85, ""fuel_inr"": 0.01, ""risk"": 12.0, ""time_min"": 0.35, ""toll_inr"": 0.01}",CST_48011250D4FB,SCN_BASELINE,g1,False,1681,train,20260903,v0.1,hash_bucket
INS_37E254F7FEBB,12378f3c12677d02,VRPTW,large,LOC_B26DA7992E56,Prayagraj,UP,55,13,TRK_017DA12B162E|TRK_A997FC00E0CF|TRK_8C037A0ADC54|TRK_EEB1DE456EE4|TRK_BCC966E673C0|TRK_B6CE07A71D80|TRK_5564246F7906|TRK_5136065E98CA|TRK_E260AFDFB21B|TRK_E9C76BCDE1E1|TRK_FB045E9F7F61|TRK_B7FB75BB3E0A|TRK_4A05F6B9B509,28580.0,392470.0,356325.0,True,True,False,False,"{""circular_bonus"": -1.1, ""distance_km"": 1.0, ""empty_km"": 0.85, ""fuel_inr"": 0.01, ""risk"": 12.0, ""time_min"": 0.35, ""toll_inr"": 0.01}",CST_48011250D4FB,SCN_BASELINE,g1,False,3136,train,20260903,v0.1,hash_bucket
INS_F9BF58C90875,fc269c41bc395089,PDP,small,LOC_FEFD9351973D,Bathinda,PB,14,6,TRK_017DA12B162E|TRK_A997FC00E0CF|TRK_8C037A0ADC54|TRK_EEB1DE456EE4|TRK_BCC966E673C0|TRK_B6CE07A71D80,30590.0,187510.0,156230.0,True,True,True,True,"{""circular_bonus"": -1.1, ""distance_km"": 1.0, ""empty_km"": 0.85, ""fuel_inr"": 0.01, ""risk"": 12.0, ""time_min"": 0.35, ""toll_inr"": 0.01}",CST_48011250D4FB,SCN_BASELINE,g1,False,225,test,20260903,v0.1,holdout_district
INS_3EBAB6E9C819,632457259196d19b,VRPTW,large,LOC_487C12AA952A,Jind,HR,43,11,TRK_017DA12B162E|TRK_A997FC00E0CF|TRK_8C037A0ADC54|TRK_EEB1DE456EE4|TRK_BCC966E673C0|TRK_B6CE07A71D80|TRK_5564246F7906|TRK_5136065E98CA|TRK_E260AFDFB21B|TRK_E9C76BCDE1E1|TRK_FB045E9F7F61,28890.0,335050.0,291550.0,True,True,False,False,"{""circular_bonus"": -1.1, ""distance_km"": 1.0, ""empty_km"": 0.85, ""fuel_inr"": 0.01, ""risk"": 12.0, ""time_min"": 0.35, ""toll_inr"": 0.01}",CST_48011250D4FB,SCN_BASELINE,g1,False,1936,train,20260903,v0.1,hash_bucket
INS_756D94175137,13de01d2b2ef63c2,PDP,small,LOC_8EAD4661AFB9,Jhajjar,HR,14,3,TRK_2A2A3F44FD68|TRK_DF02CF5283B1|TRK_6F9F028D03FA,12100.0,38580.0,26340.0,True,True,True,False,"{""circular_bonus"": -1.1, ""distance_km"": 1.0, ""empty_km"": 0.85, ""fuel_inr"": 0.01, ""risk"": 12.0, ""time_min"": 0.35, ""toll_inr"": 0.01}",CST_48011250D4FB,SCN_BASELINE,g1,False,225,train,20260903,v0.1,hash_bucket
INS_A6C2B6BE1747,9ede02cd1fae14d3,CVRP,small,LOC_5775AEDC7A87,Kanpur Nagar,UP,9,8,TRK_8B0A48041C1C|TRK_4F95BDB0BA5A|TRK_CBC644EAB81E|TRK_A2930A44E92E|TRK_8F17F47DF021|TRK_7E9A026D4494|TRK_2913902A2DEE|TRK_4F6C0189023F,6420.0,81080.0,71040.0,True,False,False,False,"{""circular_bonus"": -1.1, ""distance_km"": 1.0, ""empty_km"": 0.85, ""fuel_inr"": 0.01, ""risk"": 12.0, ""time_min"": 0.35, ""toll_inr"": 0.01}",CST_48011250D4FB,SCN_BASELINE,g1,False,100,train,20260903,v0.1,hash_bucket
INS_5BE1C6CBF742,4e4ceb219032cc06,VRPTW,medium,LOC_165F0D721F3E,Jalandhar,PB,25,8,TRK_017DA12B162E|TRK_A997FC00E0CF|TRK_8C037A0ADC54|TRK_EEB1DE456EE4|TRK_BCC966E673C0|TRK_B6CE07A71D80|TRK_5564246F7906|TRK_5136065E98CA,29770.0,247810.0,197770.0,True,True,False,False,"{""circular_bonus"": -1.1, ""distance_km"": 1.0, ""empty_km"": 0.85, ""fuel_inr"": 0.01, ""risk"": 12.0, ""time_min"": 0.35, ""toll_inr"": 0.01}",CST_48011250D4FB,SCN_BASELINE,g1,False,676,train,20260903,v0.1,hash_bucket
INS_63E98D410DD7,f2396cacf817fc71,CIRCULAR_VRP,medium,LOC_4A5F46E3AFB5,Sitapur,UP,19,6,TRK_017DA12B162E|TRK_A997FC00E0CF|TRK_8C037A0ADC54|TRK_EEB1DE456EE4|TRK_BCC966E673C0|TRK_B6CE07A71D80,30590.0,187510.0,145610.0,True,False,False,True,"{""circular_bonus"": -1.1, ""distance_km"": 1.0, ""empty_km"": 0.85, ""fuel_inr"": 0.01, ""risk"": 12.0, ""time_min"": 0.35, ""toll_inr"": 0.01}",CST_48011250D4FB,SCN_BASELINE,g1,False,400,train,20260903,v0.1,hash_bucket
INS_A30F271BBB24,b06ddc362fab1324,CIRCULAR_VRP,medium,LOC_AC684A297AD1,Bareilly,UP,26,9,TRK_017DA12B162E|TRK_A997FC00E0CF|TRK_8C037A0ADC54|TRK_EEB1DE456EE4|TRK_BCC966E673C0|TRK_B6CE07A71D80|TRK_5564246F7906|TRK_5136065E98CA|TRK_E260AFDFB21B,29400.0,277210.0,226340.0,True,False,False,True,"{""circular_bonus"": -1.1, ""distance_km"": 1.0, ""empty_km"": 0.85, ""fuel_inr"": 0.01, ""risk"": 12.0, ""time_min"": 0.35, ""toll_inr"": 0.01}",CST_48011250D4FB,SCN_BASELINE,g1,False,729,train,20260903,v0.1,hash_bucket
INS_62053D642221,9f383d4c812dbd1a,VRPTW,small,LOC_0F3D188854D6,Amroha,UP,9,3,TRK_017DA12B162E|TRK_A997FC00E0CF|TRK_8C037A0ADC54,31430.0,94920.0,37870.0,True,True,False,False,"{""circular_bonus"": -1.1, ""distance_km"": 1.0, ""empty_km"": 0.85, ""fuel_inr"": 0.01, ""risk"": 12.0, ""time_min"": 0.35, ""toll_inr"": 0.01}",CST_48011250D4FB,SCN_BASELINE,g1,False,100,train,20260903,v0.1,hash_bucket
INS_2FC91C8849E5,7bfc897104d57d9a,PDP,large,LOC_03F06DD41C28,Malerkotla,PB,49,17,TRK_017DA12B162E|TRK_A997FC00E0CF|TRK_8C037A0ADC54|TRK_EEB1DE456EE4|TRK_BCC966E673C0|TRK_B6CE07A71D80|TRK_5564246F7906|TRK_5136065E98CA|TRK_E260AFDFB21B|TRK_E9C76BCDE1E1|TRK_FB045E9F7F61|TRK_B7FB75BB3E0A|TRK_4A05F6B9B509|TRK_1C8C798F44C5|TRK_8DC7FD5FF93A|TRK_7A91F5198B53|TRK_BEE1B756CA92,27170.0,502510.0,448430.0,True,True,True,False,"{""circular_bonus"": -1.1, ""distance_km"": 1.0, ""empty_km"": 0.85, ""fuel_inr"": 0.01, ""risk"": 12.0, ""time_min"": 0.35, ""toll_inr"": 0.01}",CST_48011250D4FB,SCN_BASELINE,g1,False,2500,test,20260903,v0.1,hash_bucket
INS_95534C953456,a0027e8f522ebc64,CVRP,medium,LOC_6B9FA168B682,Firozabad,UP,22,10,TRK_017DA12B162E|TRK_A997FC00E0CF|TRK_8C037A0ADC54|TRK_EEB1DE456EE4|TRK_BCC966E673C0|TRK_B6CE07A71D80|TRK_5564246F7906|TRK_5136065E98CA|TRK_E260AFDFB21B|TRK_E9C76BCDE1E1,28950.0,306160.0,253440.0,True,False,False,False,"{""circular_bonus"": -1.1, ""distance_km"": 1.0, ""empty_km"": 0.85, ""fuel_inr"": 0.01, ""risk"": 12.0, ""time_min"": 0.35, ""toll_inr"": 0.01}",CST_48011250D4FB,SCN_BASELINE,g1,False,529,validation,20260903,v0.1,hash_bucket
INS_861078A621D1,22553a4ff71fbfb0,VRPTW,medium,LOC_F86E62177015,Muzaffarnagar,UP,17,8,TRK_017DA12B162E|TRK_A997FC00E0CF|TRK_8C037A0ADC54|TRK_EEB1DE456EE4|TRK_BCC966E673C0|TRK_B6CE07A71D80|TRK_5564246F7906|TRK_5136065E98CA,29770.0,247810.0,216060.0,True,True,False,False,"{""circular_bonus"": -1.1, ""distance_km"": 1.0, ""empty_km"": 0.85, ""fuel_inr"": 0.01, ""risk"": 12.0, ""time_min"": 0.35, ""toll_inr"": 0.01}",CST_48011250D4FB,SCN_BASELINE,g1,False,324,train,20260903,v0.1,hash_bucket
INS_89DB14476876,d277edff60af04e9,CVRP,medium,LOC_08E25919DCC7,Kanpur Dehat,UP,22,6,TRK_017DA12B162E|TRK_A997FC00E0CF|TRK_8C037A0ADC54|TRK_EEB1DE456EE4|TRK_BCC966E673C0|TRK_B6CE07A71D80,30590.0,187510.0,148640.0,True,False,False,False,"{""circular_bonus"": -1.1, ""distance_km"": 1.0, ""empty_km"": 0.85, ""fuel_inr"": 0.01, ""risk"": 12.0, ""time_min"": 0.35, ""toll_inr"": 0.01}",CST_48011250D4FB,SCN_BASELINE,g1,False,529,train,20260903,v0.1,hash_bucket
INS_1295760AE532,f85935f516e70592,VRPTW,small,LOC_190E748F376B,Barabanki,UP,14,7,TRK_017DA12B162E|TRK_A997FC00E0CF|TRK_8C037A0ADC54|TRK_EEB1DE456EE4|TRK_BCC966E673C0|TRK_B6CE07A71D80|TRK_5564246F7906,30530.0,218040.0,170440.0,True,True,False,False,"{""circular_bonus"": -1.1, ""distance_km"": 1.0, ""empty_km"": 0.85, ""fuel_inr"": 0.01, ""risk"": 12.0, ""time_min"": 0.35, ""toll_inr"": 0.01}",CST_48011250D4FB,SCN_BASELINE,g1,False,225,train,20260903,v0.1,hash_bucket
INS_AE3A654E7949,cdccae356b50f529,VRPTW,medium,LOC_9F3A877025DA,Shahjahanpur,UP,17,5,TRK_017DA12B162E|TRK_A997FC00E0CF|TRK_8C037A0ADC54|TRK_EEB1DE456EE4|TRK_BCC966E673C0,30750.0,156920.0,99850.0,True,True,False,False,"{""circular_bonus"": -1.1, ""distance_km"": 1.0, ""empty_km"": 0.85, ""fuel_inr"": 0.01, ""risk"": 12.0, ""time_min"": 0.35, ""toll_inr"": 0.01}",CST_48011250D4FB,SCN_BASELINE,g1,False,324,validation,20260903,v0.1,hash_bucket
INS_D1FEDFD6C292,028f1fd9da8819ce,VRPTW,small,LOC_BF1D141289ED,Hoshiarpur,PB,8,5,TRK_017DA12B162E|TRK_A997FC00E0CF|TRK_8C037A0ADC54|TRK_EEB1DE456EE4|TRK_BCC966E673C0,30750.0,156920.0,113250.0,True,True,False,False,"{""circular_bonus"": -1.1, ""distance_km"": 1.0, ""empty_km"": 0.85, ""fuel_inr"": 0.01, ""risk"": 12.0, ""time_min"": 0.35, ""toll_inr"": 0.01}",CST_48011250D4FB,SCN_BASELINE,g1,False,81,test,20260903,v0.1,hash_bucket
INS_F94D5FA85177,d0234e234d20a4a9,PDP,medium,LOC_C90487F88BAC,Muktsar,PB,22,9,TRK_017DA12B162E|TRK_A997FC00E0CF|TRK_8C037A0ADC54|TRK_EEB1DE456EE4|TRK_BCC966E673C0|TRK_B6CE07A71D80|TRK_5564246F7906|TRK_5136065E98CA|TRK_E260AFDFB21B,29400.0,277210.0,222080.0,True,True,True,False,"{""circular_bonus"": -1.1, ""distance_km"": 1.0, ""empty_km"": 0.85, ""fuel_inr"": 0.01, ""risk"": 12.0, ""time_min"": 0.35, ""toll_inr"": 0.01}",CST_48011250D4FB,SCN_BASELINE,g1,False,529,train,20260903,v0.1,hash_bucket
INS_E4C9EB3563D5,315fd23f600dfb62,PDP,small,LOC_08710C80560B,Moga,PB,8,3,TRK_017DA12B162E|TRK_A997FC00E0CF|TRK_8C037A0ADC54,31430.0,94920.0,49060.0,True,True,True,True,"{""circular_bonus"": -1.1, ""distance_km"": 1.0, ""empty_km"": 0.85, ""fuel_inr"": 0.01, ""risk"": 12.0, ""time_min"": 0.35, ""toll_inr"": 0.01}",CST_48011250D4FB,SCN_BASELINE,g1,False,81,test,20260903,v0.1,hash_bucket
INS_60DA5A321315,7562bb70ed0036a1,CVRP,large,LOC_0F3D188854D6,Amroha,UP,60,21,TRK_017DA12B162E|TRK_A997FC00E0CF|TRK_8C037A0ADC54|TRK_EEB1DE456EE4|TRK_BCC966E673C0|TRK_B6CE07A71D80|TRK_5564246F7906|TRK_5136065E98CA|TRK_E260AFDFB21B|TRK_E9C76BCDE1E1|TRK_FB045E9F7F61|TRK_B7FB75BB3E0A|TRK_4A05F6B9B509|TRK_1C8C798F44C5|TRK_8DC7FD5FF93A|TRK_7A91F5198B53|TRK_BEE1B756CA92|TRK_0331FB7CD37E|TRK_EEA8DB00B33D|TRK_3A519CFB8F0F|TRK_8C842CC0A407,25970.0,607600.0,576000.0,True,False,False,False,"{""circular_bonus"": -1.1, ""distance_km"": 1.0, ""empty_km"": 0.85, ""fuel_inr"": 0.01, ""risk"": 12.0, ""time_min"": 0.35, ""toll_inr"": 0.01}",CST_48011250D4FB,SCN_BASELINE,g1,False,3721,train,20260903,v0.1,hash_bucket
INS_081A161297EB,29e4a7b9b6ff4fcf,CVRP,small,LOC_B56ABDBA32E2,Aligarh,UP,11,2,TRK_EE6431FC41DB|TRK_071ACA394633,10810.0,34180.0,13440.0,True,False,False,False,"{""circular_bonus"": -1.1, ""distance_km"": 1.0, ""empty_km"": 0.85, ""fuel_inr"": 0.01, ""risk"": 12.0, ""time_min"": 0.35, ""toll_inr"": 0.01}",CST_48011250D4FB,SCN_BASELINE,g1,False,144,test,20260903,v0.1,hash_bucket
INS_5FFA632757D6,52ca2f359cab1606,CIRCULAR_VRP,medium,LOC_4A5F46E3AFB5,Sitapur,UP,30,8,TRK_017DA12B162E|TRK_A997FC00E0CF|TRK_8C037A0ADC54|TRK_EEB1DE456EE4|TRK_BCC966E673C0|TRK_B6CE07A71D80|TRK_5564246F7906|TRK_5136065E98CA,29770.0,247810.0,214300.0,True,True,False,True,"{""circular_bonus"": -1.1, ""distance_km"": 1.0, ""empty_km"": 0.85, ""fuel_inr"": 0.01, ""risk"": 12.0, ""time_min"": 0.35, ""toll_inr"": 0.01}",CST_48011250D4FB,SCN_BASELINE,g1,False,961,train,20260903,v0.1,hash_bucket
INS_D7AD9E090E86,ba3234285ef895b3,CVRP,small,LOC_2ADFB4EFDB06,Kaithal,HR,10,3,TRK_017DA12B162E|TRK_A997FC00E0CF|TRK_8C037A0ADC54,31430.0,94920.0,37150.0,True,False,False,False,"{""circular_bonus"": -1.1, ""distance_km"": 1.0, ""empty_km"": 0.85, ""fuel_inr"": 0.01, ""risk"": 12.0, ""time_min"": 0.35, ""toll_inr"": 0.01}",CST_48011250D4FB,SCN_BASELINE,g1,False,121,test,20260903,v0.1,hash_bucket
INS_5659AC9F3665,dab53e03d729036d,CVRP,small,LOC_BC83DA386B0E,Baghpat,UP,13,4,TRK_017DA12B162E|TRK_A997FC00E0CF|TRK_8C037A0ADC54|TRK_EEB1DE456EE4,31250.0,126170.0,78560.0,True,False,False,False,"{""circular_bonus"": -1.1, ""distance_km"": 1.0, ""empty_km"": 0.85, ""fuel_inr"": 0.01, ""risk"": 12.0, ""time_min"": 0.35, ""toll_inr"": 0.01}",CST_48011250D4FB,SCN_BASELINE,g1,False,196,train,20260903,v0.1,hash_bucket
INS_9BE45C179F94,fac90ed3ee124807,CIRCULAR_VRP,small,LOC_D2DDEA75080C,Pathankot,PB,12,5,TRK_017DA12B162E|TRK_A997FC00E0CF|TRK_8C037A0ADC54|TRK_EEB1DE456EE4|TRK_BCC966E673C0,30750.0,156920.0,100060.0,True,False,False,True,"{""circular_bonus"": -1.1, ""distance_km"": 1.0, ""empty_km"": 0.85, ""fuel_inr"": 0.01, ""risk"": 12.0, ""time_min"": 0.35, ""toll_inr"": 0.01}",CST_48011250D4FB,SCN_BASELINE,g1,False,169,train,20260903,v0.1,hash_bucket
INS_0927E5C1C30F,197bea826a3d1c0b,VRPTW,medium,LOC_D8FB48D6F894,Fatehabad,HR,20,4,TRK_017DA12B162E|TRK_A997FC00E0CF|TRK_8C037A0ADC54|TRK_EEB1DE456EE4,31250.0,126170.0,70760.0,True,True,False,False,"{""circular_bonus"": -1.1, ""distance_km"": 1.0, ""empty_km"": 0.85, ""fuel_inr"": 0.01, ""risk"": 12.0, ""time_min"": 0.35, ""toll_inr"": 0.01}",CST_48011250D4FB,SCN_BASELINE,g1,False,441,train,20260903,v0.1,hash_bucket
INS_32832C894569,9a5c0879bc8ca7be,CVRP,small,LOC_3B372919B752,Karnal,HR,9,4,TRK_017DA12B162E|TRK_A997FC00E0CF|TRK_8C037A0ADC54|TRK_EEB1DE456EE4,31250.0,126170.0,67010.0,True,False,False,False,"{""circular_bonus"": -1.1, ""distance_km"": 1.0, ""empty_km"": 0.85, ""fuel_inr"": 0.01, ""risk"": 12.0, ""time_min"": 0.35, ""toll_inr"": 0.01}",CST_48011250D4FB,SCN_BASELINE,g1,False,100,test,20260903,v0.1,holdout_district
INS_DF9704BB8EC9,fe8799387f6f42f0,PDP,medium,LOC_6042150B38E7,Rohtak,HR,23,13,TRK_017DA12B162E|TRK_A997FC00E0CF|TRK_8C037A0ADC54|TRK_EEB1DE456EE4|TRK_BCC966E673C0|TRK_B6CE07A71D80|TRK_5564246F7906|TRK_5136065E98CA|TRK_E260AFDFB21B|TRK_E9C76BCDE1E1|TRK_FB045E9F7F61|TRK_B7FB75BB3E0A|TRK_4A05F6B9B509,28580.0,392470.0,353755.0,True,True,True,True,"{""circular_bonus"": -1.1, ""distance_km"": 1.0, ""empty_km"": 0.85, ""fuel_inr"": 0.01, ""risk"": 12.0, ""time_min"": 0.35, ""toll_inr"": 0.01}",CST_48011250D4FB,SCN_BASELINE,g1,False,576,train,20260903,v0.1,hash_bucket
INS_B96AC338407B,28658023401dce95,CVRP,small,LOC_CF209A6CE403,Hapur,UP,12,4,TRK_017DA12B162E|TRK_A997FC00E0CF|TRK_8C037A0ADC54|TRK_EEB1DE456EE4,31250.0,126170.0,87130.0,True,False,False,False,"{""circular_bonus"": -1.1, ""distance_km"": 1.0, ""empty_km"": 0.85, ""fuel_inr"": 0.01, ""risk"": 12.0, ""time_min"": 0.35, ""toll_inr"": 0.01}",CST_48011250D4FB,SCN_BASELINE,g1,False,169,train,20260903,v0.1,hash_bucket
INS_B83F72A705FD,1cb51ddfa7912e82,CIRCULAR_VRP,medium,LOC_C58F1767A842,Barnala,PB,19,5,TRK_017DA12B162E|TRK_A997FC00E0CF|TRK_8C037A0ADC54|TRK_EEB1DE456EE4|TRK_BCC966E673C0,30750.0,156920.0,125590.0,True,False,False,True,"{""circular_bonus"": -1.1, ""distance_km"": 1.0, ""empty_km"": 0.85, ""fuel_inr"": 0.01, ""risk"": 12.0, ""time_min"": 0.35, ""toll_inr"": 0.01}",CST_48011250D4FB,SCN_BASELINE,g1,False,400,train,20260903,v0.1,hash_bucket
INS_DDAA80942B48,0b7a32dcae3f573e,PDP,small,LOC_DD4D9C55D7BB,Fatehgarh Sahib,PB,12,5,TRK_017DA12B162E|TRK_A997FC00E0CF|TRK_8C037A0ADC54|TRK_EEB1DE456EE4|TRK_BCC966E673C0,30750.0,156920.0,114160.0,True,False,True,True,"{""circular_bonus"": -1.1, ""distance_km"": 1.0, ""empty_km"": 0.85, ""fuel_inr"": 0.01, ""risk"": 12.0, ""time_min"": 0.35, ""toll_inr"": 0.01}",CST_48011250D4FB,SCN_BASELINE,g1,False,169,train,20260903,v0.1,hash_bucket
INS_E2C0E8971863,74539f6b1203f7f6,PDP,small,LOC_4A5F46E3AFB5,Sitapur,UP,14,6,TRK_017DA12B162E|TRK_A997FC00E0CF|TRK_8C037A0ADC54|TRK_EEB1DE456EE4|TRK_BCC966E673C0|TRK_B6CE07A71D80,30590.0,187510.0,134350.0,True,False,True,False,"{""circular_bonus"": -1.1, ""distance_km"": 1.0, ""empty_km"": 0.85, ""fuel_inr"": 0.01, ""risk"": 12.0, ""time_min"": 0.35, ""toll_inr"": 0.01}",CST_48011250D4FB,SCN_BASELINE,g1,False,225,train,20260903,v0.1,hash_bucket
INS_0F2F2FA5AC59,f2041eb254bb8df5,CVRP,large,LOC_61BECDCA1350,Central Delhi,DL,4,3,TRK_0331FB7CD37E|TRK_5116501BE0D5|TRK_05D6F43C6DC3,6010.0,45860.0,39620.0,True,False,False,False,"{""circular_bonus"": -1.1, ""distance_km"": 1.0, ""empty_km"": 0.85, ""fuel_inr"": 0.01, ""risk"": 12.0, ""time_min"": 0.35, ""toll_inr"": 0.01}",CST_48011250D4FB,SCN_BASELINE,g1,False,25,validation,20260903,v0.1,hash_bucket
INS_F538B57B1E61,cd3ca4826aa962ab,PDP,small,LOC_5242BE7C01CE,Rewari,HR,10,6,TRK_017DA12B162E|TRK_A997FC00E0CF|TRK_8C037A0ADC54|TRK_EEB1DE456EE4|TRK_BCC966E673C0|TRK_B6CE07A71D80,30590.0,187510.0,146280.0,True,False,True,False,"{""circular_bonus"": -1.1, ""distance_km"": 1.0, ""empty_km"": 0.85, ""fuel_inr"": 0.01, ""risk"": 12.0, ""time_min"": 0.35, ""toll_inr"": 0.01}",CST_48011250D4FB,SCN_BASELINE,g1,False,121,train,20260903,v0.1,hash_bucket
INS_115982EE3252,dcce2cc805b5def2,CVRP,small,LOC_0F3D188854D6,Amroha,UP,8,5,TRK_017DA12B162E|TRK_A997FC00E0CF|TRK_8C037A0ADC54|TRK_EEB1DE456EE4|TRK_BCC966E673C0,30750.0,156920.0,96960.0,True,False,False,False,"{""circular_bonus"": -1.1, ""distance_km"": 1.0, ""empty_km"": 0.85, ""fuel_inr"": 0.01, ""risk"": 12.0, ""time_min"": 0.35, ""toll_inr"": 0.01}",CST_48011250D4FB,SCN_BASELINE,g1,False,81,train,20260903,v0.1,hash_bucket
INS_58070CD9FF03,fddc47771bdff4bb,CVRP,small,LOC_21F591BF08EC,West Delhi,DL,4,8,TRK_D5734C94CA97|TRK_0DB792D95BC8|TRK_CE161697CB0F|TRK_B4E942FB3E8F|TRK_547C0929AFCE|TRK_3D378E8843DC|TRK_57C748EE92F0|TRK_38CCD92D5770,6550.0,95530.0,83560.0,True,False,False,False,"{""circular_bonus"": -1.1, ""distance_km"": 1.0, ""empty_km"": 0.85, ""fuel_inr"": 0.01, ""risk"": 12.0, ""time_min"": 0.35, ""toll_inr"": 0.01}",CST_48011250D4FB,SCN_BASELINE,g1,False,25,train,20260903,v0.1,hash_bucket
INS_72FE0D8E06B0,d2c8a6b84774ab33,PDP,medium,LOC_CF209A6CE403,Hapur,UP,23,10,TRK_017DA12B162E|TRK_A997FC00E0CF|TRK_8C037A0ADC54|TRK_EEB1DE456EE4|TRK_BCC966E673C0|TRK_B6CE07A71D80|TRK_5564246F7906|TRK_5136065E98CA|TRK_E260AFDFB21B|TRK_E9C76BCDE1E1,28950.0,306160.0,263635.0,True,True,True,True,"{""circular_bonus"": -1.1, ""distance_km"": 1.0, ""empty_km"": 0.85, ""fuel_inr"": 0.01, ""risk"": 12.0, ""time_min"": 0.35, ""toll_inr"": 0.01}",CST_48011250D4FB,SCN_BASELINE,g1,False,576,train,20260903,v0.1,hash_bucket
INS_67C114C1BA63,b44daf310109af24,CIRCULAR_VRP,medium,LOC_BC48412E6B15,Sambhal,UP,28,11,TRK_017DA12B162E|TRK_A997FC00E0CF|TRK_8C037A0ADC54|TRK_EEB1DE456EE4|TRK_BCC966E673C0|TRK_B6CE07A71D80|TRK_5564246F7906|TRK_5136065E98CA|TRK_E260AFDFB21B|TRK_E9C76BCDE1E1|TRK_FB045E9F7F61,28890.0,335050.0,287840.0,True,True,False,True,"{""circular_bonus"": -1.1, ""distance_km"": 1.0, ""empty_km"": 0.85, ""fuel_inr"": 0.01, ""risk"": 12.0, ""time_min"": 0.35, ""toll_inr"": 0.01}",CST_48011250D4FB,SCN_BASELINE,g1,False,841,train,20260903,v0.1,hash_bucket
INS_ABD1A66830CB,4068bc52d162f9dc,CIRCULAR_VRP,medium,LOC_3B372919B752,Karnal,HR,27,8,TRK_017DA12B162E|TRK_A997FC00E0CF|TRK_8C037A0ADC54|TRK_EEB1DE456EE4|TRK_BCC966E673C0|TRK_B6CE07A71D80|TRK_5564246F7906|TRK_5136065E98CA,29770.0,247810.0,199180.0,True,False,False,True,"{""circular_bonus"": -1.1, ""distance_km"": 1.0, ""empty_km"": 0.85, ""fuel_inr"": 0.01, ""risk"": 12.0, ""time_min"": 0.35, ""toll_inr"": 0.01}",CST_48011250D4FB,SCN_BASELINE,g1,False,784,test,20260903,v0.1,holdout_district
INS_7C93B59464EC,22e91ab70d2d579f,CVRP,medium,LOC_DD4D9C55D7BB,Fatehgarh Sahib,PB,17,6,TRK_017DA12B162E|TRK_A997FC00E0CF|TRK_8C037A0ADC54|TRK_EEB1DE456EE4|TRK_BCC966E673C0|TRK_B6CE07A71D80,30590.0,187510.0,138710.0,True,False,False,False,"{""circular_bonus"": -1.1, ""distance_km"": 1.0, ""empty_km"": 0.85, ""fuel_inr"": 0.01, ""risk"": 12.0, ""time_min"": 0.35, ""toll_inr"": 0.01}",CST_48011250D4FB,SCN_BASELINE,g1,False,324,train,20260903,v0.1,hash_bucket
INS_66AAFF672D60,dfa958b5c61f63a8,CIRCULAR_VRP,medium,LOC_F1EE6A62E5AA,Mahendragarh,HR,26,7,TRK_017DA12B162E|TRK_A997FC00E0CF|TRK_8C037A0ADC54|TRK_EEB1DE456EE4|TRK_BCC966E673C0|TRK_B6CE07A71D80|TRK_5564246F7906,30530.0,218040.0,159070.0,True,False,False,True,"{""circular_bonus"": -1.1, ""distance_km"": 1.0, ""empty_km"": 0.85, ""fuel_inr"": 0.01, ""risk"": 12.0, ""time_min"": 0.35, ""toll_inr"": 0.01}",CST_48011250D4FB,SCN_BASELINE,g1,False,729,train,20260903,v0.1,hash_bucket
INS_1049F353F39E,bb1a6b60e3fedcad,PDP,medium,LOC_AFF866260256,Moradabad,UP,27,12,TRK_017DA12B162E|TRK_A997FC00E0CF|TRK_8C037A0ADC54|TRK_EEB1DE456EE4|TRK_BCC966E673C0|TRK_B6CE07A71D80|TRK_5564246F7906|TRK_5136065E98CA|TRK_E260AFDFB21B|TRK_E9C76BCDE1E1|TRK_FB045E9F7F61|TRK_B7FB75BB3E0A,28840.0,363890.0,309890.0,True,True,True,False,"{""circular_bonus"": -1.1, ""distance_km"": 1.0, ""empty_km"": 0.85, ""fuel_inr"": 0.01, ""risk"": 12.0, ""time_min"": 0.35, ""toll_inr"": 0.01}",CST_48011250D4FB,SCN_BASELINE,g1,False,784,train,20260903,v0.1,hash_bucket
INS_36AE38F0F8EC,ffc5a1168efd0579,CVRP,large,LOC_AC684A297AD1,Bareilly,UP,40,11,TRK_017DA12B162E|TRK_A997FC00E0CF|TRK_8C037A0ADC54|TRK_EEB1DE456EE4|TRK_BCC966E673C0|TRK_B6CE07A71D80|TRK_5564246F7906|TRK_5136065E98CA|TRK_E260AFDFB21B|TRK_E9C76BCDE1E1|TRK_FB045E9F7F61,28890.0,335050.0,301420.0,True,False,False,False,"{""circular_bonus"": -1.1, ""distance_km"": 1.0, ""empty_km"": 0.85, ""fuel_inr"": 0.01, ""risk"": 12.0, ""time_min"": 0.35, ""toll_inr"": 0.01}",CST_48011250D4FB,SCN_BASELINE,g1,False,1681,train,20260903,v0.1,hash_bucket
INS_59AF1DDFB879,c869ed787f9e6324,PDP,small,LOC_B6370F731EEC,Lucknow,UP,9,8,TRK_017DA12B162E|TRK_A997FC00E0CF|TRK_8C037A0ADC54|TRK_EEB1DE456EE4|TRK_BCC966E673C0|TRK_B6CE07A71D80|TRK_5564246F7906|TRK_5136065E98CA,29770.0,247810.0,190730.0,True,True,True,False,"{""circular_bonus"": -1.1, ""distance_km"": 1.0, ""empty_km"": 0.85, ""fuel_inr"": 0.01, ""risk"": 12.0, ""time_min"": 0.35, ""toll_inr"": 0.01}",CST_48011250D4FB,SCN_BASELINE,g1,False,100,train,20260903,v0.1,hash_bucket
INS_7CD4E6F3727A,d59395a09b58a4f6,PDP,medium,LOC_6042150B38E7,Rohtak,HR,29,20,TRK_017DA12B162E|TRK_A997FC00E0CF|TRK_8C037A0ADC54|TRK_EEB1DE456EE4|TRK_BCC966E673C0|TRK_B6CE07A71D80|TRK_5564246F7906|TRK_5136065E98CA|TRK_E260AFDFB21B|TRK_E9C76BCDE1E1|TRK_FB045E9F7F61|TRK_B7FB75BB3E0A|TRK_4A05F6B9B509|TRK_1C8C798F44C5|TRK_8DC7FD5FF93A|TRK_7A91F5198B53|TRK_BEE1B756CA92|TRK_0331FB7CD37E|TRK_EEA8DB00B33D|TRK_3A519CFB8F0F,26230.0,581630.0,539840.0,True,True,True,True,"{""circular_bonus"": -1.1, ""distance_km"": 1.0, ""empty_km"": 0.85, ""fuel_inr"": 0.01, ""risk"": 12.0, ""time_min"": 0.35, ""toll_inr"": 0.01}",CST_48011250D4FB,SCN_BASELINE,g1,False,900,train,20260903,v0.1,hash_bucket
INS_2E76689A7410,458a55f3d8f2f475,CIRCULAR_VRP,large,LOC_C90487F88BAC,Muktsar,PB,35,11,TRK_017DA12B162E|TRK_A997FC00E0CF|TRK_8C037A0ADC54|TRK_EEB1DE456EE4|TRK_BCC966E673C0|TRK_B6CE07A71D80|TRK_5564246F7906|TRK_5136065E98CA|TRK_E260AFDFB21B|TRK_E9C76BCDE1E1|TRK_FB045E9F7F61,28890.0,335050.0,297130.0,True,False,False,True,"{""circular_bonus"": -1.1, ""distance_km"": 1.0, ""empty_km"": 0.85, ""fuel_inr"": 0.01, ""risk"": 12.0, ""time_min"": 0.35, ""toll_inr"": 0.01}",CST_48011250D4FB,SCN_BASELINE,g1,False,1296,train,20260903,v0.1,hash_bucket
INS_608D88D72D11,2bcd57ad03c024c6,CIRCULAR_VRP,medium,LOC_03F06DD41C28,Malerkotla,PB,18,7,TRK_017DA12B162E|TRK_A997FC00E0CF|TRK_8C037A0ADC54|TRK_EEB1DE456EE4|TRK_BCC966E673C0|TRK_B6CE07A71D80|TRK_5564246F7906,30530.0,218040.0,161010.0,True,True,False,True,"{""circular_bonus"": -1.1, ""distance_km"": 1.0, ""empty_km"": 0.85, ""fuel_inr"": 0.01, ""risk"": 12.0, ""time_min"": 0.35, ""toll_inr"": 0.01}",CST_48011250D4FB,SCN_BASELINE,g1,False,361,train,20260903,v0.1,hash_bucket
INS_3D70D59F34B0,350401f246ee9763,CIRCULAR_VRP,medium,LOC_AA53E75D54A9,Etah,UP,22,9,TRK_017DA12B162E|TRK_A997FC00E0CF|TRK_8C037A0ADC54|TRK_EEB1DE456EE4|TRK_BCC966E673C0|TRK_B6CE07A71D80|TRK_5564246F7906|TRK_5136065E98CA|TRK_E260AFDFB21B,29400.0,277210.0,239230.0,True,True,False,True,"{""circular_bonus"": -1.1, ""distance_km"": 1.0, ""empty_km"": 0.85, ""fuel_inr"": 0.01, ""risk"": 12.0, ""time_min"": 0.35, ""toll_inr"": 0.01}",CST_48011250D4FB,SCN_BASELINE,g1,False,529,test,20260903,v0.1,hash_bucket
INS_C5F0EBF77482,a32df3422ffb8145,CIRCULAR_VRP,large,LOC_36B5B5F31C8D,Varanasi,UP,36,13,TRK_017DA12B162E|TRK_A997FC00E0CF|TRK_8C037A0ADC54|TRK_EEB1DE456EE4|TRK_BCC966E673C0|TRK_B6CE07A71D80|TRK_5564246F7906|TRK_5136065E98CA|TRK_E260AFDFB21B|TRK_E9C76BCDE1E1|TRK_FB045E9F7F61|TRK_B7FB75BB3E0A|TRK_4A05F6B9B509,28580.0,392470.0,355610.0,True,True,False,True,"{""circular_bonus"": -1.1, ""distance_km"": 1.0, ""empty_km"": 0.85, ""fuel_inr"": 0.01, ""risk"": 12.0, ""time_min"": 0.35, ""toll_inr"": 0.01}",CST_48011250D4FB,SCN_BASELINE,g1,False,1369,train,20260903,v0.1,hash_bucket
INS_1CA735413C36,268d7df83b0bf429,VRPTW,small,LOC_0D7AAF851D69,Tarn Taran,PB,11,3,TRK_017DA12B162E|TRK_A997FC00E0CF|TRK_8C037A0ADC54,31430.0,94920.0,47030.0,True,True,False,False,"{""circular_bonus"": -1.1, ""distance_km"": 1.0, ""empty_km"": 0.85, ""fuel_inr"": 0.01, ""risk"": 12.0, ""time_min"": 0.35, ""toll_inr"": 0.01}",CST_48011250D4FB,SCN_BASELINE,g1,False,144,train,20260903,v0.1,hash_bucket
INS_515857DB29AD,3ddda8a4000f67bb,VRPTW,large,LOC_9F3A877025DA,Shahjahanpur,UP,35,5,TRK_017DA12B162E|TRK_A997FC00E0CF|TRK_8C037A0ADC54|TRK_EEB1DE456EE4|TRK_BCC966E673C0,30750.0,156920.0,125790.0,True,True,False,False,"{""circular_bonus"": -1.1, ""distance_km"": 1.0, ""empty_km"": 0.85, ""fuel_inr"": 0.01, ""risk"": 12.0, ""time_min"": 0.35, ""toll_inr"": 0.01}",CST_48011250D4FB,SCN_BASELINE,g1,False,1296,train,20260903,v0.1,hash_bucket
INS_F0708B2129D0,d8751fff9539b491,CIRCULAR_VRP,medium,LOC_8E24E29DF84B,Hisar,HR,25,10,TRK_017DA12B162E|TRK_A997FC00E0CF|TRK_8C037A0ADC54|TRK_EEB1DE456EE4|TRK_BCC966E673C0|TRK_B6CE07A71D80|TRK_5564246F7906|TRK_5136065E98CA|TRK_E260AFDFB21B|TRK_E9C76BCDE1E1,28950.0,306160.0,250270.0,True,False,False,True,"{""circular_bonus"": -1.1, ""distance_km"": 1.0, ""empty_km"": 0.85, ""fuel_inr"": 0.01, ""risk"": 12.0, ""time_min"": 0.35, ""toll_inr"": 0.01}",CST_48011250D4FB,SCN_BASELINE,g1,False,676,test,20260903,v0.1,hash_bucket
INS_8D815CF7117D,0b9ca38fd4d39355,PDP,medium,LOC_DD4D9C55D7BB,Fatehgarh Sahib,PB,22,11,TRK_017DA12B162E|TRK_A997FC00E0CF|TRK_8C037A0ADC54|TRK_EEB1DE456EE4|TRK_BCC966E673C0|TRK_B6CE07A71D80|TRK_5564246F7906|TRK_5136065E98CA|TRK_E260AFDFB21B|TRK_E9C76BCDE1E1|TRK_FB045E9F7F61,28890.0,335050.0,283960.0,True,False,True,True,"{""circular_bonus"": -1.1, ""distance_km"": 1.0, ""empty_km"": 0.85, ""fuel_inr"": 0.01, ""risk"": 12.0, ""time_min"": 0.35, ""toll_inr"": 0.01}",CST_48011250D4FB,SCN_BASELINE,g1,False,529,test,20260903,v0.1,hash_bucket
INS_37F39B654DCF,cc1a7b54b878c67d,VRPTW,medium,LOC_D49CDCEB7AF7,Charkhi Dadri,HR,18,8,TRK_017DA12B162E|TRK_A997FC00E0CF|TRK_8C037A0ADC54|TRK_EEB1DE456EE4|TRK_BCC966E673C0|TRK_B6CE07A71D80|TRK_5564246F7906|TRK_5136065E98CA,29770.0,247810.0,209250.0,True,True,False,False,"{""circular_bonus"": -1.1, ""distance_km"": 1.0, ""empty_km"": 0.85, ""fuel_inr"": 0.01, ""risk"": 12.0, ""time_min"": 0.35, ""toll_inr"": 0.01}",CST_48011250D4FB,SCN_BASELINE,g1,False,361,train,20260903,v0.1,hash_bucket
INS_71D61A879E0B,38d38f5708bf4652,CIRCULAR_VRP,small,LOC_E96863625035,Shahdara,DL,8,9,TRK_017DA12B162E|TRK_A997FC00E0CF|TRK_8C037A0ADC54|TRK_EEB1DE456EE4|TRK_BCC966E673C0|TRK_B6CE07A71D80|TRK_5564246F7906|TRK_5136065E98CA|TRK_E260AFDFB21B,29400.0,277210.0,240000.0,True,True,False,True,"{""circular_bonus"": -1.1, ""distance_km"": 1.0, ""empty_km"": 0.85, ""fuel_inr"": 0.01, ""risk"": 12.0, ""time_min"": 0.35, ""toll_inr"": 0.01}",CST_48011250D4FB,SCN_BASELINE,g1,False,81,validation,20260903,v0.1,hash_bucket
INS_1594A21B2DDD,06213eed47a3ee77,CIRCULAR_VRP,small,LOC_BACB2642B5AD,Kurukshetra,HR,8,2,TRK_C37572A4FA01|TRK_3636FA13AE0D,7970.0,30860.0,23470.0,True,True,False,True,"{""circular_bonus"": -1.1, ""distance_km"": 1.0, ""empty_km"": 0.85, ""fuel_inr"": 0.01, ""risk"": 12.0, ""time_min"": 0.35, ""toll_inr"": 0.01}",CST_48011250D4FB,SCN_BASELINE,g1,False,81,train,20260903,v0.1,hash_bucket
INS_0D36A8D88414,c5bda02ffdcdd287,VRPTW,medium,LOC_5AA457C919DB,Ludhiana,PB,20,7,TRK_017DA12B162E|TRK_A997FC00E0CF|TRK_8C037A0ADC54|TRK_EEB1DE456EE4|TRK_BCC966E673C0|TRK_B6CE07A71D80|TRK_5564246F7906,30530.0,218040.0,185210.0,True,True,False,False,"{""circular_bonus"": -1.1, ""distance_km"": 1.0, ""empty_km"": 0.85, ""fuel_inr"": 0.01, ""risk"": 12.0, ""time_min"": 0.35, ""toll_inr"": 0.01}",CST_48011250D4FB,SCN_BASELINE,g1,False,441,train,20260903,v0.1,hash_bucket
INS_93A8F299C827,44d692de9b72ecb4,PDP,small,LOC_F1EE6A62E5AA,Mahendragarh,HR,10,5,TRK_017DA12B162E|TRK_A997FC00E0CF|TRK_8C037A0ADC54|TRK_EEB1DE456EE4|TRK_BCC966E673C0,30750.0,156920.0,110580.0,True,True,True,False,"{""circular_bonus"": -1.1, ""distance_km"": 1.0, ""empty_km"": 0.85, ""fuel_inr"": 0.01, ""risk"": 12.0, ""time_min"": 0.35, ""toll_inr"": 0.01}",CST_48011250D4FB,SCN_BASELINE,g1,False,121,train,20260903,v0.1,hash_bucket
INS_B7A059AB35B7,9b2ee8587ecaaf85,VRPTW,small,LOC_F20DB0F2A327,Gurugram,HR,13,7,TRK_017DA12B162E|TRK_A997FC00E0CF|TRK_8C037A0ADC54|TRK_EEB1DE456EE4|TRK_BCC966E673C0|TRK_B6CE07A71D80|TRK_5564246F7906,30530.0,218040.0,173070.0,True,True,False,False,"{""circular_bonus"": -1.1, ""distance_km"": 1.0, ""empty_km"": 0.85, ""fuel_inr"": 0.01, ""risk"": 12.0, ""time_min"": 0.35, ""toll_inr"": 0.01}",CST_48011250D4FB,SCN_BASELINE,g1,False,196,validation,20260903,v0.1,hash_bucket
INS_D8F590149633,559662f1f49a10f4,CVRP,small,LOC_2B9C182E1BB7,Panchkula,HR,9,4,TRK_017DA12B162E|TRK_A997FC00E0CF|TRK_8C037A0ADC54|TRK_EEB1DE456EE4,31250.0,126170.0,91730.0,True,False,False,False,"{""circular_bonus"": -1.1, ""distance_km"": 1.0, ""empty_km"": 0.85, ""fuel_inr"": 0.01, ""risk"": 12.0, ""time_min"": 0.35, ""toll_inr"": 0.01}",CST_48011250D4FB,SCN_BASELINE,g1,False,100,train,20260903,v0.1,hash_bucket
INS_515E94829389,de3a59b284cf32c2,CIRCULAR_VRP,small,LOC_2275B2D35F85,Palwal,HR,8,3,TRK_017DA12B162E|TRK_A997FC00E0CF|TRK_8C037A0ADC54,31430.0,94920.0,61020.0,True,True,False,True,"{""circular_bonus"": -1.1, ""distance_km"": 1.0, ""empty_km"": 0.85, ""fuel_inr"": 0.01, ""risk"": 12.0, ""time_min"": 0.35, ""toll_inr"": 0.01}",CST_48011250D4FB,SCN_BASELINE,g1,False,81,train,20260903,v0.1,hash_bucket
INS_3EBC12DA8FB8,de03e2bc3a7817fb,CVRP,small,LOC_5775AEDC7A87,Kanpur Nagar,UP,9,5,TRK_8B0A48041C1C|TRK_4F95BDB0BA5A|TRK_CBC644EAB81E|TRK_A2930A44E92E|TRK_8F17F47DF021,7790.0,61260.0,49950.0,True,False,False,False,"{""circular_bonus"": -1.1, ""distance_km"": 1.0, ""empty_km"": 0.85, ""fuel_inr"": 0.01, ""risk"": 12.0, ""time_min"": 0.35, ""toll_inr"": 0.01}",CST_48011250D4FB,SCN_BASELINE,g1,False,100,train,20260903,v0.1,hash_bucket
INS_25EA8C2466CB,1b7f49cc48a1edf0,CIRCULAR_VRP,small,LOC_B56ABDBA32E2,Aligarh,UP,13,3,TRK_017DA12B162E|TRK_A997FC00E0CF|TRK_8C037A0ADC54,31430.0,94920.0,63050.0,True,False,False,True,"{""circular_bonus"": -1.1, ""distance_km"": 1.0, ""empty_km"": 0.85, ""fuel_inr"": 0.01, ""risk"": 12.0, ""time_min"": 0.35, ""toll_inr"": 0.01}",CST_48011250D4FB,SCN_BASELINE,g1,False,196,train,20260903,v0.1,hash_bucket
INS_54E0FFB779F3,402ff0d0b1a22edd,VRPTW,small,LOC_CF065FE8EBAB,Gautam Buddha Nagar,UP,13,11,TRK_017DA12B162E|TRK_A997FC00E0CF|TRK_8C037A0ADC54|TRK_EEB1DE456EE4|TRK_BCC966E673C0|TRK_B6CE07A71D80|TRK_5564246F7906|TRK_5136065E98CA|TRK_E260AFDFB21B|TRK_E9C76BCDE1E1|TRK_FB045E9F7F61,28890.0,335050.0,290560.0,True,True,False,False,"{""circular_bonus"": -1.1, ""distance_km"": 1.0, ""empty_km"": 0.85, ""fuel_inr"": 0.01, ""risk"": 12.0, ""time_min"": 0.35, ""toll_inr"": 0.01}",CST_48011250D4FB,SCN_BASELINE,g1,False,196,train,20260903,v0.1,hash_bucket
INS_591ECA959980,891c1391be58e95d,PDP,small,LOC_11A4C40B0A4F,Yamunanagar,HR,12,5,TRK_017DA12B162E|TRK_A997FC00E0CF|TRK_8C037A0ADC54|TRK_EEB1DE456EE4|TRK_BCC966E673C0,30750.0,156920.0,107090.0,True,True,True,True,"{""circular_bonus"": -1.1, ""distance_km"": 1.0, ""empty_km"": 0.85, ""fuel_inr"": 0.01, ""risk"": 12.0, ""time_min"": 0.35, ""toll_inr"": 0.01}",CST_48011250D4FB,SCN_BASELINE,g1,False,169,train,20260903,v0.1,hash_bucket
INS_958646179082,45d3f6c635476406,PDP,medium,LOC_F20DB0F2A327,Gurugram,HR,26,11,TRK_017DA12B162E|TRK_A997FC00E0CF|TRK_8C037A0ADC54|TRK_EEB1DE456EE4|TRK_BCC966E673C0|TRK_B6CE07A71D80|TRK_5564246F7906|TRK_5136065E98CA|TRK_E260AFDFB21B|TRK_E9C76BCDE1E1|TRK_FB045E9F7F61,28890.0,335050.0,281780.0,True,False,True,False,"{""circular_bonus"": -1.1, ""distance_km"": 1.0, ""empty_km"": 0.85, ""fuel_inr"": 0.01, ""risk"": 12.0, ""time_min"": 0.35, ""toll_inr"": 0.01}",CST_48011250D4FB,SCN_BASELINE,g1,False,729,train,20260903,v0.1,hash_bucket
INS_51F5903EA842,a4095f5808044e2d,PDP,medium,LOC_8E5593D8E476,Rupnagar,PB,25,13,TRK_017DA12B162E|TRK_A997FC00E0CF|TRK_8C037A0ADC54|TRK_EEB1DE456EE4|TRK_BCC966E673C0|TRK_B6CE07A71D80|TRK_5564246F7906|TRK_5136065E98CA|TRK_E260AFDFB21B|TRK_E9C76BCDE1E1|TRK_FB045E9F7F61|TRK_B7FB75BB3E0A|TRK_4A05F6B9B509,28580.0,392470.0,346440.0,True,True,True,True,"{""circular_bonus"": -1.1, ""distance_km"": 1.0, ""empty_km"": 0.85, ""fuel_inr"": 0.01, ""risk"": 12.0, ""time_min"": 0.35, ""toll_inr"": 0.01}",CST_48011250D4FB,SCN_BASELINE,g1,False,676,train,20260903,v0.1,hash_bucket
INS_4180395372A8,bcb08dd777db1f21,PDP,large,LOC_BF1D141289ED,Hoshiarpur,PB,39,14,TRK_017DA12B162E|TRK_A997FC00E0CF|TRK_8C037A0ADC54|TRK_EEB1DE456EE4|TRK_BCC966E673C0|TRK_B6CE07A71D80|TRK_5564246F7906|TRK_5136065E98CA|TRK_E260AFDFB21B|TRK_E9C76BCDE1E1|TRK_FB045E9F7F61|TRK_B7FB75BB3E0A|TRK_4A05F6B9B509|TRK_1C8C798F44C5,27990.0,420460.0,380090.0,True,True,True,True,"{""circular_bonus"": -1.1, ""distance_km"": 1.0, ""empty_km"": 0.85, ""fuel_inr"": 0.01, ""risk"": 12.0, ""time_min"": 0.35, ""toll_inr"": 0.01}",CST_48011250D4FB,SCN_BASELINE,g1,False,1600,train,20260903,v0.1,hash_bucket
INS_C9EC1D7B1660,df950e3d646b7d57,CIRCULAR_VRP,medium,LOC_2E423964E639,Agra,UP,24,13,TRK_017DA12B162E|TRK_A997FC00E0CF|TRK_8C037A0ADC54|TRK_EEB1DE456EE4|TRK_BCC966E673C0|TRK_B6CE07A71D80|TRK_5564246F7906|TRK_5136065E98CA|TRK_E260AFDFB21B|TRK_E9C76BCDE1E1|TRK_FB045E9F7F61|TRK_B7FB75BB3E0A|TRK_4A05F6B9B509,28580.0,392470.0,337610.0,True,True,False,True,"{""circular_bonus"": -1.1, ""distance_km"": 1.0, ""empty_km"": 0.85, ""fuel_inr"": 0.01, ""risk"": 12.0, ""time_min"": 0.35, ""toll_inr"": 0.01}",CST_48011250D4FB,SCN_BASELINE,g1,False,625,validation,20260903,v0.1,hash_bucket
INS_7133BA9CE7D4,e3ed8058e53a4389,CVRP,small,LOC_8E24E29DF84B,Hisar,HR,8,3,TRK_017DA12B162E|TRK_A997FC00E0CF|TRK_8C037A0ADC54,31430.0,94920.0,41500.0,True,False,False,False,"{""circular_bonus"": -1.1, ""distance_km"": 1.0, ""empty_km"": 0.85, ""fuel_inr"": 0.01, ""risk"": 12.0, ""time_min"": 0.35, ""toll_inr"": 0.01}",CST_48011250D4FB,SCN_BASELINE,g1,False,81,validation,20260903,v0.1,hash_bucket
INS_FBB73232CE0F,3299e5bb455881cf,VRPTW,large,LOC_BACB2642B5AD,Kurukshetra,HR,50,10,TRK_017DA12B162E|TRK_A997FC00E0CF|TRK_8C037A0ADC54|TRK_EEB1DE456EE4|TRK_BCC966E673C0|TRK_B6CE07A71D80|TRK_5564246F7906|TRK_5136065E98CA|TRK_E260AFDFB21B|TRK_E9C76BCDE1E1,28950.0,306160.0,251380.0,True,True,False,False,"{""circular_bonus"": -1.1, ""distance_km"": 1.0, ""empty_km"": 0.85, ""fuel_inr"": 0.01, ""risk"": 12.0, ""time_min"": 0.35, ""toll_inr"": 0.01}",CST_48011250D4FB,SCN_BASELINE,g1,False,2601,train,20260903,v0.1,hash_bucket
INS_F1FE4C50C6D7,c305b6dcd00cee9b,CIRCULAR_VRP,small,LOC_45C74FBD7B6F,Mansa,PB,13,6,TRK_017DA12B162E|TRK_A997FC00E0CF|TRK_8C037A0ADC54|TRK_EEB1DE456EE4|TRK_BCC966E673C0|TRK_B6CE07A71D80,30590.0,187510.0,128450.0,True,True,False,True,"{""circular_bonus"": -1.1, ""distance_km"": 1.0, ""empty_km"": 0.85, ""fuel_inr"": 0.01, ""risk"": 12.0, ""time_min"": 0.35, ""toll_inr"": 0.01}",CST_48011250D4FB,SCN_BASELINE,g1,False,196,validation,20260903,v0.1,hash_bucket
INS_A0965F8FF5DB,b38a2f69fedf3f8a,CIRCULAR_VRP,small,LOC_08710C80560B,Moga,PB,9,3,TRK_017DA12B162E|TRK_A997FC00E0CF|TRK_8C037A0ADC54,31430.0,94920.0,41020.0,True,True,False,True,"{""circular_bonus"": -1.1, ""distance_km"": 1.0, ""empty_km"": 0.85, ""fuel_inr"": 0.01, ""risk"": 12.0, ""time_min"": 0.35, ""toll_inr"": 0.01}",CST_48011250D4FB,SCN_BASELINE,g1,False,100,train,20260903,v0.1,hash_bucket
INS_3ACB1C2D6D1D,61dd4c1598559bd1,PDP,small,LOC_7CE3D43FF63F,Ambala,HR,14,4,TRK_017DA12B162E|TRK_A997FC00E0CF|TRK_8C037A0ADC54|TRK_EEB1DE456EE4,31250.0,126170.0,94870.0,True,False,True,False,"{""circular_bonus"": -1.1, ""distance_km"": 1.0, ""empty_km"": 0.85, ""fuel_inr"": 0.01, ""risk"": 12.0, ""time_min"": 0.35, ""toll_inr"": 0.01}",CST_48011250D4FB,SCN_BASELINE,g1,False,225,train,20260903,v0.1,hash_bucket
INS_D18273A74952,7b7f7d5d140d1a35,CIRCULAR_VRP,large,LOC_D49CDCEB7AF7,Charkhi Dadri,HR,44,15,TRK_017DA12B162E|TRK_A997FC00E0CF|TRK_8C037A0ADC54|TRK_EEB1DE456EE4|TRK_BCC966E673C0|TRK_B6CE07A71D80|TRK_5564246F7906|TRK_5136065E98CA|TRK_E260AFDFB21B|TRK_E9C76BCDE1E1|TRK_FB045E9F7F61|TRK_B7FB75BB3E0A|TRK_4A05F6B9B509|TRK_1C8C798F44C5|TRK_8DC7FD5FF93A,27710.0,448170.0,400260.0,True,True,False,True,"{""circular_bonus"": -1.1, ""distance_km"": 1.0, ""empty_km"": 0.85, ""fuel_inr"": 0.01, ""risk"": 12.0, ""time_min"": 0.35, ""toll_inr"": 0.01}",CST_48011250D4FB,SCN_BASELINE,g1,False,2025,train,20260903,v0.1,hash_bucket
INS_DA729351D3B8,b287fd6a105b260a,CVRP,small,LOC_B0D713DFA81B,Ferozepur,PB,9,5,TRK_017DA12B162E|TRK_A997FC00E0CF|TRK_8C037A0ADC54|TRK_EEB1DE456EE4|TRK_BCC966E673C0,30750.0,156920.0,98490.0,True,False,False,False,"{""circular_bonus"": -1.1, ""distance_km"": 1.0, ""empty_km"": 0.85, ""fuel_inr"": 0.01, ""risk"": 12.0, ""time_min"": 0.35, ""toll_inr"": 0.01}",CST_48011250D4FB,SCN_BASELINE,g1,False,100,train,20260903,v0.1,hash_bucket
INS_7FA7E8A68506,026dd745bd8a4d9a,PDP,small,LOC_AD745A3946E4,Unnao,UP,12,5,TRK_017DA12B162E|TRK_A997FC00E0CF|TRK_8C037A0ADC54|TRK_EEB1DE456EE4|TRK_BCC966E673C0,30750.0,156920.0,120080.0,True,True,True,False,"{""circular_bonus"": -1.1, ""distance_km"": 1.0, ""empty_km"": 0.85, ""fuel_inr"": 0.01, ""risk"": 12.0, ""time_min"": 0.35, ""toll_inr"": 0.01}",CST_48011250D4FB,SCN_BASELINE,g1,False,169,train,20260903,v0.1,hash_bucket
INS_D6B8FCC66CA9,c2fbf34bb4e175d1,VRPTW,small,LOC_487C12AA952A,Jind,HR,13,5,TRK_017DA12B162E|TRK_A997FC00E0CF|TRK_8C037A0ADC54|TRK_EEB1DE456EE4|TRK_BCC966E673C0,30750.0,156920.0,119290.0,True,True,False,False,"{""circular_bonus"": -1.1, ""distance_km"": 1.0, ""empty_km"": 0.85, ""fuel_inr"": 0.01, ""risk"": 12.0, ""time_min"": 0.35, ""toll_inr"": 0.01}",CST_48011250D4FB,SCN_BASELINE,g1,False,196,train,20260903,v0.1,hash_bucket
INS_457B3DB1C725,171ab296e435dcc8,PDP,small,LOC_FEFD9351973D,Bathinda,PB,14,7,TRK_017DA12B162E|TRK_A997FC00E0CF|TRK_8C037A0ADC54|TRK_EEB1DE456EE4|TRK_BCC966E673C0|TRK_B6CE07A71D80|TRK_5564246F7906,30530.0,218040.0,165620.0,True,False,True,False,"{""circular_bonus"": -1.1, ""distance_km"": 1.0, ""empty_km"": 0.85, ""fuel_inr"": 0.01, ""risk"": 12.0, ""time_min"": 0.35, ""toll_inr"": 0.01}",CST_48011250D4FB,SCN_BASELINE,g1,False,225,test,20260903,v0.1,holdout_district
INS_8E3BD481EFF4,4ab0196bdcf06f47,PDP,large,LOC_08710C80560B,Moga,PB,38,11,TRK_017DA12B162E|TRK_A997FC00E0CF|TRK_8C037A0ADC54|TRK_EEB1DE456EE4|TRK_BCC966E673C0|TRK_B6CE07A71D80|TRK_5564246F7906|TRK_5136065E98CA|TRK_E260AFDFB21B|TRK_E9C76BCDE1E1|TRK_FB045E9F7F61,28890.0,335050.0,281380.0,True,True,True,False,"{""circular_bonus"": -1.1, ""distance_km"": 1.0, ""empty_km"": 0.85, ""fuel_inr"": 0.01, ""risk"": 12.0, ""time_min"": 0.35, ""toll_inr"": 0.01}",CST_48011250D4FB,SCN_BASELINE,g1,False,1521,train,20260903,v0.1,hash_bucket
INS_2484925CCEC7,6efafb706174f9c8,CIRCULAR_VRP,large,LOC_D24D73F16033,Meerut,UP,58,25,TRK_017DA12B162E|TRK_A997FC00E0CF|TRK_8C037A0ADC54|TRK_EEB1DE456EE4|TRK_BCC966E673C0|TRK_B6CE07A71D80|TRK_5564246F7906|TRK_5136065E98CA|TRK_E260AFDFB21B|TRK_E9C76BCDE1E1|TRK_FB045E9F7F61|TRK_B7FB75BB3E0A|TRK_4A05F6B9B509|TRK_1C8C798F44C5|TRK_8DC7FD5FF93A|TRK_7A91F5198B53|TRK_BEE1B756CA92|TRK_0331FB7CD37E|TRK_EEA8DB00B33D|TRK_3A519CFB8F0F|TRK_8C842CC0A407|TRK_1A09343A6FAC|TRK_3F175C42FEAA|TRK_2EC9632BD23F|TRK_EA0BF86B0239,24700.0,708400.0,870480.0,False,True,False,True,"{""circular_bonus"": -1.1, ""distance_km"": 1.0, ""empty_km"": 0.85, ""fuel_inr"": 0.01, ""risk"": 12.0, ""time_min"": 0.35, ""toll_inr"": 0.01}",CST_48011250D4FB,SCN_BASELINE,g1,False,3481,train,20260903,v0.1,hash_bucket
INS_DD2D114A35E3,c28a9e7478d6c936,PDP,small,LOC_63A998834201,North East Delhi,DL,8,6,TRK_017DA12B162E|TRK_A997FC00E0CF|TRK_8C037A0ADC54|TRK_EEB1DE456EE4|TRK_BCC966E673C0|TRK_B6CE07A71D80,30590.0,187510.0,148020.0,True,True,True,False,"{""circular_bonus"": -1.1, ""distance_km"": 1.0, ""empty_km"": 0.85, ""fuel_inr"": 0.01, ""risk"": 12.0, ""time_min"": 0.35, ""toll_inr"": 0.01}",CST_48011250D4FB,SCN_BASELINE,g1,False,81,train,20260903,v0.1,hash_bucket
INS_745D26DBAC94,9a9852013d4b9e56,CIRCULAR_VRP,medium,LOC_5775AEDC7A87,Kanpur Nagar,UP,23,8,TRK_017DA12B162E|TRK_A997FC00E0CF|TRK_8C037A0ADC54|TRK_EEB1DE456EE4|TRK_BCC966E673C0|TRK_B6CE07A71D80|TRK_5564246F7906|TRK_5136065E98CA,29770.0,247810.0,208100.0,True,False,False,True,"{""circular_bonus"": -1.1, ""distance_km"": 1.0, ""empty_km"": 0.85, ""fuel_inr"": 0.01, ""risk"": 12.0, ""time_min"": 0.35, ""toll_inr"": 0.01}",CST_48011250D4FB,SCN_BASELINE,g1,False,576,train,20260903,v0.1,hash_bucket
INS_935B6B0D5E84,276b6238db6f5baf,VRPTW,small,LOC_D49CDCEB7AF7,Charkhi Dadri,HR,12,5,TRK_017DA12B162E|TRK_A997FC00E0CF|TRK_8C037A0ADC54|TRK_EEB1DE456EE4|TRK_BCC966E673C0,30750.0,156920.0,110590.0,True,True,False,False,"{""circular_bonus"": -1.1, ""distance_km"": 1.0, ""empty_km"": 0.85, ""fuel_inr"": 0.01, ""risk"": 12.0, ""time_min"": 0.35, ""toll_inr"": 0.01}",CST_48011250D4FB,SCN_BASELINE,g1,False,169,validation,20260903,v0.1,hash_bucket
INS_2E0A3EBAF3B4,a92b3bbd0dc4bf81,PDP,large,LOC_B26DA7992E56,Prayagraj,UP,56,15,TRK_017DA12B162E|TRK_A997FC00E0CF|TRK_8C037A0ADC54|TRK_EEB1DE456EE4|TRK_BCC966E673C0|TRK_B6CE07A71D80|TRK_5564246F7906|TRK_5136065E98CA|TRK_E260AFDFB21B|TRK_E9C76BCDE1E1|TRK_FB045E9F7F61|TRK_B7FB75BB3E0A|TRK_4A05F6B9B509|TRK_1C8C798F44C5|TRK_8DC7FD5FF93A,27710.0,448170.0,397050.0,True,True,True,False,"{""circular_bonus"": -1.1, ""distance_km"": 1.0, ""empty_km"": 0.85, ""fuel_inr"": 0.01, ""risk"": 12.0, ""time_min"": 0.35, ""toll_inr"": 0.01}",CST_48011250D4FB,SCN_BASELINE,g1,False,3249,test,20260903,v0.1,hash_bucket
INS_E34432670FBB,d74adcbdfa5cad10,CIRCULAR_VRP,large,LOC_D8FB48D6F894,Fatehabad,HR,51,9,TRK_017DA12B162E|TRK_A997FC00E0CF|TRK_8C037A0ADC54|TRK_EEB1DE456EE4|TRK_BCC966E673C0|TRK_B6CE07A71D80|TRK_5564246F7906|TRK_5136065E98CA|TRK_E260AFDFB21B,29400.0,277210.0,243165.0,True,True,False,True,"{""circular_bonus"": -1.1, ""distance_km"": 1.0, ""empty_km"": 0.85, ""fuel_inr"": 0.01, ""risk"": 12.0, ""time_min"": 0.35, ""toll_inr"": 0.01}",CST_48011250D4FB,SCN_BASELINE,g1,False,2704,train,20260903,v0.1,hash_bucket
INS_FC2F38411F08,e787b053f94afdfc,CVRP,medium,LOC_5775AEDC7A87,Kanpur Nagar,UP,27,10,TRK_017DA12B162E|TRK_A997FC00E0CF|TRK_8C037A0ADC54|TRK_EEB1DE456EE4|TRK_BCC966E673C0|TRK_B6CE07A71D80|TRK_5564246F7906|TRK_5136065E98CA|TRK_E260AFDFB21B|TRK_E9C76BCDE1E1,28950.0,306160.0,248310.0,True,False,False,False,"{""circular_bonus"": -1.1, ""distance_km"": 1.0, ""empty_km"": 0.85, ""fuel_inr"": 0.01, ""risk"": 12.0, ""time_min"": 0.35, ""toll_inr"": 0.01}",CST_48011250D4FB,SCN_BASELINE,g1,False,784,train,20260903,v0.1,hash_bucket
INS_C46656B55255,febb39ff443b045c,PDP,medium,LOC_63A998834201,North East Delhi,DL,11,8,TRK_017DA12B162E|TRK_A997FC00E0CF|TRK_8C037A0ADC54|TRK_EEB1DE456EE4|TRK_BCC966E673C0|TRK_B6CE07A71D80|TRK_5564246F7906|TRK_5136065E98CA,29770.0,247810.0,190980.0,True,True,True,True,"{""circular_bonus"": -1.1, ""distance_km"": 1.0, ""empty_km"": 0.85, ""fuel_inr"": 0.01, ""risk"": 12.0, ""time_min"": 0.35, ""toll_inr"": 0.01}",CST_48011250D4FB,SCN_BASELINE,g1,False,144,validation,20260903,v0.1,hash_bucket
INS_8FE8A149C887,1b182c1b3600b9c3,CIRCULAR_VRP,medium,LOC_8E5593D8E476,Rupnagar,PB,15,8,TRK_017DA12B162E|TRK_A997FC00E0CF|TRK_8C037A0ADC54|TRK_EEB1DE456EE4|TRK_BCC966E673C0|TRK_B6CE07A71D80|TRK_5564246F7906|TRK_5136065E98CA,29770.0,247810.0,213930.0,True,True,False,True,"{""circular_bonus"": -1.1, ""distance_km"": 1.0, ""empty_km"": 0.85, ""fuel_inr"": 0.01, ""risk"": 12.0, ""time_min"": 0.35, ""toll_inr"": 0.01}",CST_48011250D4FB,SCN_BASELINE,g1,False,256,test,20260903,v0.1,hash_bucket
INS_F0BA6FF2BF52,d4897b49f68486ae,VRPTW,large,LOC_D2DDEA75080C,Pathankot,PB,42,21,TRK_017DA12B162E|TRK_A997FC00E0CF|TRK_8C037A0ADC54|TRK_EEB1DE456EE4|TRK_BCC966E673C0|TRK_B6CE07A71D80|TRK_5564246F7906|TRK_5136065E98CA|TRK_E260AFDFB21B|TRK_E9C76BCDE1E1|TRK_FB045E9F7F61|TRK_B7FB75BB3E0A|TRK_4A05F6B9B509|TRK_1C8C798F44C5|TRK_8DC7FD5FF93A|TRK_7A91F5198B53|TRK_BEE1B756CA92|TRK_0331FB7CD37E|TRK_EEA8DB00B33D|TRK_3A519CFB8F0F|TRK_8C842CC0A407,25970.0,607600.0,575240.0,True,True,False,False,"{""circular_bonus"": -1.1, ""distance_km"": 1.0, ""empty_km"": 0.85, ""fuel_inr"": 0.01, ""risk"": 12.0, ""time_min"": 0.35, ""toll_inr"": 0.01}",CST_48011250D4FB,SCN_BASELINE,g1,False,1849,validation,20260903,v0.1,hash_bucket
INS_5680FDEA9340,64ed4480bb1047d8,PDP,large,LOC_2E9E391564C2,Sonipat,HR,60,25,TRK_017DA12B162E|TRK_A997FC00E0CF|TRK_8C037A0ADC54|TRK_EEB1DE456EE4|TRK_BCC966E673C0|TRK_B6CE07A71D80|TRK_5564246F7906|TRK_5136065E98CA|TRK_E260AFDFB21B|TRK_E9C76BCDE1E1|TRK_FB045E9F7F61|TRK_B7FB75BB3E0A|TRK_4A05F6B9B509|TRK_1C8C798F44C5|TRK_8DC7FD5FF93A|TRK_7A91F5198B53|TRK_BEE1B756CA92|TRK_0331FB7CD37E|TRK_EEA8DB00B33D|TRK_3A519CFB8F0F|TRK_8C842CC0A407|TRK_1A09343A6FAC|TRK_3F175C42FEAA|TRK_2EC9632BD23F|TRK_EA0BF86B0239,24700.0,708400.0,732150.0,False,False,True,True,"{""circular_bonus"": -1.1, ""distance_km"": 1.0, ""empty_km"": 0.85, ""fuel_inr"": 0.01, ""risk"": 12.0, ""time_min"": 0.35, ""toll_inr"": 0.01}",CST_48011250D4FB,SCN_BASELINE,g1,False,3721,train,20260903,v0.1,hash_bucket
INS_03847BE6D379,f334b6e2c3bed57c,PDP,small,LOC_2011BC2FE7BD,Fazilka,PB,14,3,TRK_017DA12B162E|TRK_A997FC00E0CF|TRK_8C037A0ADC54,31430.0,94920.0,42480.0,True,False,True,False,"{""circular_bonus"": -1.1, ""distance_km"": 1.0, ""empty_km"": 0.85, ""fuel_inr"": 0.01, ""risk"": 12.0, ""time_min"": 0.35, ""toll_inr"": 0.01}",CST_48011250D4FB,SCN_BASELINE,g1,False,225,train,20260903,v0.1,hash_bucket
INS_1E80FB4D7D54,8cb3f4e0fcb4eaa6,VRPTW,large,LOC_2011BC2FE7BD,Fazilka,PB,59,21,TRK_017DA12B162E|TRK_A997FC00E0CF|TRK_8C037A0ADC54|TRK_EEB1DE456EE4|TRK_BCC966E673C0|TRK_B6CE07A71D80|TRK_5564246F7906|TRK_5136065E98CA|TRK_E260AFDFB21B|TRK_E9C76BCDE1E1|TRK_FB045E9F7F61|TRK_B7FB75BB3E0A|TRK_4A05F6B9B509|TRK_1C8C798F44C5|TRK_8DC7FD5FF93A|TRK_7A91F5198B53|TRK_BEE1B756CA92|TRK_0331FB7CD37E|TRK_EEA8DB00B33D|TRK_3A519CFB8F0F|TRK_8C842CC0A407,25970.0,607600.0,577870.0,True,True,False,False,"{""circular_bonus"": -1.1, ""distance_km"": 1.0, ""empty_km"": 0.85, ""fuel_inr"": 0.01, ""risk"": 12.0, ""time_min"": 0.35, ""toll_inr"": 0.01}",CST_48011250D4FB,SCN_BASELINE,g1,False,3600,train,20260903,v0.1,hash_bucket
INS_AD51EA2AD35F,c6e7764b035519ec,CIRCULAR_VRP,medium,LOC_EC1D3E4138DF,Amritsar,PB,15,7,TRK_017DA12B162E|TRK_A997FC00E0CF|TRK_8C037A0ADC54|TRK_EEB1DE456EE4|TRK_BCC966E673C0|TRK_B6CE07A71D80|TRK_5564246F7906,30530.0,218040.0,175580.0,True,False,False,True,"{""circular_bonus"": -1.1, ""distance_km"": 1.0, ""empty_km"": 0.85, ""fuel_inr"": 0.01, ""risk"": 12.0, ""time_min"": 0.35, ""toll_inr"": 0.01}",CST_48011250D4FB,SCN_BASELINE,g1,False,256,test,20260903,v0.1,hash_bucket
INS_ECDF8918F0D8,d0194a9e097faa86,PDP,small,LOC_F20DB0F2A327,Gurugram,HR,13,6,TRK_017DA12B162E|TRK_A997FC00E0CF|TRK_8C037A0ADC54|TRK_EEB1DE456EE4|TRK_BCC966E673C0|TRK_B6CE07A71D80,30590.0,187510.0,138520.0,True,False,True,False,"{""circular_bonus"": -1.1, ""distance_km"": 1.0, ""empty_km"": 0.85, ""fuel_inr"": 0.01, ""risk"": 12.0, ""time_min"": 0.35, ""toll_inr"": 0.01}",CST_48011250D4FB,SCN_BASELINE,g1,False,196,test,20260903,v0.1,hash_bucket
INS_36602C400D22,17957a31f536e04a,PDP,medium,LOC_2ADFB4EFDB06,Kaithal,HR,21,6,TRK_017DA12B162E|TRK_A997FC00E0CF|TRK_8C037A0ADC54|TRK_EEB1DE456EE4|TRK_BCC966E673C0|TRK_B6CE07A71D80,30590.0,187510.0,128240.0,True,True,True,False,"{""circular_bonus"": -1.1, ""distance_km"": 1.0, ""empty_km"": 0.85, ""fuel_inr"": 0.01, ""risk"": 12.0, ""time_min"": 0.35, ""toll_inr"": 0.01}",CST_48011250D4FB,SCN_BASELINE,g1,False,484,train,20260903,v0.1,hash_bucket
INS_6DA1B6804DB0,2411a402166459d7,VRPTW,small,LOC_E7B504BE8FE9,Patiala,PB,9,3,TRK_017DA12B162E|TRK_A997FC00E0CF|TRK_8C037A0ADC54,31430.0,94920.0,47250.0,True,True,False,False,"{""circular_bonus"": -1.1, ""distance_km"": 1.0, ""empty_km"": 0.85, ""fuel_inr"": 0.01, ""risk"": 12.0, ""time_min"": 0.35, ""toll_inr"": 0.01}",CST_48011250D4FB,SCN_BASELINE,g1,False,100,train,20260903,v0.1,hash_bucket
INS_1073FF59E066,62ef90056fae0e98,VRPTW,medium,LOC_FEFD9351973D,Bathinda,PB,29,12,TRK_017DA12B162E|TRK_A997FC00E0CF|TRK_8C037A0ADC54|TRK_EEB1DE456EE4|TRK_BCC966E673C0|TRK_B6CE07A71D80|TRK_5564246F7906|TRK_5136065E98CA|TRK_E260AFDFB21B|TRK_E9C76BCDE1E1|TRK_FB045E9F7F61|TRK_B7FB75BB3E0A,28840.0,363890.0,320100.0,True,True,False,False,"{""circular_bonus"": -1.1, ""distance_km"": 1.0, ""empty_km"": 0.85, ""fuel_inr"": 0.01, ""risk"": 12.0, ""time_min"": 0.35, ""toll_inr"": 0.01}",CST_48011250D4FB,SCN_BASELINE,g1,False,900,test,20260903,v0.1,holdout_district
INS_525F22536A7A,aaa3fd9590daf7b6,PDP,small,LOC_AA53E75D54A9,Etah,UP,14,6,TRK_017DA12B162E|TRK_A997FC00E0CF|TRK_8C037A0ADC54|TRK_EEB1DE456EE4|TRK_BCC966E673C0|TRK_B6CE07A71D80,30590.0,187510.0,133420.0,True,True,True,False,"{""circular_bonus"": -1.1, ""distance_km"": 1.0, ""empty_km"": 0.85, ""fuel_inr"": 0.01, ""risk"": 12.0, ""time_min"": 0.35, ""toll_inr"": 0.01}",CST_48011250D4FB,SCN_BASELINE,g1,False,225,train,20260903,v0.1,hash_bucket
INS_C8E5CE1FCEB6,b81b49fd379855fe,CIRCULAR_VRP,small,LOC_0D7AAF851D69,Tarn Taran,PB,11,7,TRK_017DA12B162E|TRK_A997FC00E0CF|TRK_8C037A0ADC54|TRK_EEB1DE456EE4|TRK_BCC966E673C0|TRK_B6CE07A71D80|TRK_5564246F7906,30530.0,218040.0,165150.0,True,True,False,True,"{""circular_bonus"": -1.1, ""distance_km"": 1.0, ""empty_km"": 0.85, ""fuel_inr"": 0.01, ""risk"": 12.0, ""time_min"": 0.35, ""toll_inr"": 0.01}",CST_48011250D4FB,SCN_BASELINE,g1,False,144,test,20260903,v0.1,hash_bucket
INS_53FA53442C16,fc6b5e396c8b1204,CIRCULAR_VRP,medium,LOC_487C12AA952A,Jind,HR,19,6,TRK_017DA12B162E|TRK_A997FC00E0CF|TRK_8C037A0ADC54|TRK_EEB1DE456EE4|TRK_BCC966E673C0|TRK_B6CE07A71D80,30590.0,187510.0,148390.0,True,True,False,True,"{""circular_bonus"": -1.1, ""distance_km"": 1.0, ""empty_km"": 0.85, ""fuel_inr"": 0.01, ""risk"": 12.0, ""time_min"": 0.35, ""toll_inr"": 0.01}",CST_48011250D4FB,SCN_BASELINE,g1,False,400,train,20260903,v0.1,hash_bucket
INS_0258791B6232,e85d96fe27bf52aa,VRPTW,large,LOC_36B5B5F31C8D,Varanasi,UP,50,21,TRK_017DA12B162E|TRK_A997FC00E0CF|TRK_8C037A0ADC54|TRK_EEB1DE456EE4|TRK_BCC966E673C0|TRK_B6CE07A71D80|TRK_5564246F7906|TRK_5136065E98CA|TRK_E260AFDFB21B|TRK_E9C76BCDE1E1|TRK_FB045E9F7F61|TRK_B7FB75BB3E0A|TRK_4A05F6B9B509|TRK_1C8C798F44C5|TRK_8DC7FD5FF93A|TRK_7A91F5198B53|TRK_BEE1B756CA92|TRK_0331FB7CD37E|TRK_EEA8DB00B33D|TRK_3A519CFB8F0F|TRK_8C842CC0A407,25970.0,607600.0,577000.0,True,True,False,False,"{""circular_bonus"": -1.1, ""distance_km"": 1.0, ""empty_km"": 0.85, ""fuel_inr"": 0.01, ""risk"": 12.0, ""time_min"": 0.35, ""toll_inr"": 0.01}",CST_48011250D4FB,SCN_BASELINE,g1,False,2601,train,20260903,v0.1,hash_bucket
INS_7E7E1CAFA7F9,b3333e0cf39b16fa,CVRP,small,LOC_AB3DB4CE53FF,Gurdaspur,PB,14,5,TRK_017DA12B162E|TRK_A997FC00E0CF|TRK_8C037A0ADC54|TRK_EEB1DE456EE4|TRK_BCC966E673C0,30750.0,156920.0,123180.0,True,False,False,False,"{""circular_bonus"": -1.1, ""distance_km"": 1.0, ""empty_km"": 0.85, ""fuel_inr"": 0.01, ""risk"": 12.0, ""time_min"": 0.35, ""toll_inr"": 0.01}",CST_48011250D4FB,SCN_BASELINE,g1,False,225,train,20260903,v0.1,hash_bucket
INS_0E0617DBA770,7904fd552e24810b,PDP,small,LOC_6042150B38E7,Rohtak,HR,9,8,TRK_017DA12B162E|TRK_A997FC00E0CF|TRK_8C037A0ADC54|TRK_EEB1DE456EE4|TRK_BCC966E673C0|TRK_B6CE07A71D80|TRK_5564246F7906|TRK_5136065E98CA,29770.0,247810.0,190160.0,True,True,True,True,"{""circular_bonus"": -1.1, ""distance_km"": 1.0, ""empty_km"": 0.85, ""fuel_inr"": 0.01, ""risk"": 12.0, ""time_min"": 0.35, ""toll_inr"": 0.01}",CST_48011250D4FB,SCN_BASELINE,g1,False,100,train,20260903,v0.1,hash_bucket
INS_D42BAF58F9EB,b1841ec166142300,PDP,large,LOC_F20DB0F2A327,Gurugram,HR,41,17,TRK_017DA12B162E|TRK_A997FC00E0CF|TRK_8C037A0ADC54|TRK_EEB1DE456EE4|TRK_BCC966E673C0|TRK_B6CE07A71D80|TRK_5564246F7906|TRK_5136065E98CA|TRK_E260AFDFB21B|TRK_E9C76BCDE1E1|TRK_FB045E9F7F61|TRK_B7FB75BB3E0A|TRK_4A05F6B9B509|TRK_1C8C798F44C5|TRK_8DC7FD5FF93A|TRK_7A91F5198B53|TRK_BEE1B756CA92,27170.0,502510.0,456060.0,True,False,True,True,"{""circular_bonus"": -1.1, ""distance_km"": 1.0, ""empty_km"": 0.85, ""fuel_inr"": 0.01, ""risk"": 12.0, ""time_min"": 0.35, ""toll_inr"": 0.01}",CST_48011250D4FB,SCN_BASELINE,g1,False,1764,train,20260903,v0.1,hash_bucket
INS_871FB8F4608B,0f05ef93eb054061,CVRP,large,LOC_2ADFB4EFDB06,Kaithal,HR,59,8,TRK_017DA12B162E|TRK_A997FC00E0CF|TRK_8C037A0ADC54|TRK_EEB1DE456EE4|TRK_BCC966E673C0|TRK_B6CE07A71D80|TRK_5564246F7906|TRK_5136065E98CA,29770.0,247810.0,203410.0,True,False,False,False,"{""circular_bonus"": -1.1, ""distance_km"": 1.0, ""empty_km"": 0.85, ""fuel_inr"": 0.01, ""risk"": 12.0, ""time_min"": 0.35, ""toll_inr"": 0.01}",CST_48011250D4FB,SCN_BASELINE,g1,False,3600,validation,20260903,v0.1,hash_bucket
INS_BBB4FB1E9427,47bb865fc8f8031e,VRPTW,medium,LOC_C90487F88BAC,Muktsar,PB,24,7,TRK_017DA12B162E|TRK_A997FC00E0CF|TRK_8C037A0ADC54|TRK_EEB1DE456EE4|TRK_BCC966E673C0|TRK_B6CE07A71D80|TRK_5564246F7906,30530.0,218040.0,180250.0,True,True,False,False,"{""circular_bonus"": -1.1, ""distance_km"": 1.0, ""empty_km"": 0.85, ""fuel_inr"": 0.01, ""risk"": 12.0, ""time_min"": 0.35, ""toll_inr"": 0.01}",CST_48011250D4FB,SCN_BASELINE,g1,False,625,validation,20260903,v0.1,hash_bucket
INS_C9F265BD42C2,e5a51cac5689f59f,PDP,small,LOC_AD745A3946E4,Unnao,UP,12,5,TRK_017DA12B162E|TRK_A997FC00E0CF|TRK_8C037A0ADC54|TRK_EEB1DE456EE4|TRK_BCC966E673C0,30750.0,156920.0,97720.0,True,False,True,True,"{""circular_bonus"": -1.1, ""distance_km"": 1.0, ""empty_km"": 0.85, ""fuel_inr"": 0.01, ""risk"": 12.0, ""time_min"": 0.35, ""toll_inr"": 0.01}",CST_48011250D4FB,SCN_BASELINE,g1,False,169,train,20260903,v0.1,hash_bucket
INS_0D21DCF39F39,15cac300fff7cb0f,PDP,small,LOC_EBC017604691,Mathura,UP,13,6,TRK_017DA12B162E|TRK_A997FC00E0CF|TRK_8C037A0ADC54|TRK_EEB1DE456EE4|TRK_BCC966E673C0|TRK_B6CE07A71D80,30590.0,187510.0,129660.0,True,True,True,False,"{""circular_bonus"": -1.1, ""distance_km"": 1.0, ""empty_km"": 0.85, ""fuel_inr"": 0.01, ""risk"": 12.0, ""time_min"": 0.35, ""toll_inr"": 0.01}",CST_48011250D4FB,SCN_BASELINE,g1,False,196,validation,20260903,v0.1,hash_bucket
INS_896E4BCA99AA,bf8435fc23718037,PDP,small,LOC_F86E62177015,Muzaffarnagar,UP,8,3,TRK_017DA12B162E|TRK_A997FC00E0CF|TRK_8C037A0ADC54,31430.0,94920.0,58960.0,True,True,True,False,"{""circular_bonus"": -1.1, ""distance_km"": 1.0, ""empty_km"": 0.85, ""fuel_inr"": 0.01, ""risk"": 12.0, ""time_min"": 0.35, ""toll_inr"": 0.01}",CST_48011250D4FB,SCN_BASELINE,g1,False,81,train,20260903,v0.1,hash_bucket
INS_70BB59731354,eb0d586696e09c3e,CIRCULAR_VRP,large,LOC_58DEC063659A,Gorakhpur,UP,47,13,TRK_017DA12B162E|TRK_A997FC00E0CF|TRK_8C037A0ADC54|TRK_EEB1DE456EE4|TRK_BCC966E673C0|TRK_B6CE07A71D80|TRK_5564246F7906|TRK_5136065E98CA|TRK_E260AFDFB21B|TRK_E9C76BCDE1E1|TRK_FB045E9F7F61|TRK_B7FB75BB3E0A|TRK_4A05F6B9B509,28580.0,392470.0,361390.0,True,True,False,True,"{""circular_bonus"": -1.1, ""distance_km"": 1.0, ""empty_km"": 0.85, ""fuel_inr"": 0.01, ""risk"": 12.0, ""time_min"": 0.35, ""toll_inr"": 0.01}",CST_48011250D4FB,SCN_BASELINE,g1,False,2304,train,20260903,v0.1,hash_bucket
INS_8ABCD2207FB9,1c45a4f00c94aac5,VRPTW,large,LOC_B26FC239E19A,North Delhi,DL,20,18,TRK_017DA12B162E|TRK_A997FC00E0CF|TRK_8C037A0ADC54|TRK_EEB1DE456EE4|TRK_BCC966E673C0|TRK_B6CE07A71D80|TRK_5564246F7906|TRK_5136065E98CA|TRK_E260AFDFB21B|TRK_E9C76BCDE1E1|TRK_FB045E9F7F61|TRK_B7FB75BB3E0A|TRK_4A05F6B9B509|TRK_1C8C798F44C5|TRK_8DC7FD5FF93A|TRK_7A91F5198B53|TRK_BEE1B756CA92|TRK_0331FB7CD37E,26610.0,529120.0,493010.0,True,True,False,False,"{""circular_bonus"": -1.1, ""distance_km"": 1.0, ""empty_km"": 0.85, ""fuel_inr"": 0.01, ""risk"": 12.0, ""time_min"": 0.35, ""toll_inr"": 0.01}",CST_48011250D4FB,SCN_BASELINE,g1,False,441,train,20260903,v0.1,hash_bucket
INS_A7CCF1FFB801,7b6a7ff5475d5ce3,PDP,large,LOC_2E9E391564C2,Sonipat,HR,39,15,TRK_017DA12B162E|TRK_A997FC00E0CF|TRK_8C037A0ADC54|TRK_EEB1DE456EE4|TRK_BCC966E673C0|TRK_B6CE07A71D80|TRK_5564246F7906|TRK_5136065E98CA|TRK_E260AFDFB21B|TRK_E9C76BCDE1E1|TRK_FB045E9F7F61|TRK_B7FB75BB3E0A|TRK_4A05F6B9B509|TRK_1C8C798F44C5|TRK_8DC7FD5FF93A,27710.0,448170.0,413150.0,True,True,True,False,"{""circular_bonus"": -1.1, ""distance_km"": 1.0, ""empty_km"": 0.85, ""fuel_inr"": 0.01, ""risk"": 12.0, ""time_min"": 0.35, ""toll_inr"": 0.01}",CST_48011250D4FB,SCN_BASELINE,g1,False,1600,train,20260903,v0.1,hash_bucket
INS_B820025687E9,756516559f3c4f21,CVRP,medium,LOC_36B5B5F31C8D,Varanasi,UP,16,6,TRK_017DA12B162E|TRK_A997FC00E0CF|TRK_8C037A0ADC54|TRK_EEB1DE456EE4|TRK_BCC966E673C0|TRK_B6CE07A71D80,30590.0,187510.0,151440.0,True,False,False,False,"{""circular_bonus"": -1.1, ""distance_km"": 1.0, ""empty_km"": 0.85, ""fuel_inr"": 0.01, ""risk"": 12.0, ""time_min"": 0.35, ""toll_inr"": 0.01}",CST_48011250D4FB,SCN_BASELINE,g1,False,289,train,20260903,v0.1,hash_bucket
INS_0843DFDC2976,da38d72269f43c20,PDP,small,LOC_58DEC063659A,Gorakhpur,UP,9,4,TRK_017DA12B162E|TRK_A997FC00E0CF|TRK_8C037A0ADC54|TRK_EEB1DE456EE4,31250.0,126170.0,69340.0,True,True,True,False,"{""circular_bonus"": -1.1, ""distance_km"": 1.0, ""empty_km"": 0.85, ""fuel_inr"": 0.01, ""risk"": 12.0, ""time_min"": 0.35, ""toll_inr"": 0.01}",CST_48011250D4FB,SCN_BASELINE,g1,False,100,train,20260903,v0.1,hash_bucket
INS_171F92638F60,f08ae5498daa789e,PDP,large,LOC_B39E76DCD93F,Nuh,HR,60,19,TRK_017DA12B162E|TRK_A997FC00E0CF|TRK_8C037A0ADC54|TRK_EEB1DE456EE4|TRK_BCC966E673C0|TRK_B6CE07A71D80|TRK_5564246F7906|TRK_5136065E98CA|TRK_E260AFDFB21B|TRK_E9C76BCDE1E1|TRK_FB045E9F7F61|TRK_B7FB75BB3E0A|TRK_4A05F6B9B509|TRK_1C8C798F44C5|TRK_8DC7FD5FF93A|TRK_7A91F5198B53|TRK_BEE1B756CA92|TRK_0331FB7CD37E|TRK_EEA8DB00B33D,26280.0,555400.0,522610.0,True,False,True,True,"{""circular_bonus"": -1.1, ""distance_km"": 1.0, ""empty_km"": 0.85, ""fuel_inr"": 0.01, ""risk"": 12.0, ""time_min"": 0.35, ""toll_inr"": 0.01}",CST_48011250D4FB,SCN_BASELINE,g1,False,3721,train,20260903,v0.1,hash_bucket
INS_BB5A6A1B2D10,6a51374b98a0fce4,CVRP,small,LOC_B56ABDBA32E2,Aligarh,UP,13,4,TRK_017DA12B162E|TRK_A997FC00E0CF|TRK_8C037A0ADC54|TRK_EEB1DE456EE4,31250.0,126170.0,64330.0,True,False,False,False,"{""circular_bonus"": -1.1, ""distance_km"": 1.0, ""empty_km"": 0.85, ""fuel_inr"": 0.01, ""risk"": 12.0, ""time_min"": 0.35, ""toll_inr"": 0.01}",CST_48011250D4FB,SCN_BASELINE,g1,False,196,train,20260903,v0.1,hash_bucket
INS_021AF7DEBE99,6cc7ee1913fa6847,VRPTW,small,LOC_B26FC239E19A,North Delhi,DL,9,8,TRK_017DA12B162E|TRK_A997FC00E0CF|TRK_8C037A0ADC54|TRK_EEB1DE456EE4|TRK_BCC966E673C0|TRK_B6CE07A71D80|TRK_5564246F7906|TRK_5136065E98CA,29770.0,247810.0,209940.0,True,True,False,False,"{""circular_bonus"": -1.1, ""distance_km"": 1.0, ""empty_km"": 0.85, ""fuel_inr"": 0.01, ""risk"": 12.0, ""time_min"": 0.35, ""toll_inr"": 0.01}",CST_48011250D4FB,SCN_BASELINE,g1,False,100,validation,20260903,v0.1,hash_bucket
INS_310E11972641,0b53827e3c829d25,VRPTW,small,LOC_BC48412E6B15,Sambhal,UP,12,6,TRK_017DA12B162E|TRK_A997FC00E0CF|TRK_8C037A0ADC54|TRK_EEB1DE456EE4|TRK_BCC966E673C0|TRK_B6CE07A71D80,30590.0,187510.0,127470.0,True,True,False,False,"{""circular_bonus"": -1.1, ""distance_km"": 1.0, ""empty_km"": 0.85, ""fuel_inr"": 0.01, ""risk"": 12.0, ""time_min"": 0.35, ""toll_inr"": 0.01}",CST_48011250D4FB,SCN_BASELINE,g1,False,169,train,20260903,v0.1,hash_bucket
INS_82ADF3E92164,209ac6ac96ddf609,CIRCULAR_VRP,medium,LOC_EC1D3E4138DF,Amritsar,PB,24,13,TRK_017DA12B162E|TRK_A997FC00E0CF|TRK_8C037A0ADC54|TRK_EEB1DE456EE4|TRK_BCC966E673C0|TRK_B6CE07A71D80|TRK_5564246F7906|TRK_5136065E98CA|TRK_E260AFDFB21B|TRK_E9C76BCDE1E1|TRK_FB045E9F7F61|TRK_B7FB75BB3E0A|TRK_4A05F6B9B509,28580.0,392470.0,358120.0,True,False,False,True,"{""circular_bonus"": -1.1, ""distance_km"": 1.0, ""empty_km"": 0.85, ""fuel_inr"": 0.01, ""risk"": 12.0, ""time_min"": 0.35, ""toll_inr"": 0.01}",CST_48011250D4FB,SCN_BASELINE,g1,False,625,train,20260903,v0.1,hash_bucket
INS_0EFF7A0FFEF9,9536da96fb3a6071,PDP,small,LOC_5AA457C919DB,Ludhiana,PB,13,4,TRK_017DA12B162E|TRK_A997FC00E0CF|TRK_8C037A0ADC54|TRK_EEB1DE456EE4,31250.0,126170.0,67910.0,True,True,True,False,"{""circular_bonus"": -1.1, ""distance_km"": 1.0, ""empty_km"": 0.85, ""fuel_inr"": 0.01, ""risk"": 12.0, ""time_min"": 0.35, ""toll_inr"": 0.01}",CST_48011250D4FB,SCN_BASELINE,g1,False,196,test,20260903,v0.1,hash_bucket
INS_21592139757E,4375573ffc37516b,VRPTW,medium,LOC_AD745A3946E4,Unnao,UP,16,6,TRK_017DA12B162E|TRK_A997FC00E0CF|TRK_8C037A0ADC54|TRK_EEB1DE456EE4|TRK_BCC966E673C0|TRK_B6CE07A71D80,30590.0,187510.0,137250.0,True,True,False,False,"{""circular_bonus"": -1.1, ""distance_km"": 1.0, ""empty_km"": 0.85, ""fuel_inr"": 0.01, ""risk"": 12.0, ""time_min"": 0.35, ""toll_inr"": 0.01}",CST_48011250D4FB,SCN_BASELINE,g1,False,289,test,20260903,v0.1,hash_bucket
INS_F51C3A6C9FE7,f2041eb254bb8df5,VRPTW,large,LOC_61BECDCA1350,Central Delhi,DL,4,3,TRK_0331FB7CD37E|TRK_5116501BE0D5|TRK_05D6F43C6DC3,6010.0,45860.0,39620.0,True,True,False,False,"{""circular_bonus"": -1.1, ""distance_km"": 1.0, ""empty_km"": 0.85, ""fuel_inr"": 0.01, ""risk"": 12.0, ""time_min"": 0.35, ""toll_inr"": 0.01}",CST_48011250D4FB,SCN_BASELINE,g1,False,25,validation,20260903,v0.1,hash_bucket
INS_BC59E087FC90,8dc8dc841c1c082f,CVRP,large,LOC_F1EE6A62E5AA,Mahendragarh,HR,57,19,TRK_017DA12B162E|TRK_A997FC00E0CF|TRK_8C037A0ADC54|TRK_EEB1DE456EE4|TRK_BCC966E673C0|TRK_B6CE07A71D80|TRK_5564246F7906|TRK_5136065E98CA|TRK_E260AFDFB21B|TRK_E9C76BCDE1E1|TRK_FB045E9F7F61|TRK_B7FB75BB3E0A|TRK_4A05F6B9B509|TRK_1C8C798F44C5|TRK_8DC7FD5FF93A|TRK_7A91F5198B53|TRK_BEE1B756CA92|TRK_0331FB7CD37E|TRK_EEA8DB00B33D,26280.0,555400.0,507620.0,True,False,False,False,"{""circular_bonus"": -1.1, ""distance_km"": 1.0, ""empty_km"": 0.85, ""fuel_inr"": 0.01, ""risk"": 12.0, ""time_min"": 0.35, ""toll_inr"": 0.01}",CST_48011250D4FB,SCN_BASELINE,g1,False,3364,test,20260903,v0.1,hash_bucket
INS_1A1C65024B3B,3f8890bb6e20b35d,CIRCULAR_VRP,small,LOC_D49CDCEB7AF7,Charkhi Dadri,HR,9,4,TRK_017DA12B162E|TRK_A997FC00E0CF|TRK_8C037A0ADC54|TRK_EEB1DE456EE4,31250.0,126170.0,75720.0,True,False,False,True,"{""circular_bonus"": -1.1, ""distance_km"": 1.0, ""empty_km"": 0.85, ""fuel_inr"": 0.01, ""risk"": 12.0, ""time_min"": 0.35, ""toll_inr"": 0.01}",CST_48011250D4FB,SCN_BASELINE,g1,False,100,train,20260903,v0.1,hash_bucket
INS_EAA659D438E4,3eb26936bd252674,VRPTW,medium,LOC_0D7AAF851D69,Tarn Taran,PB,25,6,TRK_017DA12B162E|TRK_A997FC00E0CF|TRK_8C037A0ADC54|TRK_EEB1DE456EE4|TRK_BCC966E673C0|TRK_B6CE07A71D80,30590.0,187510.0,151430.0,True,True,False,False,"{""circular_bonus"": -1.1, ""distance_km"": 1.0, ""empty_km"": 0.85, ""fuel_inr"": 0.01, ""risk"": 12.0, ""time_min"": 0.35, ""toll_inr"": 0.01}",CST_48011250D4FB,SCN_BASELINE,g1,False,676,train,20260903,v0.1,hash_bucket
INS_B4506D268A25,60b7949ceced7707,VRPTW,small,LOC_EE8F1CF00ECF,Bhiwani,HR,10,3,TRK_017DA12B162E|TRK_A997FC00E0CF|TRK_8C037A0ADC54,31430.0,94920.0,45340.0,True,True,False,False,"{""circular_bonus"": -1.1, ""distance_km"": 1.0, ""empty_km"": 0.85, ""fuel_inr"": 0.01, ""risk"": 12.0, ""time_min"": 0.35, ""toll_inr"": 0.01}",CST_48011250D4FB,SCN_BASELINE,g1,False,121,train,20260903,v0.1,hash_bucket
INS_789EB464E5B4,6637064c56014e31,VRPTW,small,LOC_63A998834201,North East Delhi,DL,9,6,TRK_017DA12B162E|TRK_A997FC00E0CF|TRK_8C037A0ADC54|TRK_EEB1DE456EE4|TRK_BCC966E673C0|TRK_B6CE07A71D80,30590.0,187510.0,155090.0,True,True,False,False,"{""circular_bonus"": -1.1, ""distance_km"": 1.0, ""empty_km"": 0.85, ""fuel_inr"": 0.01, ""risk"": 12.0, ""time_min"": 0.35, ""toll_inr"": 0.01}",CST_48011250D4FB,SCN_BASELINE,g1,False,100,train,20260903,v0.1,hash_bucket
INS_72858BC7EDD2,3896c83f366d30fc,VRPTW,medium,LOC_D2DDEA75080C,Pathankot,PB,17,8,TRK_017DA12B162E|TRK_A997FC00E0CF|TRK_8C037A0ADC54|TRK_EEB1DE456EE4|TRK_BCC966E673C0|TRK_B6CE07A71D80|TRK_5564246F7906|TRK_5136065E98CA,29770.0,247810.0,194410.0,True,True,False,False,"{""circular_bonus"": -1.1, ""distance_km"": 1.0, ""empty_km"": 0.85, ""fuel_inr"": 0.01, ""risk"": 12.0, ""time_min"": 0.35, ""toll_inr"": 0.01}",CST_48011250D4FB,SCN_BASELINE,g1,False,324,train,20260903,v0.1,hash_bucket
INS_9D356664322B,83697599969d9a94,PDP,medium,LOC_0F3D188854D6,Amroha,UP,19,8,TRK_017DA12B162E|TRK_A997FC00E0CF|TRK_8C037A0ADC54|TRK_EEB1DE456EE4|TRK_BCC966E673C0|TRK_B6CE07A71D80|TRK_5564246F7906|TRK_5136065E98CA,29770.0,247810.0,193840.0,True,False,True,True,"{""circular_bonus"": -1.1, ""distance_km"": 1.0, ""empty_km"": 0.85, ""fuel_inr"": 0.01, ""risk"": 12.0, ""time_min"": 0.35, ""toll_inr"": 0.01}",CST_48011250D4FB,SCN_BASELINE,g1,False,400,train,20260903,v0.1,hash_bucket
INS_1A20A70672EE,82c1d56a6d59e230,CIRCULAR_VRP,large,LOC_B26DA7992E56,Prayagraj,UP,44,15,TRK_017DA12B162E|TRK_A997FC00E0CF|TRK_8C037A0ADC54|TRK_EEB1DE456EE4|TRK_BCC966E673C0|TRK_B6CE07A71D80|TRK_5564246F7906|TRK_5136065E98CA|TRK_E260AFDFB21B|TRK_E9C76BCDE1E1|TRK_FB045E9F7F61|TRK_B7FB75BB3E0A|TRK_4A05F6B9B509|TRK_1C8C798F44C5|TRK_8DC7FD5FF93A,27710.0,448170.0,400030.0,True,False,False,True,"{""circular_bonus"": -1.1, ""distance_km"": 1.0, ""empty_km"": 0.85, ""fuel_inr"": 0.01, ""risk"": 12.0, ""time_min"": 0.35, ""toll_inr"": 0.01}",CST_48011250D4FB,SCN_BASELINE,g1,False,2025,train,20260903,v0.1,hash_bucket
INS_81F065B6AA79,dc9251c95233d0d6,PDP,medium,LOC_B6370F731EEC,Lucknow,UP,30,21,TRK_017DA12B162E|TRK_A997FC00E0CF|TRK_8C037A0ADC54|TRK_EEB1DE456EE4|TRK_BCC966E673C0|TRK_B6CE07A71D80|TRK_5564246F7906|TRK_5136065E98CA|TRK_E260AFDFB21B|TRK_E9C76BCDE1E1|TRK_FB045E9F7F61|TRK_B7FB75BB3E0A|TRK_4A05F6B9B509|TRK_1C8C798F44C5|TRK_8DC7FD5FF93A|TRK_7A91F5198B53|TRK_BEE1B756CA92|TRK_0331FB7CD37E|TRK_EEA8DB00B33D|TRK_3A519CFB8F0F|TRK_8C842CC0A407,25970.0,607600.0,581170.0,True,True,True,False,"{""circular_bonus"": -1.1, ""distance_km"": 1.0, ""empty_km"": 0.85, ""fuel_inr"": 0.01, ""risk"": 12.0, ""time_min"": 0.35, ""toll_inr"": 0.01}",CST_48011250D4FB,SCN_BASELINE,g1,False,961,train,20260903,v0.1,hash_bucket
INS_09C11C7ED4C8,169d7f2f741969ce,PDP,medium,LOC_2E423964E639,Agra,UP,15,7,TRK_017DA12B162E|TRK_A997FC00E0CF|TRK_8C037A0ADC54|TRK_EEB1DE456EE4|TRK_BCC966E673C0|TRK_B6CE07A71D80|TRK_5564246F7906,30530.0,218040.0,178210.0,True,True,True,False,"{""circular_bonus"": -1.1, ""distance_km"": 1.0, ""empty_km"": 0.85, ""fuel_inr"": 0.01, ""risk"": 12.0, ""time_min"": 0.35, ""toll_inr"": 0.01}",CST_48011250D4FB,SCN_BASELINE,g1,False,256,train,20260903,v0.1,hash_bucket
INS_5CECD711359F,eb706535a59357df,PDP,medium,LOC_ED9C60D04FC0,SAS Nagar,PB,15,6,TRK_017DA12B162E|TRK_A997FC00E0CF|TRK_8C037A0ADC54|TRK_EEB1DE456EE4|TRK_BCC966E673C0|TRK_B6CE07A71D80,30590.0,187510.0,142280.0,True,True,True,True,"{""circular_bonus"": -1.1, ""distance_km"": 1.0, ""empty_km"": 0.85, ""fuel_inr"": 0.01, ""risk"": 12.0, ""time_min"": 0.35, ""toll_inr"": 0.01}",CST_48011250D4FB,SCN_BASELINE,g1,False,256,train,20260903,v0.1,hash_bucket
INS_BF67982708AA,c05db3e2fea15577,CVRP,medium,LOC_C6AB43142BDB,Faridkot,PB,18,5,TRK_017DA12B162E|TRK_A997FC00E0CF|TRK_8C037A0ADC54|TRK_EEB1DE456EE4|TRK_BCC966E673C0,30750.0,156920.0,109300.0,True,False,False,False,"{""circular_bonus"": -1.1, ""distance_km"": 1.0, ""empty_km"": 0.85, ""fuel_inr"": 0.01, ""risk"": 12.0, ""time_min"": 0.35, ""toll_inr"": 0.01}",CST_48011250D4FB,SCN_BASELINE,g1,False,361,validation,20260903,v0.1,hash_bucket
INS_CE851912EA96,2fe09c79e83eef26,VRPTW,medium,LOC_443EF0FB4E8C,Etawah,UP,18,5,TRK_017DA12B162E|TRK_A997FC00E0CF|TRK_8C037A0ADC54|TRK_EEB1DE456EE4|TRK_BCC966E673C0,30750.0,156920.0,98710.0,True,True,False,False,"{""circular_bonus"": -1.1, ""distance_km"": 1.0, ""empty_km"": 0.85, ""fuel_inr"": 0.01, ""risk"": 12.0, ""time_min"": 0.35, ""toll_inr"": 0.01}",CST_48011250D4FB,SCN_BASELINE,g1,False,361,train,20260903,v0.1,hash_bucket
INS_87DF7ACC786D,b8951a7c4062e84d,CVRP,medium,LOC_6B9FA168B682,Firozabad,UP,22,9,TRK_017DA12B162E|TRK_A997FC00E0CF|TRK_8C037A0ADC54|TRK_EEB1DE456EE4|TRK_BCC966E673C0|TRK_B6CE07A71D80|TRK_5564246F7906|TRK_5136065E98CA|TRK_E260AFDFB21B,29400.0,277210.0,242180.0,True,False,False,False,"{""circular_bonus"": -1.1, ""distance_km"": 1.0, ""empty_km"": 0.85, ""fuel_inr"": 0.01, ""risk"": 12.0, ""time_min"": 0.35, ""toll_inr"": 0.01}",CST_48011250D4FB,SCN_BASELINE,g1,False,529,train,20260903,v0.1,hash_bucket
INS_CF472F07130B,73d12ad426f5e3be,VRPTW,medium,LOC_BACB2642B5AD,Kurukshetra,HR,20,7,TRK_017DA12B162E|TRK_A997FC00E0CF|TRK_8C037A0ADC54|TRK_EEB1DE456EE4|TRK_BCC966E673C0|TRK_B6CE07A71D80|TRK_5564246F7906,30530.0,218040.0,160630.0,True,True,False,False,"{""circular_bonus"": -1.1, ""distance_km"": 1.0, ""empty_km"": 0.85, ""fuel_inr"": 0.01, ""risk"": 12.0, ""time_min"": 0.35, ""toll_inr"": 0.01}",CST_48011250D4FB,SCN_BASELINE,g1,False,441,train,20260903,v0.1,hash_bucket
INS_F9B1B4FBFC83,f32a77158ec1de56,PDP,small,LOC_9F3A877025DA,Shahjahanpur,UP,8,4,TRK_C7CC5AE3F376|TRK_A9EA5FA4BDE5|TRK_B2BFC6E326C7|TRK_02F2C021CA5B,7210.0,36070.0,23100.0,True,True,True,True,"{""circular_bonus"": -1.1, ""distance_km"": 1.0, ""empty_km"": 0.85, ""fuel_inr"": 0.01, ""risk"": 12.0, ""time_min"": 0.35, ""toll_inr"": 0.01}",CST_48011250D4FB,SCN_BASELINE,g1,False,81,train,20260903,v0.1,hash_bucket
INS_9849F0FC91F4,76ba28494fa20f68,CIRCULAR_VRP,small,LOC_8E5593D8E476,Rupnagar,PB,11,6,TRK_017DA12B162E|TRK_A997FC00E0CF|TRK_8C037A0ADC54|TRK_EEB1DE456EE4|TRK_BCC966E673C0|TRK_B6CE07A71D80,30590.0,187510.0,147740.0,True,False,False,True,"{""circular_bonus"": -1.1, ""distance_km"": 1.0, ""empty_km"": 0.85, ""fuel_inr"": 0.01, ""risk"": 12.0, ""time_min"": 0.35, ""toll_inr"": 0.01}",CST_48011250D4FB,SCN_BASELINE,g1,False,144,train,20260903,v0.1,hash_bucket
INS_236D251EA91C,f2041eb254bb8df5,CIRCULAR_VRP,small,LOC_61BECDCA1350,Central Delhi,DL,4,3,TRK_0331FB7CD37E|TRK_5116501BE0D5|TRK_05D6F43C6DC3,6010.0,45860.0,39620.0,True,False,False,True,"{""circular_bonus"": -1.1, ""distance_km"": 1.0, ""empty_km"": 0.85, ""fuel_inr"": 0.01, ""risk"": 12.0, ""time_min"": 0.35, ""toll_inr"": 0.01}",CST_48011250D4FB,SCN_BASELINE,g1,False,25,validation,20260903,v0.1,hash_bucket
INS_5BE5F1EF1B6C,a0581290ee491224,VRPTW,small,LOC_CF065FE8EBAB,Gautam Buddha Nagar,UP,14,11,TRK_017DA12B162E|TRK_A997FC00E0CF|TRK_8C037A0ADC54|TRK_EEB1DE456EE4|TRK_BCC966E673C0|TRK_B6CE07A71D80|TRK_5564246F7906|TRK_5136065E98CA|TRK_E260AFDFB21B|TRK_E9C76BCDE1E1|TRK_FB045E9F7F61,28890.0,335050.0,295510.0,True,True,False,False,"{""circular_bonus"": -1.1, ""distance_km"": 1.0, ""empty_km"": 0.85, ""fuel_inr"": 0.01, ""risk"": 12.0, ""time_min"": 0.35, ""toll_inr"": 0.01}",CST_48011250D4FB,SCN_BASELINE,g1,False,225,validation,20260903,v0.1,hash_bucket
INS_40187DA07866,dec5bcc12b096d25,PDP,small,LOC_190E748F376B,Barabanki,UP,11,6,TRK_017DA12B162E|TRK_A997FC00E0CF|TRK_8C037A0ADC54|TRK_EEB1DE456EE4|TRK_BCC966E673C0|TRK_B6CE07A71D80,30590.0,187510.0,140210.0,True,True,True,True,"{""circular_bonus"": -1.1, ""distance_km"": 1.0, ""empty_km"": 0.85, ""fuel_inr"": 0.01, ""risk"": 12.0, ""time_min"": 0.35, ""toll_inr"": 0.01}",CST_48011250D4FB,SCN_BASELINE,g1,False,144,validation,20260903,v0.1,hash_bucket
INS_A86942F2C66A,07bed9b0ea5fb22b,PDP,large,LOC_0F3D188854D6,Amroha,UP,41,11,TRK_017DA12B162E|TRK_A997FC00E0CF|TRK_8C037A0ADC54|TRK_EEB1DE456EE4|TRK_BCC966E673C0|TRK_B6CE07A71D80|TRK_5564246F7906|TRK_5136065E98CA|TRK_E260AFDFB21B|TRK_E9C76BCDE1E1|TRK_FB045E9F7F61,28890.0,335050.0,287750.0,True,False,True,False,"{""circular_bonus"": -1.1, ""distance_km"": 1.0, ""empty_km"": 0.85, ""fuel_inr"": 0.01, ""risk"": 12.0, ""time_min"": 0.35, ""toll_inr"": 0.01}",CST_48011250D4FB,SCN_BASELINE,g1,False,1764,train,20260903,v0.1,hash_bucket
INS_BD19444D198B,4d233b2def0ca29b,CIRCULAR_VRP,small,LOC_CF209A6CE403,Hapur,UP,8,6,TRK_017DA12B162E|TRK_A997FC00E0CF|TRK_8C037A0ADC54|TRK_EEB1DE456EE4|TRK_BCC966E673C0|TRK_B6CE07A71D80,30590.0,187510.0,132475.0,True,True,False,True,"{""circular_bonus"": -1.1, ""distance_km"": 1.0, ""empty_km"": 0.85, ""fuel_inr"": 0.01, ""risk"": 12.0, ""time_min"": 0.35, ""toll_inr"": 0.01}",CST_48011250D4FB,SCN_BASELINE,g1,False,81,train,20260903,v0.1,hash_bucket
INS_242C12094467,22bc601835fbb343,CIRCULAR_VRP,small,LOC_190E748F376B,Barabanki,UP,12,3,TRK_017DA12B162E|TRK_A997FC00E0CF|TRK_8C037A0ADC54,31430.0,94920.0,62845.0,True,True,False,True,"{""circular_bonus"": -1.1, ""distance_km"": 1.0, ""empty_km"": 0.85, ""fuel_inr"": 0.01, ""risk"": 12.0, ""time_min"": 0.35, ""toll_inr"": 0.01}",CST_48011250D4FB,SCN_BASELINE,g1,False,169,train,20260903,v0.1,hash_bucket
INS_0D328DFFF235,540b0755c0b0bf4a,CVRP,small,LOC_6042150B38E7,Rohtak,HR,9,7,TRK_017DA12B162E|TRK_A997FC00E0CF|TRK_8C037A0ADC54|TRK_EEB1DE456EE4|TRK_BCC966E673C0|TRK_B6CE07A71D80|TRK_5564246F7906,30530.0,218040.0,159835.0,True,False,False,False,"{""circular_bonus"": -1.1, ""distance_km"": 1.0, ""empty_km"": 0.85, ""fuel_inr"": 0.01, ""risk"": 12.0, ""time_min"": 0.35, ""toll_inr"": 0.01}",CST_48011250D4FB,SCN_BASELINE,g1,False,100,train,20260903,v0.1,hash_bucket
INS_0669DD26DD7D,680d15fb882eaa12,PDP,small,LOC_F20DB0F2A327,Gurugram,HR,12,8,TRK_017DA12B162E|TRK_A997FC00E0CF|TRK_8C037A0ADC54|TRK_EEB1DE456EE4|TRK_BCC966E673C0|TRK_B6CE07A71D80|TRK_5564246F7906|TRK_5136065E98CA,29770.0,247810.0,197900.0,True,False,True,False,"{""circular_bonus"": -1.1, ""distance_km"": 1.0, ""empty_km"": 0.85, ""fuel_inr"": 0.01, ""risk"": 12.0, ""time_min"": 0.35, ""toll_inr"": 0.01}",CST_48011250D4FB,SCN_BASELINE,g1,False,169,train,20260903,v0.1,hash_bucket
INS_66B478F907BD,0771120cfd566785,VRPTW,large,LOC_EC1D3E4138DF,Amritsar,PB,56,25,TRK_017DA12B162E|TRK_A997FC00E0CF|TRK_8C037A0ADC54|TRK_EEB1DE456EE4|TRK_BCC966E673C0|TRK_B6CE07A71D80|TRK_5564246F7906|TRK_5136065E98CA|TRK_E260AFDFB21B|TRK_E9C76BCDE1E1|TRK_FB045E9F7F61|TRK_B7FB75BB3E0A|TRK_4A05F6B9B509|TRK_1C8C798F44C5|TRK_8DC7FD5FF93A|TRK_7A91F5198B53|TRK_BEE1B756CA92|TRK_0331FB7CD37E|TRK_EEA8DB00B33D|TRK_3A519CFB8F0F|TRK_8C842CC0A407|TRK_1A09343A6FAC|TRK_3F175C42FEAA|TRK_2EC9632BD23F|TRK_EA0BF86B0239,24700.0,708400.0,934350.0,False,True,False,False,"{""circular_bonus"": -1.1, ""distance_km"": 1.0, ""empty_km"": 0.85, ""fuel_inr"": 0.01, ""risk"": 12.0, ""time_min"": 0.35, ""toll_inr"": 0.01}",CST_48011250D4FB,SCN_BASELINE,g1,False,3249,train,20260903,v0.1,hash_bucket
INS_B1E349671ED1,38d38f5708bf4652,VRPTW,medium,LOC_E96863625035,Shahdara,DL,8,9,TRK_017DA12B162E|TRK_A997FC00E0CF|TRK_8C037A0ADC54|TRK_EEB1DE456EE4|TRK_BCC966E673C0|TRK_B6CE07A71D80|TRK_5564246F7906|TRK_5136065E98CA|TRK_E260AFDFB21B,29400.0,277210.0,240000.0,True,True,False,False,"{""circular_bonus"": -1.1, ""distance_km"": 1.0, ""empty_km"": 0.85, ""fuel_inr"": 0.01, ""risk"": 12.0, ""time_min"": 0.35, ""toll_inr"": 0.01}",CST_48011250D4FB,SCN_BASELINE,g1,False,81,validation,20260903,v0.1,hash_bucket
INS_C7D67F784C43,deac288825ee2047,CIRCULAR_VRP,medium,LOC_0B27B307A77E,Panipat,HR,26,10,TRK_017DA12B162E|TRK_A997FC00E0CF|TRK_8C037A0ADC54|TRK_EEB1DE456EE4|TRK_BCC966E673C0|TRK_B6CE07A71D80|TRK_5564246F7906|TRK_5136065E98CA|TRK_E260AFDFB21B|TRK_E9C76BCDE1E1,28950.0,306160.0,257800.0,True,True,False,True,"{""circular_bonus"": -1.1, ""distance_km"": 1.0, ""empty_km"": 0.85, ""fuel_inr"": 0.01, ""risk"": 12.0, ""time_min"": 0.35, ""toll_inr"": 0.01}",CST_48011250D4FB,SCN_BASELINE,g1,False,729,train,20260903,v0.1,hash_bucket
INS_B3A17B7CF454,18054272f45e8dc1,VRPTW,small,LOC_2E423964E639,Agra,UP,11,6,TRK_017DA12B162E|TRK_A997FC00E0CF|TRK_8C037A0ADC54|TRK_EEB1DE456EE4|TRK_BCC966E673C0|TRK_B6CE07A71D80,30590.0,187510.0,140060.0,True,True,False,False,"{""circular_bonus"": -1.1, ""distance_km"": 1.0, ""empty_km"": 0.85, ""fuel_inr"": 0.01, ""risk"": 12.0, ""time_min"": 0.35, ""toll_inr"": 0.01}",CST_48011250D4FB,SCN_BASELINE,g1,False,144,validation,20260903,v0.1,hash_bucket
INS_DD6B62A932B7,a142922825d4e06f,CIRCULAR_VRP,medium,LOC_5AA457C919DB,Ludhiana,PB,23,7,TRK_017DA12B162E|TRK_A997FC00E0CF|TRK_8C037A0ADC54|TRK_EEB1DE456EE4|TRK_BCC966E673C0|TRK_B6CE07A71D80|TRK_5564246F7906,30530.0,218040.0,185310.0,True,True,False,True,"{""circular_bonus"": -1.1, ""distance_km"": 1.0, ""empty_km"": 0.85, ""fuel_inr"": 0.01, ""risk"": 12.0, ""time_min"": 0.35, ""toll_inr"": 0.01}",CST_48011250D4FB,SCN_BASELINE,g1,False,576,test,20260903,v0.1,hash_bucket
INS_53B2979BC010,132ab7362ff00beb,PDP,medium,LOC_B56ABDBA32E2,Aligarh,UP,30,15,TRK_017DA12B162E|TRK_A997FC00E0CF|TRK_8C037A0ADC54|TRK_EEB1DE456EE4|TRK_BCC966E673C0|TRK_B6CE07A71D80|TRK_5564246F7906|TRK_5136065E98CA|TRK_E260AFDFB21B|TRK_E9C76BCDE1E1|TRK_FB045E9F7F61|TRK_B7FB75BB3E0A|TRK_4A05F6B9B509|TRK_1C8C798F44C5|TRK_8DC7FD5FF93A,27710.0,448170.0,412235.0,True,True,True,True,"{""circular_bonus"": -1.1, ""distance_km"": 1.0, ""empty_km"": 0.85, ""fuel_inr"": 0.01, ""risk"": 12.0, ""time_min"": 0.35, ""toll_inr"": 0.01}",CST_48011250D4FB,SCN_BASELINE,g1,False,961,test,20260903,v0.1,hash_bucket
INS_0B9C27B6C241,284d2e0ef31acbd7,VRPTW,medium,LOC_91BA4A3395D5,Sirsa,HR,29,7,TRK_017DA12B162E|TRK_A997FC00E0CF|TRK_8C037A0ADC54|TRK_EEB1DE456EE4|TRK_BCC966E673C0|TRK_B6CE07A71D80|TRK_5564246F7906,30530.0,218040.0,173160.0,True,True,False,False,"{""circular_bonus"": -1.1, ""distance_km"": 1.0, ""empty_km"": 0.85, ""fuel_inr"": 0.01, ""risk"": 12.0, ""time_min"": 0.35, ""toll_inr"": 0.01}",CST_48011250D4FB,SCN_BASELINE,g1,False,900,train,20260903,v0.1,hash_bucket
INS_419C05A51DAB,c8c122de09662235,PDP,small,LOC_B39E76DCD93F,Nuh,HR,10,4,TRK_017DA12B162E|TRK_A997FC00E0CF|TRK_8C037A0ADC54|TRK_EEB1DE456EE4,31250.0,126170.0,88560.0,True,False,True,False,"{""circular_bonus"": -1.1, ""distance_km"": 1.0, ""empty_km"": 0.85, ""fuel_inr"": 0.01, ""risk"": 12.0, ""time_min"": 0.35, ""toll_inr"": 0.01}",CST_48011250D4FB,SCN_BASELINE,g1,False,121,train,20260903,v0.1,hash_bucket
INS_8D4DACD1EA7D,40ba99ad10b82d59,CVRP,large,LOC_1FB47BF8FFEB,Bulandshahr,UP,49,15,TRK_017DA12B162E|TRK_A997FC00E0CF|TRK_8C037A0ADC54|TRK_EEB1DE456EE4|TRK_BCC966E673C0|TRK_B6CE07A71D80|TRK_5564246F7906|TRK_5136065E98CA|TRK_E260AFDFB21B|TRK_E9C76BCDE1E1|TRK_FB045E9F7F61|TRK_B7FB75BB3E0A|TRK_4A05F6B9B509|TRK_1C8C798F44C5|TRK_8DC7FD5FF93A,27710.0,448170.0,396240.0,True,False,False,False,"{""circular_bonus"": -1.1, ""distance_km"": 1.0, ""empty_km"": 0.85, ""fuel_inr"": 0.01, ""risk"": 12.0, ""time_min"": 0.35, ""toll_inr"": 0.01}",CST_48011250D4FB,SCN_BASELINE,g1,False,2500,test,20260903,v0.1,holdout_district
INS_40C262B04AEE,df25d0b8619b116f,PDP,small,LOC_B890897F9CCC,Kapurthala,PB,11,8,TRK_017DA12B162E|TRK_A997FC00E0CF|TRK_8C037A0ADC54|TRK_EEB1DE456EE4|TRK_BCC966E673C0|TRK_B6CE07A71D80|TRK_5564246F7906|TRK_5136065E98CA,29770.0,247810.0,212745.0,True,False,True,True,"{""circular_bonus"": -1.1, ""distance_km"": 1.0, ""empty_km"": 0.85, ""fuel_inr"": 0.01, ""risk"": 12.0, ""time_min"": 0.35, ""toll_inr"": 0.01}",CST_48011250D4FB,SCN_BASELINE,g1,False,144,train,20260903,v0.1,hash_bucket
INS_55A328596D02,8309de43a0a36995,CIRCULAR_VRP,medium,LOC_E7B504BE8FE9,Patiala,PB,25,10,TRK_017DA12B162E|TRK_A997FC00E0CF|TRK_8C037A0ADC54|TRK_EEB1DE456EE4|TRK_BCC966E673C0|TRK_B6CE07A71D80|TRK_5564246F7906|TRK_5136065E98CA|TRK_E260AFDFB21B|TRK_E9C76BCDE1E1,28950.0,306160.0,276550.0,True,True,False,True,"{""circular_bonus"": -1.1, ""distance_km"": 1.0, ""empty_km"": 0.85, ""fuel_inr"": 0.01, ""risk"": 12.0, ""time_min"": 0.35, ""toll_inr"": 0.01}",CST_48011250D4FB,SCN_BASELINE,g1,False,676,test,20260903,v0.1,hash_bucket
INS_1C2796956D2B,ff35b9fb3ee984a9,VRPTW,small,LOC_B0D713DFA81B,Ferozepur,PB,9,6,TRK_017DA12B162E|TRK_A997FC00E0CF|TRK_8C037A0ADC54|TRK_EEB1DE456EE4|TRK_BCC966E673C0|TRK_B6CE07A71D80,30590.0,187510.0,127220.0,True,True,False,False,"{""circular_bonus"": -1.1, ""distance_km"": 1.0, ""empty_km"": 0.85, ""fuel_inr"": 0.01, ""risk"": 12.0, ""time_min"": 0.35, ""toll_inr"": 0.01}",CST_48011250D4FB,SCN_BASELINE,g1,False,100,train,20260903,v0.1,hash_bucket
INS_CAE09234FF44,39f1a3bc2c2da6fb,PDP,small,LOC_EBC017604691,Mathura,UP,8,3,TRK_017DA12B162E|TRK_A997FC00E0CF|TRK_8C037A0ADC54,31430.0,94920.0,39320.0,True,False,True,False,"{""circular_bonus"": -1.1, ""distance_km"": 1.0, ""empty_km"": 0.85, ""fuel_inr"": 0.01, ""risk"": 12.0, ""time_min"": 0.35, ""toll_inr"": 0.01}",CST_48011250D4FB,SCN_BASELINE,g1,False,81,train,20260903,v0.1,hash_bucket
INS_F7763B4A9D30,e73e51d82731cded,PDP,medium,LOC_443EF0FB4E8C,Etawah,UP,20,4,TRK_017DA12B162E|TRK_A997FC00E0CF|TRK_8C037A0ADC54|TRK_EEB1DE456EE4,31250.0,126170.0,76430.0,True,False,True,True,"{""circular_bonus"": -1.1, ""distance_km"": 1.0, ""empty_km"": 0.85, ""fuel_inr"": 0.01, ""risk"": 12.0, ""time_min"": 0.35, ""toll_inr"": 0.01}",CST_48011250D4FB,SCN_BASELINE,g1,False,441,train,20260903,v0.1,hash_bucket
INS_2EC671024B60,6e2cb9d331543a1d,CVRP,small,LOC_EBC017604691,Mathura,UP,10,3,TRK_017DA12B162E|TRK_A997FC00E0CF|TRK_8C037A0ADC54,31430.0,94920.0,53720.0,True,False,False,False,"{""circular_bonus"": -1.1, ""distance_km"": 1.0, ""empty_km"": 0.85, ""fuel_inr"": 0.01, ""risk"": 12.0, ""time_min"": 0.35, ""toll_inr"": 0.01}",CST_48011250D4FB,SCN_BASELINE,g1,False,121,train,20260903,v0.1,hash_bucket
INS_25B86FFFF502,8628a52cfc0f74bb,CVRP,large,LOC_0D7AAF851D69,Tarn Taran,PB,58,14,TRK_017DA12B162E|TRK_A997FC00E0CF|TRK_8C037A0ADC54|TRK_EEB1DE456EE4|TRK_BCC966E673C0|TRK_B6CE07A71D80|TRK_5564246F7906|TRK_5136065E98CA|TRK_E260AFDFB21B|TRK_E9C76BCDE1E1|TRK_FB045E9F7F61|TRK_B7FB75BB3E0A|TRK_4A05F6B9B509|TRK_1C8C798F44C5,27990.0,420460.0,379720.0,True,False,False,False,"{""circular_bonus"": -1.1, ""distance_km"": 1.0, ""empty_km"": 0.85, ""fuel_inr"": 0.01, ""risk"": 12.0, ""time_min"": 0.35, ""toll_inr"": 0.01}",CST_48011250D4FB,SCN_BASELINE,g1,False,3481,train,20260903,v0.1,hash_bucket
INS_7A28153817CC,131179db62f3a38f,VRPTW,medium,LOC_F20DB0F2A327,Gurugram,HR,27,13,TRK_017DA12B162E|TRK_A997FC00E0CF|TRK_8C037A0ADC54|TRK_EEB1DE456EE4|TRK_BCC966E673C0|TRK_B6CE07A71D80|TRK_5564246F7906|TRK_5136065E98CA|TRK_E260AFDFB21B|TRK_E9C76BCDE1E1|TRK_FB045E9F7F61|TRK_B7FB75BB3E0A|TRK_4A05F6B9B509,28580.0,392470.0,351730.0,True,True,False,False,"{""circular_bonus"": -1.1, ""distance_km"": 1.0, ""empty_km"": 0.85, ""fuel_inr"": 0.01, ""risk"": 12.0, ""time_min"": 0.35, ""toll_inr"": 0.01}",CST_48011250D4FB,SCN_BASELINE,g1,False,784,train,20260903,v0.1,hash_bucket
INS_A9086DAEA9BE,9179ccdca90234bb,CVRP,medium,LOC_7CE3D43FF63F,Ambala,HR,30,5,TRK_017DA12B162E|TRK_A997FC00E0CF|TRK_8C037A0ADC54|TRK_EEB1DE456EE4|TRK_BCC966E673C0,30750.0,156920.0,121180.0,True,False,False,False,"{""circular_bonus"": -1.1, ""distance_km"": 1.0, ""empty_km"": 0.85, ""fuel_inr"": 0.01, ""risk"": 12.0, ""time_min"": 0.35, ""toll_inr"": 0.01}",CST_48011250D4FB,SCN_BASELINE,g1,False,961,train,20260903,v0.1,hash_bucket
INS_ABA7F189344E,627d5c344098d67a,CIRCULAR_VRP,large,LOC_2ECE587EC515,Hardoi,UP,57,18,TRK_017DA12B162E|TRK_A997FC00E0CF|TRK_8C037A0ADC54|TRK_EEB1DE456EE4|TRK_BCC966E673C0|TRK_B6CE07A71D80|TRK_5564246F7906|TRK_5136065E98CA|TRK_E260AFDFB21B|TRK_E9C76BCDE1E1|TRK_FB045E9F7F61|TRK_B7FB75BB3E0A|TRK_4A05F6B9B509|TRK_1C8C798F44C5|TRK_8DC7FD5FF93A|TRK_7A91F5198B53|TRK_BEE1B756CA92|TRK_0331FB7CD37E,26610.0,529120.0,481180.0,True,False,False,True,"{""circular_bonus"": -1.1, ""distance_km"": 1.0, ""empty_km"": 0.85, ""fuel_inr"": 0.01, ""risk"": 12.0, ""time_min"": 0.35, ""toll_inr"": 0.01}",CST_48011250D4FB,SCN_BASELINE,g1,False,3364,train,20260903,v0.1,hash_bucket
INS_F6EBFB3734B2,9dcd76d4f278a231,PDP,small,LOC_5D316714188F,Faridabad,HR,14,8,TRK_017DA12B162E|TRK_A997FC00E0CF|TRK_8C037A0ADC54|TRK_EEB1DE456EE4|TRK_BCC966E673C0|TRK_B6CE07A71D80|TRK_5564246F7906|TRK_5136065E98CA,29770.0,247810.0,217140.0,True,False,True,True,"{""circular_bonus"": -1.1, ""distance_km"": 1.0, ""empty_km"": 0.85, ""fuel_inr"": 0.01, ""risk"": 12.0, ""time_min"": 0.35, ""toll_inr"": 0.01}",CST_48011250D4FB,SCN_BASELINE,g1,False,225,train,20260903,v0.1,hash_bucket
INS_B67E51068B88,bd47f7f3044508cf,CVRP,small,LOC_8F3BDE96C1C3,Rampur,UP,14,3,TRK_017DA12B162E|TRK_A997FC00E0CF|TRK_8C037A0ADC54,31430.0,94920.0,54860.0,True,False,False,False,"{""circular_bonus"": -1.1, ""distance_km"": 1.0, ""empty_km"": 0.85, ""fuel_inr"": 0.01, ""risk"": 12.0, ""time_min"": 0.35, ""toll_inr"": 0.01}",CST_48011250D4FB,SCN_BASELINE,g1,False,225,train,20260903,v0.1,hash_bucket
INS_08AA0A1DB392,f6c4f7665ea18f8f,CVRP,medium,LOC_5AA457C919DB,Ludhiana,PB,24,12,TRK_017DA12B162E|TRK_A997FC00E0CF|TRK_8C037A0ADC54|TRK_EEB1DE456EE4|TRK_BCC966E673C0|TRK_B6CE07A71D80|TRK_5564246F7906|TRK_5136065E98CA|TRK_E260AFDFB21B|TRK_E9C76BCDE1E1|TRK_FB045E9F7F61|TRK_B7FB75BB3E0A,28840.0,363890.0,307240.0,True,False,False,False,"{""circular_bonus"": -1.1, ""distance_km"": 1.0, ""empty_km"": 0.85, ""fuel_inr"": 0.01, ""risk"": 12.0, ""time_min"": 0.35, ""toll_inr"": 0.01}",CST_48011250D4FB,SCN_BASELINE,g1,False,625,train,20260903,v0.1,hash_bucket
INS_3E906A4333A1,0a9ea01eea189066,VRPTW,small,LOC_E7B504BE8FE9,Patiala,PB,12,4,TRK_017DA12B162E|TRK_A997FC00E0CF|TRK_8C037A0ADC54|TRK_EEB1DE456EE4,31250.0,126170.0,79340.0,True,True,False,False,"{""circular_bonus"": -1.1, ""distance_km"": 1.0, ""empty_km"": 0.85, ""fuel_inr"": 0.01, ""risk"": 12.0, ""time_min"": 0.35, ""toll_inr"": 0.01}",CST_48011250D4FB,SCN_BASELINE,g1,False,169,train,20260903,v0.1,hash_bucket
INS_534124B8FFA7,7a2c6e16f77a64ce,PDP,medium,LOC_BC48412E6B15,Sambhal,UP,21,7,TRK_017DA12B162E|TRK_A997FC00E0CF|TRK_8C037A0ADC54|TRK_EEB1DE456EE4|TRK_BCC966E673C0|TRK_B6CE07A71D80|TRK_5564246F7906,30530.0,218040.0,184560.0,True,False,True,True,"{""circular_bonus"": -1.1, ""distance_km"": 1.0, ""empty_km"": 0.85, ""fuel_inr"": 0.01, ""risk"": 12.0, ""time_min"": 0.35, ""toll_inr"": 0.01}",CST_48011250D4FB,SCN_BASELINE,g1,False,484,train,20260903,v0.1,hash_bucket
INS_1F3E481065C6,e978b054fce5d8aa,CIRCULAR_VRP,medium,LOC_9F3A877025DA,Shahjahanpur,UP,19,4,TRK_017DA12B162E|TRK_A997FC00E0CF|TRK_8C037A0ADC54|TRK_EEB1DE456EE4,31250.0,126170.0,64450.0,True,False,False,True,"{""circular_bonus"": -1.1, ""distance_km"": 1.0, ""empty_km"": 0.85, ""fuel_inr"": 0.01, ""risk"": 12.0, ""time_min"": 0.35, ""toll_inr"": 0.01}",CST_48011250D4FB,SCN_BASELINE,g1,False,400,validation,20260903,v0.1,hash_bucket
INS_4E7DD6EBD120,a7084372761ec9e4,VRPTW,medium,LOC_841795218E67,Ghaziabad,UP,19,10,TRK_017DA12B162E|TRK_A997FC00E0CF|TRK_8C037A0ADC54|TRK_EEB1DE456EE4|TRK_BCC966E673C0|TRK_B6CE07A71D80|TRK_5564246F7906|TRK_5136065E98CA|TRK_E260AFDFB21B|TRK_E9C76BCDE1E1,28950.0,306160.0,258860.0,True,True,False,False,"{""circular_bonus"": -1.1, ""distance_km"": 1.0, ""empty_km"": 0.85, ""fuel_inr"": 0.01, ""risk"": 12.0, ""time_min"": 0.35, ""toll_inr"": 0.01}",CST_48011250D4FB,SCN_BASELINE,g1,False,400,test,20260903,v0.1,hash_bucket
INS_B609B41B141F,b0934e43cb6d86df,PDP,medium,LOC_B56ABDBA32E2,Aligarh,UP,28,10,TRK_017DA12B162E|TRK_A997FC00E0CF|TRK_8C037A0ADC54|TRK_EEB1DE456EE4|TRK_BCC966E673C0|TRK_B6CE07A71D80|TRK_5564246F7906|TRK_5136065E98CA|TRK_E260AFDFB21B|TRK_E9C76BCDE1E1,28950.0,306160.0,254295.0,True,True,True,False,"{""circular_bonus"": -1.1, ""distance_km"": 1.0, ""empty_km"": 0.85, ""fuel_inr"": 0.01, ""risk"": 12.0, ""time_min"": 0.35, ""toll_inr"": 0.01}",CST_48011250D4FB,SCN_BASELINE,g1,False,841,train,20260903,v0.1,hash_bucket
INS_5AE89A6989DE,c61e326eb2de210a,CIRCULAR_VRP,small,LOC_5775AEDC7A87,Kanpur Nagar,UP,8,7,TRK_8B0A48041C1C|TRK_4F95BDB0BA5A|TRK_CBC644EAB81E|TRK_A2930A44E92E|TRK_8F17F47DF021|TRK_7E9A026D4494|TRK_2913902A2DEE,6500.0,74660.0,63810.0,True,False,False,True,"{""circular_bonus"": -1.1, ""distance_km"": 1.0, ""empty_km"": 0.85, ""fuel_inr"": 0.01, ""risk"": 12.0, ""time_min"": 0.35, ""toll_inr"": 0.01}",CST_48011250D4FB,SCN_BASELINE,g1,False,81,validation,20260903,v0.1,hash_bucket
INS_5681459C682C,f857e4ef5e402ac9,CVRP,medium,LOC_EC1D3E4138DF,Amritsar,PB,16,9,TRK_017DA12B162E|TRK_A997FC00E0CF|TRK_8C037A0ADC54|TRK_EEB1DE456EE4|TRK_BCC966E673C0|TRK_B6CE07A71D80|TRK_5564246F7906|TRK_5136065E98CA|TRK_E260AFDFB21B,29400.0,277210.0,239340.0,True,False,False,False,"{""circular_bonus"": -1.1, ""distance_km"": 1.0, ""empty_km"": 0.85, ""fuel_inr"": 0.01, ""risk"": 12.0, ""time_min"": 0.35, ""toll_inr"": 0.01}",CST_48011250D4FB,SCN_BASELINE,g1,False,289,train,20260903,v0.1,hash_bucket
INS_7B4D9FF20BF5,f4519f0195847bc3,PDP,medium,LOC_5AA457C919DB,Ludhiana,PB,20,6,TRK_017DA12B162E|TRK_A997FC00E0CF|TRK_8C037A0ADC54|TRK_EEB1DE456EE4|TRK_BCC966E673C0|TRK_B6CE07A71D80,30590.0,187510.0,144790.0,True,False,True,True,"{""circular_bonus"": -1.1, ""distance_km"": 1.0, ""empty_km"": 0.85, ""fuel_inr"": 0.01, ""risk"": 12.0, ""time_min"": 0.35, ""toll_inr"": 0.01}",CST_48011250D4FB,SCN_BASELINE,g1,False,441,validation,20260903,v0.1,hash_bucket
INS_38BD61B93A3A,aed13acd0c1f7a30,PDP,small,LOC_E7B504BE8FE9,Patiala,PB,13,8,TRK_017DA12B162E|TRK_A997FC00E0CF|TRK_8C037A0ADC54|TRK_EEB1DE456EE4|TRK_BCC966E673C0|TRK_B6CE07A71D80|TRK_5564246F7906|TRK_5136065E98CA,29770.0,247810.0,199330.0,True,False,True,True,"{""circular_bonus"": -1.1, ""distance_km"": 1.0, ""empty_km"": 0.85, ""fuel_inr"": 0.01, ""risk"": 12.0, ""time_min"": 0.35, ""toll_inr"": 0.01}",CST_48011250D4FB,SCN_BASELINE,g1,False,196,test,20260903,v0.1,hash_bucket
INS_39767B84EAF7,25979818c7960f3f,CVRP,medium,LOC_443EF0FB4E8C,Etawah,UP,20,6,TRK_017DA12B162E|TRK_A997FC00E0CF|TRK_8C037A0ADC54|TRK_EEB1DE456EE4|TRK_BCC966E673C0|TRK_B6CE07A71D80,30590.0,187510.0,151375.0,True,False,False,False,"{""circular_bonus"": -1.1, ""distance_km"": 1.0, ""empty_km"": 0.85, ""fuel_inr"": 0.01, ""risk"": 12.0, ""time_min"": 0.35, ""toll_inr"": 0.01}",CST_48011250D4FB,SCN_BASELINE,g1,False,441,train,20260903,v0.1,hash_bucket
INS_89483F44115C,8306a763f3a3824a,CIRCULAR_VRP,large,LOC_8E5593D8E476,Rupnagar,PB,42,17,TRK_017DA12B162E|TRK_A997FC00E0CF|TRK_8C037A0ADC54|TRK_EEB1DE456EE4|TRK_BCC966E673C0|TRK_B6CE07A71D80|TRK_5564246F7906|TRK_5136065E98CA|TRK_E260AFDFB21B|TRK_E9C76BCDE1E1|TRK_FB045E9F7F61|TRK_B7FB75BB3E0A|TRK_4A05F6B9B509|TRK_1C8C798F44C5|TRK_8DC7FD5FF93A|TRK_7A91F5198B53|TRK_BEE1B756CA92,27170.0,502510.0,455575.0,True,False,False,True,"{""circular_bonus"": -1.1, ""distance_km"": 1.0, ""empty_km"": 0.85, ""fuel_inr"": 0.01, ""risk"": 12.0, ""time_min"": 0.35, ""toll_inr"": 0.01}",CST_48011250D4FB,SCN_BASELINE,g1,False,1849,train,20260903,v0.1,hash_bucket
INS_A8787D8D5AD8,88005697eb0f73ef,CVRP,small,LOC_4E618897659A,Hathras,UP,11,7,TRK_017DA12B162E|TRK_A997FC00E0CF|TRK_8C037A0ADC54|TRK_EEB1DE456EE4|TRK_BCC966E673C0|TRK_B6CE07A71D80|TRK_5564246F7906,30530.0,218040.0,171770.0,True,False,False,False,"{""circular_bonus"": -1.1, ""distance_km"": 1.0, ""empty_km"": 0.85, ""fuel_inr"": 0.01, ""risk"": 12.0, ""time_min"": 0.35, ""toll_inr"": 0.01}",CST_48011250D4FB,SCN_BASELINE,g1,False,144,test,20260903,v0.1,hash_bucket
INS_F5744198DF98,775eddf69af17f1d,PDP,large,LOC_AD745A3946E4,Unnao,UP,34,11,TRK_017DA12B162E|TRK_A997FC00E0CF|TRK_8C037A0ADC54|TRK_EEB1DE456EE4|TRK_BCC966E673C0|TRK_B6CE07A71D80|TRK_5564246F7906|TRK_5136065E98CA|TRK_E260AFDFB21B|TRK_E9C76BCDE1E1|TRK_FB045E9F7F61,28890.0,335050.0,282170.0,True,True,True,False,"{""circular_bonus"": -1.1, ""distance_km"": 1.0, ""empty_km"": 0.85, ""fuel_inr"": 0.01, ""risk"": 12.0, ""time_min"": 0.35, ""toll_inr"": 0.01}",CST_48011250D4FB,SCN_BASELINE,g1,False,1225,train,20260903,v0.1,hash_bucket
INS_A1007805691F,c60a8c045bcc7b72,PDP,small,LOC_CF065FE8EBAB,Gautam Buddha Nagar,UP,11,10,TRK_017DA12B162E|TRK_A997FC00E0CF|TRK_8C037A0ADC54|TRK_EEB1DE456EE4|TRK_BCC966E673C0|TRK_B6CE07A71D80|TRK_5564246F7906|TRK_5136065E98CA|TRK_E260AFDFB21B|TRK_E9C76BCDE1E1,28950.0,306160.0,250190.0,True,True,True,False,"{""circular_bonus"": -1.1, ""distance_km"": 1.0, ""empty_km"": 0.85, ""fuel_inr"": 0.01, ""risk"": 12.0, ""time_min"": 0.35, ""toll_inr"": 0.01}",CST_48011250D4FB,SCN_BASELINE,g1,False,144,train,20260903,v0.1,hash_bucket
INS_1F7822F3CE6F,eb667ed52e61eae7,VRPTW,small,LOC_FEFD9351973D,Bathinda,PB,9,6,TRK_340016F2B945|TRK_0C5E1B5422FA|TRK_B7BA04A0793B|TRK_3AAFDA8C31B2|TRK_2C29A4F9D289|TRK_7C939A3C75A8,10860.0,89860.0,73220.0,True,True,False,False,"{""circular_bonus"": -1.1, ""distance_km"": 1.0, ""empty_km"": 0.85, ""fuel_inr"": 0.01, ""risk"": 12.0, ""time_min"": 0.35, ""toll_inr"": 0.01}",CST_48011250D4FB,SCN_BASELINE,g1,False,100,test,20260903,v0.1,holdout_district
INS_D75D4D250D6C,6976f1e25284f819,PDP,small,LOC_5775AEDC7A87,Kanpur Nagar,UP,8,9,TRK_8B0A48041C1C|TRK_4F95BDB0BA5A|TRK_CBC644EAB81E|TRK_A2930A44E92E|TRK_8F17F47DF021|TRK_7E9A026D4494|TRK_2913902A2DEE|TRK_4F6C0189023F|TRK_1529727AD926,3770.0,84850.0,80460.0,True,False,True,True,"{""circular_bonus"": -1.1, ""distance_km"": 1.0, ""empty_km"": 0.85, ""fuel_inr"": 0.01, ""risk"": 12.0, ""time_min"": 0.35, ""toll_inr"": 0.01}",CST_48011250D4FB,SCN_BASELINE,g1,False,81,train,20260903,v0.1,hash_bucket
INS_D5D8C75FDC0A,6afb1a8cd39de9fc,CVRP,medium,LOC_F20DB0F2A327,Gurugram,HR,17,8,TRK_017DA12B162E|TRK_A997FC00E0CF|TRK_8C037A0ADC54|TRK_EEB1DE456EE4|TRK_BCC966E673C0|TRK_B6CE07A71D80|TRK_5564246F7906|TRK_5136065E98CA,29770.0,247810.0,189800.0,True,False,False,False,"{""circular_bonus"": -1.1, ""distance_km"": 1.0, ""empty_km"": 0.85, ""fuel_inr"": 0.01, ""risk"": 12.0, ""time_min"": 0.35, ""toll_inr"": 0.01}",CST_48011250D4FB,SCN_BASELINE,g1,False,324,train,20260903,v0.1,hash_bucket
INS_F323D6AE3361,8abce6b3804ef3e8,PDP,small,LOC_FEFD9351973D,Bathinda,PB,12,5,TRK_340016F2B945|TRK_0C5E1B5422FA|TRK_B7BA04A0793B|TRK_3AAFDA8C31B2|TRK_2C29A4F9D289,10980.0,79000.0,62180.0,True,True,True,False,"{""circular_bonus"": -1.1, ""distance_km"": 1.0, ""empty_km"": 0.85, ""fuel_inr"": 0.01, ""risk"": 12.0, ""time_min"": 0.35, ""toll_inr"": 0.01}",CST_48011250D4FB,SCN_BASELINE,g1,False,169,test,20260903,v0.1,holdout_district
INS_5B6ED185CB0A,e78fcf9aef00c839,PDP,small,LOC_5775AEDC7A87,Kanpur Nagar,UP,9,6,TRK_017DA12B162E|TRK_A997FC00E0CF|TRK_8C037A0ADC54|TRK_EEB1DE456EE4|TRK_BCC966E673C0|TRK_B6CE07A71D80,30590.0,187510.0,128000.0,True,True,True,False,"{""circular_bonus"": -1.1, ""distance_km"": 1.0, ""empty_km"": 0.85, ""fuel_inr"": 0.01, ""risk"": 12.0, ""time_min"": 0.35, ""toll_inr"": 0.01}",CST_48011250D4FB,SCN_BASELINE,g1,False,100,train,20260903,v0.1,hash_bucket
INS_BE4F0354A7CE,32ee8a2bf8df1ac4,PDP,medium,LOC_FEFD9351973D,Bathinda,PB,25,14,TRK_017DA12B162E|TRK_A997FC00E0CF|TRK_8C037A0ADC54|TRK_EEB1DE456EE4|TRK_BCC966E673C0|TRK_B6CE07A71D80|TRK_5564246F7906|TRK_5136065E98CA|TRK_E260AFDFB21B|TRK_E9C76BCDE1E1|TRK_FB045E9F7F61|TRK_B7FB75BB3E0A|TRK_4A05F6B9B509|TRK_1C8C798F44C5,27990.0,420460.0,372860.0,True,True,True,True,"{""circular_bonus"": -1.1, ""distance_km"": 1.0, ""empty_km"": 0.85, ""fuel_inr"": 0.01, ""risk"": 12.0, ""time_min"": 0.35, ""toll_inr"": 0.01}",CST_48011250D4FB,SCN_BASELINE,g1,False,676,test,20260903,v0.1,holdout_district
INS_F2CDF02B5D9F,c26da1b74b974c0e,VRPTW,small,LOC_2275B2D35F85,Palwal,HR,13,5,TRK_017DA12B162E|TRK_A997FC00E0CF|TRK_8C037A0ADC54|TRK_EEB1DE456EE4|TRK_BCC966E673C0,30750.0,156920.0,98710.0,True,True,False,False,"{""circular_bonus"": -1.1, ""distance_km"": 1.0, ""empty_km"": 0.85, ""fuel_inr"": 0.01, ""risk"": 12.0, ""time_min"": 0.35, ""toll_inr"": 0.01}",CST_48011250D4FB,SCN_BASELINE,g1,False,196,train,20260903,v0.1,hash_bucket
INS_932B72D15379,74985b9608aba3d6,CVRP,small,LOC_F86E62177015,Muzaffarnagar,UP,10,4,TRK_017DA12B162E|TRK_A997FC00E0CF|TRK_8C037A0ADC54|TRK_EEB1DE456EE4,31250.0,126170.0,90340.0,True,False,False,False,"{""circular_bonus"": -1.1, ""distance_km"": 1.0, ""empty_km"": 0.85, ""fuel_inr"": 0.01, ""risk"": 12.0, ""time_min"": 0.35, ""toll_inr"": 0.01}",CST_48011250D4FB,SCN_BASELINE,g1,False,121,test,20260903,v0.1,hash_bucket
INS_F0A0F562AE96,5059cb4d71ae3dd1,CVRP,large,LOC_45C74FBD7B6F,Mansa,PB,38,11,TRK_017DA12B162E|TRK_A997FC00E0CF|TRK_8C037A0ADC54|TRK_EEB1DE456EE4|TRK_BCC966E673C0|TRK_B6CE07A71D80|TRK_5564246F7906|TRK_5136065E98CA|TRK_E260AFDFB21B|TRK_E9C76BCDE1E1|TRK_FB045E9F7F61,28890.0,335050.0,302680.0,True,False,False,False,"{""circular_bonus"": -1.1, ""distance_km"": 1.0, ""empty_km"": 0.85, ""fuel_inr"": 0.01, ""risk"": 12.0, ""time_min"": 0.35, ""toll_inr"": 0.01}",CST_48011250D4FB,SCN_BASELINE,g1,False,1521,train,20260903,v0.1,hash_bucket
INS_CE2B0B02D326,e45ddd683f20e9e2,CIRCULAR_VRP,small,LOC_5AA457C919DB,Ludhiana,PB,11,5,TRK_017DA12B162E|TRK_A997FC00E0CF|TRK_8C037A0ADC54|TRK_EEB1DE456EE4|TRK_BCC966E673C0,30750.0,156920.0,101550.0,True,False,False,True,"{""circular_bonus"": -1.1, ""distance_km"": 1.0, ""empty_km"": 0.85, ""fuel_inr"": 0.01, ""risk"": 12.0, ""time_min"": 0.35, ""toll_inr"": 0.01}",CST_48011250D4FB,SCN_BASELINE,g1,False,144,train,20260903,v0.1,hash_bucket
INS_FD70DDB76941,8689146e9ec23818,CIRCULAR_VRP,medium,LOC_60C46A471111,Pilibhit,UP,24,10,TRK_017DA12B162E|TRK_A997FC00E0CF|TRK_8C037A0ADC54|TRK_EEB1DE456EE4|TRK_BCC966E673C0|TRK_B6CE07A71D80|TRK_5564246F7906|TRK_5136065E98CA|TRK_E260AFDFB21B|TRK_E9C76BCDE1E1,28950.0,306160.0,254250.0,True,True,False,True,"{""circular_bonus"": -1.1, ""distance_km"": 1.0, ""empty_km"": 0.85, ""fuel_inr"": 0.01, ""risk"": 12.0, ""time_min"": 0.35, ""toll_inr"": 0.01}",CST_48011250D4FB,SCN_BASELINE,g1,False,625,train,20260903,v0.1,hash_bucket
INS_6DEA71AD0256,b15b5fbdb7a9784e,PDP,small,LOC_796345940EEC,Budaun,UP,13,5,TRK_017DA12B162E|TRK_A997FC00E0CF|TRK_8C037A0ADC54|TRK_EEB1DE456EE4|TRK_BCC966E673C0,30750.0,156920.0,111535.0,True,False,True,False,"{""circular_bonus"": -1.1, ""distance_km"": 1.0, ""empty_km"": 0.85, ""fuel_inr"": 0.01, ""risk"": 12.0, ""time_min"": 0.35, ""toll_inr"": 0.01}",CST_48011250D4FB,SCN_BASELINE,g1,False,196,test,20260903,v0.1,hash_bucket
INS_F2556A2C079F,da905f42e41540b9,CIRCULAR_VRP,small,LOC_2011BC2FE7BD,Fazilka,PB,10,4,TRK_017DA12B162E|TRK_A997FC00E0CF|TRK_8C037A0ADC54|TRK_EEB1DE456EE4,31250.0,126170.0,91270.0,True,False,False,True,"{""circular_bonus"": -1.1, ""distance_km"": 1.0, ""empty_km"": 0.85, ""fuel_inr"": 0.01, ""risk"": 12.0, ""time_min"": 0.35, ""toll_inr"": 0.01}",CST_48011250D4FB,SCN_BASELINE,g1,False,121,train,20260903,v0.1,hash_bucket
INS_55499C1EC9DD,c07e9907ec5c0451,PDP,small,LOC_2ECE587EC515,Hardoi,UP,14,6,TRK_017DA12B162E|TRK_A997FC00E0CF|TRK_8C037A0ADC54|TRK_EEB1DE456EE4|TRK_BCC966E673C0|TRK_B6CE07A71D80,30590.0,187510.0,139110.0,True,True,True,False,"{""circular_bonus"": -1.1, ""distance_km"": 1.0, ""empty_km"": 0.85, ""fuel_inr"": 0.01, ""risk"": 12.0, ""time_min"": 0.35, ""toll_inr"": 0.01}",CST_48011250D4FB,SCN_BASELINE,g1,False,225,train,20260903,v0.1,hash_bucket
INS_655112C799B0,4e1dcaad56597d8f,CIRCULAR_VRP,small,LOC_C58F1767A842,Barnala,PB,8,4,TRK_017DA12B162E|TRK_A997FC00E0CF|TRK_8C037A0ADC54|TRK_EEB1DE456EE4,31250.0,126170.0,80940.0,True,True,False,True,"{""circular_bonus"": -1.1, ""distance_km"": 1.0, ""empty_km"": 0.85, ""fuel_inr"": 0.01, ""risk"": 12.0, ""time_min"": 0.35, ""toll_inr"": 0.01}",CST_48011250D4FB,SCN_BASELINE,g1,False,81,train,20260903,v0.1,hash_bucket
INS_DD5814107C05,1965304daee7dd3c,CIRCULAR_VRP,small,LOC_C58F1767A842,Barnala,PB,8,3,TRK_017DA12B162E|TRK_A997FC00E0CF|TRK_8C037A0ADC54,31430.0,94920.0,46510.0,True,True,False,True,"{""circular_bonus"": -1.1, ""distance_km"": 1.0, ""empty_km"": 0.85, ""fuel_inr"": 0.01, ""risk"": 12.0, ""time_min"": 0.35, ""toll_inr"": 0.01}",CST_48011250D4FB,SCN_BASELINE,g1,False,81,train,20260903,v0.1,hash_bucket
INS_B44E60CAB17A,30066a1ef08abd2d,CVRP,medium,LOC_9F3A877025DA,Shahjahanpur,UP,26,6,TRK_017DA12B162E|TRK_A997FC00E0CF|TRK_8C037A0ADC54|TRK_EEB1DE456EE4|TRK_BCC966E673C0|TRK_B6CE07A71D80,30590.0,187510.0,127900.0,True,False,False,False,"{""circular_bonus"": -1.1, ""distance_km"": 1.0, ""empty_km"": 0.85, ""fuel_inr"": 0.01, ""risk"": 12.0, ""time_min"": 0.35, ""toll_inr"": 0.01}",CST_48011250D4FB,SCN_BASELINE,g1,False,729,test,20260903,v0.1,hash_bucket
INS_DB2C5E159882,5256dd8769949466,VRPTW,medium,LOC_841795218E67,Ghaziabad,UP,19,7,TRK_017DA12B162E|TRK_A997FC00E0CF|TRK_8C037A0ADC54|TRK_EEB1DE456EE4|TRK_BCC966E673C0|TRK_B6CE07A71D80|TRK_5564246F7906,30530.0,218040.0,186210.0,True,True,False,False,"{""circular_bonus"": -1.1, ""distance_km"": 1.0, ""empty_km"": 0.85, ""fuel_inr"": 0.01, ""risk"": 12.0, ""time_min"": 0.35, ""toll_inr"": 0.01}",CST_48011250D4FB,SCN_BASELINE,g1,False,400,train,20260903,v0.1,hash_bucket
INS_61986C5C09D2,24505225cc46c3be,CIRCULAR_VRP,medium,LOC_AFF866260256,Moradabad,UP,27,10,TRK_017DA12B162E|TRK_A997FC00E0CF|TRK_8C037A0ADC54|TRK_EEB1DE456EE4|TRK_BCC966E673C0|TRK_B6CE07A71D80|TRK_5564246F7906|TRK_5136065E98CA|TRK_E260AFDFB21B|TRK_E9C76BCDE1E1,28950.0,306160.0,275160.0,True,True,False,True,"{""circular_bonus"": -1.1, ""distance_km"": 1.0, ""empty_km"": 0.85, ""fuel_inr"": 0.01, ""risk"": 12.0, ""time_min"": 0.35, ""toll_inr"": 0.01}",CST_48011250D4FB,SCN_BASELINE,g1,False,784,train,20260903,v0.1,hash_bucket
INS_6BBFEE648A38,d196608c038239c3,CVRP,small,LOC_BF1D141289ED,Hoshiarpur,PB,14,7,TRK_017DA12B162E|TRK_A997FC00E0CF|TRK_8C037A0ADC54|TRK_EEB1DE456EE4|TRK_BCC966E673C0|TRK_B6CE07A71D80|TRK_5564246F7906,30530.0,218040.0,176390.0,True,False,False,False,"{""circular_bonus"": -1.1, ""distance_km"": 1.0, ""empty_km"": 0.85, ""fuel_inr"": 0.01, ""risk"": 12.0, ""time_min"": 0.35, ""toll_inr"": 0.01}",CST_48011250D4FB,SCN_BASELINE,g1,False,225,train,20260903,v0.1,hash_bucket
INS_B25C3A9A69EB,c520dab39f8cc75a,CIRCULAR_VRP,small,LOC_5775AEDC7A87,Kanpur Nagar,UP,10,11,TRK_8B0A48041C1C|TRK_4F95BDB0BA5A|TRK_CBC644EAB81E|TRK_A2930A44E92E|TRK_8F17F47DF021|TRK_7E9A026D4494|TRK_2913902A2DEE|TRK_4F6C0189023F|TRK_1529727AD926|TRK_BACD7124FE62|TRK_BBB99565DDFE,3050.0,91220.0,87380.0,True,False,False,True,"{""circular_bonus"": -1.1, ""distance_km"": 1.0, ""empty_km"": 0.85, ""fuel_inr"": 0.01, ""risk"": 12.0, ""time_min"": 0.35, ""toll_inr"": 0.01}",CST_48011250D4FB,SCN_BASELINE,g1,False,121,test,20260903,v0.1,hash_bucket
INS_BF518C2DC639,a87801665cb33c3d,PDP,small,LOC_B6370F731EEC,Lucknow,UP,8,6,TRK_017DA12B162E|TRK_A997FC00E0CF|TRK_8C037A0ADC54|TRK_EEB1DE456EE4|TRK_BCC966E673C0|TRK_B6CE07A71D80,30590.0,187510.0,136800.0,True,False,True,True,"{""circular_bonus"": -1.1, ""distance_km"": 1.0, ""empty_km"": 0.85, ""fuel_inr"": 0.01, ""risk"": 12.0, ""time_min"": 0.35, ""toll_inr"": 0.01}",CST_48011250D4FB,SCN_BASELINE,g1,False,81,validation,20260903,v0.1,hash_bucket
INS_169741059003,d3d5b4e6c60f1a8c,CIRCULAR_VRP,small,LOC_CF209A6CE403,Hapur,UP,8,5,TRK_017DA12B162E|TRK_A997FC00E0CF|TRK_8C037A0ADC54|TRK_EEB1DE456EE4|TRK_BCC966E673C0,30750.0,156920.0,112790.0,True,False,False,True,"{""circular_bonus"": -1.1, ""distance_km"": 1.0, ""empty_km"": 0.85, ""fuel_inr"": 0.01, ""risk"": 12.0, ""time_min"": 0.35, ""toll_inr"": 0.01}",CST_48011250D4FB,SCN_BASELINE,g1,False,81,train,20260903,v0.1,hash_bucket
INS_E7976BBC4C7D,614c50f40644f8b0,CIRCULAR_VRP,medium,LOC_5775AEDC7A87,Kanpur Nagar,UP,27,11,TRK_017DA12B162E|TRK_A997FC00E0CF|TRK_8C037A0ADC54|TRK_EEB1DE456EE4|TRK_BCC966E673C0|TRK_B6CE07A71D80|TRK_5564246F7906|TRK_5136065E98CA|TRK_E260AFDFB21B|TRK_E9C76BCDE1E1|TRK_FB045E9F7F61,28890.0,335050.0,305710.0,True,True,False,True,"{""circular_bonus"": -1.1, ""distance_km"": 1.0, ""empty_km"": 0.85, ""fuel_inr"": 0.01, ""risk"": 12.0, ""time_min"": 0.35, ""toll_inr"": 0.01}",CST_48011250D4FB,SCN_BASELINE,g1,False,784,train,20260903,v0.1,hash_bucket
INS_4EAA82D4FCA9,7a3e2af98ff36324,CVRP,medium,LOC_EE8F1CF00ECF,Bhiwani,HR,19,6,TRK_017DA12B162E|TRK_A997FC00E0CF|TRK_8C037A0ADC54|TRK_EEB1DE456EE4|TRK_BCC966E673C0|TRK_B6CE07A71D80,30590.0,187510.0,143140.0,True,False,False,False,"{""circular_bonus"": -1.1, ""distance_km"": 1.0, ""empty_km"": 0.85, ""fuel_inr"": 0.01, ""risk"": 12.0, ""time_min"": 0.35, ""toll_inr"": 0.01}",CST_48011250D4FB,SCN_BASELINE,g1,False,400,test,20260903,v0.1,hash_bucket
INS_99BB105FA135,05d0cf2d814dcf6a,PDP,large,LOC_D2DDEA75080C,Pathankot,PB,40,19,TRK_017DA12B162E|TRK_A997FC00E0CF|TRK_8C037A0ADC54|TRK_EEB1DE456EE4|TRK_BCC966E673C0|TRK_B6CE07A71D80|TRK_5564246F7906|TRK_5136065E98CA|TRK_E260AFDFB21B|TRK_E9C76BCDE1E1|TRK_FB045E9F7F61|TRK_B7FB75BB3E0A|TRK_4A05F6B9B509|TRK_1C8C798F44C5|TRK_8DC7FD5FF93A|TRK_7A91F5198B53|TRK_BEE1B756CA92|TRK_0331FB7CD37E|TRK_EEA8DB00B33D,26280.0,555400.0,513830.0,True,True,True,True,"{""circular_bonus"": -1.1, ""distance_km"": 1.0, ""empty_km"": 0.85, ""fuel_inr"": 0.01, ""risk"": 12.0, ""time_min"": 0.35, ""toll_inr"": 0.01}",CST_48011250D4FB,SCN_BASELINE,g1,False,1681,train,20260903,v0.1,hash_bucket
INS_A367C21F0DB9,3ea475aad8c64c8c,VRPTW,small,LOC_2E423964E639,Agra,UP,10,4,TRK_017DA12B162E|TRK_A997FC00E0CF|TRK_8C037A0ADC54|TRK_EEB1DE456EE4,31250.0,126170.0,79930.0,True,True,False,False,"{""circular_bonus"": -1.1, ""distance_km"": 1.0, ""empty_km"": 0.85, ""fuel_inr"": 0.01, ""risk"": 12.0, ""time_min"": 0.35, ""toll_inr"": 0.01}",CST_48011250D4FB,SCN_BASELINE,g1,False,121,validation,20260903,v0.1,hash_bucket
INS_9CF7F028C84B,51f55bfeb4fa6d3b,VRPTW,small,LOC_8E24E29DF84B,Hisar,HR,12,4,TRK_017DA12B162E|TRK_A997FC00E0CF|TRK_8C037A0ADC54|TRK_EEB1DE456EE4,31250.0,126170.0,76110.0,True,True,False,False,"{""circular_bonus"": -1.1, ""distance_km"": 1.0, ""empty_km"": 0.85, ""fuel_inr"": 0.01, ""risk"": 12.0, ""time_min"": 0.35, ""toll_inr"": 0.01}",CST_48011250D4FB,SCN_BASELINE,g1,False,169,train,20260903,v0.1,hash_bucket
INS_0244355F93C7,a891b796fd0380e3,VRPTW,medium,LOC_443EF0FB4E8C,Etawah,UP,16,6,TRK_017DA12B162E|TRK_A997FC00E0CF|TRK_8C037A0ADC54|TRK_EEB1DE456EE4|TRK_BCC966E673C0|TRK_B6CE07A71D80,30590.0,187510.0,138450.0,True,True,False,False,"{""circular_bonus"": -1.1, ""distance_km"": 1.0, ""empty_km"": 0.85, ""fuel_inr"": 0.01, ""risk"": 12.0, ""time_min"": 0.35, ""toll_inr"": 0.01}",CST_48011250D4FB,SCN_BASELINE,g1,False,289,train,20260903,v0.1,hash_bucket
INS_ADD3B30E3232,5e88571615f72866,PDP,small,LOC_6042150B38E7,Rohtak,HR,13,8,TRK_017DA12B162E|TRK_A997FC00E0CF|TRK_8C037A0ADC54|TRK_EEB1DE456EE4|TRK_BCC966E673C0|TRK_B6CE07A71D80|TRK_5564246F7906|TRK_5136065E98CA,29770.0,247810.0,191690.0,True,False,True,False,"{""circular_bonus"": -1.1, ""distance_km"": 1.0, ""empty_km"": 0.85, ""fuel_inr"": 0.01, ""risk"": 12.0, ""time_min"": 0.35, ""toll_inr"": 0.01}",CST_48011250D4FB,SCN_BASELINE,g1,False,196,validation,20260903,v0.1,hash_bucket
INS_606751D3E4EE,d1f09a6b22d4a896,CIRCULAR_VRP,large,LOC_D24D73F16033,Meerut,UP,46,22,TRK_017DA12B162E|TRK_A997FC00E0CF|TRK_8C037A0ADC54|TRK_EEB1DE456EE4|TRK_BCC966E673C0|TRK_B6CE07A71D80|TRK_5564246F7906|TRK_5136065E98CA|TRK_E260AFDFB21B|TRK_E9C76BCDE1E1|TRK_FB045E9F7F61|TRK_B7FB75BB3E0A|TRK_4A05F6B9B509|TRK_1C8C798F44C5|TRK_8DC7FD5FF93A|TRK_7A91F5198B53|TRK_BEE1B756CA92|TRK_0331FB7CD37E|TRK_EEA8DB00B33D|TRK_3A519CFB8F0F|TRK_8C842CC0A407|TRK_1A09343A6FAC,25770.0,633370.0,592540.0,True,False,False,True,"{""circular_bonus"": -1.1, ""distance_km"": 1.0, ""empty_km"": 0.85, ""fuel_inr"": 0.01, ""risk"": 12.0, ""time_min"": 0.35, ""toll_inr"": 0.01}",CST_48011250D4FB,SCN_BASELINE,g1,False,2209,train,20260903,v0.1,hash_bucket
INS_3043BACDC3D9,bd055def3da9948d,PDP,small,LOC_36B5B5F31C8D,Varanasi,UP,9,6,TRK_017DA12B162E|TRK_A997FC00E0CF|TRK_8C037A0ADC54|TRK_EEB1DE456EE4|TRK_BCC966E673C0|TRK_B6CE07A71D80,30590.0,187510.0,146340.0,True,True,True,True,"{""circular_bonus"": -1.1, ""distance_km"": 1.0, ""empty_km"": 0.85, ""fuel_inr"": 0.01, ""risk"": 12.0, ""time_min"": 0.35, ""toll_inr"": 0.01}",CST_48011250D4FB,SCN_BASELINE,g1,False,100,train,20260903,v0.1,hash_bucket
INS_8D8A95C6DD82,55301201e16fb2d9,CVRP,small,LOC_EC1D3E4138DF,Amritsar,PB,12,6,TRK_017DA12B162E|TRK_A997FC00E0CF|TRK_8C037A0ADC54|TRK_EEB1DE456EE4|TRK_BCC966E673C0|TRK_B6CE07A71D80,30590.0,187510.0,145700.0,True,False,False,False,"{""circular_bonus"": -1.1, ""distance_km"": 1.0, ""empty_km"": 0.85, ""fuel_inr"": 0.01, ""risk"": 12.0, ""time_min"": 0.35, ""toll_inr"": 0.01}",CST_48011250D4FB,SCN_BASELINE,g1,False,169,train,20260903,v0.1,hash_bucket
INS_3B93FDDCF65B,e4c4027f50d3276d,CIRCULAR_VRP,medium,LOC_ED9C60D04FC0,SAS Nagar,PB,27,14,TRK_017DA12B162E|TRK_A997FC00E0CF|TRK_8C037A0ADC54|TRK_EEB1DE456EE4|TRK_BCC966E673C0|TRK_B6CE07A71D80|TRK_5564246F7906|TRK_5136065E98CA|TRK_E260AFDFB21B|TRK_E9C76BCDE1E1|TRK_FB045E9F7F61|TRK_B7FB75BB3E0A|TRK_4A05F6B9B509|TRK_1C8C798F44C5,27990.0,420460.0,364400.0,True,False,False,True,"{""circular_bonus"": -1.1, ""distance_km"": 1.0, ""empty_km"": 0.85, ""fuel_inr"": 0.01, ""risk"": 12.0, ""time_min"": 0.35, ""toll_inr"": 0.01}",CST_48011250D4FB,SCN_BASELINE,g1,False,784,train,20260903,v0.1,hash_bucket
INS_01E613FEE88A,c4caa854f9e293a8,PDP,large,LOC_5AA457C919DB,Ludhiana,PB,59,19,TRK_017DA12B162E|TRK_A997FC00E0CF|TRK_8C037A0ADC54|TRK_EEB1DE456EE4|TRK_BCC966E673C0|TRK_B6CE07A71D80|TRK_5564246F7906|TRK_5136065E98CA|TRK_E260AFDFB21B|TRK_E9C76BCDE1E1|TRK_FB045E9F7F61|TRK_B7FB75BB3E0A|TRK_4A05F6B9B509|TRK_1C8C798F44C5|TRK_8DC7FD5FF93A|TRK_7A91F5198B53|TRK_BEE1B756CA92|TRK_0331FB7CD37E|TRK_EEA8DB00B33D,26280.0,555400.0,515695.0,True,True,True,False,"{""circular_bonus"": -1.1, ""distance_km"": 1.0, ""empty_km"": 0.85, ""fuel_inr"": 0.01, ""risk"": 12.0, ""time_min"": 0.35, ""toll_inr"": 0.01}",CST_48011250D4FB,SCN_BASELINE,g1,False,3600,train,20260903,v0.1,hash_bucket
INS_2DF5BD8FF6BD,512405a0264f0c5a,PDP,small,LOC_8F3BDE96C1C3,Rampur,UP,11,3,TRK_5136065E98CA|TRK_01E66002417B|TRK_5A00116C5568,2470.0,46640.0,31570.0,True,True,True,False,"{""circular_bonus"": -1.1, ""distance_km"": 1.0, ""empty_km"": 0.85, ""fuel_inr"": 0.01, ""risk"": 12.0, ""time_min"": 0.35, ""toll_inr"": 0.01}",CST_48011250D4FB,SCN_BASELINE,g1,False,144,train,20260903,v0.1,hash_bucket
INS_F91E13E9F8D6,485122ab58698a33,PDP,medium,LOC_796345940EEC,Budaun,UP,27,11,TRK_017DA12B162E|TRK_A997FC00E0CF|TRK_8C037A0ADC54|TRK_EEB1DE456EE4|TRK_BCC966E673C0|TRK_B6CE07A71D80|TRK_5564246F7906|TRK_5136065E98CA|TRK_E260AFDFB21B|TRK_E9C76BCDE1E1|TRK_FB045E9F7F61,28890.0,335050.0,284950.0,True,True,True,True,"{""circular_bonus"": -1.1, ""distance_km"": 1.0, ""empty_km"": 0.85, ""fuel_inr"": 0.01, ""risk"": 12.0, ""time_min"": 0.35, ""toll_inr"": 0.01}",CST_48011250D4FB,SCN_BASELINE,g1,False,784,train,20260903,v0.1,hash_bucket
INS_BA36AF7D9AF9,ab212bae00991591,PDP,medium,LOC_11A4C40B0A4F,Yamunanagar,HR,19,8,TRK_017DA12B162E|TRK_A997FC00E0CF|TRK_8C037A0ADC54|TRK_EEB1DE456EE4|TRK_BCC966E673C0|TRK_B6CE07A71D80|TRK_5564246F7906|TRK_5136065E98CA,29770.0,247810.0,209080.0,True,True,True,True,"{""circular_bonus"": -1.1, ""distance_km"": 1.0, ""empty_km"": 0.85, ""fuel_inr"": 0.01, ""risk"": 12.0, ""time_min"": 0.35, ""toll_inr"": 0.01}",CST_48011250D4FB,SCN_BASELINE,g1,False,400,test,20260903,v0.1,hash_bucket
INS_691B9C153B66,d95af5613c44afbc,CVRP,small,LOC_B56ABDBA32E2,Aligarh,UP,10,4,TRK_EE6431FC41DB|TRK_071ACA394633|TRK_A2E05BF196F5|TRK_5C30BC50870E,3880.0,46330.0,35360.0,True,False,False,False,"{""circular_bonus"": -1.1, ""distance_km"": 1.0, ""empty_km"": 0.85, ""fuel_inr"": 0.01, ""risk"": 12.0, ""time_min"": 0.35, ""toll_inr"": 0.01}",CST_48011250D4FB,SCN_BASELINE,g1,False,121,train,20260903,v0.1,hash_bucket
INS_CC999838A502,4e09a89ef9b9285c,PDP,small,LOC_BACB2642B5AD,Kurukshetra,HR,10,3,TRK_017DA12B162E|TRK_A997FC00E0CF|TRK_8C037A0ADC54,31430.0,94920.0,45710.0,True,True,True,False,"{""circular_bonus"": -1.1, ""distance_km"": 1.0, ""empty_km"": 0.85, ""fuel_inr"": 0.01, ""risk"": 12.0, ""time_min"": 0.35, ""toll_inr"": 0.01}",CST_48011250D4FB,SCN_BASELINE,g1,False,121,test,20260903,v0.1,hash_bucket
INS_349D7B33C700,c42ccb28f9ffbda8,CVRP,small,LOC_EE8F1CF00ECF,Bhiwani,HR,8,4,TRK_017DA12B162E|TRK_A997FC00E0CF|TRK_8C037A0ADC54|TRK_EEB1DE456EE4,31250.0,126170.0,66990.0,True,False,False,False,"{""circular_bonus"": -1.1, ""distance_km"": 1.0, ""empty_km"": 0.85, ""fuel_inr"": 0.01, ""risk"": 12.0, ""time_min"": 0.35, ""toll_inr"": 0.01}",CST_48011250D4FB,SCN_BASELINE,g1,False,81,train,20260903,v0.1,hash_bucket
INS_3517BBB59A43,bb1ec0b55da4c9b7,VRPTW,small,LOC_C58F1767A842,Barnala,PB,13,5,TRK_017DA12B162E|TRK_A997FC00E0CF|TRK_8C037A0ADC54|TRK_EEB1DE456EE4|TRK_BCC966E673C0,30750.0,156920.0,117190.0,True,True,False,False,"{""circular_bonus"": -1.1, ""distance_km"": 1.0, ""empty_km"": 0.85, ""fuel_inr"": 0.01, ""risk"": 12.0, ""time_min"": 0.35, ""toll_inr"": 0.01}",CST_48011250D4FB,SCN_BASELINE,g1,False,196,train,20260903,v0.1,hash_bucket
INS_1060B79F201A,febb39ff443b045c,PDP,small,LOC_63A998834201,North East Delhi,DL,11,8,TRK_017DA12B162E|TRK_A997FC00E0CF|TRK_8C037A0ADC54|TRK_EEB1DE456EE4|TRK_BCC966E673C0|TRK_B6CE07A71D80|TRK_5564246F7906|TRK_5136065E98CA,29770.0,247810.0,190980.0,True,False,True,False,"{""circular_bonus"": -1.1, ""distance_km"": 1.0, ""empty_km"": 0.85, ""fuel_inr"": 0.01, ""risk"": 12.0, ""time_min"": 0.35, ""toll_inr"": 0.01}",CST_48011250D4FB,SCN_BASELINE,g1,False,144,validation,20260903,v0.1,hash_bucket
INS_AE72158F1629,e9b9018b535f890f,PDP,small,LOC_2ADFB4EFDB06,Kaithal,HR,11,3,TRK_017DA12B162E|TRK_A997FC00E0CF|TRK_8C037A0ADC54,31430.0,94920.0,44270.0,True,True,True,True,"{""circular_bonus"": -1.1, ""distance_km"": 1.0, ""empty_km"": 0.85, ""fuel_inr"": 0.01, ""risk"": 12.0, ""time_min"": 0.35, ""toll_inr"": 0.01}",CST_48011250D4FB,SCN_BASELINE,g1,False,144,validation,20260903,v0.1,hash_bucket
INS_E6E0FA6B082E,f819cfca8fc12ca3,CVRP,medium,LOC_11A4C40B0A4F,Yamunanagar,HR,25,10,TRK_017DA12B162E|TRK_A997FC00E0CF|TRK_8C037A0ADC54|TRK_EEB1DE456EE4|TRK_BCC966E673C0|TRK_B6CE07A71D80|TRK_5564246F7906|TRK_5136065E98CA|TRK_E260AFDFB21B|TRK_E9C76BCDE1E1,28950.0,306160.0,274240.0,True,False,False,False,"{""circular_bonus"": -1.1, ""distance_km"": 1.0, ""empty_km"": 0.85, ""fuel_inr"": 0.01, ""risk"": 12.0, ""time_min"": 0.35, ""toll_inr"": 0.01}",CST_48011250D4FB,SCN_BASELINE,g1,False,676,train,20260903,v0.1,hash_bucket
INS_C154180BCA77,009f7c28d1bde571,CIRCULAR_VRP,medium,LOC_E9EE964E8CFE,South Delhi,DL,8,9,TRK_017DA12B162E|TRK_A997FC00E0CF|TRK_8C037A0ADC54|TRK_EEB1DE456EE4|TRK_BCC966E673C0|TRK_B6CE07A71D80|TRK_5564246F7906|TRK_5136065E98CA|TRK_E260AFDFB21B,29400.0,277210.0,240000.0,True,True,False,True,"{""circular_bonus"": -1.1, ""distance_km"": 1.0, ""empty_km"": 0.85, ""fuel_inr"": 0.01, ""risk"": 12.0, ""time_min"": 0.35, ""toll_inr"": 0.01}",CST_48011250D4FB,SCN_BASELINE,g1,False,81,train,20260903,v0.1,hash_bucket
INS_837ADE06679E,1689ddcc98512954,PDP,medium,LOC_FF96333A5510,North West Delhi,DL,21,20,TRK_017DA12B162E|TRK_A997FC00E0CF|TRK_8C037A0ADC54|TRK_EEB1DE456EE4|TRK_BCC966E673C0|TRK_B6CE07A71D80|TRK_5564246F7906|TRK_5136065E98CA|TRK_E260AFDFB21B|TRK_E9C76BCDE1E1|TRK_FB045E9F7F61|TRK_B7FB75BB3E0A|TRK_4A05F6B9B509|TRK_1C8C798F44C5|TRK_8DC7FD5FF93A|TRK_7A91F5198B53|TRK_BEE1B756CA92|TRK_0331FB7CD37E|TRK_EEA8DB00B33D|TRK_3A519CFB8F0F,26230.0,581630.0,533610.0,True,False,True,False,"{""circular_bonus"": -1.1, ""distance_km"": 1.0, ""empty_km"": 0.85, ""fuel_inr"": 0.01, ""risk"": 12.0, ""time_min"": 0.35, ""toll_inr"": 0.01}",CST_48011250D4FB,SCN_BASELINE,g1,False,484,train,20260903,v0.1,hash_bucket
INS_2F8C515592B8,369158d5b0aced5e,VRPTW,small,LOC_8F3BDE96C1C3,Rampur,UP,14,5,TRK_017DA12B162E|TRK_A997FC00E0CF|TRK_8C037A0ADC54|TRK_EEB1DE456EE4|TRK_BCC966E673C0,30750.0,156920.0,96850.0,True,True,False,False,"{""circular_bonus"": -1.1, ""distance_km"": 1.0, ""empty_km"": 0.85, ""fuel_inr"": 0.01, ""risk"": 12.0, ""time_min"": 0.35, ""toll_inr"": 0.01}",CST_48011250D4FB,SCN_BASELINE,g1,False,225,test,20260903,v0.1,hash_bucket
INS_DC16A5520860,f4571e540eb98de5,PDP,medium,LOC_27273A6A3299,Shamli,UP,20,5,TRK_017DA12B162E|TRK_A997FC00E0CF|TRK_8C037A0ADC54|TRK_EEB1DE456EE4|TRK_BCC966E673C0,30750.0,156920.0,117340.0,True,False,True,True,"{""circular_bonus"": -1.1, ""distance_km"": 1.0, ""empty_km"": 0.85, ""fuel_inr"": 0.01, ""risk"": 12.0, ""time_min"": 0.35, ""toll_inr"": 0.01}",CST_48011250D4FB,SCN_BASELINE,g1,False,441,train,20260903,v0.1,hash_bucket
INS_7D879C816099,957d1f3e0ddbd6ce,CVRP,medium,LOC_2ADFB4EFDB06,Kaithal,HR,27,6,TRK_017DA12B162E|TRK_A997FC00E0CF|TRK_8C037A0ADC54|TRK_EEB1DE456EE4|TRK_BCC966E673C0|TRK_B6CE07A71D80,30590.0,187510.0,151870.0,True,False,False,False,"{""circular_bonus"": -1.1, ""distance_km"": 1.0, ""empty_km"": 0.85, ""fuel_inr"": 0.01, ""risk"": 12.0, ""time_min"": 0.35, ""toll_inr"": 0.01}",CST_48011250D4FB,SCN_BASELINE,g1,False,784,test,20260903,v0.1,hash_bucket
INS_E5415DD73912,922ed70ee328403d,PDP,small,LOC_8E5593D8E476,Rupnagar,PB,9,3,TRK_017DA12B162E|TRK_A997FC00E0CF|TRK_8C037A0ADC54,31430.0,94920.0,60870.0,True,True,True,False,"{""circular_bonus"": -1.1, ""distance_km"": 1.0, ""empty_km"": 0.85, ""fuel_inr"": 0.01, ""risk"": 12.0, ""time_min"": 0.35, ""toll_inr"": 0.01}",CST_48011250D4FB,SCN_BASELINE,g1,False,100,train,20260903,v0.1,hash_bucket
INS_7B63862AEF5A,82517273e7bcb656,CIRCULAR_VRP,small,LOC_B56ABDBA32E2,Aligarh,UP,9,6,TRK_017DA12B162E|TRK_A997FC00E0CF|TRK_8C037A0ADC54|TRK_EEB1DE456EE4|TRK_BCC966E673C0|TRK_B6CE07A71D80,30590.0,187510.0,139045.0,True,True,False,True,"{""circular_bonus"": -1.1, ""distance_km"": 1.0, ""empty_km"": 0.85, ""fuel_inr"": 0.01, ""risk"": 12.0, ""time_min"": 0.35, ""toll_inr"": 0.01}",CST_48011250D4FB,SCN_BASELINE,g1,False,100,validation,20260903,v0.1,hash_bucket
INS_202933CF626B,7c2ec8b897dda462,VRPTW,medium,LOC_F20DB0F2A327,Gurugram,HR,20,7,TRK_017DA12B162E|TRK_A997FC00E0CF|TRK_8C037A0ADC54|TRK_EEB1DE456EE4|TRK_BCC966E673C0|TRK_B6CE07A71D80|TRK_5564246F7906,30530.0,218040.0,178560.0,True,True,False,False,"{""circular_bonus"": -1.1, ""distance_km"": 1.0, ""empty_km"": 0.85, ""fuel_inr"": 0.01, ""risk"": 12.0, ""time_min"": 0.35, ""toll_inr"": 0.01}",CST_48011250D4FB,SCN_BASELINE,g1,False,441,train,20260903,v0.1,hash_bucket
INS_7F4923644C6D,b5933f0349b29865,CIRCULAR_VRP,medium,LOC_5B344A07BA57,Sangrur,PB,26,10,TRK_017DA12B162E|TRK_A997FC00E0CF|TRK_8C037A0ADC54|TRK_EEB1DE456EE4|TRK_BCC966E673C0|TRK_B6CE07A71D80|TRK_5564246F7906|TRK_5136065E98CA|TRK_E260AFDFB21B|TRK_E9C76BCDE1E1,28950.0,306160.0,268320.0,True,False,False,True,"{""circular_bonus"": -1.1, ""distance_km"": 1.0, ""empty_km"": 0.85, ""fuel_inr"": 0.01, ""risk"": 12.0, ""time_min"": 0.35, ""toll_inr"": 0.01}",CST_48011250D4FB,SCN_BASELINE,g1,False,729,test,20260903,v0.1,hash_bucket
INS_6A80A0A83257,49eee5d0f2a380a8,PDP,medium,LOC_EC1D3E4138DF,Amritsar,PB,21,11,TRK_017DA12B162E|TRK_A997FC00E0CF|TRK_8C037A0ADC54|TRK_EEB1DE456EE4|TRK_BCC966E673C0|TRK_B6CE07A71D80|TRK_5564246F7906|TRK_5136065E98CA|TRK_E260AFDFB21B|TRK_E9C76BCDE1E1|TRK_FB045E9F7F61,28890.0,335050.0,295350.0,True,True,True,True,"{""circular_bonus"": -1.1, ""distance_km"": 1.0, ""empty_km"": 0.85, ""fuel_inr"": 0.01, ""risk"": 12.0, ""time_min"": 0.35, ""toll_inr"": 0.01}",CST_48011250D4FB,SCN_BASELINE,g1,False,484,train,20260903,v0.1,hash_bucket
INS_738A233E080C,fddc47771bdff4bb,CVRP,small,LOC_21F591BF08EC,West Delhi,DL,4,8,TRK_D5734C94CA97|TRK_0DB792D95BC8|TRK_CE161697CB0F|TRK_B4E942FB3E8F|TRK_547C0929AFCE|TRK_3D378E8843DC|TRK_57C748EE92F0|TRK_38CCD92D5770,6550.0,95530.0,83560.0,True,False,False,False,"{""circular_bonus"": -1.1, ""distance_km"": 1.0, ""empty_km"": 0.85, ""fuel_inr"": 0.01, ""risk"": 12.0, ""time_min"": 0.35, ""toll_inr"": 0.01}",CST_48011250D4FB,SCN_BASELINE,g1,False,25,train,20260903,v0.1,hash_bucket
INS_DA7004ED34FE,64c8d91005653dbe,VRPTW,small,LOC_B6370F731EEC,Lucknow,UP,14,9,TRK_017DA12B162E|TRK_A997FC00E0CF|TRK_8C037A0ADC54|TRK_EEB1DE456EE4|TRK_BCC966E673C0|TRK_B6CE07A71D80|TRK_5564246F7906|TRK_5136065E98CA|TRK_E260AFDFB21B,29400.0,277210.0,238040.0,True,True,False,False,"{""circular_bonus"": -1.1, ""distance_km"": 1.0, ""empty_km"": 0.85, ""fuel_inr"": 0.01, ""risk"": 12.0, ""time_min"": 0.35, ""toll_inr"": 0.01}",CST_48011250D4FB,SCN_BASELINE,g1,False,225,test,20260903,v0.1,hash_bucket
INS_E5A095B6CBE3,3a3f523888692d6b,VRPTW,small,LOC_BC48412E6B15,Sambhal,UP,13,7,TRK_017DA12B162E|TRK_A997FC00E0CF|TRK_8C037A0ADC54|TRK_EEB1DE456EE4|TRK_BCC966E673C0|TRK_B6CE07A71D80|TRK_5564246F7906,30530.0,218040.0,161140.0,True,True,False,False,"{""circular_bonus"": -1.1, ""distance_km"": 1.0, ""empty_km"": 0.85, ""fuel_inr"": 0.01, ""risk"": 12.0, ""time_min"": 0.35, ""toll_inr"": 0.01}",CST_48011250D4FB,SCN_BASELINE,g1,False,196,train,20260903,v0.1,hash_bucket
INS_9AA9A8899DE8,07e1c6fd100d479a,CIRCULAR_VRP,large,LOC_CF209A6CE403,Hapur,UP,39,15,TRK_017DA12B162E|TRK_A997FC00E0CF|TRK_8C037A0ADC54|TRK_EEB1DE456EE4|TRK_BCC966E673C0|TRK_B6CE07A71D80|TRK_5564246F7906|TRK_5136065E98CA|TRK_E260AFDFB21B|TRK_E9C76BCDE1E1|TRK_FB045E9F7F61|TRK_B7FB75BB3E0A|TRK_4A05F6B9B509|TRK_1C8C798F44C5|TRK_8DC7FD5FF93A,27710.0,448170.0,393790.0,True,False,False,True,"{""circular_bonus"": -1.1, ""distance_km"": 1.0, ""empty_km"": 0.85, ""fuel_inr"": 0.01, ""risk"": 12.0, ""time_min"": 0.35, ""toll_inr"": 0.01}",CST_48011250D4FB,SCN_BASELINE,g1,False,1600,train,20260903,v0.1,hash_bucket
INS_88D2A3BF4309,4f3fd1b919ff9f57,CIRCULAR_VRP,medium,LOC_DA9770705B86,South West Delhi,DL,15,13,TRK_017DA12B162E|TRK_A997FC00E0CF|TRK_8C037A0ADC54|TRK_EEB1DE456EE4|TRK_BCC966E673C0|TRK_B6CE07A71D80|TRK_5564246F7906|TRK_5136065E98CA|TRK_E260AFDFB21B|TRK_E9C76BCDE1E1|TRK_FB045E9F7F61|TRK_B7FB75BB3E0A|TRK_4A05F6B9B509,28580.0,392470.0,342240.0,True,True,False,True,"{""circular_bonus"": -1.1, ""distance_km"": 1.0, ""empty_km"": 0.85, ""fuel_inr"": 0.01, ""risk"": 12.0, ""time_min"": 0.35, ""toll_inr"": 0.01}",CST_48011250D4FB,SCN_BASELINE,g1,False,256,train,20260903,v0.1,hash_bucket
INS_19353BCC78A9,bcac34d085938f98,VRPTW,medium,LOC_3B372919B752,Karnal,HR,28,11,TRK_017DA12B162E|TRK_A997FC00E0CF|TRK_8C037A0ADC54|TRK_EEB1DE456EE4|TRK_BCC966E673C0|TRK_B6CE07A71D80|TRK_5564246F7906|TRK_5136065E98CA|TRK_E260AFDFB21B|TRK_E9C76BCDE1E1|TRK_FB045E9F7F61,28890.0,335050.0,292900.0,True,True,False,False,"{""circular_bonus"": -1.1, ""distance_km"": 1.0, ""empty_km"": 0.85, ""fuel_inr"": 0.01, ""risk"": 12.0, ""time_min"": 0.35, ""toll_inr"": 0.01}",CST_48011250D4FB,SCN_BASELINE,g1,False,841,test,20260903,v0.1,holdout_district
INS_955E2C6D5F2B,bb0d5e9a4f5eb46c,VRPTW,medium,LOC_796345940EEC,Budaun,UP,22,5,TRK_017DA12B162E|TRK_A997FC00E0CF|TRK_8C037A0ADC54|TRK_EEB1DE456EE4|TRK_BCC966E673C0,30750.0,156920.0,108950.0,True,True,False,False,"{""circular_bonus"": -1.1, ""distance_km"": 1.0, ""empty_km"": 0.85, ""fuel_inr"": 0.01, ""risk"": 12.0, ""time_min"": 0.35, ""toll_inr"": 0.01}",CST_48011250D4FB,SCN_BASELINE,g1,False,529,train,20260903,v0.1,hash_bucket
INS_A93C3558CF34,166a6ba45253e9b8,VRPTW,small,LOC_B890897F9CCC,Kapurthala,PB,9,4,TRK_017DA12B162E|TRK_A997FC00E0CF|TRK_8C037A0ADC54|TRK_EEB1DE456EE4,31250.0,126170.0,90860.0,True,True,False,False,"{""circular_bonus"": -1.1, ""distance_km"": 1.0, ""empty_km"": 0.85, ""fuel_inr"": 0.01, ""risk"": 12.0, ""time_min"": 0.35, ""toll_inr"": 0.01}",CST_48011250D4FB,SCN_BASELINE,g1,False,100,test,20260903,v0.1,hash_bucket
INS_ADEDB696A402,0e24df29340f3d6b,PDP,small,LOC_D2DDEA75080C,Pathankot,PB,12,7,TRK_017DA12B162E|TRK_A997FC00E0CF|TRK_8C037A0ADC54|TRK_EEB1DE456EE4|TRK_BCC966E673C0|TRK_B6CE07A71D80|TRK_5564246F7906,30530.0,218040.0,160200.0,True,True,True,False,"{""circular_bonus"": -1.1, ""distance_km"": 1.0, ""empty_km"": 0.85, ""fuel_inr"": 0.01, ""risk"": 12.0, ""time_min"": 0.35, ""toll_inr"": 0.01}",CST_48011250D4FB,SCN_BASELINE,g1,False,169,train,20260903,v0.1,hash_bucket
INS_469523FEBDBE,e585dd7b37c9e080,CIRCULAR_VRP,small,LOC_B6370F731EEC,Lucknow,UP,13,10,TRK_017DA12B162E|TRK_A997FC00E0CF|TRK_8C037A0ADC54|TRK_EEB1DE456EE4|TRK_BCC966E673C0|TRK_B6CE07A71D80|TRK_5564246F7906|TRK_5136065E98CA|TRK_E260AFDFB21B|TRK_E9C76BCDE1E1,28950.0,306160.0,267430.0,True,True,False,True,"{""circular_bonus"": -1.1, ""distance_km"": 1.0, ""empty_km"": 0.85, ""fuel_inr"": 0.01, ""risk"": 12.0, ""time_min"": 0.35, ""toll_inr"": 0.01}",CST_48011250D4FB,SCN_BASELINE,g1,False,196,train,20260903,v0.1,hash_bucket
INS_E78CD6451855,2f75aa5a69771e25,PDP,small,LOC_165F0D721F3E,Jalandhar,PB,10,5,TRK_017DA12B162E|TRK_A997FC00E0CF|TRK_8C037A0ADC54|TRK_EEB1DE456EE4|TRK_BCC966E673C0,30750.0,156920.0,119910.0,True,True,True,False,"{""circular_bonus"": -1.1, ""distance_km"": 1.0, ""empty_km"": 0.85, ""fuel_inr"": 0.01, ""risk"": 12.0, ""time_min"": 0.35, ""toll_inr"": 0.01}",CST_48011250D4FB,SCN_BASELINE,g1,False,121,train,20260903,v0.1,hash_bucket
INS_5A2D343EB21C,ea193d3db4840498,VRPTW,medium,LOC_BC83DA386B0E,Baghpat,UP,19,7,TRK_017DA12B162E|TRK_A997FC00E0CF|TRK_8C037A0ADC54|TRK_EEB1DE456EE4|TRK_BCC966E673C0|TRK_B6CE07A71D80|TRK_5564246F7906,30530.0,218040.0,158030.0,True,True,False,False,"{""circular_bonus"": -1.1, ""distance_km"": 1.0, ""empty_km"": 0.85, ""fuel_inr"": 0.01, ""risk"": 12.0, ""time_min"": 0.35, ""toll_inr"": 0.01}",CST_48011250D4FB,SCN_BASELINE,g1,False,400,validation,20260903,v0.1,hash_bucket
INS_63429FEBE727,f0bfca88020e51d4,PDP,medium,LOC_796345940EEC,Budaun,UP,19,6,TRK_017DA12B162E|TRK_A997FC00E0CF|TRK_8C037A0ADC54|TRK_EEB1DE456EE4|TRK_BCC966E673C0|TRK_B6CE07A71D80,30590.0,187510.0,142000.0,True,True,True,False,"{""circular_bonus"": -1.1, ""distance_km"": 1.0, ""empty_km"": 0.85, ""fuel_inr"": 0.01, ""risk"": 12.0, ""time_min"": 0.35, ""toll_inr"": 0.01}",CST_48011250D4FB,SCN_BASELINE,g1,False,400,train,20260903,v0.1,hash_bucket
INS_7CC8608EC75F,2438ab9633d8e9bb,CIRCULAR_VRP,medium,LOC_D8FB48D6F894,Fatehabad,HR,21,3,TRK_017DA12B162E|TRK_A997FC00E0CF|TRK_8C037A0ADC54,31430.0,94920.0,53080.0,True,True,False,True,"{""circular_bonus"": -1.1, ""distance_km"": 1.0, ""empty_km"": 0.85, ""fuel_inr"": 0.01, ""risk"": 12.0, ""time_min"": 0.35, ""toll_inr"": 0.01}",CST_48011250D4FB,SCN_BASELINE,g1,False,484,test,20260903,v0.1,hash_bucket
INS_57A8A4C6B223,203495d46b9d3b2d,CIRCULAR_VRP,small,LOC_2B9C182E1BB7,Panchkula,HR,8,4,TRK_017DA12B162E|TRK_A997FC00E0CF|TRK_8C037A0ADC54|TRK_EEB1DE456EE4,31250.0,126170.0,93390.0,True,True,False,True,"{""circular_bonus"": -1.1, ""distance_km"": 1.0, ""empty_km"": 0.85, ""fuel_inr"": 0.01, ""risk"": 12.0, ""time_min"": 0.35, ""toll_inr"": 0.01}",CST_48011250D4FB,SCN_BASELINE,g1,False,81,train,20260903,v0.1,hash_bucket
INS_B8E4616D6BB5,5d555201fbc93f42,CVRP,medium,LOC_8E24E29DF84B,Hisar,HR,23,9,TRK_017DA12B162E|TRK_A997FC00E0CF|TRK_8C037A0ADC54|TRK_EEB1DE456EE4|TRK_BCC966E673C0|TRK_B6CE07A71D80|TRK_5564246F7906|TRK_5136065E98CA|TRK_E260AFDFB21B,29400.0,277210.0,223860.0,True,False,False,False,"{""circular_bonus"": -1.1, ""distance_km"": 1.0, ""empty_km"": 0.85, ""fuel_inr"": 0.01, ""risk"": 12.0, ""time_min"": 0.35, ""toll_inr"": 0.01}",CST_48011250D4FB,SCN_BASELINE,g1,False,576,test,20260903,v0.1,hash_bucket
INS_EC64E6827E62,d15de6889dcf39de,CIRCULAR_VRP,small,LOC_BC83DA386B0E,Baghpat,UP,10,3,TRK_017DA12B162E|TRK_A997FC00E0CF|TRK_8C037A0ADC54,31430.0,94920.0,50070.0,True,True,False,True,"{""circular_bonus"": -1.1, ""distance_km"": 1.0, ""empty_km"": 0.85, ""fuel_inr"": 0.01, ""risk"": 12.0, ""time_min"": 0.35, ""toll_inr"": 0.01}",CST_48011250D4FB,SCN_BASELINE,g1,False,121,test,20260903,v0.1,hash_bucket
INS_D834FDE64228,23ea005ba435fb9c,PDP,medium,LOC_B26DA7992E56,Prayagraj,UP,15,6,TRK_017DA12B162E|TRK_A997FC00E0CF|TRK_8C037A0ADC54|TRK_EEB1DE456EE4|TRK_BCC966E673C0|TRK_B6CE07A71D80,30590.0,187510.0,143750.0,True,False,True,True,"{""circular_bonus"": -1.1, ""distance_km"": 1.0, ""empty_km"": 0.85, ""fuel_inr"": 0.01, ""risk"": 12.0, ""time_min"": 0.35, ""toll_inr"": 0.01}",CST_48011250D4FB,SCN_BASELINE,g1,False,256,train,20260903,v0.1,hash_bucket
INS_8012001EEA50,b4dde8c97cf6ef12,VRPTW,small,LOC_443EF0FB4E8C,Etawah,UP,12,5,TRK_017DA12B162E|TRK_A997FC00E0CF|TRK_8C037A0ADC54|TRK_EEB1DE456EE4|TRK_BCC966E673C0,30750.0,156920.0,108280.0,True,True,False,False,"{""circular_bonus"": -1.1, ""distance_km"": 1.0, ""empty_km"": 0.85, ""fuel_inr"": 0.01, ""risk"": 12.0, ""time_min"": 0.35, ""toll_inr"": 0.01}",CST_48011250D4FB,SCN_BASELINE,g1,False,169,validation,20260903,v0.1,hash_bucket
INS_DFB706822F33,96157bdd1b9d7411,PDP,medium,LOC_1FB47BF8FFEB,Bulandshahr,UP,22,6,TRK_017DA12B162E|TRK_A997FC00E0CF|TRK_8C037A0ADC54|TRK_EEB1DE456EE4|TRK_BCC966E673C0|TRK_B6CE07A71D80,30590.0,187510.0,129150.0,True,True,True,False,"{""circular_bonus"": -1.1, ""distance_km"": 1.0, ""empty_km"": 0.85, ""fuel_inr"": 0.01, ""risk"": 12.0, ""time_min"": 0.35, ""toll_inr"": 0.01}",CST_48011250D4FB,SCN_BASELINE,g1,False,529,test,20260903,v0.1,holdout_district
INS_64A00323C017,4f70272f19f5d941,VRPTW,medium,LOC_C90487F88BAC,Muktsar,PB,28,10,TRK_017DA12B162E|TRK_A997FC00E0CF|TRK_8C037A0ADC54|TRK_EEB1DE456EE4|TRK_BCC966E673C0|TRK_B6CE07A71D80|TRK_5564246F7906|TRK_5136065E98CA|TRK_E260AFDFB21B|TRK_E9C76BCDE1E1,28950.0,306160.0,268290.0,True,True,False,False,"{""circular_bonus"": -1.1, ""distance_km"": 1.0, ""empty_km"": 0.85, ""fuel_inr"": 0.01, ""risk"": 12.0, ""time_min"": 0.35, ""toll_inr"": 0.01}",CST_48011250D4FB,SCN_BASELINE,g1,False,841,train,20260903,v0.1,hash_bucket
INS_3BC33FE40BCC,47f60872683d1e85,PDP,medium,LOC_487C12AA952A,Jind,HR,19,8,TRK_017DA12B162E|TRK_A997FC00E0CF|TRK_8C037A0ADC54|TRK_EEB1DE456EE4|TRK_BCC966E673C0|TRK_B6CE07A71D80|TRK_5564246F7906|TRK_5136065E98CA,29770.0,247810.0,199800.0,True,True,True,True,"{""circular_bonus"": -1.1, ""distance_km"": 1.0, ""empty_km"": 0.85, ""fuel_inr"": 0.01, ""risk"": 12.0, ""time_min"": 0.35, ""toll_inr"": 0.01}",CST_48011250D4FB,SCN_BASELINE,g1,False,400,train,20260903,v0.1,hash_bucket
INS_E212F28DC299,71299e8e53cc4c4b,PDP,medium,LOC_BC48412E6B15,Sambhal,UP,30,11,TRK_017DA12B162E|TRK_A997FC00E0CF|TRK_8C037A0ADC54|TRK_EEB1DE456EE4|TRK_BCC966E673C0|TRK_B6CE07A71D80|TRK_5564246F7906|TRK_5136065E98CA|TRK_E260AFDFB21B|TRK_E9C76BCDE1E1|TRK_FB045E9F7F61,28890.0,335050.0,294150.0,True,False,True,False,"{""circular_bonus"": -1.1, ""distance_km"": 1.0, ""empty_km"": 0.85, ""fuel_inr"": 0.01, ""risk"": 12.0, ""time_min"": 0.35, ""toll_inr"": 0.01}",CST_48011250D4FB,SCN_BASELINE,g1,False,961,train,20260903,v0.1,hash_bucket
INS_CE4F8E0B07FF,90719cf9bdd81a3a,CIRCULAR_VRP,medium,LOC_6042150B38E7,Rohtak,HR,19,10,TRK_017DA12B162E|TRK_A997FC00E0CF|TRK_8C037A0ADC54|TRK_EEB1DE456EE4|TRK_BCC966E673C0|TRK_B6CE07A71D80|TRK_5564246F7906|TRK_5136065E98CA|TRK_E260AFDFB21B|TRK_E9C76BCDE1E1,28950.0,306160.0,257730.0,True,True,False,True,"{""circular_bonus"": -1.1, ""distance_km"": 1.0, ""empty_km"": 0.85, ""fuel_inr"": 0.01, ""risk"": 12.0, ""time_min"": 0.35, ""toll_inr"": 0.01}",CST_48011250D4FB,SCN_BASELINE,g1,False,400,train,20260903,v0.1,hash_bucket
INS_07AAF5B0804D,6ed145fcc3e8bd2b,CIRCULAR_VRP,small,LOC_3B372919B752,Karnal,HR,11,5,TRK_017DA12B162E|TRK_A997FC00E0CF|TRK_8C037A0ADC54|TRK_EEB1DE456EE4|TRK_BCC966E673C0,30750.0,156920.0,95430.0,True,False,False,True,"{""circular_bonus"": -1.1, ""distance_km"": 1.0, ""empty_km"": 0.85, ""fuel_inr"": 0.01, ""risk"": 12.0, ""time_min"": 0.35, ""toll_inr"": 0.01}",CST_48011250D4FB,SCN_BASELINE,g1,False,144,test,20260903,v0.1,holdout_district
INS_D08FCB18D8FE,5a7a7090de6a8e10,PDP,medium,LOC_5775AEDC7A87,Kanpur Nagar,UP,22,11,TRK_017DA12B162E|TRK_A997FC00E0CF|TRK_8C037A0ADC54|TRK_EEB1DE456EE4|TRK_BCC966E673C0|TRK_B6CE07A71D80|TRK_5564246F7906|TRK_5136065E98CA|TRK_E260AFDFB21B|TRK_E9C76BCDE1E1|TRK_FB045E9F7F61,28890.0,335050.0,291290.0,True,False,True,False,"{""circular_bonus"": -1.1, ""distance_km"": 1.0, ""empty_km"": 0.85, ""fuel_inr"": 0.01, ""risk"": 12.0, ""time_min"": 0.35, ""toll_inr"": 0.01}",CST_48011250D4FB,SCN_BASELINE,g1,False,529,train,20260903,v0.1,hash_bucket
INS_35453987B76E,9640e3c65eeaed98,PDP,small,LOC_8E24E29DF84B,Hisar,HR,14,7,TRK_017DA12B162E|TRK_A997FC00E0CF|TRK_8C037A0ADC54|TRK_EEB1DE456EE4|TRK_BCC966E673C0|TRK_B6CE07A71D80|TRK_5564246F7906,30530.0,218040.0,166150.0,True,False,True,False,"{""circular_bonus"": -1.1, ""distance_km"": 1.0, ""empty_km"": 0.85, ""fuel_inr"": 0.01, ""risk"": 12.0, ""time_min"": 0.35, ""toll_inr"": 0.01}",CST_48011250D4FB,SCN_BASELINE,g1,False,225,train,20260903,v0.1,hash_bucket
INS_F05DD2A16759,f69f76b3eb5bbaa5,VRPTW,small,LOC_2ADFB4EFDB06,Kaithal,HR,8,3,TRK_A5F730FA2580|TRK_532DA903AB51|TRK_3F72A9A287A1,3040.0,28280.0,18780.0,True,True,False,False,"{""circular_bonus"": -1.1, ""distance_km"": 1.0, ""empty_km"": 0.85, ""fuel_inr"": 0.01, ""risk"": 12.0, ""time_min"": 0.35, ""toll_inr"": 0.01}",CST_48011250D4FB,SCN_BASELINE,g1,False,81,train,20260903,v0.1,hash_bucket
INS_6C91815BD5E6,c3b03bb7c759fb80,PDP,small,LOC_FEFD9351973D,Bathinda,PB,10,5,TRK_340016F2B945|TRK_0C5E1B5422FA|TRK_B7BA04A0793B|TRK_3AAFDA8C31B2|TRK_2C29A4F9D289,10980.0,79000.0,63780.0,True,True,True,False,"{""circular_bonus"": -1.1, ""distance_km"": 1.0, ""empty_km"": 0.85, ""fuel_inr"": 0.01, ""risk"": 12.0, ""time_min"": 0.35, ""toll_inr"": 0.01}",CST_48011250D4FB,SCN_BASELINE,g1,False,121,test,20260903,v0.1,holdout_district
INS_2125C3D56A63,141f99732fcebf28,CIRCULAR_VRP,large,LOC_0F3D188854D6,Amroha,UP,42,11,TRK_017DA12B162E|TRK_A997FC00E0CF|TRK_8C037A0ADC54|TRK_EEB1DE456EE4|TRK_BCC966E673C0|TRK_B6CE07A71D80|TRK_5564246F7906|TRK_5136065E98CA|TRK_E260AFDFB21B|TRK_E9C76BCDE1E1|TRK_FB045E9F7F61,28890.0,335050.0,279890.0,True,False,False,True,"{""circular_bonus"": -1.1, ""distance_km"": 1.0, ""empty_km"": 0.85, ""fuel_inr"": 0.01, ""risk"": 12.0, ""time_min"": 0.35, ""toll_inr"": 0.01}",CST_48011250D4FB,SCN_BASELINE,g1,False,1849,train,20260903,v0.1,hash_bucket
INS_81A512D85D13,8267af88e378d36e,CVRP,small,LOC_CF209A6CE403,Hapur,UP,14,5,TRK_017DA12B162E|TRK_A997FC00E0CF|TRK_8C037A0ADC54|TRK_EEB1DE456EE4|TRK_BCC966E673C0,30750.0,156920.0,121200.0,True,False,False,False,"{""circular_bonus"": -1.1, ""distance_km"": 1.0, ""empty_km"": 0.85, ""fuel_inr"": 0.01, ""risk"": 12.0, ""time_min"": 0.35, ""toll_inr"": 0.01}",CST_48011250D4FB,SCN_BASELINE,g1,False,225,train,20260903,v0.1,hash_bucket
INS_D76F71EA9137,100208e26b80524a,PDP,small,LOC_5B344A07BA57,Sangrur,PB,13,7,TRK_017DA12B162E|TRK_A997FC00E0CF|TRK_8C037A0ADC54|TRK_EEB1DE456EE4|TRK_BCC966E673C0|TRK_B6CE07A71D80|TRK_5564246F7906,30530.0,218040.0,177830.0,True,False,True,True,"{""circular_bonus"": -1.1, ""distance_km"": 1.0, ""empty_km"": 0.85, ""fuel_inr"": 0.01, ""risk"": 12.0, ""time_min"": 0.35, ""toll_inr"": 0.01}",CST_48011250D4FB,SCN_BASELINE,g1,False,196,train,20260903,v0.1,hash_bucket
INS_4D475B536456,74b6b9abf093d46a,CIRCULAR_VRP,small,LOC_C58F1767A842,Barnala,PB,8,3,TRK_017DA12B162E|TRK_A997FC00E0CF|TRK_8C037A0ADC54,31430.0,94920.0,43250.0,True,True,False,True,"{""circular_bonus"": -1.1, ""distance_km"": 1.0, ""empty_km"": 0.85, ""fuel_inr"": 0.01, ""risk"": 12.0, ""time_min"": 0.35, ""toll_inr"": 0.01}",CST_48011250D4FB,SCN_BASELINE,g1,False,81,train,20260903,v0.1,hash_bucket
INS_B5F87AFC71DB,ae5a2f8d4c78560f,CVRP,small,LOC_D8FB48D6F894,Fatehabad,HR,10,3,TRK_017DA12B162E|TRK_A997FC00E0CF|TRK_8C037A0ADC54,31430.0,94920.0,63145.0,True,False,False,False,"{""circular_bonus"": -1.1, ""distance_km"": 1.0, ""empty_km"": 0.85, ""fuel_inr"": 0.01, ""risk"": 12.0, ""time_min"": 0.35, ""toll_inr"": 0.01}",CST_48011250D4FB,SCN_BASELINE,g1,False,121,train,20260903,v0.1,hash_bucket
INS_BB2D195D558E,1e83b8b7cb470795,PDP,small,LOC_5AA457C919DB,Ludhiana,PB,9,5,TRK_017DA12B162E|TRK_A997FC00E0CF|TRK_8C037A0ADC54|TRK_EEB1DE456EE4|TRK_BCC966E673C0,30750.0,156920.0,117520.0,True,False,True,False,"{""circular_bonus"": -1.1, ""distance_km"": 1.0, ""empty_km"": 0.85, ""fuel_inr"": 0.01, ""risk"": 12.0, ""time_min"": 0.35, ""toll_inr"": 0.01}",CST_48011250D4FB,SCN_BASELINE,g1,False,100,train,20260903,v0.1,hash_bucket
INS_F81DF552970E,ecefbe5437b65b3b,VRPTW,medium,LOC_8EAD4661AFB9,Jhajjar,HR,17,5,TRK_2A2A3F44FD68|TRK_DF02CF5283B1|TRK_6F9F028D03FA|TRK_16E5A4F3E8DF|TRK_536C1B2DE910,6340.0,52980.0,46170.0,True,True,False,False,"{""circular_bonus"": -1.1, ""distance_km"": 1.0, ""empty_km"": 0.85, ""fuel_inr"": 0.01, ""risk"": 12.0, ""time_min"": 0.35, ""toll_inr"": 0.01}",CST_48011250D4FB,SCN_BASELINE,g1,False,324,train,20260903,v0.1,hash_bucket
INS_D4FAA0ABBEEB,39afec9692b6103c,PDP,medium,LOC_487C12AA952A,Jind,HR,29,9,TRK_017DA12B162E|TRK_A997FC00E0CF|TRK_8C037A0ADC54|TRK_EEB1DE456EE4|TRK_BCC966E673C0|TRK_B6CE07A71D80|TRK_5564246F7906|TRK_5136065E98CA|TRK_E260AFDFB21B,29400.0,277210.0,237270.0,True,True,True,True,"{""circular_bonus"": -1.1, ""distance_km"": 1.0, ""empty_km"": 0.85, ""fuel_inr"": 0.01, ""risk"": 12.0, ""time_min"": 0.35, ""toll_inr"": 0.01}",CST_48011250D4FB,SCN_BASELINE,g1,False,900,train,20260903,v0.1,hash_bucket
INS_98EA45BB558A,5c232ea282be1046,CIRCULAR_VRP,small,LOC_487C12AA952A,Jind,HR,11,3,TRK_017DA12B162E|TRK_A997FC00E0CF|TRK_8C037A0ADC54,31430.0,94920.0,63060.0,True,True,False,True,"{""circular_bonus"": -1.1, ""distance_km"": 1.0, ""empty_km"": 0.85, ""fuel_inr"": 0.01, ""risk"": 12.0, ""time_min"": 0.35, ""toll_inr"": 0.01}",CST_48011250D4FB,SCN_BASELINE,g1,False,144,train,20260903,v0.1,hash_bucket
INS_B194427ED8D6,2c505bb858e16d4b,VRPTW,small,LOC_443EF0FB4E8C,Etawah,UP,10,3,TRK_017DA12B162E|TRK_A997FC00E0CF|TRK_8C037A0ADC54,31430.0,94920.0,60930.0,True,True,False,False,"{""circular_bonus"": -1.1, ""distance_km"": 1.0, ""empty_km"": 0.85, ""fuel_inr"": 0.01, ""risk"": 12.0, ""time_min"": 0.35, ""toll_inr"": 0.01}",CST_48011250D4FB,SCN_BASELINE,g1,False,121,train,20260903,v0.1,hash_bucket
INS_003AB8D52886,38d38f5708bf4652,PDP,small,LOC_E96863625035,Shahdara,DL,8,9,TRK_017DA12B162E|TRK_A997FC00E0CF|TRK_8C037A0ADC54|TRK_EEB1DE456EE4|TRK_BCC966E673C0|TRK_B6CE07A71D80|TRK_5564246F7906|TRK_5136065E98CA|TRK_E260AFDFB21B,29400.0,277210.0,240000.0,True,False,True,True,"{""circular_bonus"": -1.1, ""distance_km"": 1.0, ""empty_km"": 0.85, ""fuel_inr"": 0.01, ""risk"": 12.0, ""time_min"": 0.35, ""toll_inr"": 0.01}",CST_48011250D4FB,SCN_BASELINE,g1,False,81,validation,20260903,v0.1,hash_bucket
INS_B3B6D1F8E14F,791da0f15b4f9601,CIRCULAR_VRP,small,LOC_5242BE7C01CE,Rewari,HR,10,5,TRK_017DA12B162E|TRK_A997FC00E0CF|TRK_8C037A0ADC54|TRK_EEB1DE456EE4|TRK_BCC966E673C0,30750.0,156920.0,111690.0,True,True,False,True,"{""circular_bonus"": -1.1, ""distance_km"": 1.0, ""empty_km"": 0.85, ""fuel_inr"": 0.01, ""risk"": 12.0, ""time_min"": 0.35, ""toll_inr"": 0.01}",CST_48011250D4FB,SCN_BASELINE,g1,False,121,train,20260903,v0.1,hash_bucket
INS_6C1F287118C1,5fe5f3e295d24497,CIRCULAR_VRP,small,LOC_08710C80560B,Moga,PB,8,3,TRK_017DA12B162E|TRK_A997FC00E0CF|TRK_8C037A0ADC54,31430.0,94920.0,62030.0,True,True,False,True,"{""circular_bonus"": -1.1, ""distance_km"": 1.0, ""empty_km"": 0.85, ""fuel_inr"": 0.01, ""risk"": 12.0, ""time_min"": 0.35, ""toll_inr"": 0.01}",CST_48011250D4FB,SCN_BASELINE,g1,False,81,train,20260903,v0.1,hash_bucket
INS_B166AD070111,68eb39b043d66786,CIRCULAR_VRP,large,LOC_B39E76DCD93F,Nuh,HR,33,11,TRK_017DA12B162E|TRK_A997FC00E0CF|TRK_8C037A0ADC54|TRK_EEB1DE456EE4|TRK_BCC966E673C0|TRK_B6CE07A71D80|TRK_5564246F7906|TRK_5136065E98CA|TRK_E260AFDFB21B|TRK_E9C76BCDE1E1|TRK_FB045E9F7F61,28890.0,335050.0,278870.0,True,True,False,True,"{""circular_bonus"": -1.1, ""distance_km"": 1.0, ""empty_km"": 0.85, ""fuel_inr"": 0.01, ""risk"": 12.0, ""time_min"": 0.35, ""toll_inr"": 0.01}",CST_48011250D4FB,SCN_BASELINE,g1,False,1156,train,20260903,v0.1,hash_bucket
INS_3875F7E070A1,d1f76eff6c84af6c,CVRP,small,LOC_FEFD9351973D,Bathinda,PB,11,7,TRK_017DA12B162E|TRK_A997FC00E0CF|TRK_8C037A0ADC54|TRK_EEB1DE456EE4|TRK_BCC966E673C0|TRK_B6CE07A71D80|TRK_5564246F7906,30530.0,218040.0,160440.0,True,False,False,False,"{""circular_bonus"": -1.1, ""distance_km"": 1.0, ""empty_km"": 0.85, ""fuel_inr"": 0.01, ""risk"": 12.0, ""time_min"": 0.35, ""toll_inr"": 0.01}",CST_48011250D4FB,SCN_BASELINE,g1,False,144,test,20260903,v0.1,holdout_district
INS_E8668D8E9155,dad30181eceb30f7,PDP,small,LOC_AA53E75D54A9,Etah,UP,11,5,TRK_017DA12B162E|TRK_A997FC00E0CF|TRK_8C037A0ADC54|TRK_EEB1DE456EE4|TRK_BCC966E673C0,30750.0,156920.0,107660.0,True,True,True,True,"{""circular_bonus"": -1.1, ""distance_km"": 1.0, ""empty_km"": 0.85, ""fuel_inr"": 0.01, ""risk"": 12.0, ""time_min"": 0.35, ""toll_inr"": 0.01}",CST_48011250D4FB,SCN_BASELINE,g1,False,144,train,20260903,v0.1,hash_bucket
INS_C7DCC8C2BA8F,e3595bc89a139953,PDP,medium,LOC_CF065FE8EBAB,Gautam Buddha Nagar,UP,18,14,TRK_017DA12B162E|TRK_A997FC00E0CF|TRK_8C037A0ADC54|TRK_EEB1DE456EE4|TRK_BCC966E673C0|TRK_B6CE07A71D80|TRK_5564246F7906|TRK_5136065E98CA|TRK_E260AFDFB21B|TRK_E9C76BCDE1E1|TRK_FB045E9F7F61|TRK_B7FB75BB3E0A|TRK_4A05F6B9B509|TRK_1C8C798F44C5,27990.0,420460.0,386750.0,True,True,True,False,"{""circular_bonus"": -1.1, ""distance_km"": 1.0, ""empty_km"": 0.85, ""fuel_inr"": 0.01, ""risk"": 12.0, ""time_min"": 0.35, ""toll_inr"": 0.01}",CST_48011250D4FB,SCN_BASELINE,g1,False,361,train,20260903,v0.1,hash_bucket
INS_779109E34AE4,df3d3f70335fdda8,CVRP,medium,LOC_DA9770705B86,South West Delhi,DL,18,16,TRK_017DA12B162E|TRK_A997FC00E0CF|TRK_8C037A0ADC54|TRK_EEB1DE456EE4|TRK_BCC966E673C0|TRK_B6CE07A71D80|TRK_5564246F7906|TRK_5136065E98CA|TRK_E260AFDFB21B|TRK_E9C76BCDE1E1|TRK_FB045E9F7F61|TRK_B7FB75BB3E0A|TRK_4A05F6B9B509|TRK_1C8C798F44C5|TRK_8DC7FD5FF93A|TRK_7A91F5198B53,27170.0,475340.0,432240.0,True,False,False,False,"{""circular_bonus"": -1.1, ""distance_km"": 1.0, ""empty_km"": 0.85, ""fuel_inr"": 0.01, ""risk"": 12.0, ""time_min"": 0.35, ""toll_inr"": 0.01}",CST_48011250D4FB,SCN_BASELINE,g1,False,361,validation,20260903,v0.1,hash_bucket
INS_7C833D7F1BCD,ac20a62fbdecce00,CIRCULAR_VRP,small,LOC_C58F1767A842,Barnala,PB,10,5,TRK_017DA12B162E|TRK_A997FC00E0CF|TRK_8C037A0ADC54|TRK_EEB1DE456EE4|TRK_BCC966E673C0,30750.0,156920.0,95320.0,True,False,False,True,"{""circular_bonus"": -1.1, ""distance_km"": 1.0, ""empty_km"": 0.85, ""fuel_inr"": 0.01, ""risk"": 12.0, ""time_min"": 0.35, ""toll_inr"": 0.01}",CST_48011250D4FB,SCN_BASELINE,g1,False,121,test,20260903,v0.1,hash_bucket
INS_E0975EFB54CC,6b6ce4794cd7db53,PDP,medium,LOC_0F3D188854D6,Amroha,UP,26,8,TRK_017DA12B162E|TRK_A997FC00E0CF|TRK_8C037A0ADC54|TRK_EEB1DE456EE4|TRK_BCC966E673C0|TRK_B6CE07A71D80|TRK_5564246F7906|TRK_5136065E98CA,29770.0,247810.0,207370.0,True,True,True,False,"{""circular_bonus"": -1.1, ""distance_km"": 1.0, ""empty_km"": 0.85, ""fuel_inr"": 0.01, ""risk"": 12.0, ""time_min"": 0.35, ""toll_inr"": 0.01}",CST_48011250D4FB,SCN_BASELINE,g1,False,729,train,20260903,v0.1,hash_bucket
INS_C89AAB076132,d0170f18ff543a98,CIRCULAR_VRP,large,LOC_B39E76DCD93F,Nuh,HR,53,12,TRK_017DA12B162E|TRK_A997FC00E0CF|TRK_8C037A0ADC54|TRK_EEB1DE456EE4|TRK_BCC966E673C0|TRK_B6CE07A71D80|TRK_5564246F7906|TRK_5136065E98CA|TRK_E260AFDFB21B|TRK_E9C76BCDE1E1|TRK_FB045E9F7F61|TRK_B7FB75BB3E0A,28840.0,363890.0,309150.0,True,False,False,True,"{""circular_bonus"": -1.1, ""distance_km"": 1.0, ""empty_km"": 0.85, ""fuel_inr"": 0.01, ""risk"": 12.0, ""time_min"": 0.35, ""toll_inr"": 0.01}",CST_48011250D4FB,SCN_BASELINE,g1,False,2916,train,20260903,v0.1,hash_bucket
INS_0A20BC72C354,5c51b074ff9e5103,PDP,medium,LOC_B890897F9CCC,Kapurthala,PB,19,8,TRK_017DA12B162E|TRK_A997FC00E0CF|TRK_8C037A0ADC54|TRK_EEB1DE456EE4|TRK_BCC966E673C0|TRK_B6CE07A71D80|TRK_5564246F7906|TRK_5136065E98CA,29770.0,247810.0,194890.0,True,True,True,False,"{""circular_bonus"": -1.1, ""distance_km"": 1.0, ""empty_km"": 0.85, ""fuel_inr"": 0.01, ""risk"": 12.0, ""time_min"": 0.35, ""toll_inr"": 0.01}",CST_48011250D4FB,SCN_BASELINE,g1,False,400,train,20260903,v0.1,hash_bucket
INS_3E132E107A02,01a42044cd08e850,CIRCULAR_VRP,small,LOC_EC1D3E4138DF,Amritsar,PB,8,3,TRK_017DA12B162E|TRK_A997FC00E0CF|TRK_8C037A0ADC54,31430.0,94920.0,63390.0,True,True,False,True,"{""circular_bonus"": -1.1, ""distance_km"": 1.0, ""empty_km"": 0.85, ""fuel_inr"": 0.01, ""risk"": 12.0, ""time_min"": 0.35, ""toll_inr"": 0.01}",CST_48011250D4FB,SCN_BASELINE,g1,False,81,train,20260903,v0.1,hash_bucket
INS_E88C2433410E,f7e389a951176406,PDP,medium,LOC_2275B2D35F85,Palwal,HR,24,9,TRK_017DA12B162E|TRK_A997FC00E0CF|TRK_8C037A0ADC54|TRK_EEB1DE456EE4|TRK_BCC966E673C0|TRK_B6CE07A71D80|TRK_5564246F7906|TRK_5136065E98CA|TRK_E260AFDFB21B,29400.0,277210.0,234060.0,True,True,True,False,"{""circular_bonus"": -1.1, ""distance_km"": 1.0, ""empty_km"": 0.85, ""fuel_inr"": 0.01, ""risk"": 12.0, ""time_min"": 0.35, ""toll_inr"": 0.01}",CST_48011250D4FB,SCN_BASELINE,g1,False,625,test,20260903,v0.1,hash_bucket
INS_83C339471923,2aa68a98374f7bcd,PDP,medium,LOC_B56ABDBA32E2,Aligarh,UP,15,7,TRK_017DA12B162E|TRK_A997FC00E0CF|TRK_8C037A0ADC54|TRK_EEB1DE456EE4|TRK_BCC966E673C0|TRK_B6CE07A71D80|TRK_5564246F7906,30530.0,218040.0,185200.0,True,False,True,True,"{""circular_bonus"": -1.1, ""distance_km"": 1.0, ""empty_km"": 0.85, ""fuel_inr"": 0.01, ""risk"": 12.0, ""time_min"": 0.35, ""toll_inr"": 0.01}",CST_48011250D4FB,SCN_BASELINE,g1,False,256,train,20260903,v0.1,hash_bucket
INS_D2387D21E355,4c85b1f11ea4806d,CIRCULAR_VRP,small,LOC_4A5F46E3AFB5,Sitapur,UP,8,3,TRK_017DA12B162E|TRK_A997FC00E0CF|TRK_8C037A0ADC54,31430.0,94920.0,53095.0,True,True,False,True,"{""circular_bonus"": -1.1, ""distance_km"": 1.0, ""empty_km"": 0.85, ""fuel_inr"": 0.01, ""risk"": 12.0, ""time_min"": 0.35, ""toll_inr"": 0.01}",CST_48011250D4FB,SCN_BASELINE,g1,False,81,train,20260903,v0.1,hash_bucket
INS_49B1E31B0DD8,1885b7dd9abbded7,CIRCULAR_VRP,medium,LOC_2B9C182E1BB7,Panchkula,HR,29,14,TRK_017DA12B162E|TRK_A997FC00E0CF|TRK_8C037A0ADC54|TRK_EEB1DE456EE4|TRK_BCC966E673C0|TRK_B6CE07A71D80|TRK_5564246F7906|TRK_5136065E98CA|TRK_E260AFDFB21B|TRK_E9C76BCDE1E1|TRK_FB045E9F7F61|TRK_B7FB75BB3E0A|TRK_4A05F6B9B509|TRK_1C8C798F44C5,27990.0,420460.0,391150.0,True,True,False,True,"{""circular_bonus"": -1.1, ""distance_km"": 1.0, ""empty_km"": 0.85, ""fuel_inr"": 0.01, ""risk"": 12.0, ""time_min"": 0.35, ""toll_inr"": 0.01}",CST_48011250D4FB,SCN_BASELINE,g1,False,900,train,20260903,v0.1,hash_bucket
INS_8A34151B26A5,658dbeecb51da0cf,VRPTW,medium,LOC_487C12AA952A,Jind,HR,24,10,TRK_017DA12B162E|TRK_A997FC00E0CF|TRK_8C037A0ADC54|TRK_EEB1DE456EE4|TRK_BCC966E673C0|TRK_B6CE07A71D80|TRK_5564246F7906|TRK_5136065E98CA|TRK_E260AFDFB21B|TRK_E9C76BCDE1E1,28950.0,306160.0,263450.0,True,True,False,False,"{""circular_bonus"": -1.1, ""distance_km"": 1.0, ""empty_km"": 0.85, ""fuel_inr"": 0.01, ""risk"": 12.0, ""time_min"": 0.35, ""toll_inr"": 0.01}",CST_48011250D4FB,SCN_BASELINE,g1,False,625,train,20260903,v0.1,hash_bucket
INS_E045E28704A7,aade6451cf5b35ac,CVRP,small,LOC_6C7E235EC96D,Nawanshahr,PB,8,3,TRK_017DA12B162E|TRK_A997FC00E0CF|TRK_8C037A0ADC54,31430.0,94920.0,48740.0,True,False,False,False,"{""circular_bonus"": -1.1, ""distance_km"": 1.0, ""empty_km"": 0.85, ""fuel_inr"": 0.01, ""risk"": 12.0, ""time_min"": 0.35, ""toll_inr"": 0.01}",CST_48011250D4FB,SCN_BASELINE,g1,False,81,train,20260903,v0.1,hash_bucket
INS_4D99B40593DC,febb39ff443b045c,CVRP,medium,LOC_63A998834201,North East Delhi,DL,11,8,TRK_017DA12B162E|TRK_A997FC00E0CF|TRK_8C037A0ADC54|TRK_EEB1DE456EE4|TRK_BCC966E673C0|TRK_B6CE07A71D80|TRK_5564246F7906|TRK_5136065E98CA,29770.0,247810.0,190980.0,True,False,False,False,"{""circular_bonus"": -1.1, ""distance_km"": 1.0, ""empty_km"": 0.85, ""fuel_inr"": 0.01, ""risk"": 12.0, ""time_min"": 0.35, ""toll_inr"": 0.01}",CST_48011250D4FB,SCN_BASELINE,g1,False,144,validation,20260903,v0.1,hash_bucket
INS_8AEE00744467,505292922952c480,CVRP,medium,LOC_ED9C60D04FC0,SAS Nagar,PB,22,13,TRK_017DA12B162E|TRK_A997FC00E0CF|TRK_8C037A0ADC54|TRK_EEB1DE456EE4|TRK_BCC966E673C0|TRK_B6CE07A71D80|TRK_5564246F7906|TRK_5136065E98CA|TRK_E260AFDFB21B|TRK_E9C76BCDE1E1|TRK_FB045E9F7F61|TRK_B7FB75BB3E0A|TRK_4A05F6B9B509,28580.0,392470.0,344430.0,True,False,False,False,"{""circular_bonus"": -1.1, ""distance_km"": 1.0, ""empty_km"": 0.85, ""fuel_inr"": 0.01, ""risk"": 12.0, ""time_min"": 0.35, ""toll_inr"": 0.01}",CST_48011250D4FB,SCN_BASELINE,g1,False,529,train,20260903,v0.1,hash_bucket
INS_8335405738CC,ef3215ad497c328b,PDP,small,LOC_487C12AA952A,Jind,HR,13,8,TRK_017DA12B162E|TRK_A997FC00E0CF|TRK_8C037A0ADC54|TRK_EEB1DE456EE4|TRK_BCC966E673C0|TRK_B6CE07A71D80|TRK_5564246F7906|TRK_5136065E98CA,29770.0,247810.0,196520.0,True,False,True,True,"{""circular_bonus"": -1.1, ""distance_km"": 1.0, ""empty_km"": 0.85, ""fuel_inr"": 0.01, ""risk"": 12.0, ""time_min"": 0.35, ""toll_inr"": 0.01}",CST_48011250D4FB,SCN_BASELINE,g1,False,196,train,20260903,v0.1,hash_bucket
INS_FF7BF97B987D,315cd1706a4f4e48,VRPTW,small,LOC_27273A6A3299,Shamli,UP,13,7,TRK_017DA12B162E|TRK_A997FC00E0CF|TRK_8C037A0ADC54|TRK_EEB1DE456EE4|TRK_BCC966E673C0|TRK_B6CE07A71D80|TRK_5564246F7906,30530.0,218040.0,178360.0,True,True,False,False,"{""circular_bonus"": -1.1, ""distance_km"": 1.0, ""empty_km"": 0.85, ""fuel_inr"": 0.01, ""risk"": 12.0, ""time_min"": 0.35, ""toll_inr"": 0.01}",CST_48011250D4FB,SCN_BASELINE,g1,False,196,train,20260903,v0.1,hash_bucket
INS_CA787109CFF6,124d24075ae30652,PDP,small,LOC_5775AEDC7A87,Kanpur Nagar,UP,10,8,TRK_8B0A48041C1C|TRK_4F95BDB0BA5A|TRK_CBC644EAB81E|TRK_A2930A44E92E|TRK_8F17F47DF021|TRK_7E9A026D4494|TRK_2913902A2DEE|TRK_4F6C0189023F,6420.0,81080.0,72010.0,True,False,True,False,"{""circular_bonus"": -1.1, ""distance_km"": 1.0, ""empty_km"": 0.85, ""fuel_inr"": 0.01, ""risk"": 12.0, ""time_min"": 0.35, ""toll_inr"": 0.01}",CST_48011250D4FB,SCN_BASELINE,g1,False,121,test,20260903,v0.1,hash_bucket
INS_626902900AEF,7600522dcc4b53b9,VRPTW,small,LOC_60C46A471111,Pilibhit,UP,10,6,TRK_017DA12B162E|TRK_A997FC00E0CF|TRK_8C037A0ADC54|TRK_EEB1DE456EE4|TRK_BCC966E673C0|TRK_B6CE07A71D80,30590.0,187510.0,143480.0,True,True,False,False,"{""circular_bonus"": -1.1, ""distance_km"": 1.0, ""empty_km"": 0.85, ""fuel_inr"": 0.01, ""risk"": 12.0, ""time_min"": 0.35, ""toll_inr"": 0.01}",CST_48011250D4FB,SCN_BASELINE,g1,False,121,train,20260903,v0.1,hash_bucket
INS_39D5169721D3,8b4af392e8a5e49c,CIRCULAR_VRP,large,LOC_C58F1767A842,Barnala,PB,31,9,TRK_017DA12B162E|TRK_A997FC00E0CF|TRK_8C037A0ADC54|TRK_EEB1DE456EE4|TRK_BCC966E673C0|TRK_B6CE07A71D80|TRK_5564246F7906|TRK_5136065E98CA|TRK_E260AFDFB21B,29400.0,277210.0,231325.0,True,True,False,True,"{""circular_bonus"": -1.1, ""distance_km"": 1.0, ""empty_km"": 0.85, ""fuel_inr"": 0.01, ""risk"": 12.0, ""time_min"": 0.35, ""toll_inr"": 0.01}",CST_48011250D4FB,SCN_BASELINE,g1,False,1024,train,20260903,v0.1,hash_bucket
INS_2842B03554EB,07a8abe909c117cc,PDP,medium,LOC_8F3BDE96C1C3,Rampur,UP,20,7,TRK_017DA12B162E|TRK_A997FC00E0CF|TRK_8C037A0ADC54|TRK_EEB1DE456EE4|TRK_BCC966E673C0|TRK_B6CE07A71D80|TRK_5564246F7906,30530.0,218040.0,157890.0,True,True,True,True,"{""circular_bonus"": -1.1, ""distance_km"": 1.0, ""empty_km"": 0.85, ""fuel_inr"": 0.01, ""risk"": 12.0, ""time_min"": 0.35, ""toll_inr"": 0.01}",CST_48011250D4FB,SCN_BASELINE,g1,False,441,train,20260903,v0.1,hash_bucket
INS_D6ABD436E5AA,1ea20cba0e06bca9,VRPTW,large,LOC_9F3A877025DA,Shahjahanpur,UP,49,10,TRK_017DA12B162E|TRK_A997FC00E0CF|TRK_8C037A0ADC54|TRK_EEB1DE456EE4|TRK_BCC966E673C0|TRK_B6CE07A71D80|TRK_5564246F7906|TRK_5136065E98CA|TRK_E260AFDFB21B|TRK_E9C76BCDE1E1,28950.0,306160.0,251850.0,True,True,False,False,"{""circular_bonus"": -1.1, ""distance_km"": 1.0, ""empty_km"": 0.85, ""fuel_inr"": 0.01, ""risk"": 12.0, ""time_min"": 0.35, ""toll_inr"": 0.01}",CST_48011250D4FB,SCN_BASELINE,g1,False,2500,train,20260903,v0.1,hash_bucket
INS_7E49A8AD33C4,fddc47771bdff4bb,VRPTW,large,LOC_21F591BF08EC,West Delhi,DL,4,8,TRK_D5734C94CA97|TRK_0DB792D95BC8|TRK_CE161697CB0F|TRK_B4E942FB3E8F|TRK_547C0929AFCE|TRK_3D378E8843DC|TRK_57C748EE92F0|TRK_38CCD92D5770,6550.0,95530.0,83560.0,True,True,False,False,"{""circular_bonus"": -1.1, ""distance_km"": 1.0, ""empty_km"": 0.85, ""fuel_inr"": 0.01, ""risk"": 12.0, ""time_min"": 0.35, ""toll_inr"": 0.01}",CST_48011250D4FB,SCN_BASELINE,g1,False,25,train,20260903,v0.1,hash_bucket
INS_E974E0F43F7F,ae4d093c7245ef35,VRPTW,small,LOC_443EF0FB4E8C,Etawah,UP,10,3,TRK_017DA12B162E|TRK_A997FC00E0CF|TRK_8C037A0ADC54,31430.0,94920.0,57595.0,True,True,False,False,"{""circular_bonus"": -1.1, ""distance_km"": 1.0, ""empty_km"": 0.85, ""fuel_inr"": 0.01, ""risk"": 12.0, ""time_min"": 0.35, ""toll_inr"": 0.01}",CST_48011250D4FB,SCN_BASELINE,g1,False,121,train,20260903,v0.1,hash_bucket
INS_FEA34AD3FE6D,e0bb9bf74d4be74c,CIRCULAR_VRP,medium,LOC_CF065FE8EBAB,Gautam Buddha Nagar,UP,28,21,TRK_017DA12B162E|TRK_A997FC00E0CF|TRK_8C037A0ADC54|TRK_EEB1DE456EE4|TRK_BCC966E673C0|TRK_B6CE07A71D80|TRK_5564246F7906|TRK_5136065E98CA|TRK_E260AFDFB21B|TRK_E9C76BCDE1E1|TRK_FB045E9F7F61|TRK_B7FB75BB3E0A|TRK_4A05F6B9B509|TRK_1C8C798F44C5|TRK_8DC7FD5FF93A|TRK_7A91F5198B53|TRK_BEE1B756CA92|TRK_0331FB7CD37E|TRK_EEA8DB00B33D|TRK_3A519CFB8F0F|TRK_8C842CC0A407,25970.0,607600.0,569680.0,True,True,False,True,"{""circular_bonus"": -1.1, ""distance_km"": 1.0, ""empty_km"": 0.85, ""fuel_inr"": 0.01, ""risk"": 12.0, ""time_min"": 0.35, ""toll_inr"": 0.01}",CST_48011250D4FB,SCN_BASELINE,g1,False,841,train,20260903,v0.1,hash_bucket
INS_96CC97141063,df0c46cd24fd5996,PDP,medium,LOC_6042150B38E7,Rohtak,HR,17,10,TRK_017DA12B162E|TRK_A997FC00E0CF|TRK_8C037A0ADC54|TRK_EEB1DE456EE4|TRK_BCC966E673C0|TRK_B6CE07A71D80|TRK_5564246F7906|TRK_5136065E98CA|TRK_E260AFDFB21B|TRK_E9C76BCDE1E1,28950.0,306160.0,256000.0,True,False,True,True,"{""circular_bonus"": -1.1, ""distance_km"": 1.0, ""empty_km"": 0.85, ""fuel_inr"": 0.01, ""risk"": 12.0, ""time_min"": 0.35, ""toll_inr"": 0.01}",CST_48011250D4FB,SCN_BASELINE,g1,False,324,test,20260903,v0.1,hash_bucket
INS_8C7253822FA4,d74a86847b78ae3e,CIRCULAR_VRP,medium,LOC_7CE3D43FF63F,Ambala,HR,27,7,TRK_017DA12B162E|TRK_A997FC00E0CF|TRK_8C037A0ADC54|TRK_EEB1DE456EE4|TRK_BCC966E673C0|TRK_B6CE07A71D80|TRK_5564246F7906,30530.0,218040.0,158950.0,True,True,False,True,"{""circular_bonus"": -1.1, ""distance_km"": 1.0, ""empty_km"": 0.85, ""fuel_inr"": 0.01, ""risk"": 12.0, ""time_min"": 0.35, ""toll_inr"": 0.01}",CST_48011250D4FB,SCN_BASELINE,g1,False,784,train,20260903,v0.1,hash_bucket
INS_D41DB09DAB25,07716bd5792c2915,VRPTW,small,LOC_5242BE7C01CE,Rewari,HR,8,4,TRK_017DA12B162E|TRK_A997FC00E0CF|TRK_8C037A0ADC54|TRK_EEB1DE456EE4,31250.0,126170.0,86530.0,True,True,False,False,"{""circular_bonus"": -1.1, ""distance_km"": 1.0, ""empty_km"": 0.85, ""fuel_inr"": 0.01, ""risk"": 12.0, ""time_min"": 0.35, ""toll_inr"": 0.01}",CST_48011250D4FB,SCN_BASELINE,g1,False,81,train,20260903,v0.1,hash_bucket
INS_51C4B617C8C2,3cc4777cb91ad4ba,PDP,small,LOC_4A5F46E3AFB5,Sitapur,UP,13,6,TRK_017DA12B162E|TRK_A997FC00E0CF|TRK_8C037A0ADC54|TRK_EEB1DE456EE4|TRK_BCC966E673C0|TRK_B6CE07A71D80,30590.0,187510.0,130090.0,True,False,True,True,"{""circular_bonus"": -1.1, ""distance_km"": 1.0, ""empty_km"": 0.85, ""fuel_inr"": 0.01, ""risk"": 12.0, ""time_min"": 0.35, ""toll_inr"": 0.01}",CST_48011250D4FB,SCN_BASELINE,g1,False,196,train,20260903,v0.1,hash_bucket
INS_B335973368F9,9eb3d50e0e7a37ba,CVRP,medium,LOC_796345940EEC,Budaun,UP,30,9,TRK_017DA12B162E|TRK_A997FC00E0CF|TRK_8C037A0ADC54|TRK_EEB1DE456EE4|TRK_BCC966E673C0|TRK_B6CE07A71D80|TRK_5564246F7906|TRK_5136065E98CA|TRK_E260AFDFB21B,29400.0,277210.0,243980.0,True,False,False,False,"{""circular_bonus"": -1.1, ""distance_km"": 1.0, ""empty_km"": 0.85, ""fuel_inr"": 0.01, ""risk"": 12.0, ""time_min"": 0.35, ""toll_inr"": 0.01}",CST_48011250D4FB,SCN_BASELINE,g1,False,961,train,20260903,v0.1,hash_bucket
INS_77956B9D3CF3,7afd61fb658cf4c2,PDP,small,LOC_4A5F46E3AFB5,Sitapur,UP,8,3,TRK_017DA12B162E|TRK_A997FC00E0CF|TRK_8C037A0ADC54,31430.0,94920.0,57770.0,True,True,True,True,"{""circular_bonus"": -1.1, ""distance_km"": 1.0, ""empty_km"": 0.85, ""fuel_inr"": 0.01, ""risk"": 12.0, ""time_min"": 0.35, ""toll_inr"": 0.01}",CST_48011250D4FB,SCN_BASELINE,g1,False,81,train,20260903,v0.1,hash_bucket
INS_3C69003D1A2E,626b16c8ca69613b,CIRCULAR_VRP,small,LOC_8EAD4661AFB9,Jhajjar,HR,12,5,TRK_2A2A3F44FD68|TRK_DF02CF5283B1|TRK_6F9F028D03FA|TRK_16E5A4F3E8DF|TRK_536C1B2DE910,6340.0,52980.0,41700.0,True,True,False,True,"{""circular_bonus"": -1.1, ""distance_km"": 1.0, ""empty_km"": 0.85, ""fuel_inr"": 0.01, ""risk"": 12.0, ""time_min"": 0.35, ""toll_inr"": 0.01}",CST_48011250D4FB,SCN_BASELINE,g1,False,169,train,20260903,v0.1,hash_bucket
INS_9F0DCF0555E7,908301732659ac92,CIRCULAR_VRP,medium,LOC_2ECE587EC515,Hardoi,UP,26,13,TRK_017DA12B162E|TRK_A997FC00E0CF|TRK_8C037A0ADC54|TRK_EEB1DE456EE4|TRK_BCC966E673C0|TRK_B6CE07A71D80|TRK_5564246F7906|TRK_5136065E98CA|TRK_E260AFDFB21B|TRK_E9C76BCDE1E1|TRK_FB045E9F7F61|TRK_B7FB75BB3E0A|TRK_4A05F6B9B509,28580.0,392470.0,347420.0,True,True,False,True,"{""circular_bonus"": -1.1, ""distance_km"": 1.0, ""empty_km"": 0.85, ""fuel_inr"": 0.01, ""risk"": 12.0, ""time_min"": 0.35, ""toll_inr"": 0.01}",CST_48011250D4FB,SCN_BASELINE,g1,False,729,train,20260903,v0.1,hash_bucket
INS_D73C6E6DBDF2,fac0570618c29aec,CIRCULAR_VRP,small,LOC_DD4D9C55D7BB,Fatehgarh Sahib,PB,12,4,TRK_106A24329287|TRK_403E348EEBE4|TRK_BDD154F2E697|TRK_F7A44017FF44,1950.0,47910.0,44140.0,True,False,False,True,"{""circular_bonus"": -1.1, ""distance_km"": 1.0, ""empty_km"": 0.85, ""fuel_inr"": 0.01, ""risk"": 12.0, ""time_min"": 0.35, ""toll_inr"": 0.01}",CST_48011250D4FB,SCN_BASELINE,g1,False,169,validation,20260903,v0.1,hash_bucket
INS_F3A54A3EA9D5,29022897f4687025,PDP,large,LOC_91BA4A3395D5,Sirsa,HR,41,12,TRK_017DA12B162E|TRK_A997FC00E0CF|TRK_8C037A0ADC54|TRK_EEB1DE456EE4|TRK_BCC966E673C0|TRK_B6CE07A71D80|TRK_5564246F7906|TRK_5136065E98CA|TRK_E260AFDFB21B|TRK_E9C76BCDE1E1|TRK_FB045E9F7F61|TRK_B7FB75BB3E0A,28840.0,363890.0,323510.0,True,True,True,True,"{""circular_bonus"": -1.1, ""distance_km"": 1.0, ""empty_km"": 0.85, ""fuel_inr"": 0.01, ""risk"": 12.0, ""time_min"": 0.35, ""toll_inr"": 0.01}",CST_48011250D4FB,SCN_BASELINE,g1,False,1764,train,20260903,v0.1,hash_bucket
INS_C743A9FC8526,f4b2c8ed29b3da96,PDP,small,LOC_2ADFB4EFDB06,Kaithal,HR,8,3,TRK_017DA12B162E|TRK_A997FC00E0CF|TRK_8C037A0ADC54,31430.0,94920.0,59830.0,True,True,True,True,"{""circular_bonus"": -1.1, ""distance_km"": 1.0, ""empty_km"": 0.85, ""fuel_inr"": 0.01, ""risk"": 12.0, ""time_min"": 0.35, ""toll_inr"": 0.01}",CST_48011250D4FB,SCN_BASELINE,g1,False,81,validation,20260903,v0.1,hash_bucket
INS_5CBB59339A32,3c12bb3726353f9a,CVRP,small,LOC_2B9C182E1BB7,Panchkula,HR,14,5,TRK_017DA12B162E|TRK_A997FC00E0CF|TRK_8C037A0ADC54|TRK_EEB1DE456EE4|TRK_BCC966E673C0,30750.0,156920.0,124300.0,True,False,False,False,"{""circular_bonus"": -1.1, ""distance_km"": 1.0, ""empty_km"": 0.85, ""fuel_inr"": 0.01, ""risk"": 12.0, ""time_min"": 0.35, ""toll_inr"": 0.01}",CST_48011250D4FB,SCN_BASELINE,g1,False,225,train,20260903,v0.1,hash_bucket
INS_C25A91629AED,686e91e84974208f,CIRCULAR_VRP,small,LOC_841795218E67,Ghaziabad,UP,9,3,TRK_BF4524860146|TRK_E0816312C500|TRK_ABC633A3D528,16520.0,61470.0,44550.0,True,True,False,True,"{""circular_bonus"": -1.1, ""distance_km"": 1.0, ""empty_km"": 0.85, ""fuel_inr"": 0.01, ""risk"": 12.0, ""time_min"": 0.35, ""toll_inr"": 0.01}",CST_48011250D4FB,SCN_BASELINE,g1,False,100,train,20260903,v0.1,hash_bucket
INS_A933847091ED,b24d7932184fc9d0,VRPTW,large,LOC_F1EE6A62E5AA,Mahendragarh,HR,59,19,TRK_017DA12B162E|TRK_A997FC00E0CF|TRK_8C037A0ADC54|TRK_EEB1DE456EE4|TRK_BCC966E673C0|TRK_B6CE07A71D80|TRK_5564246F7906|TRK_5136065E98CA|TRK_E260AFDFB21B|TRK_E9C76BCDE1E1|TRK_FB045E9F7F61|TRK_B7FB75BB3E0A|TRK_4A05F6B9B509|TRK_1C8C798F44C5|TRK_8DC7FD5FF93A|TRK_7A91F5198B53|TRK_BEE1B756CA92|TRK_0331FB7CD37E|TRK_EEA8DB00B33D,26280.0,555400.0,513405.0,True,True,False,False,"{""circular_bonus"": -1.1, ""distance_km"": 1.0, ""empty_km"": 0.85, ""fuel_inr"": 0.01, ""risk"": 12.0, ""time_min"": 0.35, ""toll_inr"": 0.01}",CST_48011250D4FB,SCN_BASELINE,g1,False,3600,train,20260903,v0.1,hash_bucket
INS_2AD5D5CE30D0,79ad844b404569ee,CIRCULAR_VRP,small,LOC_CF065FE8EBAB,Gautam Buddha Nagar,UP,12,11,TRK_017DA12B162E|TRK_A997FC00E0CF|TRK_8C037A0ADC54|TRK_EEB1DE456EE4|TRK_BCC966E673C0|TRK_B6CE07A71D80|TRK_5564246F7906|TRK_5136065E98CA|TRK_E260AFDFB21B|TRK_E9C76BCDE1E1|TRK_FB045E9F7F61,28890.0,335050.0,289650.0,True,True,False,True,"{""circular_bonus"": -1.1, ""distance_km"": 1.0, ""empty_km"": 0.85, ""fuel_inr"": 0.01, ""risk"": 12.0, ""time_min"": 0.35, ""toll_inr"": 0.01}",CST_48011250D4FB,SCN_BASELINE,g1,False,169,train,20260903,v0.1,hash_bucket
INS_F3F972ED9EA1,f2041eb254bb8df5,PDP,small,LOC_61BECDCA1350,Central Delhi,DL,4,3,TRK_0331FB7CD37E|TRK_5116501BE0D5|TRK_05D6F43C6DC3,6010.0,45860.0,39620.0,True,False,True,True,"{""circular_bonus"": -1.1, ""distance_km"": 1.0, ""empty_km"": 0.85, ""fuel_inr"": 0.01, ""risk"": 12.0, ""time_min"": 0.35, ""toll_inr"": 0.01}",CST_48011250D4FB,SCN_BASELINE,g1,False,25,validation,20260903,v0.1,hash_bucket
INS_B326411B2B71,7ef50db8cbb5f7ae,CIRCULAR_VRP,small,LOC_B890897F9CCC,Kapurthala,PB,9,6,TRK_017DA12B162E|TRK_A997FC00E0CF|TRK_8C037A0ADC54|TRK_EEB1DE456EE4|TRK_BCC966E673C0|TRK_B6CE07A71D80,30590.0,187510.0,151560.0,True,True,False,True,"{""circular_bonus"": -1.1, ""distance_km"": 1.0, ""empty_km"": 0.85, ""fuel_inr"": 0.01, ""risk"": 12.0, ""time_min"": 0.35, ""toll_inr"": 0.01}",CST_48011250D4FB,SCN_BASELINE,g1,False,100,train,20260903,v0.1,hash_bucket
INS_F79C55874B27,678efdd1eab22c73,CIRCULAR_VRP,small,LOC_27273A6A3299,Shamli,UP,11,5,TRK_017DA12B162E|TRK_A997FC00E0CF|TRK_8C037A0ADC54|TRK_EEB1DE456EE4|TRK_BCC966E673C0,30750.0,156920.0,119300.0,True,False,False,True,"{""circular_bonus"": -1.1, ""distance_km"": 1.0, ""empty_km"": 0.85, ""fuel_inr"": 0.01, ""risk"": 12.0, ""time_min"": 0.35, ""toll_inr"": 0.01}",CST_48011250D4FB,SCN_BASELINE,g1,False,144,test,20260903,v0.1,hash_bucket
INS_F6D396C7E030,38d38f5708bf4652,PDP,medium,LOC_E96863625035,Shahdara,DL,8,9,TRK_017DA12B162E|TRK_A997FC00E0CF|TRK_8C037A0ADC54|TRK_EEB1DE456EE4|TRK_BCC966E673C0|TRK_B6CE07A71D80|TRK_5564246F7906|TRK_5136065E98CA|TRK_E260AFDFB21B,29400.0,277210.0,240000.0,True,False,True,True,"{""circular_bonus"": -1.1, ""distance_km"": 1.0, ""empty_km"": 0.85, ""fuel_inr"": 0.01, ""risk"": 12.0, ""time_min"": 0.35, ""toll_inr"": 0.01}",CST_48011250D4FB,SCN_BASELINE,g1,False,81,validation,20260903,v0.1,hash_bucket
INS_9896B6C718FE,a9cd2dce645e35ec,CIRCULAR_VRP,medium,LOC_C90487F88BAC,Muktsar,PB,30,9,TRK_017DA12B162E|TRK_A997FC00E0CF|TRK_8C037A0ADC54|TRK_EEB1DE456EE4|TRK_BCC966E673C0|TRK_B6CE07A71D80|TRK_5564246F7906|TRK_5136065E98CA|TRK_E260AFDFB21B,29400.0,277210.0,235480.0,True,True,False,True,"{""circular_bonus"": -1.1, ""distance_km"": 1.0, ""empty_km"": 0.85, ""fuel_inr"": 0.01, ""risk"": 12.0, ""time_min"": 0.35, ""toll_inr"": 0.01}",CST_48011250D4FB,SCN_BASELINE,g1,False,961,train,20260903,v0.1,hash_bucket
INS_A10CA6219140,1f4008c945be16d1,CVRP,medium,LOC_C58F1767A842,Barnala,PB,22,7,TRK_017DA12B162E|TRK_A997FC00E0CF|TRK_8C037A0ADC54|TRK_EEB1DE456EE4|TRK_BCC966E673C0|TRK_B6CE07A71D80|TRK_5564246F7906,30530.0,218040.0,166315.0,True,False,False,False,"{""circular_bonus"": -1.1, ""distance_km"": 1.0, ""empty_km"": 0.85, ""fuel_inr"": 0.01, ""risk"": 12.0, ""time_min"": 0.35, ""toll_inr"": 0.01}",CST_48011250D4FB,SCN_BASELINE,g1,False,529,train,20260903,v0.1,hash_bucket
INS_01DB586D8DF9,91c2b584db6d6302,VRPTW,small,LOC_60C46A471111,Pilibhit,UP,10,3,TRK_017DA12B162E|TRK_A997FC00E0CF|TRK_8C037A0ADC54,31430.0,94920.0,62220.0,True,True,False,False,"{""circular_bonus"": -1.1, ""distance_km"": 1.0, ""empty_km"": 0.85, ""fuel_inr"": 0.01, ""risk"": 12.0, ""time_min"": 0.35, ""toll_inr"": 0.01}",CST_48011250D4FB,SCN_BASELINE,g1,False,121,test,20260903,v0.1,hash_bucket
INS_44866FA9AFFF,d36b71f17d5e10c3,CVRP,small,LOC_8F3BDE96C1C3,Rampur,UP,14,4,TRK_017DA12B162E|TRK_A997FC00E0CF|TRK_8C037A0ADC54|TRK_EEB1DE456EE4,31250.0,126170.0,80220.0,True,False,False,False,"{""circular_bonus"": -1.1, ""distance_km"": 1.0, ""empty_km"": 0.85, ""fuel_inr"": 0.01, ""risk"": 12.0, ""time_min"": 0.35, ""toll_inr"": 0.01}",CST_48011250D4FB,SCN_BASELINE,g1,False,225,train,20260903,v0.1,hash_bucket
INS_4D5763D05157,ba11be544a1eb67f,CIRCULAR_VRP,medium,LOC_8EAD4661AFB9,Jhajjar,HR,18,5,TRK_017DA12B162E|TRK_A997FC00E0CF|TRK_8C037A0ADC54|TRK_EEB1DE456EE4|TRK_BCC966E673C0,30750.0,156920.0,117400.0,True,True,False,True,"{""circular_bonus"": -1.1, ""distance_km"": 1.0, ""empty_km"": 0.85, ""fuel_inr"": 0.01, ""risk"": 12.0, ""time_min"": 0.35, ""toll_inr"": 0.01}",CST_48011250D4FB,SCN_BASELINE,g1,False,361,test,20260903,v0.1,hash_bucket
INS_ECE8883EDD61,c44a745a968322e6,CIRCULAR_VRP,small,LOC_841795218E67,Ghaziabad,UP,14,7,TRK_BF4524860146|TRK_E0816312C500|TRK_ABC633A3D528|TRK_7CACB8009A8C|TRK_F0C91B5B2FC0|TRK_1A728EEE2A9E|TRK_FC69327D528A,10600.0,110790.0,90090.0,True,False,False,True,"{""circular_bonus"": -1.1, ""distance_km"": 1.0, ""empty_km"": 0.85, ""fuel_inr"": 0.01, ""risk"": 12.0, ""time_min"": 0.35, ""toll_inr"": 0.01}",CST_48011250D4FB,SCN_BASELINE,g1,False,225,train,20260903,v0.1,hash_bucket
INS_EFBF97638451,a6e964da310fdf32,VRPTW,small,LOC_B26DA7992E56,Prayagraj,UP,11,5,TRK_017DA12B162E|TRK_A997FC00E0CF|TRK_8C037A0ADC54|TRK_EEB1DE456EE4|TRK_BCC966E673C0,30750.0,156920.0,113140.0,True,True,False,False,"{""circular_bonus"": -1.1, ""distance_km"": 1.0, ""empty_km"": 0.85, ""fuel_inr"": 0.01, ""risk"": 12.0, ""time_min"": 0.35, ""toll_inr"": 0.01}",CST_48011250D4FB,SCN_BASELINE,g1,False,144,train,20260903,v0.1,hash_bucket
INS_F862DF43A917,ad38f6f6691b1ec2,VRPTW,medium,LOC_B26DA7992E56,Prayagraj,UP,19,5,TRK_017DA12B162E|TRK_A997FC00E0CF|TRK_8C037A0ADC54|TRK_EEB1DE456EE4|TRK_BCC966E673C0,30750.0,156920.0,119680.0,True,True,False,False,"{""circular_bonus"": -1.1, ""distance_km"": 1.0, ""empty_km"": 0.85, ""fuel_inr"": 0.01, ""risk"": 12.0, ""time_min"": 0.35, ""toll_inr"": 0.01}",CST_48011250D4FB,SCN_BASELINE,g1,False,400,train,20260903,v0.1,hash_bucket
INS_C65AD6E0D897,3232b50ac5f8d392,VRPTW,medium,LOC_BC48412E6B15,Sambhal,UP,20,7,TRK_017DA12B162E|TRK_A997FC00E0CF|TRK_8C037A0ADC54|TRK_EEB1DE456EE4|TRK_BCC966E673C0|TRK_B6CE07A71D80|TRK_5564246F7906,30530.0,218040.0,170820.0,True,True,False,False,"{""circular_bonus"": -1.1, ""distance_km"": 1.0, ""empty_km"": 0.85, ""fuel_inr"": 0.01, ""risk"": 12.0, ""time_min"": 0.35, ""toll_inr"": 0.01}",CST_48011250D4FB,SCN_BASELINE,g1,False,441,validation,20260903,v0.1,hash_bucket
INS_D6DED366B2E1,9a08b8e45b03f77b,CVRP,medium,LOC_B56ABDBA32E2,Aligarh,UP,19,7,TRK_017DA12B162E|TRK_A997FC00E0CF|TRK_8C037A0ADC54|TRK_EEB1DE456EE4|TRK_BCC966E673C0|TRK_B6CE07A71D80|TRK_5564246F7906,30530.0,218040.0,182655.0,True,False,False,False,"{""circular_bonus"": -1.1, ""distance_km"": 1.0, ""empty_km"": 0.85, ""fuel_inr"": 0.01, ""risk"": 12.0, ""time_min"": 0.35, ""toll_inr"": 0.01}",CST_48011250D4FB,SCN_BASELINE,g1,False,400,train,20260903,v0.1,hash_bucket
INS_275D9C3F4BC3,5650588c37d86221,PDP,medium,LOC_8F3BDE96C1C3,Rampur,UP,22,8,TRK_017DA12B162E|TRK_A997FC00E0CF|TRK_8C037A0ADC54|TRK_EEB1DE456EE4|TRK_BCC966E673C0|TRK_B6CE07A71D80|TRK_5564246F7906|TRK_5136065E98CA,29770.0,247810.0,205350.0,True,True,True,True,"{""circular_bonus"": -1.1, ""distance_km"": 1.0, ""empty_km"": 0.85, ""fuel_inr"": 0.01, ""risk"": 12.0, ""time_min"": 0.35, ""toll_inr"": 0.01}",CST_48011250D4FB,SCN_BASELINE,g1,False,529,test,20260903,v0.1,hash_bucket
INS_A8E1D9E5900E,febb39ff443b045c,CIRCULAR_VRP,medium,LOC_63A998834201,North East Delhi,DL,11,8,TRK_017DA12B162E|TRK_A997FC00E0CF|TRK_8C037A0ADC54|TRK_EEB1DE456EE4|TRK_BCC966E673C0|TRK_B6CE07A71D80|TRK_5564246F7906|TRK_5136065E98CA,29770.0,247810.0,190980.0,True,True,False,True,"{""circular_bonus"": -1.1, ""distance_km"": 1.0, ""empty_km"": 0.85, ""fuel_inr"": 0.01, ""risk"": 12.0, ""time_min"": 0.35, ""toll_inr"": 0.01}",CST_48011250D4FB,SCN_BASELINE,g1,False,144,validation,20260903,v0.1,hash_bucket
INS_3529602A90B7,009f7c28d1bde571,CIRCULAR_VRP,medium,LOC_E9EE964E8CFE,South Delhi,DL,8,9,TRK_017DA12B162E|TRK_A997FC00E0CF|TRK_8C037A0ADC54|TRK_EEB1DE456EE4|TRK_BCC966E673C0|TRK_B6CE07A71D80|TRK_5564246F7906|TRK_5136065E98CA|TRK_E260AFDFB21B,29400.0,277210.0,240000.0,True,False,False,True,"{""circular_bonus"": -1.1, ""distance_km"": 1.0, ""empty_km"": 0.85, ""fuel_inr"": 0.01, ""risk"": 12.0, ""time_min"": 0.35, ""toll_inr"": 0.01}",CST_48011250D4FB,SCN_BASELINE,g1,False,81,train,20260903,v0.1,hash_bucket
INS_73C4CC2A8E92,551d2ffcd4249b4a,CIRCULAR_VRP,small,LOC_B890897F9CCC,Kapurthala,PB,10,5,TRK_017DA12B162E|TRK_A997FC00E0CF|TRK_8C037A0ADC54|TRK_EEB1DE456EE4|TRK_BCC966E673C0,30750.0,156920.0,96545.0,True,True,False,True,"{""circular_bonus"": -1.1, ""distance_km"": 1.0, ""empty_km"": 0.85, ""fuel_inr"": 0.01, ""risk"": 12.0, ""time_min"": 0.35, ""toll_inr"": 0.01}",CST_48011250D4FB,SCN_BASELINE,g1,False,121,train,20260903,v0.1,hash_bucket
INS_D6CE7ED7861A,4edf97d54ae67f15,PDP,medium,LOC_B26DA7992E56,Prayagraj,UP,19,7,TRK_017DA12B162E|TRK_A997FC00E0CF|TRK_8C037A0ADC54|TRK_EEB1DE456EE4|TRK_BCC966E673C0|TRK_B6CE07A71D80|TRK_5564246F7906,30530.0,218040.0,177760.0,True,False,True,True,"{""circular_bonus"": -1.1, ""distance_km"": 1.0, ""empty_km"": 0.85, ""fuel_inr"": 0.01, ""risk"": 12.0, ""time_min"": 0.35, ""toll_inr"": 0.01}",CST_48011250D4FB,SCN_BASELINE,g1,False,400,test,20260903,v0.1,hash_bucket
INS_E26105DD2925,e5a565f6757d931d,CVRP,medium,LOC_796345940EEC,Budaun,UP,29,9,TRK_017DA12B162E|TRK_A997FC00E0CF|TRK_8C037A0ADC54|TRK_EEB1DE456EE4|TRK_BCC966E673C0|TRK_B6CE07A71D80|TRK_5564246F7906|TRK_5136065E98CA|TRK_E260AFDFB21B,29400.0,277210.0,239775.0,True,False,False,False,"{""circular_bonus"": -1.1, ""distance_km"": 1.0, ""empty_km"": 0.85, ""fuel_inr"": 0.01, ""risk"": 12.0, ""time_min"": 0.35, ""toll_inr"": 0.01}",CST_48011250D4FB,SCN_BASELINE,g1,False,900,train,20260903,v0.1,hash_bucket
INS_1B1CA297E5BA,c8272c356475aa91,PDP,medium,LOC_ED9C60D04FC0,SAS Nagar,PB,19,7,TRK_017DA12B162E|TRK_A997FC00E0CF|TRK_8C037A0ADC54|TRK_EEB1DE456EE4|TRK_BCC966E673C0|TRK_B6CE07A71D80|TRK_5564246F7906,30530.0,218040.0,158090.0,True,False,True,True,"{""circular_bonus"": -1.1, ""distance_km"": 1.0, ""empty_km"": 0.85, ""fuel_inr"": 0.01, ""risk"": 12.0, ""time_min"": 0.35, ""toll_inr"": 0.01}",CST_48011250D4FB,SCN_BASELINE,g1,False,400,train,20260903,v0.1,hash_bucket
INS_0261C120FD8A,960e849dd1f0da8e,VRPTW,small,LOC_6B9FA168B682,Firozabad,UP,11,6,TRK_017DA12B162E|TRK_A997FC00E0CF|TRK_8C037A0ADC54|TRK_EEB1DE456EE4|TRK_BCC966E673C0|TRK_B6CE07A71D80,30590.0,187510.0,128920.0,True,True,False,False,"{""circular_bonus"": -1.1, ""distance_km"": 1.0, ""empty_km"": 0.85, ""fuel_inr"": 0.01, ""risk"": 12.0, ""time_min"": 0.35, ""toll_inr"": 0.01}",CST_48011250D4FB,SCN_BASELINE,g1,False,144,train,20260903,v0.1,hash_bucket
INS_4BA0BFFE047C,a2f521930d17203e,PDP,small,LOC_B01B9CC74597,Saharanpur,UP,12,5,TRK_017DA12B162E|TRK_A997FC00E0CF|TRK_8C037A0ADC54|TRK_EEB1DE456EE4|TRK_BCC966E673C0,30750.0,156920.0,119230.0,True,True,True,True,"{""circular_bonus"": -1.1, ""distance_km"": 1.0, ""empty_km"": 0.85, ""fuel_inr"": 0.01, ""risk"": 12.0, ""time_min"": 0.35, ""toll_inr"": 0.01}",CST_48011250D4FB,SCN_BASELINE,g1,False,169,test,20260903,v0.1,hash_bucket
INS_FF3F9D24BB2B,e7737cdc6431464f,CIRCULAR_VRP,medium,LOC_B6370F731EEC,Lucknow,UP,27,19,TRK_017DA12B162E|TRK_A997FC00E0CF|TRK_8C037A0ADC54|TRK_EEB1DE456EE4|TRK_BCC966E673C0|TRK_B6CE07A71D80|TRK_5564246F7906|TRK_5136065E98CA|TRK_E260AFDFB21B|TRK_E9C76BCDE1E1|TRK_FB045E9F7F61|TRK_B7FB75BB3E0A|TRK_4A05F6B9B509|TRK_1C8C798F44C5|TRK_8DC7FD5FF93A|TRK_7A91F5198B53|TRK_BEE1B756CA92|TRK_0331FB7CD37E|TRK_EEA8DB00B33D,26280.0,555400.0,503660.0,True,True,False,True,"{""circular_bonus"": -1.1, ""distance_km"": 1.0, ""empty_km"": 0.85, ""fuel_inr"": 0.01, ""risk"": 12.0, ""time_min"": 0.35, ""toll_inr"": 0.01}",CST_48011250D4FB,SCN_BASELINE,g1,False,784,validation,20260903,v0.1,hash_bucket
INS_9306520F5D55,c4367809508957b8,CIRCULAR_VRP,small,LOC_FF96333A5510,North West Delhi,DL,13,12,TRK_017DA12B162E|TRK_A997FC00E0CF|TRK_8C037A0ADC54|TRK_EEB1DE456EE4|TRK_BCC966E673C0|TRK_B6CE07A71D80|TRK_5564246F7906|TRK_5136065E98CA|TRK_E260AFDFB21B|TRK_E9C76BCDE1E1|TRK_FB045E9F7F61|TRK_B7FB75BB3E0A,28840.0,363890.0,331880.0,True,True,False,True,"{""circular_bonus"": -1.1, ""distance_km"": 1.0, ""empty_km"": 0.85, ""fuel_inr"": 0.01, ""risk"": 12.0, ""time_min"": 0.35, ""toll_inr"": 0.01}",CST_48011250D4FB,SCN_BASELINE,g1,False,196,validation,20260903,v0.1,hash_bucket
INS_3ED087631CC9,496475db1b05cebb,CIRCULAR_VRP,medium,LOC_11A4C40B0A4F,Yamunanagar,HR,16,6,TRK_017DA12B162E|TRK_A997FC00E0CF|TRK_8C037A0ADC54|TRK_EEB1DE456EE4|TRK_BCC966E673C0|TRK_B6CE07A71D80,30590.0,187510.0,146510.0,True,False,False,True,"{""circular_bonus"": -1.1, ""distance_km"": 1.0, ""empty_km"": 0.85, ""fuel_inr"": 0.01, ""risk"": 12.0, ""time_min"": 0.35, ""toll_inr"": 0.01}",CST_48011250D4FB,SCN_BASELINE,g1,False,289,train,20260903,v0.1,hash_bucket
INS_0E9ECB184F83,6756eeef40158101,PDP,small,LOC_F1EE6A62E5AA,Mahendragarh,HR,14,4,TRK_017DA12B162E|TRK_A997FC00E0CF|TRK_8C037A0ADC54|TRK_EEB1DE456EE4,31250.0,126170.0,81165.0,True,True,True,True,"{""circular_bonus"": -1.1, ""distance_km"": 1.0, ""empty_km"": 0.85, ""fuel_inr"": 0.01, ""risk"": 12.0, ""time_min"": 0.35, ""toll_inr"": 0.01}",CST_48011250D4FB,SCN_BASELINE,g1,False,225,validation,20260903,v0.1,hash_bucket
INS_70000DEC392B,dd03e4606a1a8451,CVRP,small,LOC_C58F1767A842,Barnala,PB,8,3,TRK_017DA12B162E|TRK_A997FC00E0CF|TRK_8C037A0ADC54,31430.0,94920.0,42270.0,True,False,False,False,"{""circular_bonus"": -1.1, ""distance_km"": 1.0, ""empty_km"": 0.85, ""fuel_inr"": 0.01, ""risk"": 12.0, ""time_min"": 0.35, ""toll_inr"": 0.01}",CST_48011250D4FB,SCN_BASELINE,g1,False,81,train,20260903,v0.1,hash_bucket
INS_1CD13E8CC493,0912e046448cbda4,CIRCULAR_VRP,small,LOC_BC48412E6B15,Sambhal,UP,14,8,TRK_017DA12B162E|TRK_A997FC00E0CF|TRK_8C037A0ADC54|TRK_EEB1DE456EE4|TRK_BCC966E673C0|TRK_B6CE07A71D80|TRK_5564246F7906|TRK_5136065E98CA,29770.0,247810.0,198850.0,True,True,False,True,"{""circular_bonus"": -1.1, ""distance_km"": 1.0, ""empty_km"": 0.85, ""fuel_inr"": 0.01, ""risk"": 12.0, ""time_min"": 0.35, ""toll_inr"": 0.01}",CST_48011250D4FB,SCN_BASELINE,g1,False,225,train,20260903,v0.1,hash_bucket
INS_3B4C974B5E57,7ffe12d83981017e,VRPTW,large,LOC_B9CDAEAD5C72,Mainpuri,UP,35,10,TRK_017DA12B162E|TRK_A997FC00E0CF|TRK_8C037A0ADC54|TRK_EEB1DE456EE4|TRK_BCC966E673C0|TRK_B6CE07A71D80|TRK_5564246F7906|TRK_5136065E98CA|TRK_E260AFDFB21B|TRK_E9C76BCDE1E1,28950.0,306160.0,272210.0,True,True,False,False,"{""circular_bonus"": -1.1, ""distance_km"": 1.0, ""empty_km"": 0.85, ""fuel_inr"": 0.01, ""risk"": 12.0, ""time_min"": 0.35, ""toll_inr"": 0.01}",CST_48011250D4FB,SCN_BASELINE,g1,False,1296,test,20260903,v0.1,hash_bucket
INS_5DF5BBDD2D78,009f7c28d1bde571,CIRCULAR_VRP,small,LOC_E9EE964E8CFE,South Delhi,DL,8,9,TRK_017DA12B162E|TRK_A997FC00E0CF|TRK_8C037A0ADC54|TRK_EEB1DE456EE4|TRK_BCC966E673C0|TRK_B6CE07A71D80|TRK_5564246F7906|TRK_5136065E98CA|TRK_E260AFDFB21B,29400.0,277210.0,240000.0,True,True,False,True,"{""circular_bonus"": -1.1, ""distance_km"": 1.0, ""empty_km"": 0.85, ""fuel_inr"": 0.01, ""risk"": 12.0, ""time_min"": 0.35, ""toll_inr"": 0.01}",CST_48011250D4FB,SCN_BASELINE,g1,False,81,train,20260903,v0.1,hash_bucket
INS_03489D33486E,2bf7cb95c59520e2,PDP,small,LOC_0B27B307A77E,Panipat,HR,8,5,TRK_8C842CC0A407|TRK_644943417ABA|TRK_3DD0E9D4177C|TRK_529B47FB0E0C|TRK_9842EE7E4A7D,12250.0,95680.0,76420.0,True,True,True,False,"{""circular_bonus"": -1.1, ""distance_km"": 1.0, ""empty_km"": 0.85, ""fuel_inr"": 0.01, ""risk"": 12.0, ""time_min"": 0.35, ""toll_inr"": 0.01}",CST_48011250D4FB,SCN_BASELINE,g1,False,81,test,20260903,v0.1,hash_bucket
INS_F102600CE469,552804ec1e071e2c,CIRCULAR_VRP,large,LOC_190E748F376B,Barabanki,UP,40,12,TRK_017DA12B162E|TRK_A997FC00E0CF|TRK_8C037A0ADC54|TRK_EEB1DE456EE4|TRK_BCC966E673C0|TRK_B6CE07A71D80|TRK_5564246F7906|TRK_5136065E98CA|TRK_E260AFDFB21B|TRK_E9C76BCDE1E1|TRK_FB045E9F7F61|TRK_B7FB75BB3E0A,28840.0,363890.0,309485.0,True,False,False,True,"{""circular_bonus"": -1.1, ""distance_km"": 1.0, ""empty_km"": 0.85, ""fuel_inr"": 0.01, ""risk"": 12.0, ""time_min"": 0.35, ""toll_inr"": 0.01}",CST_48011250D4FB,SCN_BASELINE,g1,False,1681,test,20260903,v0.1,hash_bucket
INS_F335F3A4082A,f31336906b967a54,CIRCULAR_VRP,small,LOC_DD4D9C55D7BB,Fatehgarh Sahib,PB,11,5,TRK_017DA12B162E|TRK_A997FC00E0CF|TRK_8C037A0ADC54|TRK_EEB1DE456EE4|TRK_BCC966E673C0,30750.0,156920.0,99110.0,True,True,False,True,"{""circular_bonus"": -1.1, ""distance_km"": 1.0, ""empty_km"": 0.85, ""fuel_inr"": 0.01, ""risk"": 12.0, ""time_min"": 0.35, ""toll_inr"": 0.01}",CST_48011250D4FB,SCN_BASELINE,g1,False,144,train,20260903,v0.1,hash_bucket
INS_8453933B2BAA,6467c4ee5c68f256,VRPTW,medium,LOC_EBC017604691,Mathura,UP,20,6,TRK_017DA12B162E|TRK_A997FC00E0CF|TRK_8C037A0ADC54|TRK_EEB1DE456EE4|TRK_BCC966E673C0|TRK_B6CE07A71D80,30590.0,187510.0,142870.0,True,True,False,False,"{""circular_bonus"": -1.1, ""distance_km"": 1.0, ""empty_km"": 0.85, ""fuel_inr"": 0.01, ""risk"": 12.0, ""time_min"": 0.35, ""toll_inr"": 0.01}",CST_48011250D4FB,SCN_BASELINE,g1,False,441,train,20260903,v0.1,hash_bucket
INS_6E7A58431CA3,a4019ef5af3da74d,PDP,small,LOC_E71843C35AC6,Bijnor,UP,13,6,TRK_017DA12B162E|TRK_A997FC00E0CF|TRK_8C037A0ADC54|TRK_EEB1DE456EE4|TRK_BCC966E673C0|TRK_B6CE07A71D80,30590.0,187510.0,153150.0,True,True,True,False,"{""circular_bonus"": -1.1, ""distance_km"": 1.0, ""empty_km"": 0.85, ""fuel_inr"": 0.01, ""risk"": 12.0, ""time_min"": 0.35, ""toll_inr"": 0.01}",CST_48011250D4FB,SCN_BASELINE,g1,False,196,test,20260903,v0.1,hash_bucket
INS_BD96262141B0,01675bd1aad0ebcd,VRPTW,small,LOC_27273A6A3299,Shamli,UP,13,7,TRK_017DA12B162E|TRK_A997FC00E0CF|TRK_8C037A0ADC54|TRK_EEB1DE456EE4|TRK_BCC966E673C0|TRK_B6CE07A71D80|TRK_5564246F7906,30530.0,218040.0,177060.0,True,True,False,False,"{""circular_bonus"": -1.1, ""distance_km"": 1.0, ""empty_km"": 0.85, ""fuel_inr"": 0.01, ""risk"": 12.0, ""time_min"": 0.35, ""toll_inr"": 0.01}",CST_48011250D4FB,SCN_BASELINE,g1,False,196,train,20260903,v0.1,hash_bucket
INS_D5DA3976E1D8,fd0df83c82bedc15,CVRP,small,LOC_B26DA7992E56,Prayagraj,UP,12,4,TRK_017DA12B162E|TRK_A997FC00E0CF|TRK_8C037A0ADC54|TRK_EEB1DE456EE4,31250.0,126170.0,74590.0,True,False,False,False,"{""circular_bonus"": -1.1, ""distance_km"": 1.0, ""empty_km"": 0.85, ""fuel_inr"": 0.01, ""risk"": 12.0, ""time_min"": 0.35, ""toll_inr"": 0.01}",CST_48011250D4FB,SCN_BASELINE,g1,False,169,train,20260903,v0.1,hash_bucket
INS_E3AFFEFB864E,df3d3f70335fdda8,VRPTW,large,LOC_DA9770705B86,South West Delhi,DL,18,16,TRK_017DA12B162E|TRK_A997FC00E0CF|TRK_8C037A0ADC54|TRK_EEB1DE456EE4|TRK_BCC966E673C0|TRK_B6CE07A71D80|TRK_5564246F7906|TRK_5136065E98CA|TRK_E260AFDFB21B|TRK_E9C76BCDE1E1|TRK_FB045E9F7F61|TRK_B7FB75BB3E0A|TRK_4A05F6B9B509|TRK_1C8C798F44C5|TRK_8DC7FD5FF93A|TRK_7A91F5198B53,27170.0,475340.0,432240.0,True,True,False,False,"{""circular_bonus"": -1.1, ""distance_km"": 1.0, ""empty_km"": 0.85, ""fuel_inr"": 0.01, ""risk"": 12.0, ""time_min"": 0.35, ""toll_inr"": 0.01}",CST_48011250D4FB,SCN_BASELINE,g1,False,361,validation,20260903,v0.1,hash_bucket
INS_8DE1FCD58B91,04c4c137f548786f,CVRP,small,LOC_B26FC239E19A,North Delhi,DL,10,9,TRK_017DA12B162E|TRK_A997FC00E0CF|TRK_8C037A0ADC54|TRK_EEB1DE456EE4|TRK_BCC966E673C0|TRK_B6CE07A71D80|TRK_5564246F7906|TRK_5136065E98CA|TRK_E260AFDFB21B,29400.0,277210.0,233020.0,True,False,False,False,"{""circular_bonus"": -1.1, ""distance_km"": 1.0, ""empty_km"": 0.85, ""fuel_inr"": 0.01, ""risk"": 12.0, ""time_min"": 0.35, ""toll_inr"": 0.01}",CST_48011250D4FB,SCN_BASELINE,g1,False,121,train,20260903,v0.1,hash_bucket
INS_436A280CCD4B,427226ebf036fb80,CVRP,small,LOC_487C12AA952A,Jind,HR,12,4,TRK_017DA12B162E|TRK_A997FC00E0CF|TRK_8C037A0ADC54|TRK_EEB1DE456EE4,31250.0,126170.0,93010.0,True,False,False,False,"{""circular_bonus"": -1.1, ""distance_km"": 1.0, ""empty_km"": 0.85, ""fuel_inr"": 0.01, ""risk"": 12.0, ""time_min"": 0.35, ""toll_inr"": 0.01}",CST_48011250D4FB,SCN_BASELINE,g1,False,169,train,20260903,v0.1,hash_bucket
INS_BE85914EFB4C,9d34b7c34ad924c1,PDP,large,LOC_B26DA7992E56,Prayagraj,UP,45,16,TRK_017DA12B162E|TRK_A997FC00E0CF|TRK_8C037A0ADC54|TRK_EEB1DE456EE4|TRK_BCC966E673C0|TRK_B6CE07A71D80|TRK_5564246F7906|TRK_5136065E98CA|TRK_E260AFDFB21B|TRK_E9C76BCDE1E1|TRK_FB045E9F7F61|TRK_B7FB75BB3E0A|TRK_4A05F6B9B509|TRK_1C8C798F44C5|TRK_8DC7FD5FF93A|TRK_7A91F5198B53,27170.0,475340.0,430860.0,True,True,True,True,"{""circular_bonus"": -1.1, ""distance_km"": 1.0, ""empty_km"": 0.85, ""fuel_inr"": 0.01, ""risk"": 12.0, ""time_min"": 0.35, ""toll_inr"": 0.01}",CST_48011250D4FB,SCN_BASELINE,g1,False,2116,test,20260903,v0.1,hash_bucket
INS_89786EF6B97B,b0363c4bd1ff5ef3,PDP,large,LOC_36B5B5F31C8D,Varanasi,UP,55,21,TRK_017DA12B162E|TRK_A997FC00E0CF|TRK_8C037A0ADC54|TRK_EEB1DE456EE4|TRK_BCC966E673C0|TRK_B6CE07A71D80|TRK_5564246F7906|TRK_5136065E98CA|TRK_E260AFDFB21B|TRK_E9C76BCDE1E1|TRK_FB045E9F7F61|TRK_B7FB75BB3E0A|TRK_4A05F6B9B509|TRK_1C8C798F44C5|TRK_8DC7FD5FF93A|TRK_7A91F5198B53|TRK_BEE1B756CA92|TRK_0331FB7CD37E|TRK_EEA8DB00B33D|TRK_3A519CFB8F0F|TRK_8C842CC0A407,25970.0,607600.0,571090.0,True,True,True,True,"{""circular_bonus"": -1.1, ""distance_km"": 1.0, ""empty_km"": 0.85, ""fuel_inr"": 0.01, ""risk"": 12.0, ""time_min"": 0.35, ""toll_inr"": 0.01}",CST_48011250D4FB,SCN_BASELINE,g1,False,3136,validation,20260903,v0.1,hash_bucket
INS_F2B0550E5CF8,8474538794440e1d,CVRP,small,LOC_443EF0FB4E8C,Etawah,UP,12,7,TRK_B51DA48ACA2C|TRK_CCF8A8744231|TRK_A1CCB70BDA72|TRK_9143FC770BBE|TRK_9D1C16C6C6D2|TRK_153BCA0BA278|TRK_1E6E397FD04B,2360.0,39690.0,35555.0,True,False,False,False,"{""circular_bonus"": -1.1, ""distance_km"": 1.0, ""empty_km"": 0.85, ""fuel_inr"": 0.01, ""risk"": 12.0, ""time_min"": 0.35, ""toll_inr"": 0.01}",CST_48011250D4FB,SCN_BASELINE,g1,False,169,test,20260903,v0.1,hash_bucket
INS_2D0D2B18F7B6,b38d57efc48336e4,CVRP,small,LOC_F20DB0F2A327,Gurugram,HR,8,4,TRK_017DA12B162E|TRK_A997FC00E0CF|TRK_8C037A0ADC54|TRK_EEB1DE456EE4,31250.0,126170.0,69200.0,True,False,False,False,"{""circular_bonus"": -1.1, ""distance_km"": 1.0, ""empty_km"": 0.85, ""fuel_inr"": 0.01, ""risk"": 12.0, ""time_min"": 0.35, ""toll_inr"": 0.01}",CST_48011250D4FB,SCN_BASELINE,g1,False,81,test,20260903,v0.1,hash_bucket
INS_89A82017578C,25ad3cc3bab97f7b,PDP,medium,LOC_4E618897659A,Hathras,UP,23,8,TRK_017DA12B162E|TRK_A997FC00E0CF|TRK_8C037A0ADC54|TRK_EEB1DE456EE4|TRK_BCC966E673C0|TRK_B6CE07A71D80|TRK_5564246F7906|TRK_5136065E98CA,29770.0,247810.0,212930.0,True,False,True,False,"{""circular_bonus"": -1.1, ""distance_km"": 1.0, ""empty_km"": 0.85, ""fuel_inr"": 0.01, ""risk"": 12.0, ""time_min"": 0.35, ""toll_inr"": 0.01}",CST_48011250D4FB,SCN_BASELINE,g1,False,576,train,20260903,v0.1,hash_bucket
INS_9C3D4F780E9A,fc84d3d26bbe0fcd,CIRCULAR_VRP,small,LOC_63A998834201,North East Delhi,DL,10,7,TRK_017DA12B162E|TRK_A997FC00E0CF|TRK_8C037A0ADC54|TRK_EEB1DE456EE4|TRK_BCC966E673C0|TRK_B6CE07A71D80|TRK_5564246F7906,30530.0,218040.0,160980.0,True,False,False,True,"{""circular_bonus"": -1.1, ""distance_km"": 1.0, ""empty_km"": 0.85, ""fuel_inr"": 0.01, ""risk"": 12.0, ""time_min"": 0.35, ""toll_inr"": 0.01}",CST_48011250D4FB,SCN_BASELINE,g1,False,121,train,20260903,v0.1,hash_bucket
INS_1607B83CDDE2,05456e853e2731a8,CVRP,small,LOC_0F3D188854D6,Amroha,UP,13,6,TRK_017DA12B162E|TRK_A997FC00E0CF|TRK_8C037A0ADC54|TRK_EEB1DE456EE4|TRK_BCC966E673C0|TRK_B6CE07A71D80,30590.0,187510.0,138280.0,True,False,False,False,"{""circular_bonus"": -1.1, ""distance_km"": 1.0, ""empty_km"": 0.85, ""fuel_inr"": 0.01, ""risk"": 12.0, ""time_min"": 0.35, ""toll_inr"": 0.01}",CST_48011250D4FB,SCN_BASELINE,g1,False,196,validation,20260903,v0.1,hash_bucket
INS_D48F70CC416C,c57f8c4c16ba0c07,VRPTW,medium,LOC_3B372919B752,Karnal,HR,22,7,TRK_017DA12B162E|TRK_A997FC00E0CF|TRK_8C037A0ADC54|TRK_EEB1DE456EE4|TRK_BCC966E673C0|TRK_B6CE07A71D80|TRK_5564246F7906,30530.0,218040.0,181770.0,True,True,False,False,"{""circular_bonus"": -1.1, ""distance_km"": 1.0, ""empty_km"": 0.85, ""fuel_inr"": 0.01, ""risk"": 12.0, ""time_min"": 0.35, ""toll_inr"": 0.01}",CST_48011250D4FB,SCN_BASELINE,g1,False,529,test,20260903,v0.1,holdout_district
INS_8679D41A24BC,a83e868ff678f3b6,CVRP,large,LOC_CF065FE8EBAB,Gautam Buddha Nagar,UP,30,23,TRK_017DA12B162E|TRK_A997FC00E0CF|TRK_8C037A0ADC54|TRK_EEB1DE456EE4|TRK_BCC966E673C0|TRK_B6CE07A71D80|TRK_5564246F7906|TRK_5136065E98CA|TRK_E260AFDFB21B|TRK_E9C76BCDE1E1|TRK_FB045E9F7F61|TRK_B7FB75BB3E0A|TRK_4A05F6B9B509|TRK_1C8C798F44C5|TRK_8DC7FD5FF93A|TRK_7A91F5198B53|TRK_BEE1B756CA92|TRK_0331FB7CD37E|TRK_EEA8DB00B33D|TRK_3A519CFB8F0F|TRK_8C842CC0A407|TRK_1A09343A6FAC|TRK_3F175C42FEAA,25290.0,658660.0,629680.0,True,False,False,False,"{""circular_bonus"": -1.1, ""distance_km"": 1.0, ""empty_km"": 0.85, ""fuel_inr"": 0.01, ""risk"": 12.0, ""time_min"": 0.35, ""toll_inr"": 0.01}",CST_48011250D4FB,SCN_BASELINE,g1,False,961,train,20260903,v0.1,hash_bucket
INS_915DF9457276,c07f6031c7a35192,CIRCULAR_VRP,medium,LOC_AFF866260256,Moradabad,UP,26,8,TRK_017DA12B162E|TRK_A997FC00E0CF|TRK_8C037A0ADC54|TRK_EEB1DE456EE4|TRK_BCC966E673C0|TRK_B6CE07A71D80|TRK_5564246F7906|TRK_5136065E98CA,29770.0,247810.0,198800.0,True,True,False,True,"{""circular_bonus"": -1.1, ""distance_km"": 1.0, ""empty_km"": 0.85, ""fuel_inr"": 0.01, ""risk"": 12.0, ""time_min"": 0.35, ""toll_inr"": 0.01}",CST_48011250D4FB,SCN_BASELINE,g1,False,729,test,20260903,v0.1,hash_bucket
INS_72D4A2C523C7,1c720c4ad02b505d,PDP,medium,LOC_B56ABDBA32E2,Aligarh,UP,27,6,TRK_017DA12B162E|TRK_A997FC00E0CF|TRK_8C037A0ADC54|TRK_EEB1DE456EE4|TRK_BCC966E673C0|TRK_B6CE07A71D80,30590.0,187510.0,146470.0,True,False,True,True,"{""circular_bonus"": -1.1, ""distance_km"": 1.0, ""empty_km"": 0.85, ""fuel_inr"": 0.01, ""risk"": 12.0, ""time_min"": 0.35, ""toll_inr"": 0.01}",CST_48011250D4FB,SCN_BASELINE,g1,False,784,train,20260903,v0.1,hash_bucket
INS_725C87EC0B68,e072b7a364a0740b,PDP,medium,LOC_D8FB48D6F894,Fatehabad,HR,20,4,TRK_017DA12B162E|TRK_A997FC00E0CF|TRK_8C037A0ADC54|TRK_EEB1DE456EE4,31250.0,126170.0,69460.0,True,False,True,True,"{""circular_bonus"": -1.1, ""distance_km"": 1.0, ""empty_km"": 0.85, ""fuel_inr"": 0.01, ""risk"": 12.0, ""time_min"": 0.35, ""toll_inr"": 0.01}",CST_48011250D4FB,SCN_BASELINE,g1,False,441,test,20260903,v0.1,hash_bucket
INS_430D9A20D6CF,a5a410945b02b6fe,VRPTW,large,LOC_B39E76DCD93F,Nuh,HR,43,10,TRK_017DA12B162E|TRK_A997FC00E0CF|TRK_8C037A0ADC54|TRK_EEB1DE456EE4|TRK_BCC966E673C0|TRK_B6CE07A71D80|TRK_5564246F7906|TRK_5136065E98CA|TRK_E260AFDFB21B|TRK_E9C76BCDE1E1,28950.0,306160.0,262620.0,True,True,False,False,"{""circular_bonus"": -1.1, ""distance_km"": 1.0, ""empty_km"": 0.85, ""fuel_inr"": 0.01, ""risk"": 12.0, ""time_min"": 0.35, ""toll_inr"": 0.01}",CST_48011250D4FB,SCN_BASELINE,g1,False,1936,train,20260903,v0.1,hash_bucket
INS_9F5F7E79AB95,73d2424c33b57aa4,CIRCULAR_VRP,small,LOC_DD4D9C55D7BB,Fatehgarh Sahib,PB,14,7,TRK_017DA12B162E|TRK_A997FC00E0CF|TRK_8C037A0ADC54|TRK_EEB1DE456EE4|TRK_BCC966E673C0|TRK_B6CE07A71D80|TRK_5564246F7906,30530.0,218040.0,160010.0,True,True,False,True,"{""circular_bonus"": -1.1, ""distance_km"": 1.0, ""empty_km"": 0.85, ""fuel_inr"": 0.01, ""risk"": 12.0, ""time_min"": 0.35, ""toll_inr"": 0.01}",CST_48011250D4FB,SCN_BASELINE,g1,False,225,train,20260903,v0.1,hash_bucket
INS_8E1F99159970,7c63098ddab849a1,VRPTW,small,LOC_B39E76DCD93F,Nuh,HR,10,5,TRK_017DA12B162E|TRK_A997FC00E0CF|TRK_8C037A0ADC54|TRK_EEB1DE456EE4|TRK_BCC966E673C0,30750.0,156920.0,100500.0,True,True,False,False,"{""circular_bonus"": -1.1, ""distance_km"": 1.0, ""empty_km"": 0.85, ""fuel_inr"": 0.01, ""risk"": 12.0, ""time_min"": 0.35, ""toll_inr"": 0.01}",CST_48011250D4FB,SCN_BASELINE,g1,False,121,train,20260903,v0.1,hash_bucket
INS_CD78370ED8B4,1ab30ebdd1754747,PDP,small,LOC_EC1D3E4138DF,Amritsar,PB,14,11,TRK_017DA12B162E|TRK_A997FC00E0CF|TRK_8C037A0ADC54|TRK_EEB1DE456EE4|TRK_BCC966E673C0|TRK_B6CE07A71D80|TRK_5564246F7906|TRK_5136065E98CA|TRK_E260AFDFB21B|TRK_E9C76BCDE1E1|TRK_FB045E9F7F61,28890.0,335050.0,297340.0,True,True,True,False,"{""circular_bonus"": -1.1, ""distance_km"": 1.0, ""empty_km"": 0.85, ""fuel_inr"": 0.01, ""risk"": 12.0, ""time_min"": 0.35, ""toll_inr"": 0.01}",CST_48011250D4FB,SCN_BASELINE,g1,False,225,test,20260903,v0.1,hash_bucket
INS_684F0DADA037,a833f31906db6d97,VRPTW,small,LOC_27273A6A3299,Shamli,UP,13,6,TRK_017DA12B162E|TRK_A997FC00E0CF|TRK_8C037A0ADC54|TRK_EEB1DE456EE4|TRK_BCC966E673C0|TRK_B6CE07A71D80,30590.0,187510.0,143270.0,True,True,False,False,"{""circular_bonus"": -1.1, ""distance_km"": 1.0, ""empty_km"": 0.85, ""fuel_inr"": 0.01, ""risk"": 12.0, ""time_min"": 0.35, ""toll_inr"": 0.01}",CST_48011250D4FB,SCN_BASELINE,g1,False,196,train,20260903,v0.1,hash_bucket
INS_531EEEE08422,d71a42128e5f8617,PDP,large,LOC_FF96333A5510,North West Delhi,DL,23,22,TRK_017DA12B162E|TRK_A997FC00E0CF|TRK_8C037A0ADC54|TRK_EEB1DE456EE4|TRK_BCC966E673C0|TRK_B6CE07A71D80|TRK_5564246F7906|TRK_5136065E98CA|TRK_E260AFDFB21B|TRK_E9C76BCDE1E1|TRK_FB045E9F7F61|TRK_B7FB75BB3E0A|TRK_4A05F6B9B509|TRK_1C8C798F44C5|TRK_8DC7FD5FF93A|TRK_7A91F5198B53|TRK_BEE1B756CA92|TRK_0331FB7CD37E|TRK_EEA8DB00B33D|TRK_3A519CFB8F0F|TRK_8C842CC0A407|TRK_1A09343A6FAC,25770.0,633370.0,589680.0,True,True,True,False,"{""circular_bonus"": -1.1, ""distance_km"": 1.0, ""empty_km"": 0.85, ""fuel_inr"": 0.01, ""risk"": 12.0, ""time_min"": 0.35, ""toll_inr"": 0.01}",CST_48011250D4FB,SCN_BASELINE,g1,False,576,train,20260903,v0.1,hash_bucket
INS_54DE13976F4C,8addfc2b7344af4e,CIRCULAR_VRP,small,LOC_AD745A3946E4,Unnao,UP,14,4,TRK_017DA12B162E|TRK_A997FC00E0CF|TRK_8C037A0ADC54|TRK_EEB1DE456EE4,31250.0,126170.0,78560.0,True,False,False,True,"{""circular_bonus"": -1.1, ""distance_km"": 1.0, ""empty_km"": 0.85, ""fuel_inr"": 0.01, ""risk"": 12.0, ""time_min"": 0.35, ""toll_inr"": 0.01}",CST_48011250D4FB,SCN_BASELINE,g1,False,225,train,20260903,v0.1,hash_bucket
INS_FDBCF377AE8B,b178a2b26f912d1e,PDP,small,LOC_5AA457C919DB,Ludhiana,PB,13,5,TRK_017DA12B162E|TRK_A997FC00E0CF|TRK_8C037A0ADC54|TRK_EEB1DE456EE4|TRK_BCC966E673C0,30750.0,156920.0,103340.0,True,False,True,False,"{""circular_bonus"": -1.1, ""distance_km"": 1.0, ""empty_km"": 0.85, ""fuel_inr"": 0.01, ""risk"": 12.0, ""time_min"": 0.35, ""toll_inr"": 0.01}",CST_48011250D4FB,SCN_BASELINE,g1,False,196,validation,20260903,v0.1,hash_bucket
INS_5C936916EA9F,da5f0c00bec492c2,CIRCULAR_VRP,medium,LOC_6042150B38E7,Rohtak,HR,25,12,TRK_017DA12B162E|TRK_A997FC00E0CF|TRK_8C037A0ADC54|TRK_EEB1DE456EE4|TRK_BCC966E673C0|TRK_B6CE07A71D80|TRK_5564246F7906|TRK_5136065E98CA|TRK_E260AFDFB21B|TRK_E9C76BCDE1E1|TRK_FB045E9F7F61|TRK_B7FB75BB3E0A,28840.0,363890.0,322380.0,True,False,False,True,"{""circular_bonus"": -1.1, ""distance_km"": 1.0, ""empty_km"": 0.85, ""fuel_inr"": 0.01, ""risk"": 12.0, ""time_min"": 0.35, ""toll_inr"": 0.01}",CST_48011250D4FB,SCN_BASELINE,g1,False,676,train,20260903,v0.1,hash_bucket
INS_3C99A6F53DBA,134be79efb092b45,PDP,medium,LOC_F20DB0F2A327,Gurugram,HR,25,10,TRK_017DA12B162E|TRK_A997FC00E0CF|TRK_8C037A0ADC54|TRK_EEB1DE456EE4|TRK_BCC966E673C0|TRK_B6CE07A71D80|TRK_5564246F7906|TRK_5136065E98CA|TRK_E260AFDFB21B|TRK_E9C76BCDE1E1,28950.0,306160.0,272760.0,True,True,True,False,"{""circular_bonus"": -1.1, ""distance_km"": 1.0, ""empty_km"": 0.85, ""fuel_inr"": 0.01, ""risk"": 12.0, ""time_min"": 0.35, ""toll_inr"": 0.01}",CST_48011250D4FB,SCN_BASELINE,g1,False,676,train,20260903,v0.1,hash_bucket
INS_18DCE4FFE6C6,55ca8eb75b64f82c,PDP,medium,LOC_AC684A297AD1,Bareilly,UP,25,8,TRK_017DA12B162E|TRK_A997FC00E0CF|TRK_8C037A0ADC54|TRK_EEB1DE456EE4|TRK_BCC966E673C0|TRK_B6CE07A71D80|TRK_5564246F7906|TRK_5136065E98CA,29770.0,247810.0,217870.0,True,True,True,True,"{""circular_bonus"": -1.1, ""distance_km"": 1.0, ""empty_km"": 0.85, ""fuel_inr"": 0.01, ""risk"": 12.0, ""time_min"": 0.35, ""toll_inr"": 0.01}",CST_48011250D4FB,SCN_BASELINE,g1,False,676,train,20260903,v0.1,hash_bucket
INS_08928C1C8C2B,c036ed0faf486834,PDP,medium,LOC_FF96333A5510,North West Delhi,DL,20,19,TRK_017DA12B162E|TRK_A997FC00E0CF|TRK_8C037A0ADC54|TRK_EEB1DE456EE4|TRK_BCC966E673C0|TRK_B6CE07A71D80|TRK_5564246F7906|TRK_5136065E98CA|TRK_E260AFDFB21B|TRK_E9C76BCDE1E1|TRK_FB045E9F7F61|TRK_B7FB75BB3E0A|TRK_4A05F6B9B509|TRK_1C8C798F44C5|TRK_8DC7FD5FF93A|TRK_7A91F5198B53|TRK_BEE1B756CA92|TRK_0331FB7CD37E|TRK_EEA8DB00B33D,26280.0,555400.0,503610.0,True,True,True,False,"{""circular_bonus"": -1.1, ""distance_km"": 1.0, ""empty_km"": 0.85, ""fuel_inr"": 0.01, ""risk"": 12.0, ""time_min"": 0.35, ""toll_inr"": 0.01}",CST_48011250D4FB,SCN_BASELINE,g1,False,441,test,20260903,v0.1,hash_bucket
INS_56E0C02F4358,474c3bad7d9165cb,VRPTW,small,LOC_CF065FE8EBAB,Gautam Buddha Nagar,UP,9,6,TRK_017DA12B162E|TRK_A997FC00E0CF|TRK_8C037A0ADC54|TRK_EEB1DE456EE4|TRK_BCC966E673C0|TRK_B6CE07A71D80,30590.0,187510.0,153420.0,True,True,False,False,"{""circular_bonus"": -1.1, ""distance_km"": 1.0, ""empty_km"": 0.85, ""fuel_inr"": 0.01, ""risk"": 12.0, ""time_min"": 0.35, ""toll_inr"": 0.01}",CST_48011250D4FB,SCN_BASELINE,g1,False,100,train,20260903,v0.1,hash_bucket
INS_F16AB170424D,9039ba839437d591,CIRCULAR_VRP,medium,LOC_AC684A297AD1,Bareilly,UP,26,11,TRK_017DA12B162E|TRK_A997FC00E0CF|TRK_8C037A0ADC54|TRK_EEB1DE456EE4|TRK_BCC966E673C0|TRK_B6CE07A71D80|TRK_5564246F7906|TRK_5136065E98CA|TRK_E260AFDFB21B|TRK_E9C76BCDE1E1|TRK_FB045E9F7F61,28890.0,335050.0,279160.0,True,False,False,True,"{""circular_bonus"": -1.1, ""distance_km"": 1.0, ""empty_km"": 0.85, ""fuel_inr"": 0.01, ""risk"": 12.0, ""time_min"": 0.35, ""toll_inr"": 0.01}",CST_48011250D4FB,SCN_BASELINE,g1,False,729,train,20260903,v0.1,hash_bucket
INS_BEE3EE85279E,ac6586072ea3e491,PDP,medium,LOC_FEFD9351973D,Bathinda,PB,30,15,TRK_017DA12B162E|TRK_A997FC00E0CF|TRK_8C037A0ADC54|TRK_EEB1DE456EE4|TRK_BCC966E673C0|TRK_B6CE07A71D80|TRK_5564246F7906|TRK_5136065E98CA|TRK_E260AFDFB21B|TRK_E9C76BCDE1E1|TRK_FB045E9F7F61|TRK_B7FB75BB3E0A|TRK_4A05F6B9B509|TRK_1C8C798F44C5|TRK_8DC7FD5FF93A,27710.0,448170.0,417020.0,True,False,True,False,"{""circular_bonus"": -1.1, ""distance_km"": 1.0, ""empty_km"": 0.85, ""fuel_inr"": 0.01, ""risk"": 12.0, ""time_min"": 0.35, ""toll_inr"": 0.01}",CST_48011250D4FB,SCN_BASELINE,g1,False,961,test,20260903,v0.1,holdout_district
INS_A4BF2A87CAB6,fd8152b4c7c1ffae,PDP,medium,LOC_B01B9CC74597,Saharanpur,UP,25,7,TRK_017DA12B162E|TRK_A997FC00E0CF|TRK_8C037A0ADC54|TRK_EEB1DE456EE4|TRK_BCC966E673C0|TRK_B6CE07A71D80|TRK_5564246F7906,30530.0,218040.0,172995.0,True,False,True,False,"{""circular_bonus"": -1.1, ""distance_km"": 1.0, ""empty_km"": 0.85, ""fuel_inr"": 0.01, ""risk"": 12.0, ""time_min"": 0.35, ""toll_inr"": 0.01}",CST_48011250D4FB,SCN_BASELINE,g1,False,676,validation,20260903,v0.1,hash_bucket
INS_0B71F2C89AE7,37851a07d08f0d9c,CIRCULAR_VRP,medium,LOC_796345940EEC,Budaun,UP,24,6,TRK_017DA12B162E|TRK_A997FC00E0CF|TRK_8C037A0ADC54|TRK_EEB1DE456EE4|TRK_BCC966E673C0|TRK_B6CE07A71D80,30590.0,187510.0,146530.0,True,True,False,True,"{""circular_bonus"": -1.1, ""distance_km"": 1.0, ""empty_km"": 0.85, ""fuel_inr"": 0.01, ""risk"": 12.0, ""time_min"": 0.35, ""toll_inr"": 0.01}",CST_48011250D4FB,SCN_BASELINE,g1,False,625,train,20260903,v0.1,hash_bucket
INS_5B18BFD746E4,03a42973075f6e42,CVRP,medium,LOC_5AA457C919DB,Ludhiana,PB,28,9,TRK_017DA12B162E|TRK_A997FC00E0CF|TRK_8C037A0ADC54|TRK_EEB1DE456EE4|TRK_BCC966E673C0|TRK_B6CE07A71D80|TRK_5564246F7906|TRK_5136065E98CA|TRK_E260AFDFB21B,29400.0,277210.0,233095.0,True,False,False,False,"{""circular_bonus"": -1.1, ""distance_km"": 1.0, ""empty_km"": 0.85, ""fuel_inr"": 0.01, ""risk"": 12.0, ""time_min"": 0.35, ""toll_inr"": 0.01}",CST_48011250D4FB,SCN_BASELINE,g1,False,841,train,20260903,v0.1,hash_bucket
INS_C0A408FED652,8a3b57f9abac0f5d,PDP,small,LOC_FEFD9351973D,Bathinda,PB,12,5,TRK_017DA12B162E|TRK_A997FC00E0CF|TRK_8C037A0ADC54|TRK_EEB1DE456EE4|TRK_BCC966E673C0,30750.0,156920.0,112690.0,True,False,True,False,"{""circular_bonus"": -1.1, ""distance_km"": 1.0, ""empty_km"": 0.85, ""fuel_inr"": 0.01, ""risk"": 12.0, ""time_min"": 0.35, ""toll_inr"": 0.01}",CST_48011250D4FB,SCN_BASELINE,g1,False,169,test,20260903,v0.1,holdout_district
INS_95586B28A270,9faee5899fdf4bcb,PDP,medium,LOC_EBC017604691,Mathura,UP,29,9,TRK_017DA12B162E|TRK_A997FC00E0CF|TRK_8C037A0ADC54|TRK_EEB1DE456EE4|TRK_BCC966E673C0|TRK_B6CE07A71D80|TRK_5564246F7906|TRK_5136065E98CA|TRK_E260AFDFB21B,29400.0,277210.0,223730.0,True,True,True,False,"{""circular_bonus"": -1.1, ""distance_km"": 1.0, ""empty_km"": 0.85, ""fuel_inr"": 0.01, ""risk"": 12.0, ""time_min"": 0.35, ""toll_inr"": 0.01}",CST_48011250D4FB,SCN_BASELINE,g1,False,900,train,20260903,v0.1,hash_bucket
INS_345A5F05A2F8,a830d2f690ec045e,VRPTW,medium,LOC_E71843C35AC6,Bijnor,UP,24,9,TRK_017DA12B162E|TRK_A997FC00E0CF|TRK_8C037A0ADC54|TRK_EEB1DE456EE4|TRK_BCC966E673C0|TRK_B6CE07A71D80|TRK_5564246F7906|TRK_5136065E98CA|TRK_E260AFDFB21B,29400.0,277210.0,233800.0,True,True,False,False,"{""circular_bonus"": -1.1, ""distance_km"": 1.0, ""empty_km"": 0.85, ""fuel_inr"": 0.01, ""risk"": 12.0, ""time_min"": 0.35, ""toll_inr"": 0.01}",CST_48011250D4FB,SCN_BASELINE,g1,False,625,train,20260903,v0.1,hash_bucket
INS_9038FEF41FFB,00864f56df677098,CVRP,large,LOC_60C46A471111,Pilibhit,UP,49,15,TRK_017DA12B162E|TRK_A997FC00E0CF|TRK_8C037A0ADC54|TRK_EEB1DE456EE4|TRK_BCC966E673C0|TRK_B6CE07A71D80|TRK_5564246F7906|TRK_5136065E98CA|TRK_E260AFDFB21B|TRK_E9C76BCDE1E1|TRK_FB045E9F7F61|TRK_B7FB75BB3E0A|TRK_4A05F6B9B509|TRK_1C8C798F44C5|TRK_8DC7FD5FF93A,27710.0,448170.0,417580.0,True,False,False,False,"{""circular_bonus"": -1.1, ""distance_km"": 1.0, ""empty_km"": 0.85, ""fuel_inr"": 0.01, ""risk"": 12.0, ""time_min"": 0.35, ""toll_inr"": 0.01}",CST_48011250D4FB,SCN_BASELINE,g1,False,2500,train,20260903,v0.1,hash_bucket
INS_B84E11DBB780,643033a66b1bc294,PDP,medium,LOC_3B372919B752,Karnal,HR,30,8,TRK_017DA12B162E|TRK_A997FC00E0CF|TRK_8C037A0ADC54|TRK_EEB1DE456EE4|TRK_BCC966E673C0|TRK_B6CE07A71D80|TRK_5564246F7906|TRK_5136065E98CA,29770.0,247810.0,206150.0,True,True,True,False,"{""circular_bonus"": -1.1, ""distance_km"": 1.0, ""empty_km"": 0.85, ""fuel_inr"": 0.01, ""risk"": 12.0, ""time_min"": 0.35, ""toll_inr"": 0.01}",CST_48011250D4FB,SCN_BASELINE,g1,False,961,test,20260903,v0.1,holdout_district
INS_21D1B6AE4932,0dfe87f79e8aa04a,PDP,small,LOC_6042150B38E7,Rohtak,HR,13,6,TRK_017DA12B162E|TRK_A997FC00E0CF|TRK_8C037A0ADC54|TRK_EEB1DE456EE4|TRK_BCC966E673C0|TRK_B6CE07A71D80,30590.0,187510.0,132770.0,True,True,True,False,"{""circular_bonus"": -1.1, ""distance_km"": 1.0, ""empty_km"": 0.85, ""fuel_inr"": 0.01, ""risk"": 12.0, ""time_min"": 0.35, ""toll_inr"": 0.01}",CST_48011250D4FB,SCN_BASELINE,g1,False,196,train,20260903,v0.1,hash_bucket
INS_AF37AB6269A5,3080fffafb5fb9ec,CVRP,small,LOC_F86E62177015,Muzaffarnagar,UP,10,4,TRK_017DA12B162E|TRK_A997FC00E0CF|TRK_8C037A0ADC54|TRK_EEB1DE456EE4,31250.0,126170.0,67840.0,True,False,False,False,"{""circular_bonus"": -1.1, ""distance_km"": 1.0, ""empty_km"": 0.85, ""fuel_inr"": 0.01, ""risk"": 12.0, ""time_min"": 0.35, ""toll_inr"": 0.01}",CST_48011250D4FB,SCN_BASELINE,g1,False,121,validation,20260903,v0.1,hash_bucket
INS_F035D0DF7A5E,b3735412c81b4a6e,CVRP,medium,LOC_B26FC239E19A,North Delhi,DL,19,17,TRK_017DA12B162E|TRK_A997FC00E0CF|TRK_8C037A0ADC54|TRK_EEB1DE456EE4|TRK_BCC966E673C0|TRK_B6CE07A71D80|TRK_5564246F7906|TRK_5136065E98CA|TRK_E260AFDFB21B|TRK_E9C76BCDE1E1|TRK_FB045E9F7F61|TRK_B7FB75BB3E0A|TRK_4A05F6B9B509|TRK_1C8C798F44C5|TRK_8DC7FD5FF93A|TRK_7A91F5198B53|TRK_BEE1B756CA92,27170.0,502510.0,467160.0,True,False,False,False,"{""circular_bonus"": -1.1, ""distance_km"": 1.0, ""empty_km"": 0.85, ""fuel_inr"": 0.01, ""risk"": 12.0, ""time_min"": 0.35, ""toll_inr"": 0.01}",CST_48011250D4FB,SCN_BASELINE,g1,False,400,test,20260903,v0.1,hash_bucket
INS_5A0D7877D038,c24e3c23192e6e0b,PDP,small,LOC_6042150B38E7,Rohtak,HR,14,9,TRK_017DA12B162E|TRK_A997FC00E0CF|TRK_8C037A0ADC54|TRK_EEB1DE456EE4|TRK_BCC966E673C0|TRK_B6CE07A71D80|TRK_5564246F7906|TRK_5136065E98CA|TRK_E260AFDFB21B,29400.0,277210.0,231630.0,True,True,True,False,"{""circular_bonus"": -1.1, ""distance_km"": 1.0, ""empty_km"": 0.85, ""fuel_inr"": 0.01, ""risk"": 12.0, ""time_min"": 0.35, ""toll_inr"": 0.01}",CST_48011250D4FB,SCN_BASELINE,g1,False,225,train,20260903,v0.1,hash_bucket
INS_519674D79C8A,d29c62e30cc9e09e,CIRCULAR_VRP,small,LOC_FF96333A5510,North West Delhi,DL,12,12,TRK_017DA12B162E|TRK_A997FC00E0CF|TRK_8C037A0ADC54|TRK_EEB1DE456EE4|TRK_BCC966E673C0|TRK_B6CE07A71D80|TRK_5564246F7906|TRK_5136065E98CA|TRK_E260AFDFB21B|TRK_E9C76BCDE1E1|TRK_FB045E9F7F61|TRK_B7FB75BB3E0A,28840.0,363890.0,322190.0,True,True,False,True,"{""circular_bonus"": -1.1, ""distance_km"": 1.0, ""empty_km"": 0.85, ""fuel_inr"": 0.01, ""risk"": 12.0, ""time_min"": 0.35, ""toll_inr"": 0.01}",CST_48011250D4FB,SCN_BASELINE,g1,False,169,train,20260903,v0.1,hash_bucket
INS_10BC9F68A023,bb83ecc00f65a72c,PDP,large,LOC_C90487F88BAC,Muktsar,PB,45,20,TRK_017DA12B162E|TRK_A997FC00E0CF|TRK_8C037A0ADC54|TRK_EEB1DE456EE4|TRK_BCC966E673C0|TRK_B6CE07A71D80|TRK_5564246F7906|TRK_5136065E98CA|TRK_E260AFDFB21B|TRK_E9C76BCDE1E1|TRK_FB045E9F7F61|TRK_B7FB75BB3E0A|TRK_4A05F6B9B509|TRK_1C8C798F44C5|TRK_8DC7FD5FF93A|TRK_7A91F5198B53|TRK_BEE1B756CA92|TRK_0331FB7CD37E|TRK_EEA8DB00B33D|TRK_3A519CFB8F0F,26230.0,581630.0,538500.0,True,True,True,False,"{""circular_bonus"": -1.1, ""distance_km"": 1.0, ""empty_km"": 0.85, ""fuel_inr"": 0.01, ""risk"": 12.0, ""time_min"": 0.35, ""toll_inr"": 0.01}",CST_48011250D4FB,SCN_BASELINE,g1,False,2116,train,20260903,v0.1,hash_bucket
INS_7C8A856CC25E,cf8274458e9e313c,VRPTW,small,LOC_2011BC2FE7BD,Fazilka,PB,12,4,TRK_017DA12B162E|TRK_A997FC00E0CF|TRK_8C037A0ADC54|TRK_EEB1DE456EE4,31250.0,126170.0,85410.0,True,True,False,False,"{""circular_bonus"": -1.1, ""distance_km"": 1.0, ""empty_km"": 0.85, ""fuel_inr"": 0.01, ""risk"": 12.0, ""time_min"": 0.35, ""toll_inr"": 0.01}",CST_48011250D4FB,SCN_BASELINE,g1,False,169,train,20260903,v0.1,hash_bucket
INS_24E76CFD50A7,1f5b88250c03df35,PDP,small,LOC_D24D73F16033,Meerut,UP,8,4,TRK_BCC966E673C0|TRK_6457D63032E1|TRK_8CA485E15563|TRK_DC35C8B6C226,10350.0,69540.0,47980.0,True,False,True,False,"{""circular_bonus"": -1.1, ""distance_km"": 1.0, ""empty_km"": 0.85, ""fuel_inr"": 0.01, ""risk"": 12.0, ""time_min"": 0.35, ""toll_inr"": 0.01}",CST_48011250D4FB,SCN_BASELINE,g1,False,81,train,20260903,v0.1,hash_bucket
INS_8C23ED1C7FA0,ff30de32b7aa5422,PDP,large,LOC_8F3BDE96C1C3,Rampur,UP,32,9,TRK_017DA12B162E|TRK_A997FC00E0CF|TRK_8C037A0ADC54|TRK_EEB1DE456EE4|TRK_BCC966E673C0|TRK_B6CE07A71D80|TRK_5564246F7906|TRK_5136065E98CA|TRK_E260AFDFB21B,29400.0,277210.0,227490.0,True,False,True,True,"{""circular_bonus"": -1.1, ""distance_km"": 1.0, ""empty_km"": 0.85, ""fuel_inr"": 0.01, ""risk"": 12.0, ""time_min"": 0.35, ""toll_inr"": 0.01}",CST_48011250D4FB,SCN_BASELINE,g1,False,1089,train,20260903,v0.1,hash_bucket
INS_4D938A39AB2E,a0fed83d01a5d1ae,VRPTW,medium,LOC_190E748F376B,Barabanki,UP,20,9,TRK_017DA12B162E|TRK_A997FC00E0CF|TRK_8C037A0ADC54|TRK_EEB1DE456EE4|TRK_BCC966E673C0|TRK_B6CE07A71D80|TRK_5564246F7906|TRK_5136065E98CA|TRK_E260AFDFB21B,29400.0,277210.0,220980.0,True,True,False,False,"{""circular_bonus"": -1.1, ""distance_km"": 1.0, ""empty_km"": 0.85, ""fuel_inr"": 0.01, ""risk"": 12.0, ""time_min"": 0.35, ""toll_inr"": 0.01}",CST_48011250D4FB,SCN_BASELINE,g1,False,441,validation,20260903,v0.1,hash_bucket
INS_36A614D07F0F,a83e868ff678f3b6,VRPTW,large,LOC_CF065FE8EBAB,Gautam Buddha Nagar,UP,30,23,TRK_017DA12B162E|TRK_A997FC00E0CF|TRK_8C037A0ADC54|TRK_EEB1DE456EE4|TRK_BCC966E673C0|TRK_B6CE07A71D80|TRK_5564246F7906|TRK_5136065E98CA|TRK_E260AFDFB21B|TRK_E9C76BCDE1E1|TRK_FB045E9F7F61|TRK_B7FB75BB3E0A|TRK_4A05F6B9B509|TRK_1C8C798F44C5|TRK_8DC7FD5FF93A|TRK_7A91F5198B53|TRK_BEE1B756CA92|TRK_0331FB7CD37E|TRK_EEA8DB00B33D|TRK_3A519CFB8F0F|TRK_8C842CC0A407|TRK_1A09343A6FAC|TRK_3F175C42FEAA,25290.0,658660.0,629680.0,True,True,False,False,"{""circular_bonus"": -1.1, ""distance_km"": 1.0, ""empty_km"": 0.85, ""fuel_inr"": 0.01, ""risk"": 12.0, ""time_min"": 0.35, ""toll_inr"": 0.01}",CST_48011250D4FB,SCN_BASELINE,g1,False,961,train,20260903,v0.1,hash_bucket
INS_F3D55F8BFCBB,36abdb2925e98d42,CIRCULAR_VRP,small,LOC_B0D713DFA81B,Ferozepur,PB,10,4,TRK_017DA12B162E|TRK_A997FC00E0CF|TRK_8C037A0ADC54|TRK_EEB1DE456EE4,31250.0,126170.0,75190.0,True,False,False,True,"{""circular_bonus"": -1.1, ""distance_km"": 1.0, ""empty_km"": 0.85, ""fuel_inr"": 0.01, ""risk"": 12.0, ""time_min"": 0.35, ""toll_inr"": 0.01}",CST_48011250D4FB,SCN_BASELINE,g1,False,121,train,20260903,v0.1,hash_bucket
INS_B2487196D688,8a3db2540153017d,CVRP,small,LOC_AA53E75D54A9,Etah,UP,12,6,TRK_017DA12B162E|TRK_A997FC00E0CF|TRK_8C037A0ADC54|TRK_EEB1DE456EE4|TRK_BCC966E673C0|TRK_B6CE07A71D80,30590.0,187510.0,132135.0,True,False,False,False,"{""circular_bonus"": -1.1, ""distance_km"": 1.0, ""empty_km"": 0.85, ""fuel_inr"": 0.01, ""risk"": 12.0, ""time_min"": 0.35, ""toll_inr"": 0.01}",CST_48011250D4FB,SCN_BASELINE,g1,False,169,train,20260903,v0.1,hash_bucket
INS_412EF1FAFE11,0e44a2581943f207,PDP,medium,LOC_8E24E29DF84B,Hisar,HR,23,13,TRK_017DA12B162E|TRK_A997FC00E0CF|TRK_8C037A0ADC54|TRK_EEB1DE456EE4|TRK_BCC966E673C0|TRK_B6CE07A71D80|TRK_5564246F7906|TRK_5136065E98CA|TRK_E260AFDFB21B|TRK_E9C76BCDE1E1|TRK_FB045E9F7F61|TRK_B7FB75BB3E0A|TRK_4A05F6B9B509,28580.0,392470.0,346400.0,True,True,True,False,"{""circular_bonus"": -1.1, ""distance_km"": 1.0, ""empty_km"": 0.85, ""fuel_inr"": 0.01, ""risk"": 12.0, ""time_min"": 0.35, ""toll_inr"": 0.01}",CST_48011250D4FB,SCN_BASELINE,g1,False,576,train,20260903,v0.1,hash_bucket
INS_9283EF49CAD5,f58bfeb09a8f42be,CVRP,small,LOC_2ADFB4EFDB06,Kaithal,HR,8,3,TRK_017DA12B162E|TRK_A997FC00E0CF|TRK_8C037A0ADC54,31430.0,94920.0,60950.0,True,False,False,False,"{""circular_bonus"": -1.1, ""distance_km"": 1.0, ""empty_km"": 0.85, ""fuel_inr"": 0.01, ""risk"": 12.0, ""time_min"": 0.35, ""toll_inr"": 0.01}",CST_48011250D4FB,SCN_BASELINE,g1,False,81,train,20260903,v0.1,hash_bucket
INS_0868EB7B8AF4,48bd5951e87fd2b6,PDP,small,LOC_B56ABDBA32E2,Aligarh,UP,9,5,TRK_017DA12B162E|TRK_A997FC00E0CF|TRK_8C037A0ADC54|TRK_EEB1DE456EE4|TRK_BCC966E673C0,30750.0,156920.0,98900.0,True,False,True,True,"{""circular_bonus"": -1.1, ""distance_km"": 1.0, ""empty_km"": 0.85, ""fuel_inr"": 0.01, ""risk"": 12.0, ""time_min"": 0.35, ""toll_inr"": 0.01}",CST_48011250D4FB,SCN_BASELINE,g1,False,100,train,20260903,v0.1,hash_bucket
INS_F3FDAD5659B0,82cbc124ce66d8d0,CIRCULAR_VRP,large,LOC_5D316714188F,Faridabad,HR,57,25,TRK_017DA12B162E|TRK_A997FC00E0CF|TRK_8C037A0ADC54|TRK_EEB1DE456EE4|TRK_BCC966E673C0|TRK_B6CE07A71D80|TRK_5564246F7906|TRK_5136065E98CA|TRK_E260AFDFB21B|TRK_E9C76BCDE1E1|TRK_FB045E9F7F61|TRK_B7FB75BB3E0A|TRK_4A05F6B9B509|TRK_1C8C798F44C5|TRK_8DC7FD5FF93A|TRK_7A91F5198B53|TRK_BEE1B756CA92|TRK_0331FB7CD37E|TRK_EEA8DB00B33D|TRK_3A519CFB8F0F|TRK_8C842CC0A407|TRK_1A09343A6FAC|TRK_3F175C42FEAA|TRK_2EC9632BD23F|TRK_EA0BF86B0239,24700.0,708400.0,920100.0,False,True,False,True,"{""circular_bonus"": -1.1, ""distance_km"": 1.0, ""empty_km"": 0.85, ""fuel_inr"": 0.01, ""risk"": 12.0, ""time_min"": 0.35, ""toll_inr"": 0.01}",CST_48011250D4FB,SCN_BASELINE,g1,False,3364,train,20260903,v0.1,hash_bucket
INS_39CE29616395,a03f28b1735b5cca,VRPTW,medium,LOC_2E423964E639,Agra,UP,17,8,TRK_017DA12B162E|TRK_A997FC00E0CF|TRK_8C037A0ADC54|TRK_EEB1DE456EE4|TRK_BCC966E673C0|TRK_B6CE07A71D80|TRK_5564246F7906|TRK_5136065E98CA,29770.0,247810.0,214390.0,True,True,False,False,"{""circular_bonus"": -1.1, ""distance_km"": 1.0, ""empty_km"": 0.85, ""fuel_inr"": 0.01, ""risk"": 12.0, ""time_min"": 0.35, ""toll_inr"": 0.01}",CST_48011250D4FB,SCN_BASELINE,g1,False,324,train,20260903,v0.1,hash_bucket
INS_11BA4AD8A9E0,bf5e55fb7404dfcd,VRPTW,medium,LOC_58DEC063659A,Gorakhpur,UP,27,8,TRK_017DA12B162E|TRK_A997FC00E0CF|TRK_8C037A0ADC54|TRK_EEB1DE456EE4|TRK_BCC966E673C0|TRK_B6CE07A71D80|TRK_5564246F7906|TRK_5136065E98CA,29770.0,247810.0,195050.0,True,True,False,False,"{""circular_bonus"": -1.1, ""distance_km"": 1.0, ""empty_km"": 0.85, ""fuel_inr"": 0.01, ""risk"": 12.0, ""time_min"": 0.35, ""toll_inr"": 0.01}",CST_48011250D4FB,SCN_BASELINE,g1,False,784,train,20260903,v0.1,hash_bucket
INS_F1A441C5ED5D,040c7a1291832d20,CIRCULAR_VRP,large,LOC_11A4C40B0A4F,Yamunanagar,HR,32,17,TRK_017DA12B162E|TRK_A997FC00E0CF|TRK_8C037A0ADC54|TRK_EEB1DE456EE4|TRK_BCC966E673C0|TRK_B6CE07A71D80|TRK_5564246F7906|TRK_5136065E98CA|TRK_E260AFDFB21B|TRK_E9C76BCDE1E1|TRK_FB045E9F7F61|TRK_B7FB75BB3E0A|TRK_4A05F6B9B509|TRK_1C8C798F44C5|TRK_8DC7FD5FF93A|TRK_7A91F5198B53|TRK_BEE1B756CA92,27170.0,502510.0,455930.0,True,False,False,True,"{""circular_bonus"": -1.1, ""distance_km"": 1.0, ""empty_km"": 0.85, ""fuel_inr"": 0.01, ""risk"": 12.0, ""time_min"": 0.35, ""toll_inr"": 0.01}",CST_48011250D4FB,SCN_BASELINE,g1,False,1089,train,20260903,v0.1,hash_bucket
INS_6D0C9F27D9CC,d0071b554f6f186b,VRPTW,medium,LOC_D24D73F16033,Meerut,UP,18,10,TRK_017DA12B162E|TRK_A997FC00E0CF|TRK_8C037A0ADC54|TRK_EEB1DE456EE4|TRK_BCC966E673C0|TRK_B6CE07A71D80|TRK_5564246F7906|TRK_5136065E98CA|TRK_E260AFDFB21B|TRK_E9C76BCDE1E1,28950.0,306160.0,247930.0,True,True,False,False,"{""circular_bonus"": -1.1, ""distance_km"": 1.0, ""empty_km"": 0.85, ""fuel_inr"": 0.01, ""risk"": 12.0, ""time_min"": 0.35, ""toll_inr"": 0.01}",CST_48011250D4FB,SCN_BASELINE,g1,False,361,test,20260903,v0.1,hash_bucket
INS_548648A278E1,0a6b13ff48532373,VRPTW,medium,LOC_AB3DB4CE53FF,Gurdaspur,PB,26,7,TRK_017DA12B162E|TRK_A997FC00E0CF|TRK_8C037A0ADC54|TRK_EEB1DE456EE4|TRK_BCC966E673C0|TRK_B6CE07A71D80|TRK_5564246F7906,30530.0,218040.0,160375.0,True,True,False,False,"{""circular_bonus"": -1.1, ""distance_km"": 1.0, ""empty_km"": 0.85, ""fuel_inr"": 0.01, ""risk"": 12.0, ""time_min"": 0.35, ""toll_inr"": 0.01}",CST_48011250D4FB,SCN_BASELINE,g1,False,729,train,20260903,v0.1,hash_bucket
INS_3B0D40A441CD,dce361c53825687f,PDP,medium,LOC_B0D713DFA81B,Ferozepur,PB,16,3,TRK_017DA12B162E|TRK_A997FC00E0CF|TRK_8C037A0ADC54,31430.0,94920.0,41050.0,True,True,True,True,"{""circular_bonus"": -1.1, ""distance_km"": 1.0, ""empty_km"": 0.85, ""fuel_inr"": 0.01, ""risk"": 12.0, ""time_min"": 0.35, ""toll_inr"": 0.01}",CST_48011250D4FB,SCN_BASELINE,g1,False,289,train,20260903,v0.1,hash_bucket
INS_FA5BD1E1474D,db67020fe93be129,CIRCULAR_VRP,medium,LOC_8E24E29DF84B,Hisar,HR,20,9,TRK_017DA12B162E|TRK_A997FC00E0CF|TRK_8C037A0ADC54|TRK_EEB1DE456EE4|TRK_BCC966E673C0|TRK_B6CE07A71D80|TRK_5564246F7906|TRK_5136065E98CA|TRK_E260AFDFB21B,29400.0,277210.0,230460.0,True,False,False,True,"{""circular_bonus"": -1.1, ""distance_km"": 1.0, ""empty_km"": 0.85, ""fuel_inr"": 0.01, ""risk"": 12.0, ""time_min"": 0.35, ""toll_inr"": 0.01}",CST_48011250D4FB,SCN_BASELINE,g1,False,441,validation,20260903,v0.1,hash_bucket
INS_20261F647E82,26537262c327222b,VRPTW,medium,LOC_03F06DD41C28,Malerkotla,PB,30,11,TRK_017DA12B162E|TRK_A997FC00E0CF|TRK_8C037A0ADC54|TRK_EEB1DE456EE4|TRK_BCC966E673C0|TRK_B6CE07A71D80|TRK_5564246F7906|TRK_5136065E98CA|TRK_E260AFDFB21B|TRK_E9C76BCDE1E1|TRK_FB045E9F7F61,28890.0,335050.0,281505.0,True,True,False,False,"{""circular_bonus"": -1.1, ""distance_km"": 1.0, ""empty_km"": 0.85, ""fuel_inr"": 0.01, ""risk"": 12.0, ""time_min"": 0.35, ""toll_inr"": 0.01}",CST_48011250D4FB,SCN_BASELINE,g1,False,961,train,20260903,v0.1,hash_bucket
INS_8E75A208D567,0f466f45d3827407,PDP,medium,LOC_AA53E75D54A9,Etah,UP,23,11,TRK_017DA12B162E|TRK_A997FC00E0CF|TRK_8C037A0ADC54|TRK_EEB1DE456EE4|TRK_BCC966E673C0|TRK_B6CE07A71D80|TRK_5564246F7906|TRK_5136065E98CA|TRK_E260AFDFB21B|TRK_E9C76BCDE1E1|TRK_FB045E9F7F61,28890.0,335050.0,294970.0,True,True,True,True,"{""circular_bonus"": -1.1, ""distance_km"": 1.0, ""empty_km"": 0.85, ""fuel_inr"": 0.01, ""risk"": 12.0, ""time_min"": 0.35, ""toll_inr"": 0.01}",CST_48011250D4FB,SCN_BASELINE,g1,False,576,train,20260903,v0.1,hash_bucket
INS_1358D0D48998,50270d2a50e24041,CIRCULAR_VRP,small,LOC_CF209A6CE403,Hapur,UP,14,6,TRK_017DA12B162E|TRK_A997FC00E0CF|TRK_8C037A0ADC54|TRK_EEB1DE456EE4|TRK_BCC966E673C0|TRK_B6CE07A71D80,30590.0,187510.0,135770.0,True,False,False,True,"{""circular_bonus"": -1.1, ""distance_km"": 1.0, ""empty_km"": 0.85, ""fuel_inr"": 0.01, ""risk"": 12.0, ""time_min"": 0.35, ""toll_inr"": 0.01}",CST_48011250D4FB,SCN_BASELINE,g1,False,225,validation,20260903,v0.1,hash_bucket
INS_8E13C9C3D091,a812ab25707d50af,CIRCULAR_VRP,small,LOC_AD745A3946E4,Unnao,UP,13,4,TRK_017DA12B162E|TRK_A997FC00E0CF|TRK_8C037A0ADC54|TRK_EEB1DE456EE4,31250.0,126170.0,92560.0,True,True,False,True,"{""circular_bonus"": -1.1, ""distance_km"": 1.0, ""empty_km"": 0.85, ""fuel_inr"": 0.01, ""risk"": 12.0, ""time_min"": 0.35, ""toll_inr"": 0.01}",CST_48011250D4FB,SCN_BASELINE,g1,False,196,train,20260903,v0.1,hash_bucket
INS_6F1F57D0B566,ed5ee7eef80fe3af,CIRCULAR_VRP,medium,LOC_B39E76DCD93F,Nuh,HR,29,10,TRK_017DA12B162E|TRK_A997FC00E0CF|TRK_8C037A0ADC54|TRK_EEB1DE456EE4|TRK_BCC966E673C0|TRK_B6CE07A71D80|TRK_5564246F7906|TRK_5136065E98CA|TRK_E260AFDFB21B|TRK_E9C76BCDE1E1,28950.0,306160.0,248880.0,True,False,False,True,"{""circular_bonus"": -1.1, ""distance_km"": 1.0, ""empty_km"": 0.85, ""fuel_inr"": 0.01, ""risk"": 12.0, ""time_min"": 0.35, ""toll_inr"": 0.01}",CST_48011250D4FB,SCN_BASELINE,g1,False,900,validation,20260903,v0.1,hash_bucket
INS_61679D765698,1576f0e498f28aca,CIRCULAR_VRP,small,LOC_D49CDCEB7AF7,Charkhi Dadri,HR,10,3,TRK_017DA12B162E|TRK_A997FC00E0CF|TRK_8C037A0ADC54,31430.0,94920.0,49730.0,True,True,False,True,"{""circular_bonus"": -1.1, ""distance_km"": 1.0, ""empty_km"": 0.85, ""fuel_inr"": 0.01, ""risk"": 12.0, ""time_min"": 0.35, ""toll_inr"": 0.01}",CST_48011250D4FB,SCN_BASELINE,g1,False,121,train,20260903,v0.1,hash_bucket
INS_AF1994A365DE,b6d665214bce84c9,VRPTW,medium,LOC_443EF0FB4E8C,Etawah,UP,19,6,TRK_017DA12B162E|TRK_A997FC00E0CF|TRK_8C037A0ADC54|TRK_EEB1DE456EE4|TRK_BCC966E673C0|TRK_B6CE07A71D80,30590.0,187510.0,136045.0,True,True,False,False,"{""circular_bonus"": -1.1, ""distance_km"": 1.0, ""empty_km"": 0.85, ""fuel_inr"": 0.01, ""risk"": 12.0, ""time_min"": 0.35, ""toll_inr"": 0.01}",CST_48011250D4FB,SCN_BASELINE,g1,False,400,train,20260903,v0.1,hash_bucket
INS_DB8A3C8F0CF7,662bfadbee2be950,CIRCULAR_VRP,small,LOC_E7B504BE8FE9,Patiala,PB,11,4,TRK_017DA12B162E|TRK_A997FC00E0CF|TRK_8C037A0ADC54|TRK_EEB1DE456EE4,31250.0,126170.0,65410.0,True,False,False,True,"{""circular_bonus"": -1.1, ""distance_km"": 1.0, ""empty_km"": 0.85, ""fuel_inr"": 0.01, ""risk"": 12.0, ""time_min"": 0.35, ""toll_inr"": 0.01}",CST_48011250D4FB,SCN_BASELINE,g1,False,144,train,20260903,v0.1,hash_bucket
INS_0A331FA34DC8,0d313fa2edc1df31,CVRP,medium,LOC_8E24E29DF84B,Hisar,HR,25,8,TRK_017DA12B162E|TRK_A997FC00E0CF|TRK_8C037A0ADC54|TRK_EEB1DE456EE4|TRK_BCC966E673C0|TRK_B6CE07A71D80|TRK_5564246F7906|TRK_5136065E98CA,29770.0,247810.0,210650.0,True,False,False,False,"{""circular_bonus"": -1.1, ""distance_km"": 1.0, ""empty_km"": 0.85, ""fuel_inr"": 0.01, ""risk"": 12.0, ""time_min"": 0.35, ""toll_inr"": 0.01}",CST_48011250D4FB,SCN_BASELINE,g1,False,676,train,20260903,v0.1,hash_bucket
INS_01B5E6251C76,792c98c9c920ffae,PDP,medium,LOC_36B5B5F31C8D,Varanasi,UP,22,9,TRK_017DA12B162E|TRK_A997FC00E0CF|TRK_8C037A0ADC54|TRK_EEB1DE456EE4|TRK_BCC966E673C0|TRK_B6CE07A71D80|TRK_5564246F7906|TRK_5136065E98CA|TRK_E260AFDFB21B,29400.0,277210.0,235130.0,True,False,True,False,"{""circular_bonus"": -1.1, ""distance_km"": 1.0, ""empty_km"": 0.85, ""fuel_inr"": 0.01, ""risk"": 12.0, ""time_min"": 0.35, ""toll_inr"": 0.01}",CST_48011250D4FB,SCN_BASELINE,g1,False,529,validation,20260903,v0.1,hash_bucket
INS_CE5EBA452E90,b95abbb1f3cabf9d,CIRCULAR_VRP,large,LOC_D49CDCEB7AF7,Charkhi Dadri,HR,49,18,TRK_017DA12B162E|TRK_A997FC00E0CF|TRK_8C037A0ADC54|TRK_EEB1DE456EE4|TRK_BCC966E673C0|TRK_B6CE07A71D80|TRK_5564246F7906|TRK_5136065E98CA|TRK_E260AFDFB21B|TRK_E9C76BCDE1E1|TRK_FB045E9F7F61|TRK_B7FB75BB3E0A|TRK_4A05F6B9B509|TRK_1C8C798F44C5|TRK_8DC7FD5FF93A|TRK_7A91F5198B53|TRK_BEE1B756CA92|TRK_0331FB7CD37E,26610.0,529120.0,481800.0,True,True,False,True,"{""circular_bonus"": -1.1, ""distance_km"": 1.0, ""empty_km"": 0.85, ""fuel_inr"": 0.01, ""risk"": 12.0, ""time_min"": 0.35, ""toll_inr"": 0.01}",CST_48011250D4FB,SCN_BASELINE,g1,False,2500,validation,20260903,v0.1,hash_bucket
INS_66576EAA9840,9559d84bb1678998,PDP,small,LOC_D2DDEA75080C,Pathankot,PB,11,7,TRK_017DA12B162E|TRK_A997FC00E0CF|TRK_8C037A0ADC54|TRK_EEB1DE456EE4|TRK_BCC966E673C0|TRK_B6CE07A71D80|TRK_5564246F7906,30530.0,218040.0,176650.0,True,True,True,False,"{""circular_bonus"": -1.1, ""distance_km"": 1.0, ""empty_km"": 0.85, ""fuel_inr"": 0.01, ""risk"": 12.0, ""time_min"": 0.35, ""toll_inr"": 0.01}",CST_48011250D4FB,SCN_BASELINE,g1,False,144,train,20260903,v0.1,hash_bucket
INS_5990F02DF092,35608f1ba47fcba4,CIRCULAR_VRP,small,LOC_2011BC2FE7BD,Fazilka,PB,8,4,TRK_017DA12B162E|TRK_A997FC00E0CF|TRK_8C037A0ADC54|TRK_EEB1DE456EE4,31250.0,126170.0,79970.0,True,True,False,True,"{""circular_bonus"": -1.1, ""distance_km"": 1.0, ""empty_km"": 0.85, ""fuel_inr"": 0.01, ""risk"": 12.0, ""time_min"": 0.35, ""toll_inr"": 0.01}",CST_48011250D4FB,SCN_BASELINE,g1,False,81,test,20260903,v0.1,hash_bucket
INS_8C3F7B89C18B,49c940bbe79fd7be,CIRCULAR_VRP,small,LOC_8E5593D8E476,Rupnagar,PB,10,4,TRK_017DA12B162E|TRK_A997FC00E0CF|TRK_8C037A0ADC54|TRK_EEB1DE456EE4,31250.0,126170.0,91200.0,True,False,False,True,"{""circular_bonus"": -1.1, ""distance_km"": 1.0, ""empty_km"": 0.85, ""fuel_inr"": 0.01, ""risk"": 12.0, ""time_min"": 0.35, ""toll_inr"": 0.01}",CST_48011250D4FB,SCN_BASELINE,g1,False,121,train,20260903,v0.1,hash_bucket
INS_95471D28F69A,db5d2be262aec912,PDP,medium,LOC_6042150B38E7,Rohtak,HR,16,10,TRK_017DA12B162E|TRK_A997FC00E0CF|TRK_8C037A0ADC54|TRK_EEB1DE456EE4|TRK_BCC966E673C0|TRK_B6CE07A71D80|TRK_5564246F7906|TRK_5136065E98CA|TRK_E260AFDFB21B|TRK_E9C76BCDE1E1,28950.0,306160.0,274190.0,True,False,True,True,"{""circular_bonus"": -1.1, ""distance_km"": 1.0, ""empty_km"": 0.85, ""fuel_inr"": 0.01, ""risk"": 12.0, ""time_min"": 0.35, ""toll_inr"": 0.01}",CST_48011250D4FB,SCN_BASELINE,g1,False,289,validation,20260903,v0.1,hash_bucket
INS_F9FDF8BE4AEA,e9fd8654778660ce,CIRCULAR_VRP,small,LOC_08710C80560B,Moga,PB,12,4,TRK_017DA12B162E|TRK_A997FC00E0CF|TRK_8C037A0ADC54|TRK_EEB1DE456EE4,31250.0,126170.0,92270.0,True,True,False,True,"{""circular_bonus"": -1.1, ""distance_km"": 1.0, ""empty_km"": 0.85, ""fuel_inr"": 0.01, ""risk"": 12.0, ""time_min"": 0.35, ""toll_inr"": 0.01}",CST_48011250D4FB,SCN_BASELINE,g1,False,169,validation,20260903,v0.1,hash_bucket
INS_59A5A697001D,047ba80ecc7bb562,PDP,medium,LOC_841795218E67,Ghaziabad,UP,24,10,TRK_017DA12B162E|TRK_A997FC00E0CF|TRK_8C037A0ADC54|TRK_EEB1DE456EE4|TRK_BCC966E673C0|TRK_B6CE07A71D80|TRK_5564246F7906|TRK_5136065E98CA|TRK_E260AFDFB21B|TRK_E9C76BCDE1E1,28950.0,306160.0,256460.0,True,True,True,False,"{""circular_bonus"": -1.1, ""distance_km"": 1.0, ""empty_km"": 0.85, ""fuel_inr"": 0.01, ""risk"": 12.0, ""time_min"": 0.35, ""toll_inr"": 0.01}",CST_48011250D4FB,SCN_BASELINE,g1,False,625,train,20260903,v0.1,hash_bucket
INS_237896A65AC6,840213659696992e,VRPTW,small,LOC_2275B2D35F85,Palwal,HR,9,2,TRK_017DA12B162E|TRK_A997FC00E0CF,31510.0,63490.0,15870.0,True,True,False,False,"{""circular_bonus"": -1.1, ""distance_km"": 1.0, ""empty_km"": 0.85, ""fuel_inr"": 0.01, ""risk"": 12.0, ""time_min"": 0.35, ""toll_inr"": 0.01}",CST_48011250D4FB,SCN_BASELINE,g1,False,100,test,20260903,v0.1,hash_bucket
INS_3A566BCCB288,7ca70f7783425ac6,VRPTW,large,LOC_AC684A297AD1,Bareilly,UP,43,18,TRK_017DA12B162E|TRK_A997FC00E0CF|TRK_8C037A0ADC54|TRK_EEB1DE456EE4|TRK_BCC966E673C0|TRK_B6CE07A71D80|TRK_5564246F7906|TRK_5136065E98CA|TRK_E260AFDFB21B|TRK_E9C76BCDE1E1|TRK_FB045E9F7F61|TRK_B7FB75BB3E0A|TRK_4A05F6B9B509|TRK_1C8C798F44C5|TRK_8DC7FD5FF93A|TRK_7A91F5198B53|TRK_BEE1B756CA92|TRK_0331FB7CD37E,26610.0,529120.0,497060.0,True,True,False,False,"{""circular_bonus"": -1.1, ""distance_km"": 1.0, ""empty_km"": 0.85, ""fuel_inr"": 0.01, ""risk"": 12.0, ""time_min"": 0.35, ""toll_inr"": 0.01}",CST_48011250D4FB,SCN_BASELINE,g1,False,1936,test,20260903,v0.1,hash_bucket
INS_7D363FD6E7D3,649ddb570f156696,CIRCULAR_VRP,small,LOC_0F3D188854D6,Amroha,UP,10,5,TRK_017DA12B162E|TRK_A997FC00E0CF|TRK_8C037A0ADC54|TRK_EEB1DE456EE4|TRK_BCC966E673C0,30750.0,156920.0,110250.0,True,True,False,True,"{""circular_bonus"": -1.1, ""distance_km"": 1.0, ""empty_km"": 0.85, ""fuel_inr"": 0.01, ""risk"": 12.0, ""time_min"": 0.35, ""toll_inr"": 0.01}",CST_48011250D4FB,SCN_BASELINE,g1,False,121,train,20260903,v0.1,hash_bucket
INS_D71DE0A0EE77,aec23474becd0231,CIRCULAR_VRP,medium,LOC_FF96333A5510,North West Delhi,DL,22,21,TRK_017DA12B162E|TRK_A997FC00E0CF|TRK_8C037A0ADC54|TRK_EEB1DE456EE4|TRK_BCC966E673C0|TRK_B6CE07A71D80|TRK_5564246F7906|TRK_5136065E98CA|TRK_E260AFDFB21B|TRK_E9C76BCDE1E1|TRK_FB045E9F7F61|TRK_B7FB75BB3E0A|TRK_4A05F6B9B509|TRK_1C8C798F44C5|TRK_8DC7FD5FF93A|TRK_7A91F5198B53|TRK_BEE1B756CA92|TRK_0331FB7CD37E|TRK_EEA8DB00B33D|TRK_3A519CFB8F0F|TRK_8C842CC0A407,25970.0,607600.0,569140.0,True,False,False,True,"{""circular_bonus"": -1.1, ""distance_km"": 1.0, ""empty_km"": 0.85, ""fuel_inr"": 0.01, ""risk"": 12.0, ""time_min"": 0.35, ""toll_inr"": 0.01}",CST_48011250D4FB,SCN_BASELINE,g1,False,529,train,20260903,v0.1,hash_bucket
INS_679525C26643,7dd0c63a5ad4fce5,PDP,large,LOC_5775AEDC7A87,Kanpur Nagar,UP,52,18,TRK_017DA12B162E|TRK_A997FC00E0CF|TRK_8C037A0ADC54|TRK_EEB1DE456EE4|TRK_BCC966E673C0|TRK_B6CE07A71D80|TRK_5564246F7906|TRK_5136065E98CA|TRK_E260AFDFB21B|TRK_E9C76BCDE1E1|TRK_FB045E9F7F61|TRK_B7FB75BB3E0A|TRK_4A05F6B9B509|TRK_1C8C798F44C5|TRK_8DC7FD5FF93A|TRK_7A91F5198B53|TRK_BEE1B756CA92|TRK_0331FB7CD37E,26610.0,529120.0,481490.0,True,True,True,True,"{""circular_bonus"": -1.1, ""distance_km"": 1.0, ""empty_km"": 0.85, ""fuel_inr"": 0.01, ""risk"": 12.0, ""time_min"": 0.35, ""toll_inr"": 0.01}",CST_48011250D4FB,SCN_BASELINE,g1,False,2809,validation,20260903,v0.1,hash_bucket
INS_A03FA96E02F5,31ceb5c7d6a40dcf,VRPTW,small,LOC_5775AEDC7A87,Kanpur Nagar,UP,12,12,TRK_8B0A48041C1C|TRK_4F95BDB0BA5A|TRK_CBC644EAB81E|TRK_A2930A44E92E|TRK_8F17F47DF021|TRK_7E9A026D4494|TRK_2913902A2DEE|TRK_4F6C0189023F|TRK_1529727AD926|TRK_BACD7124FE62|TRK_BBB99565DDFE|TRK_93E61376630A,1450.0,92670.0,89770.0,True,True,False,False,"{""circular_bonus"": -1.1, ""distance_km"": 1.0, ""empty_km"": 0.85, ""fuel_inr"": 0.01, ""risk"": 12.0, ""time_min"": 0.35, ""toll_inr"": 0.01}",CST_48011250D4FB,SCN_BASELINE,g1,False,169,train,20260903,v0.1,hash_bucket
INS_96F63ECC3296,92e85f9b76aa1bdc,VRPTW,medium,LOC_796345940EEC,Budaun,UP,28,9,TRK_017DA12B162E|TRK_A997FC00E0CF|TRK_8C037A0ADC54|TRK_EEB1DE456EE4|TRK_BCC966E673C0|TRK_B6CE07A71D80|TRK_5564246F7906|TRK_5136065E98CA|TRK_E260AFDFB21B,29400.0,277210.0,225080.0,True,True,False,False,"{""circular_bonus"": -1.1, ""distance_km"": 1.0, ""empty_km"": 0.85, ""fuel_inr"": 0.01, ""risk"": 12.0, ""time_min"": 0.35, ""toll_inr"": 0.01}",CST_48011250D4FB,SCN_BASELINE,g1,False,841,train,20260903,v0.1,hash_bucket
INS_D37AC37DF2D5,9afb7b477625864c,CIRCULAR_VRP,small,LOC_B890897F9CCC,Kapurthala,PB,12,7,TRK_017DA12B162E|TRK_A997FC00E0CF|TRK_8C037A0ADC54|TRK_EEB1DE456EE4|TRK_BCC966E673C0|TRK_B6CE07A71D80|TRK_5564246F7906,30530.0,218040.0,175100.0,True,True,False,True,"{""circular_bonus"": -1.1, ""distance_km"": 1.0, ""empty_km"": 0.85, ""fuel_inr"": 0.01, ""risk"": 12.0, ""time_min"": 0.35, ""toll_inr"": 0.01}",CST_48011250D4FB,SCN_BASELINE,g1,False,169,train,20260903,v0.1,hash_bucket
INS_C82547C1C5FA,a1d25e4f49eac2f3,VRPTW,medium,LOC_08E25919DCC7,Kanpur Dehat,UP,17,7,TRK_017DA12B162E|TRK_A997FC00E0CF|TRK_8C037A0ADC54|TRK_EEB1DE456EE4|TRK_BCC966E673C0|TRK_B6CE07A71D80|TRK_5564246F7906,30530.0,218040.0,171270.0,True,True,False,False,"{""circular_bonus"": -1.1, ""distance_km"": 1.0, ""empty_km"": 0.85, ""fuel_inr"": 0.01, ""risk"": 12.0, ""time_min"": 0.35, ""toll_inr"": 0.01}",CST_48011250D4FB,SCN_BASELINE,g1,False,324,train,20260903,v0.1,hash_bucket
INS_17608E57A7D0,d67f2668af63e7ca,CIRCULAR_VRP,medium,LOC_E71843C35AC6,Bijnor,UP,17,7,TRK_017DA12B162E|TRK_A997FC00E0CF|TRK_8C037A0ADC54|TRK_EEB1DE456EE4|TRK_BCC966E673C0|TRK_B6CE07A71D80|TRK_5564246F7906,30530.0,218040.0,162500.0,True,False,False,True,"{""circular_bonus"": -1.1, ""distance_km"": 1.0, ""empty_km"": 0.85, ""fuel_inr"": 0.01, ""risk"": 12.0, ""time_min"": 0.35, ""toll_inr"": 0.01}",CST_48011250D4FB,SCN_BASELINE,g1,False,324,train,20260903,v0.1,hash_bucket
INS_B563836A6973,36947e946685202c,PDP,large,LOC_08710C80560B,Moga,PB,46,15,TRK_017DA12B162E|TRK_A997FC00E0CF|TRK_8C037A0ADC54|TRK_EEB1DE456EE4|TRK_BCC966E673C0|TRK_B6CE07A71D80|TRK_5564246F7906|TRK_5136065E98CA|TRK_E260AFDFB21B|TRK_E9C76BCDE1E1|TRK_FB045E9F7F61|TRK_B7FB75BB3E0A|TRK_4A05F6B9B509|TRK_1C8C798F44C5|TRK_8DC7FD5FF93A,27710.0,448170.0,395090.0,True,False,True,True,"{""circular_bonus"": -1.1, ""distance_km"": 1.0, ""empty_km"": 0.85, ""fuel_inr"": 0.01, ""risk"": 12.0, ""time_min"": 0.35, ""toll_inr"": 0.01}",CST_48011250D4FB,SCN_BASELINE,g1,False,2209,validation,20260903,v0.1,hash_bucket
INS_8EA26A07B85D,c8185bad2b6adf1e,PDP,small,LOC_B6370F731EEC,Lucknow,UP,8,5,TRK_017DA12B162E|TRK_A997FC00E0CF|TRK_8C037A0ADC54|TRK_EEB1DE456EE4|TRK_BCC966E673C0,30750.0,156920.0,125490.0,True,False,True,True,"{""circular_bonus"": -1.1, ""distance_km"": 1.0, ""empty_km"": 0.85, ""fuel_inr"": 0.01, ""risk"": 12.0, ""time_min"": 0.35, ""toll_inr"": 0.01}",CST_48011250D4FB,SCN_BASELINE,g1,False,81,train,20260903,v0.1,hash_bucket
INS_00387CA7C54C,0198fad00af5c0cb,CIRCULAR_VRP,large,LOC_5AA457C919DB,Ludhiana,PB,56,18,TRK_017DA12B162E|TRK_A997FC00E0CF|TRK_8C037A0ADC54|TRK_EEB1DE456EE4|TRK_BCC966E673C0|TRK_B6CE07A71D80|TRK_5564246F7906|TRK_5136065E98CA|TRK_E260AFDFB21B|TRK_E9C76BCDE1E1|TRK_FB045E9F7F61|TRK_B7FB75BB3E0A|TRK_4A05F6B9B509|TRK_1C8C798F44C5|TRK_8DC7FD5FF93A|TRK_7A91F5198B53|TRK_BEE1B756CA92|TRK_0331FB7CD37E,26610.0,529120.0,486915.0,True,True,False,True,"{""circular_bonus"": -1.1, ""distance_km"": 1.0, ""empty_km"": 0.85, ""fuel_inr"": 0.01, ""risk"": 12.0, ""time_min"": 0.35, ""toll_inr"": 0.01}",CST_48011250D4FB,SCN_BASELINE,g1,False,3249,train,20260903,v0.1,hash_bucket
INS_128FFE07C98A,424b78f5ce878ab8,PDP,medium,LOC_11A4C40B0A4F,Yamunanagar,HR,20,8,TRK_017DA12B162E|TRK_A997FC00E0CF|TRK_8C037A0ADC54|TRK_EEB1DE456EE4|TRK_BCC966E673C0|TRK_B6CE07A71D80|TRK_5564246F7906|TRK_5136065E98CA,29770.0,247810.0,206530.0,True,True,True,True,"{""circular_bonus"": -1.1, ""distance_km"": 1.0, ""empty_km"": 0.85, ""fuel_inr"": 0.01, ""risk"": 12.0, ""time_min"": 0.35, ""toll_inr"": 0.01}",CST_48011250D4FB,SCN_BASELINE,g1,False,441,validation,20260903,v0.1,hash_bucket
INS_2EC5FA27C727,86eb562929a095bb,CVRP,medium,LOC_EC1D3E4138DF,Amritsar,PB,20,13,TRK_017DA12B162E|TRK_A997FC00E0CF|TRK_8C037A0ADC54|TRK_EEB1DE456EE4|TRK_BCC966E673C0|TRK_B6CE07A71D80|TRK_5564246F7906|TRK_5136065E98CA|TRK_E260AFDFB21B|TRK_E9C76BCDE1E1|TRK_FB045E9F7F61|TRK_B7FB75BB3E0A|TRK_4A05F6B9B509,28580.0,392470.0,355170.0,True,False,False,False,"{""circular_bonus"": -1.1, ""distance_km"": 1.0, ""empty_km"": 0.85, ""fuel_inr"": 0.01, ""risk"": 12.0, ""time_min"": 0.35, ""toll_inr"": 0.01}",CST_48011250D4FB,SCN_BASELINE,g1,False,441,test,20260903,v0.1,hash_bucket
INS_6A39F6481D81,d85fcc6b82565653,PDP,small,LOC_B6370F731EEC,Lucknow,UP,10,8,TRK_017DA12B162E|TRK_A997FC00E0CF|TRK_8C037A0ADC54|TRK_EEB1DE456EE4|TRK_BCC966E673C0|TRK_B6CE07A71D80|TRK_5564246F7906|TRK_5136065E98CA,29770.0,247810.0,206740.0,True,False,True,False,"{""circular_bonus"": -1.1, ""distance_km"": 1.0, ""empty_km"": 0.85, ""fuel_inr"": 0.01, ""risk"": 12.0, ""time_min"": 0.35, ""toll_inr"": 0.01}",CST_48011250D4FB,SCN_BASELINE,g1,False,121,validation,20260903,v0.1,hash_bucket
INS_61B9AD0FFFAE,eb490c1e77a083df,VRPTW,medium,LOC_D24D73F16033,Meerut,UP,29,18,TRK_017DA12B162E|TRK_A997FC00E0CF|TRK_8C037A0ADC54|TRK_EEB1DE456EE4|TRK_BCC966E673C0|TRK_B6CE07A71D80|TRK_5564246F7906|TRK_5136065E98CA|TRK_E260AFDFB21B|TRK_E9C76BCDE1E1|TRK_FB045E9F7F61|TRK_B7FB75BB3E0A|TRK_4A05F6B9B509|TRK_1C8C798F44C5|TRK_8DC7FD5FF93A|TRK_7A91F5198B53|TRK_BEE1B756CA92|TRK_0331FB7CD37E,26610.0,529120.0,500100.0,True,True,False,False,"{""circular_bonus"": -1.1, ""distance_km"": 1.0, ""empty_km"": 0.85, ""fuel_inr"": 0.01, ""risk"": 12.0, ""time_min"": 0.35, ""toll_inr"": 0.01}",CST_48011250D4FB,SCN_BASELINE,g1,False,900,train,20260903,v0.1,hash_bucket
INS_BAD603552485,84c8bdae5bfd3ad8,PDP,medium,LOC_E71843C35AC6,Bijnor,UP,23,8,TRK_017DA12B162E|TRK_A997FC00E0CF|TRK_8C037A0ADC54|TRK_EEB1DE456EE4|TRK_BCC966E673C0|TRK_B6CE07A71D80|TRK_5564246F7906|TRK_5136065E98CA,29770.0,247810.0,199020.0,True,True,True,False,"{""circular_bonus"": -1.1, ""distance_km"": 1.0, ""empty_km"": 0.85, ""fuel_inr"": 0.01, ""risk"": 12.0, ""time_min"": 0.35, ""toll_inr"": 0.01}",CST_48011250D4FB,SCN_BASELINE,g1,False,576,train,20260903,v0.1,hash_bucket
INS_E360C04355E0,65b6b512cf3e80a5,CVRP,medium,LOC_5B344A07BA57,Sangrur,PB,16,7,TRK_017DA12B162E|TRK_A997FC00E0CF|TRK_8C037A0ADC54|TRK_EEB1DE456EE4|TRK_BCC966E673C0|TRK_B6CE07A71D80|TRK_5564246F7906,30530.0,218040.0,185510.0,True,False,False,False,"{""circular_bonus"": -1.1, ""distance_km"": 1.0, ""empty_km"": 0.85, ""fuel_inr"": 0.01, ""risk"": 12.0, ""time_min"": 0.35, ""toll_inr"": 0.01}",CST_48011250D4FB,SCN_BASELINE,g1,False,289,validation,20260903,v0.1,hash_bucket
INS_54A562526FAB,9b25906be021b23a,CVRP,medium,LOC_0F3D188854D6,Amroha,UP,30,7,TRK_017DA12B162E|TRK_A997FC00E0CF|TRK_8C037A0ADC54|TRK_EEB1DE456EE4|TRK_BCC966E673C0|TRK_B6CE07A71D80|TRK_5564246F7906,30530.0,218040.0,171840.0,True,False,False,False,"{""circular_bonus"": -1.1, ""distance_km"": 1.0, ""empty_km"": 0.85, ""fuel_inr"": 0.01, ""risk"": 12.0, ""time_min"": 0.35, ""toll_inr"": 0.01}",CST_48011250D4FB,SCN_BASELINE,g1,False,961,train,20260903,v0.1,hash_bucket
INS_8F51FF0FD71E,38144b75847d46bf,PDP,small,LOC_6042150B38E7,Rohtak,HR,11,6,TRK_017DA12B162E|TRK_A997FC00E0CF|TRK_8C037A0ADC54|TRK_EEB1DE456EE4|TRK_BCC966E673C0|TRK_B6CE07A71D80,30590.0,187510.0,131530.0,True,False,True,False,"{""circular_bonus"": -1.1, ""distance_km"": 1.0, ""empty_km"": 0.85, ""fuel_inr"": 0.01, ""risk"": 12.0, ""time_min"": 0.35, ""toll_inr"": 0.01}",CST_48011250D4FB,SCN_BASELINE,g1,False,144,train,20260903,v0.1,hash_bucket
INS_C32168C5595C,f01ece21fd867e50,VRPTW,small,LOC_F1EE6A62E5AA,Mahendragarh,HR,9,3,TRK_017DA12B162E|TRK_A997FC00E0CF|TRK_8C037A0ADC54,31430.0,94920.0,58090.0,True,True,False,False,"{""circular_bonus"": -1.1, ""distance_km"": 1.0, ""empty_km"": 0.85, ""fuel_inr"": 0.01, ""risk"": 12.0, ""time_min"": 0.35, ""toll_inr"": 0.01}",CST_48011250D4FB,SCN_BASELINE,g1,False,100,train,20260903,v0.1,hash_bucket
INS_2FC295332BA9,1c45a4f00c94aac5,PDP,medium,LOC_B26FC239E19A,North Delhi,DL,20,18,TRK_017DA12B162E|TRK_A997FC00E0CF|TRK_8C037A0ADC54|TRK_EEB1DE456EE4|TRK_BCC966E673C0|TRK_B6CE07A71D80|TRK_5564246F7906|TRK_5136065E98CA|TRK_E260AFDFB21B|TRK_E9C76BCDE1E1|TRK_FB045E9F7F61|TRK_B7FB75BB3E0A|TRK_4A05F6B9B509|TRK_1C8C798F44C5|TRK_8DC7FD5FF93A|TRK_7A91F5198B53|TRK_BEE1B756CA92|TRK_0331FB7CD37E,26610.0,529120.0,493010.0,True,True,True,True,"{""circular_bonus"": -1.1, ""distance_km"": 1.0, ""empty_km"": 0.85, ""fuel_inr"": 0.01, ""risk"": 12.0, ""time_min"": 0.35, ""toll_inr"": 0.01}",CST_48011250D4FB,SCN_BASELINE,g1,False,441,train,20260903,v0.1,hash_bucket
INS_9116E6494166,9b648a043e0db919,CIRCULAR_VRP,medium,LOC_F1EE6A62E5AA,Mahendragarh,HR,27,9,TRK_017DA12B162E|TRK_A997FC00E0CF|TRK_8C037A0ADC54|TRK_EEB1DE456EE4|TRK_BCC966E673C0|TRK_B6CE07A71D80|TRK_5564246F7906|TRK_5136065E98CA|TRK_E260AFDFB21B,29400.0,277210.0,228830.0,True,True,False,True,"{""circular_bonus"": -1.1, ""distance_km"": 1.0, ""empty_km"": 0.85, ""fuel_inr"": 0.01, ""risk"": 12.0, ""time_min"": 0.35, ""toll_inr"": 0.01}",CST_48011250D4FB,SCN_BASELINE,g1,False,784,train,20260903,v0.1,hash_bucket
INS_88700F18E69F,091ed639d415fbef,PDP,medium,LOC_9F3A877025DA,Shahjahanpur,UP,30,5,TRK_017DA12B162E|TRK_A997FC00E0CF|TRK_8C037A0ADC54|TRK_EEB1DE456EE4|TRK_BCC966E673C0,30750.0,156920.0,120630.0,True,False,True,True,"{""circular_bonus"": -1.1, ""distance_km"": 1.0, ""empty_km"": 0.85, ""fuel_inr"": 0.01, ""risk"": 12.0, ""time_min"": 0.35, ""toll_inr"": 0.01}",CST_48011250D4FB,SCN_BASELINE,g1,False,961,train,20260903,v0.1,hash_bucket
INS_FB4E5C914FD8,9b8c877a1c5ea52d,CIRCULAR_VRP,small,LOC_0B27B307A77E,Panipat,HR,14,6,TRK_017DA12B162E|TRK_A997FC00E0CF|TRK_8C037A0ADC54|TRK_EEB1DE456EE4|TRK_BCC966E673C0|TRK_B6CE07A71D80,30590.0,187510.0,129710.0,True,True,False,True,"{""circular_bonus"": -1.1, ""distance_km"": 1.0, ""empty_km"": 0.85, ""fuel_inr"": 0.01, ""risk"": 12.0, ""time_min"": 0.35, ""toll_inr"": 0.01}",CST_48011250D4FB,SCN_BASELINE,g1,False,225,train,20260903,v0.1,hash_bucket
INS_CB9412F3B6E6,0d6c1f258b632074,VRPTW,medium,LOC_AC684A297AD1,Bareilly,UP,26,8,TRK_017DA12B162E|TRK_A997FC00E0CF|TRK_8C037A0ADC54|TRK_EEB1DE456EE4|TRK_BCC966E673C0|TRK_B6CE07A71D80|TRK_5564246F7906|TRK_5136065E98CA,29770.0,247810.0,189690.0,True,True,False,False,"{""circular_bonus"": -1.1, ""distance_km"": 1.0, ""empty_km"": 0.85, ""fuel_inr"": 0.01, ""risk"": 12.0, ""time_min"": 0.35, ""toll_inr"": 0.01}",CST_48011250D4FB,SCN_BASELINE,g1,False,729,train,20260903,v0.1,hash_bucket
INS_1CC90338262C,e4dfd3d9e09ab0c8,VRPTW,medium,LOC_CF065FE8EBAB,Gautam Buddha Nagar,UP,15,12,TRK_017DA12B162E|TRK_A997FC00E0CF|TRK_8C037A0ADC54|TRK_EEB1DE456EE4|TRK_BCC966E673C0|TRK_B6CE07A71D80|TRK_5564246F7906|TRK_5136065E98CA|TRK_E260AFDFB21B|TRK_E9C76BCDE1E1|TRK_FB045E9F7F61|TRK_B7FB75BB3E0A,28840.0,363890.0,328630.0,True,True,False,False,"{""circular_bonus"": -1.1, ""distance_km"": 1.0, ""empty_km"": 0.85, ""fuel_inr"": 0.01, ""risk"": 12.0, ""time_min"": 0.35, ""toll_inr"": 0.01}",CST_48011250D4FB,SCN_BASELINE,g1,False,256,train,20260903,v0.1,hash_bucket
INS_64D9571E9773,c46628eba2db3d08,CIRCULAR_VRP,large,LOC_ED9C60D04FC0,SAS Nagar,PB,37,20,TRK_017DA12B162E|TRK_A997FC00E0CF|TRK_8C037A0ADC54|TRK_EEB1DE456EE4|TRK_BCC966E673C0|TRK_B6CE07A71D80|TRK_5564246F7906|TRK_5136065E98CA|TRK_E260AFDFB21B|TRK_E9C76BCDE1E1|TRK_FB045E9F7F61|TRK_B7FB75BB3E0A|TRK_4A05F6B9B509|TRK_1C8C798F44C5|TRK_8DC7FD5FF93A|TRK_7A91F5198B53|TRK_BEE1B756CA92|TRK_0331FB7CD37E|TRK_EEA8DB00B33D|TRK_3A519CFB8F0F,26230.0,581630.0,546780.0,True,True,False,True,"{""circular_bonus"": -1.1, ""distance_km"": 1.0, ""empty_km"": 0.85, ""fuel_inr"": 0.01, ""risk"": 12.0, ""time_min"": 0.35, ""toll_inr"": 0.01}",CST_48011250D4FB,SCN_BASELINE,g1,False,1444,validation,20260903,v0.1,hash_bucket
INS_30B902B30ED0,0048552e354c9b0f,VRPTW,small,LOC_5B344A07BA57,Sangrur,PB,12,6,TRK_017DA12B162E|TRK_A997FC00E0CF|TRK_8C037A0ADC54|TRK_EEB1DE456EE4|TRK_BCC966E673C0|TRK_B6CE07A71D80,30590.0,187510.0,130000.0,True,True,False,False,"{""circular_bonus"": -1.1, ""distance_km"": 1.0, ""empty_km"": 0.85, ""fuel_inr"": 0.01, ""risk"": 12.0, ""time_min"": 0.35, ""toll_inr"": 0.01}",CST_48011250D4FB,SCN_BASELINE,g1,False,169,train,20260903,v0.1,hash_bucket
INS_543D45AFB3CF,514ad9f49a0a93e8,VRPTW,small,LOC_B39E76DCD93F,Nuh,HR,14,4,TRK_017DA12B162E|TRK_A997FC00E0CF|TRK_8C037A0ADC54|TRK_EEB1DE456EE4,31250.0,126170.0,85990.0,True,True,False,False,"{""circular_bonus"": -1.1, ""distance_km"": 1.0, ""empty_km"": 0.85, ""fuel_inr"": 0.01, ""risk"": 12.0, ""time_min"": 0.35, ""toll_inr"": 0.01}",CST_48011250D4FB,SCN_BASELINE,g1,False,225,train,20260903,v0.1,hash_bucket
INS_508FB0E41A2F,8d66069290209ef0,CIRCULAR_VRP,large,LOC_0D7AAF851D69,Tarn Taran,PB,53,17,TRK_017DA12B162E|TRK_A997FC00E0CF|TRK_8C037A0ADC54|TRK_EEB1DE456EE4|TRK_BCC966E673C0|TRK_B6CE07A71D80|TRK_5564246F7906|TRK_5136065E98CA|TRK_E260AFDFB21B|TRK_E9C76BCDE1E1|TRK_FB045E9F7F61|TRK_B7FB75BB3E0A|TRK_4A05F6B9B509|TRK_1C8C798F44C5|TRK_8DC7FD5FF93A|TRK_7A91F5198B53|TRK_BEE1B756CA92,27170.0,502510.0,457040.0,True,True,False,True,"{""circular_bonus"": -1.1, ""distance_km"": 1.0, ""empty_km"": 0.85, ""fuel_inr"": 0.01, ""risk"": 12.0, ""time_min"": 0.35, ""toll_inr"": 0.01}",CST_48011250D4FB,SCN_BASELINE,g1,False,2916,train,20260903,v0.1,hash_bucket
INS_BAD11B1B688C,7c811662d931b6f1,CIRCULAR_VRP,medium,LOC_4A5F46E3AFB5,Sitapur,UP,21,5,TRK_017DA12B162E|TRK_A997FC00E0CF|TRK_8C037A0ADC54|TRK_EEB1DE456EE4|TRK_BCC966E673C0,30750.0,156920.0,95940.0,True,False,False,True,"{""circular_bonus"": -1.1, ""distance_km"": 1.0, ""empty_km"": 0.85, ""fuel_inr"": 0.01, ""risk"": 12.0, ""time_min"": 0.35, ""toll_inr"": 0.01}",CST_48011250D4FB,SCN_BASELINE,g1,False,484,train,20260903,v0.1,hash_bucket
INS_FFA66968652A,970496f6603cad4e,PDP,medium,LOC_27273A6A3299,Shamli,UP,23,10,TRK_017DA12B162E|TRK_A997FC00E0CF|TRK_8C037A0ADC54|TRK_EEB1DE456EE4|TRK_BCC966E673C0|TRK_B6CE07A71D80|TRK_5564246F7906|TRK_5136065E98CA|TRK_E260AFDFB21B|TRK_E9C76BCDE1E1,28950.0,306160.0,264230.0,True,False,True,False,"{""circular_bonus"": -1.1, ""distance_km"": 1.0, ""empty_km"": 0.85, ""fuel_inr"": 0.01, ""risk"": 12.0, ""time_min"": 0.35, ""toll_inr"": 0.01}",CST_48011250D4FB,SCN_BASELINE,g1,False,576,train,20260903,v0.1,hash_bucket
INS_F4DAEFE326F3,ddb9880291413411,PDP,small,LOC_B26FC239E19A,North Delhi,DL,9,8,TRK_017DA12B162E|TRK_A997FC00E0CF|TRK_8C037A0ADC54|TRK_EEB1DE456EE4|TRK_BCC966E673C0|TRK_B6CE07A71D80|TRK_5564246F7906|TRK_5136065E98CA,29770.0,247810.0,205070.0,True,True,True,False,"{""circular_bonus"": -1.1, ""distance_km"": 1.0, ""empty_km"": 0.85, ""fuel_inr"": 0.01, ""risk"": 12.0, ""time_min"": 0.35, ""toll_inr"": 0.01}",CST_48011250D4FB,SCN_BASELINE,g1,False,100,train,20260903,v0.1,hash_bucket
INS_F3C99D189440,db93dd79a0523053,PDP,small,LOC_E71843C35AC6,Bijnor,UP,12,6,TRK_017DA12B162E|TRK_A997FC00E0CF|TRK_8C037A0ADC54|TRK_EEB1DE456EE4|TRK_BCC966E673C0|TRK_B6CE07A71D80,30590.0,187510.0,155550.0,True,False,True,False,"{""circular_bonus"": -1.1, ""distance_km"": 1.0, ""empty_km"": 0.85, ""fuel_inr"": 0.01, ""risk"": 12.0, ""time_min"": 0.35, ""toll_inr"": 0.01}",CST_48011250D4FB,SCN_BASELINE,g1,False,169,validation,20260903,v0.1,hash_bucket
INS_2808F55B36FB,f1771dcead98797f,PDP,small,LOC_E7B504BE8FE9,Patiala,PB,13,5,TRK_017DA12B162E|TRK_A997FC00E0CF|TRK_8C037A0ADC54|TRK_EEB1DE456EE4|TRK_BCC966E673C0,30750.0,156920.0,99110.0,True,True,True,True,"{""circular_bonus"": -1.1, ""distance_km"": 1.0, ""empty_km"": 0.85, ""fuel_inr"": 0.01, ""risk"": 12.0, ""time_min"": 0.35, ""toll_inr"": 0.01}",CST_48011250D4FB,SCN_BASELINE,g1,False,196,train,20260903,v0.1,hash_bucket
INS_8D5D8502542F,e50d8e06e1265cfe,PDP,small,LOC_EE8F1CF00ECF,Bhiwani,HR,8,5,TRK_017DA12B162E|TRK_A997FC00E0CF|TRK_8C037A0ADC54|TRK_EEB1DE456EE4|TRK_BCC966E673C0,30750.0,156920.0,103410.0,True,True,True,False,"{""circular_bonus"": -1.1, ""distance_km"": 1.0, ""empty_km"": 0.85, ""fuel_inr"": 0.01, ""risk"": 12.0, ""time_min"": 0.35, ""toll_inr"": 0.01}",CST_48011250D4FB,SCN_BASELINE,g1,False,81,train,20260903,v0.1,hash_bucket
INS_199A9873B137,c0dab0559dc0363d,CVRP,large,LOC_D2DDEA75080C,Pathankot,PB,52,24,TRK_017DA12B162E|TRK_A997FC00E0CF|TRK_8C037A0ADC54|TRK_EEB1DE456EE4|TRK_BCC966E673C0|TRK_B6CE07A71D80|TRK_5564246F7906|TRK_5136065E98CA|TRK_E260AFDFB21B|TRK_E9C76BCDE1E1|TRK_FB045E9F7F61|TRK_B7FB75BB3E0A|TRK_4A05F6B9B509|TRK_1C8C798F44C5|TRK_8DC7FD5FF93A|TRK_7A91F5198B53|TRK_BEE1B756CA92|TRK_0331FB7CD37E|TRK_EEA8DB00B33D|TRK_3A519CFB8F0F|TRK_8C842CC0A407|TRK_1A09343A6FAC|TRK_3F175C42FEAA|TRK_2EC9632BD23F,25040.0,683700.0,634000.0,True,False,False,False,"{""circular_bonus"": -1.1, ""distance_km"": 1.0, ""empty_km"": 0.85, ""fuel_inr"": 0.01, ""risk"": 12.0, ""time_min"": 0.35, ""toll_inr"": 0.01}",CST_48011250D4FB,SCN_BASELINE,g1,False,2809,validation,20260903,v0.1,hash_bucket
INS_135273738C47,e95c41ccd921e204,CIRCULAR_VRP,small,LOC_FF96333A5510,North West Delhi,DL,11,11,TRK_017DA12B162E|TRK_A997FC00E0CF|TRK_8C037A0ADC54|TRK_EEB1DE456EE4|TRK_BCC966E673C0|TRK_B6CE07A71D80|TRK_5564246F7906|TRK_5136065E98CA|TRK_E260AFDFB21B|TRK_E9C76BCDE1E1|TRK_FB045E9F7F61,28890.0,335050.0,287680.0,True,True,False,True,"{""circular_bonus"": -1.1, ""distance_km"": 1.0, ""empty_km"": 0.85, ""fuel_inr"": 0.01, ""risk"": 12.0, ""time_min"": 0.35, ""toll_inr"": 0.01}",CST_48011250D4FB,SCN_BASELINE,g1,False,144,train,20260903,v0.1,hash_bucket
INS_1024A2A09CC0,d0a29cf6fe4fbc5f,VRPTW,medium,LOC_5B344A07BA57,Sangrur,PB,17,8,TRK_017DA12B162E|TRK_A997FC00E0CF|TRK_8C037A0ADC54|TRK_EEB1DE456EE4|TRK_BCC966E673C0|TRK_B6CE07A71D80|TRK_5564246F7906|TRK_5136065E98CA,29770.0,247810.0,192025.0,True,True,False,False,"{""circular_bonus"": -1.1, ""distance_km"": 1.0, ""empty_km"": 0.85, ""fuel_inr"": 0.01, ""risk"": 12.0, ""time_min"": 0.35, ""toll_inr"": 0.01}",CST_48011250D4FB,SCN_BASELINE,g1,False,324,train,20260903,v0.1,hash_bucket
INS_D746F29770AD,d54114df57d7941d,PDP,small,LOC_08E25919DCC7,Kanpur Dehat,UP,9,4,TRK_017DA12B162E|TRK_A997FC00E0CF|TRK_8C037A0ADC54|TRK_EEB1DE456EE4,31250.0,126170.0,94330.0,True,True,True,False,"{""circular_bonus"": -1.1, ""distance_km"": 1.0, ""empty_km"": 0.85, ""fuel_inr"": 0.01, ""risk"": 12.0, ""time_min"": 0.35, ""toll_inr"": 0.01}",CST_48011250D4FB,SCN_BASELINE,g1,False,100,train,20260903,v0.1,hash_bucket
INS_1D6E35914E15,a6c343e835db39bd,CIRCULAR_VRP,small,LOC_2B9C182E1BB7,Panchkula,HR,10,6,TRK_017DA12B162E|TRK_A997FC00E0CF|TRK_8C037A0ADC54|TRK_EEB1DE456EE4|TRK_BCC966E673C0|TRK_B6CE07A71D80,30590.0,187510.0,135810.0,True,False,False,True,"{""circular_bonus"": -1.1, ""distance_km"": 1.0, ""empty_km"": 0.85, ""fuel_inr"": 0.01, ""risk"": 12.0, ""time_min"": 0.35, ""toll_inr"": 0.01}",CST_48011250D4FB,SCN_BASELINE,g1,False,121,train,20260903,v0.1,hash_bucket
INS_26124F7B26B6,56b3980b59844d11,CIRCULAR_VRP,medium,LOC_1FB47BF8FFEB,Bulandshahr,UP,29,8,TRK_017DA12B162E|TRK_A997FC00E0CF|TRK_8C037A0ADC54|TRK_EEB1DE456EE4|TRK_BCC966E673C0|TRK_B6CE07A71D80|TRK_5564246F7906|TRK_5136065E98CA,29770.0,247810.0,203985.0,True,True,False,True,"{""circular_bonus"": -1.1, ""distance_km"": 1.0, ""empty_km"": 0.85, ""fuel_inr"": 0.01, ""risk"": 12.0, ""time_min"": 0.35, ""toll_inr"": 0.01}",CST_48011250D4FB,SCN_BASELINE,g1,False,900,test,20260903,v0.1,holdout_district
INS_6457E018824D,6bf94e108ad02f5d,VRPTW,large,LOC_487C12AA952A,Jind,HR,41,12,TRK_017DA12B162E|TRK_A997FC00E0CF|TRK_8C037A0ADC54|TRK_EEB1DE456EE4|TRK_BCC966E673C0|TRK_B6CE07A71D80|TRK_5564246F7906|TRK_5136065E98CA|TRK_E260AFDFB21B|TRK_E9C76BCDE1E1|TRK_FB045E9F7F61|TRK_B7FB75BB3E0A,28840.0,363890.0,329620.0,True,True,False,False,"{""circular_bonus"": -1.1, ""distance_km"": 1.0, ""empty_km"": 0.85, ""fuel_inr"": 0.01, ""risk"": 12.0, ""time_min"": 0.35, ""toll_inr"": 0.01}",CST_48011250D4FB,SCN_BASELINE,g1,False,1764,validation,20260903,v0.1,hash_bucket
INS_2F79956A4003,a958353009e248af,VRPTW,large,LOC_45C74FBD7B6F,Mansa,PB,40,11,TRK_017DA12B162E|TRK_A997FC00E0CF|TRK_8C037A0ADC54|TRK_EEB1DE456EE4|TRK_BCC966E673C0|TRK_B6CE07A71D80|TRK_5564246F7906|TRK_5136065E98CA|TRK_E260AFDFB21B|TRK_E9C76BCDE1E1|TRK_FB045E9F7F61,28890.0,335050.0,305290.0,True,True,False,False,"{""circular_bonus"": -1.1, ""distance_km"": 1.0, ""empty_km"": 0.85, ""fuel_inr"": 0.01, ""risk"": 12.0, ""time_min"": 0.35, ""toll_inr"": 0.01}",CST_48011250D4FB,SCN_BASELINE,g1,False,1681,train,20260903,v0.1,hash_bucket
INS_D9BF2C5A0429,7cc68c6ba1165bc0,PDP,small,LOC_EE8F1CF00ECF,Bhiwani,HR,14,7,TRK_017DA12B162E|TRK_A997FC00E0CF|TRK_8C037A0ADC54|TRK_EEB1DE456EE4|TRK_BCC966E673C0|TRK_B6CE07A71D80|TRK_5564246F7906,30530.0,218040.0,157090.0,True,False,True,True,"{""circular_bonus"": -1.1, ""distance_km"": 1.0, ""empty_km"": 0.85, ""fuel_inr"": 0.01, ""risk"": 12.0, ""time_min"": 0.35, ""toll_inr"": 0.01}",CST_48011250D4FB,SCN_BASELINE,g1,False,225,train,20260903,v0.1,hash_bucket
INS_E79B3BF864E0,9cf9df0a99d1003b,VRPTW,medium,LOC_4E618897659A,Hathras,UP,20,8,TRK_017DA12B162E|TRK_A997FC00E0CF|TRK_8C037A0ADC54|TRK_EEB1DE456EE4|TRK_BCC966E673C0|TRK_B6CE07A71D80|TRK_5564246F7906|TRK_5136065E98CA,29770.0,247810.0,195760.0,True,True,False,False,"{""circular_bonus"": -1.1, ""distance_km"": 1.0, ""empty_km"": 0.85, ""fuel_inr"": 0.01, ""risk"": 12.0, ""time_min"": 0.35, ""toll_inr"": 0.01}",CST_48011250D4FB,SCN_BASELINE,g1,False,441,validation,20260903,v0.1,hash_bucket
INS_F01F5CD447DA,f456e50a04d7cd8b,CIRCULAR_VRP,large,LOC_9F3A877025DA,Shahjahanpur,UP,31,7,TRK_017DA12B162E|TRK_A997FC00E0CF|TRK_8C037A0ADC54|TRK_EEB1DE456EE4|TRK_BCC966E673C0|TRK_B6CE07A71D80|TRK_5564246F7906,30530.0,218040.0,166220.0,True,False,False,True,"{""circular_bonus"": -1.1, ""distance_km"": 1.0, ""empty_km"": 0.85, ""fuel_inr"": 0.01, ""risk"": 12.0, ""time_min"": 0.35, ""toll_inr"": 0.01}",CST_48011250D4FB,SCN_BASELINE,g1,False,1024,train,20260903,v0.1,hash_bucket
INS_4BE1E6F7690C,e0fc9eb7d9efd333,CVRP,medium,LOC_8E24E29DF84B,Hisar,HR,28,11,TRK_017DA12B162E|TRK_A997FC00E0CF|TRK_8C037A0ADC54|TRK_EEB1DE456EE4|TRK_BCC966E673C0|TRK_B6CE07A71D80|TRK_5564246F7906|TRK_5136065E98CA|TRK_E260AFDFB21B|TRK_E9C76BCDE1E1|TRK_FB045E9F7F61,28890.0,335050.0,302790.0,True,False,False,False,"{""circular_bonus"": -1.1, ""distance_km"": 1.0, ""empty_km"": 0.85, ""fuel_inr"": 0.01, ""risk"": 12.0, ""time_min"": 0.35, ""toll_inr"": 0.01}",CST_48011250D4FB,SCN_BASELINE,g1,False,841,validation,20260903,v0.1,hash_bucket
INS_44ADB46E33C6,88bc7561f793ca77,CIRCULAR_VRP,medium,LOC_BC48412E6B15,Sambhal,UP,20,6,TRK_017DA12B162E|TRK_A997FC00E0CF|TRK_8C037A0ADC54|TRK_EEB1DE456EE4|TRK_BCC966E673C0|TRK_B6CE07A71D80,30590.0,187510.0,130550.0,True,True,False,True,"{""circular_bonus"": -1.1, ""distance_km"": 1.0, ""empty_km"": 0.85, ""fuel_inr"": 0.01, ""risk"": 12.0, ""time_min"": 0.35, ""toll_inr"": 0.01}",CST_48011250D4FB,SCN_BASELINE,g1,False,441,train,20260903,v0.1,hash_bucket
INS_3A22FDA95A4E,2f351fb950e43595,CVRP,medium,LOC_B01B9CC74597,Saharanpur,UP,21,5,TRK_017DA12B162E|TRK_A997FC00E0CF|TRK_8C037A0ADC54|TRK_EEB1DE456EE4|TRK_BCC966E673C0,30750.0,156920.0,117630.0,True,False,False,False,"{""circular_bonus"": -1.1, ""distance_km"": 1.0, ""empty_km"": 0.85, ""fuel_inr"": 0.01, ""risk"": 12.0, ""time_min"": 0.35, ""toll_inr"": 0.01}",CST_48011250D4FB,SCN_BASELINE,g1,False,484,train,20260903,v0.1,hash_bucket
INS_B85F985A669D,2f58723829516612,PDP,medium,LOC_0B27B307A77E,Panipat,HR,20,10,TRK_017DA12B162E|TRK_A997FC00E0CF|TRK_8C037A0ADC54|TRK_EEB1DE456EE4|TRK_BCC966E673C0|TRK_B6CE07A71D80|TRK_5564246F7906|TRK_5136065E98CA|TRK_E260AFDFB21B|TRK_E9C76BCDE1E1,28950.0,306160.0,263950.0,True,False,True,False,"{""circular_bonus"": -1.1, ""distance_km"": 1.0, ""empty_km"": 0.85, ""fuel_inr"": 0.01, ""risk"": 12.0, ""time_min"": 0.35, ""toll_inr"": 0.01}",CST_48011250D4FB,SCN_BASELINE,g1,False,441,validation,20260903,v0.1,hash_bucket
INS_AD460F88A826,af2193cc407ee410,CIRCULAR_VRP,small,LOC_B56ABDBA32E2,Aligarh,UP,8,5,TRK_017DA12B162E|TRK_A997FC00E0CF|TRK_8C037A0ADC54|TRK_EEB1DE456EE4|TRK_BCC966E673C0,30750.0,156920.0,121700.0,True,True,False,True,"{""circular_bonus"": -1.1, ""distance_km"": 1.0, ""empty_km"": 0.85, ""fuel_inr"": 0.01, ""risk"": 12.0, ""time_min"": 0.35, ""toll_inr"": 0.01}",CST_48011250D4FB,SCN_BASELINE,g1,False,81,train,20260903,v0.1,hash_bucket
INS_FF0BE5ABE5FC,083f1d8e12cd5760,VRPTW,small,LOC_5242BE7C01CE,Rewari,HR,9,5,TRK_017DA12B162E|TRK_A997FC00E0CF|TRK_8C037A0ADC54|TRK_EEB1DE456EE4|TRK_BCC966E673C0,30750.0,156920.0,110800.0,True,True,False,False,"{""circular_bonus"": -1.1, ""distance_km"": 1.0, ""empty_km"": 0.85, ""fuel_inr"": 0.01, ""risk"": 12.0, ""time_min"": 0.35, ""toll_inr"": 0.01}",CST_48011250D4FB,SCN_BASELINE,g1,False,100,test,20260903,v0.1,hash_bucket
INS_A792D31F9FA2,7f217ead277cddf5,PDP,small,LOC_DA9770705B86,South West Delhi,DL,13,12,TRK_017DA12B162E|TRK_A997FC00E0CF|TRK_8C037A0ADC54|TRK_EEB1DE456EE4|TRK_BCC966E673C0|TRK_B6CE07A71D80|TRK_5564246F7906|TRK_5136065E98CA|TRK_E260AFDFB21B|TRK_E9C76BCDE1E1|TRK_FB045E9F7F61|TRK_B7FB75BB3E0A,28840.0,363890.0,332580.0,True,False,True,True,"{""circular_bonus"": -1.1, ""distance_km"": 1.0, ""empty_km"": 0.85, ""fuel_inr"": 0.01, ""risk"": 12.0, ""time_min"": 0.35, ""toll_inr"": 0.01}",CST_48011250D4FB,SCN_BASELINE,g1,False,196,test,20260903,v0.1,hash_bucket
INS_D613E8C40905,96804efc99882203,CIRCULAR_VRP,small,LOC_B0D713DFA81B,Ferozepur,PB,8,3,TRK_017DA12B162E|TRK_A997FC00E0CF|TRK_8C037A0ADC54,31430.0,94920.0,48510.0,True,True,False,True,"{""circular_bonus"": -1.1, ""distance_km"": 1.0, ""empty_km"": 0.85, ""fuel_inr"": 0.01, ""risk"": 12.0, ""time_min"": 0.35, ""toll_inr"": 0.01}",CST_48011250D4FB,SCN_BASELINE,g1,False,81,train,20260903,v0.1,hash_bucket
INS_099323E57666,3ddf608e71001632,PDP,large,LOC_08710C80560B,Moga,PB,37,10,TRK_017DA12B162E|TRK_A997FC00E0CF|TRK_8C037A0ADC54|TRK_EEB1DE456EE4|TRK_BCC966E673C0|TRK_B6CE07A71D80|TRK_5564246F7906|TRK_5136065E98CA|TRK_E260AFDFB21B|TRK_E9C76BCDE1E1,28950.0,306160.0,258290.0,True,True,True,False,"{""circular_bonus"": -1.1, ""distance_km"": 1.0, ""empty_km"": 0.85, ""fuel_inr"": 0.01, ""risk"": 12.0, ""time_min"": 0.35, ""toll_inr"": 0.01}",CST_48011250D4FB,SCN_BASELINE,g1,False,1444,train,20260903,v0.1,hash_bucket
INS_029CAFC75975,a64039424b6e2921,CIRCULAR_VRP,medium,LOC_60C46A471111,Pilibhit,UP,24,7,TRK_017DA12B162E|TRK_A997FC00E0CF|TRK_8C037A0ADC54|TRK_EEB1DE456EE4|TRK_BCC966E673C0|TRK_B6CE07A71D80|TRK_5564246F7906,30530.0,218040.0,164100.0,True,False,False,True,"{""circular_bonus"": -1.1, ""distance_km"": 1.0, ""empty_km"": 0.85, ""fuel_inr"": 0.01, ""risk"": 12.0, ""time_min"": 0.35, ""toll_inr"": 0.01}",CST_48011250D4FB,SCN_BASELINE,g1,False,625,train,20260903,v0.1,hash_bucket
INS_32DDC3220375,8868f2f5808dbd3c,PDP,medium,LOC_B9CDAEAD5C72,Mainpuri,UP,29,8,TRK_017DA12B162E|TRK_A997FC00E0CF|TRK_8C037A0ADC54|TRK_EEB1DE456EE4|TRK_BCC966E673C0|TRK_B6CE07A71D80|TRK_5564246F7906|TRK_5136065E98CA,29770.0,247810.0,214385.0,True,False,True,False,"{""circular_bonus"": -1.1, ""distance_km"": 1.0, ""empty_km"": 0.85, ""fuel_inr"": 0.01, ""risk"": 12.0, ""time_min"": 0.35, ""toll_inr"": 0.01}",CST_48011250D4FB,SCN_BASELINE,g1,False,900,validation,20260903,v0.1,hash_bucket
INS_31A6DC28A493,805ba8f4b1efdbb0,CIRCULAR_VRP,medium,LOC_ED9C60D04FC0,SAS Nagar,PB,26,12,TRK_017DA12B162E|TRK_A997FC00E0CF|TRK_8C037A0ADC54|TRK_EEB1DE456EE4|TRK_BCC966E673C0|TRK_B6CE07A71D80|TRK_5564246F7906|TRK_5136065E98CA|TRK_E260AFDFB21B|TRK_E9C76BCDE1E1|TRK_FB045E9F7F61|TRK_B7FB75BB3E0A,28840.0,363890.0,319710.0,True,True,False,True,"{""circular_bonus"": -1.1, ""distance_km"": 1.0, ""empty_km"": 0.85, ""fuel_inr"": 0.01, ""risk"": 12.0, ""time_min"": 0.35, ""toll_inr"": 0.01}",CST_48011250D4FB,SCN_BASELINE,g1,False,729,train,20260903,v0.1,hash_bucket
INS_2F961729F636,cc98071a16b4f0be,PDP,small,LOC_C90487F88BAC,Muktsar,PB,8,4,TRK_017DA12B162E|TRK_A997FC00E0CF|TRK_8C037A0ADC54|TRK_EEB1DE456EE4,31250.0,126170.0,76750.0,True,True,True,False,"{""circular_bonus"": -1.1, ""distance_km"": 1.0, ""empty_km"": 0.85, ""fuel_inr"": 0.01, ""risk"": 12.0, ""time_min"": 0.35, ""toll_inr"": 0.01}",CST_48011250D4FB,SCN_BASELINE,g1,False,81,train,20260903,v0.1,hash_bucket
INS_EA9E30E9BAD7,10cd9719ac4bb211,VRPTW,small,LOC_BF1D141289ED,Hoshiarpur,PB,13,3,TRK_017DA12B162E|TRK_A997FC00E0CF|TRK_8C037A0ADC54,31430.0,94920.0,63030.0,True,True,False,False,"{""circular_bonus"": -1.1, ""distance_km"": 1.0, ""empty_km"": 0.85, ""fuel_inr"": 0.01, ""risk"": 12.0, ""time_min"": 0.35, ""toll_inr"": 0.01}",CST_48011250D4FB,SCN_BASELINE,g1,False,196,train,20260903,v0.1,hash_bucket
INS_DD0F9E6206A0,3505fbd86bbb206f,CVRP,small,LOC_4A5F46E3AFB5,Sitapur,UP,9,4,TRK_017DA12B162E|TRK_A997FC00E0CF|TRK_8C037A0ADC54|TRK_EEB1DE456EE4,31250.0,126170.0,72410.0,True,False,False,False,"{""circular_bonus"": -1.1, ""distance_km"": 1.0, ""empty_km"": 0.85, ""fuel_inr"": 0.01, ""risk"": 12.0, ""time_min"": 0.35, ""toll_inr"": 0.01}",CST_48011250D4FB,SCN_BASELINE,g1,False,100,train,20260903,v0.1,hash_bucket
INS_D8CDCFBA6479,f62b63854e885efd,PDP,small,LOC_CF209A6CE403,Hapur,UP,12,5,TRK_017DA12B162E|TRK_A997FC00E0CF|TRK_8C037A0ADC54|TRK_EEB1DE456EE4|TRK_BCC966E673C0,30750.0,156920.0,123850.0,True,False,True,False,"{""circular_bonus"": -1.1, ""distance_km"": 1.0, ""empty_km"": 0.85, ""fuel_inr"": 0.01, ""risk"": 12.0, ""time_min"": 0.35, ""toll_inr"": 0.01}",CST_48011250D4FB,SCN_BASELINE,g1,False,169,train,20260903,v0.1,hash_bucket
INS_999B74599FE5,38d38f5708bf4652,VRPTW,medium,LOC_E96863625035,Shahdara,DL,8,9,TRK_017DA12B162E|TRK_A997FC00E0CF|TRK_8C037A0ADC54|TRK_EEB1DE456EE4|TRK_BCC966E673C0|TRK_B6CE07A71D80|TRK_5564246F7906|TRK_5136065E98CA|TRK_E260AFDFB21B,29400.0,277210.0,240000.0,True,True,False,False,"{""circular_bonus"": -1.1, ""distance_km"": 1.0, ""empty_km"": 0.85, ""fuel_inr"": 0.01, ""risk"": 12.0, ""time_min"": 0.35, ""toll_inr"": 0.01}",CST_48011250D4FB,SCN_BASELINE,g1,False,81,validation,20260903,v0.1,hash_bucket
INS_8DC7C131CCA8,4cb3ffbf2078225e,CIRCULAR_VRP,large,LOC_0D7AAF851D69,Tarn Taran,PB,56,14,TRK_017DA12B162E|TRK_A997FC00E0CF|TRK_8C037A0ADC54|TRK_EEB1DE456EE4|TRK_BCC966E673C0|TRK_B6CE07A71D80|TRK_5564246F7906|TRK_5136065E98CA|TRK_E260AFDFB21B|TRK_E9C76BCDE1E1|TRK_FB045E9F7F61|TRK_B7FB75BB3E0A|TRK_4A05F6B9B509|TRK_1C8C798F44C5,27990.0,420460.0,379350.0,True,True,False,True,"{""circular_bonus"": -1.1, ""distance_km"": 1.0, ""empty_km"": 0.85, ""fuel_inr"": 0.01, ""risk"": 12.0, ""time_min"": 0.35, ""toll_inr"": 0.01}",CST_48011250D4FB,SCN_BASELINE,g1,False,3249,train,20260903,v0.1,hash_bucket
INS_9B077567AD98,045e853f1e43994c,CIRCULAR_VRP,small,LOC_BC83DA386B0E,Baghpat,UP,13,4,TRK_017DA12B162E|TRK_A997FC00E0CF|TRK_8C037A0ADC54|TRK_EEB1DE456EE4,31250.0,126170.0,73400.0,True,False,False,True,"{""circular_bonus"": -1.1, ""distance_km"": 1.0, ""empty_km"": 0.85, ""fuel_inr"": 0.01, ""risk"": 12.0, ""time_min"": 0.35, ""toll_inr"": 0.01}",CST_48011250D4FB,SCN_BASELINE,g1,False,196,validation,20260903,v0.1,hash_bucket
INS_450991F9A825,ef339662a417bd76,VRPTW,small,LOC_AD745A3946E4,Unnao,UP,12,4,TRK_017DA12B162E|TRK_A997FC00E0CF|TRK_8C037A0ADC54|TRK_EEB1DE456EE4,31250.0,126170.0,71710.0,True,True,False,False,"{""circular_bonus"": -1.1, ""distance_km"": 1.0, ""empty_km"": 0.85, ""fuel_inr"": 0.01, ""risk"": 12.0, ""time_min"": 0.35, ""toll_inr"": 0.01}",CST_48011250D4FB,SCN_BASELINE,g1,False,169,train,20260903,v0.1,hash_bucket
INS_4076BC16495C,ada8a809ec1310f6,CIRCULAR_VRP,small,LOC_6C7E235EC96D,Nawanshahr,PB,12,6,TRK_017DA12B162E|TRK_A997FC00E0CF|TRK_8C037A0ADC54|TRK_EEB1DE456EE4|TRK_BCC966E673C0|TRK_B6CE07A71D80,30590.0,187510.0,147560.0,True,True,False,True,"{""circular_bonus"": -1.1, ""distance_km"": 1.0, ""empty_km"": 0.85, ""fuel_inr"": 0.01, ""risk"": 12.0, ""time_min"": 0.35, ""toll_inr"": 0.01}",CST_48011250D4FB,SCN_BASELINE,g1,False,169,train,20260903,v0.1,hash_bucket
INS_69683E1815CD,4a1d2885e36748ae,PDP,large,LOC_D49CDCEB7AF7,Charkhi Dadri,HR,56,22,TRK_017DA12B162E|TRK_A997FC00E0CF|TRK_8C037A0ADC54|TRK_EEB1DE456EE4|TRK_BCC966E673C0|TRK_B6CE07A71D80|TRK_5564246F7906|TRK_5136065E98CA|TRK_E260AFDFB21B|TRK_E9C76BCDE1E1|TRK_FB045E9F7F61|TRK_B7FB75BB3E0A|TRK_4A05F6B9B509|TRK_1C8C798F44C5|TRK_8DC7FD5FF93A|TRK_7A91F5198B53|TRK_BEE1B756CA92|TRK_0331FB7CD37E|TRK_EEA8DB00B33D|TRK_3A519CFB8F0F|TRK_8C842CC0A407|TRK_1A09343A6FAC,25770.0,633370.0,594050.0,True,True,True,False,"{""circular_bonus"": -1.1, ""distance_km"": 1.0, ""empty_km"": 0.85, ""fuel_inr"": 0.01, ""risk"": 12.0, ""time_min"": 0.35, ""toll_inr"": 0.01}",CST_48011250D4FB,SCN_BASELINE,g1,False,3249,train,20260903,v0.1,hash_bucket
INS_F12A1CC684DD,aaca2d37eda5d66c,CIRCULAR_VRP,medium,LOC_8F3BDE96C1C3,Rampur,UP,15,5,TRK_017DA12B162E|TRK_A997FC00E0CF|TRK_8C037A0ADC54|TRK_EEB1DE456EE4|TRK_BCC966E673C0,30750.0,156920.0,103530.0,True,True,False,True,"{""circular_bonus"": -1.1, ""distance_km"": 1.0, ""empty_km"": 0.85, ""fuel_inr"": 0.01, ""risk"": 12.0, ""time_min"": 0.35, ""toll_inr"": 0.01}",CST_48011250D4FB,SCN_BASELINE,g1,False,256,validation,20260903,v0.1,hash_bucket
INS_7ADC2F1A7778,009f7c28d1bde571,CVRP,medium,LOC_E9EE964E8CFE,South Delhi,DL,8,9,TRK_017DA12B162E|TRK_A997FC00E0CF|TRK_8C037A0ADC54|TRK_EEB1DE456EE4|TRK_BCC966E673C0|TRK_B6CE07A71D80|TRK_5564246F7906|TRK_5136065E98CA|TRK_E260AFDFB21B,29400.0,277210.0,240000.0,True,False,False,False,"{""circular_bonus"": -1.1, ""distance_km"": 1.0, ""empty_km"": 0.85, ""fuel_inr"": 0.01, ""risk"": 12.0, ""time_min"": 0.35, ""toll_inr"": 0.01}",CST_48011250D4FB,SCN_BASELINE,g1,False,81,train,20260903,v0.1,hash_bucket
INS_72A7FFB67640,009f7c28d1bde571,VRPTW,medium,LOC_E9EE964E8CFE,South Delhi,DL,8,9,TRK_017DA12B162E|TRK_A997FC00E0CF|TRK_8C037A0ADC54|TRK_EEB1DE456EE4|TRK_BCC966E673C0|TRK_B6CE07A71D80|TRK_5564246F7906|TRK_5136065E98CA|TRK_E260AFDFB21B,29400.0,277210.0,240000.0,True,True,False,False,"{""circular_bonus"": -1.1, ""distance_km"": 1.0, ""empty_km"": 0.85, ""fuel_inr"": 0.01, ""risk"": 12.0, ""time_min"": 0.35, ""toll_inr"": 0.01}",CST_48011250D4FB,SCN_BASELINE,g1,False,81,train,20260903,v0.1,hash_bucket
INS_96347EE84F58,e1c33537f98ed6a5,PDP,small,LOC_6C7E235EC96D,Nawanshahr,PB,13,6,TRK_017DA12B162E|TRK_A997FC00E0CF|TRK_8C037A0ADC54|TRK_EEB1DE456EE4|TRK_BCC966E673C0|TRK_B6CE07A71D80,30590.0,187510.0,147830.0,True,True,True,True,"{""circular_bonus"": -1.1, ""distance_km"": 1.0, ""empty_km"": 0.85, ""fuel_inr"": 0.01, ""risk"": 12.0, ""time_min"": 0.35, ""toll_inr"": 0.01}",CST_48011250D4FB,SCN_BASELINE,g1,False,196,train,20260903,v0.1,hash_bucket
INS_5FFEA8594C51,df3d3f70335fdda8,PDP,large,LOC_DA9770705B86,South West Delhi,DL,18,16,TRK_017DA12B162E|TRK_A997FC00E0CF|TRK_8C037A0ADC54|TRK_EEB1DE456EE4|TRK_BCC966E673C0|TRK_B6CE07A71D80|TRK_5564246F7906|TRK_5136065E98CA|TRK_E260AFDFB21B|TRK_E9C76BCDE1E1|TRK_FB045E9F7F61|TRK_B7FB75BB3E0A|TRK_4A05F6B9B509|TRK_1C8C798F44C5|TRK_8DC7FD5FF93A|TRK_7A91F5198B53,27170.0,475340.0,432240.0,True,False,True,True,"{""circular_bonus"": -1.1, ""distance_km"": 1.0, ""empty_km"": 0.85, ""fuel_inr"": 0.01, ""risk"": 12.0, ""time_min"": 0.35, ""toll_inr"": 0.01}",CST_48011250D4FB,SCN_BASELINE,g1,False,361,validation,20260903,v0.1,hash_bucket
INS_B5700F278736,b71626995f277947,VRPTW,small,LOC_4E618897659A,Hathras,UP,9,8,TRK_40F5228AAD63|TRK_EACC11A598BC|TRK_AEFF0F3D6157|TRK_5761F54D80F2|TRK_86DDBB46031F|TRK_105C091EFD2D|TRK_99200FA0CAF5|TRK_D260776856E5,770.0,57870.0,55130.0,True,True,False,False,"{""circular_bonus"": -1.1, ""distance_km"": 1.0, ""empty_km"": 0.85, ""fuel_inr"": 0.01, ""risk"": 12.0, ""time_min"": 0.35, ""toll_inr"": 0.01}",CST_48011250D4FB,SCN_BASELINE,g1,False,100,train,20260903,v0.1,hash_bucket
INS_5EC3D037FDF3,584103fb868b142b,VRPTW,large,LOC_2275B2D35F85,Palwal,HR,36,8,TRK_017DA12B162E|TRK_A997FC00E0CF|TRK_8C037A0ADC54|TRK_EEB1DE456EE4|TRK_BCC966E673C0|TRK_B6CE07A71D80|TRK_5564246F7906|TRK_5136065E98CA,29770.0,247810.0,193700.0,True,True,False,False,"{""circular_bonus"": -1.1, ""distance_km"": 1.0, ""empty_km"": 0.85, ""fuel_inr"": 0.01, ""risk"": 12.0, ""time_min"": 0.35, ""toll_inr"": 0.01}",CST_48011250D4FB,SCN_BASELINE,g1,False,1369,train,20260903,v0.1,hash_bucket
INS_AB10CE16A95F,888d870cfbb9814c,CIRCULAR_VRP,small,LOC_36B5B5F31C8D,Varanasi,UP,9,5,TRK_EEB1DE456EE4|TRK_2EC9632BD23F|TRK_4B9B485B6A6B|TRK_F129A970A76F|TRK_6F7B962D8029,9070.0,92130.0,77040.0,True,False,False,True,"{""circular_bonus"": -1.1, ""distance_km"": 1.0, ""empty_km"": 0.85, ""fuel_inr"": 0.01, ""risk"": 12.0, ""time_min"": 0.35, ""toll_inr"": 0.01}",CST_48011250D4FB,SCN_BASELINE,g1,False,100,train,20260903,v0.1,hash_bucket
INS_7B17EB6F08C8,f20d93e77d462a4d,CVRP,medium,LOC_F1EE6A62E5AA,Mahendragarh,HR,25,8,TRK_017DA12B162E|TRK_A997FC00E0CF|TRK_8C037A0ADC54|TRK_EEB1DE456EE4|TRK_BCC966E673C0|TRK_B6CE07A71D80|TRK_5564246F7906|TRK_5136065E98CA,29770.0,247810.0,212300.0,True,False,False,False,"{""circular_bonus"": -1.1, ""distance_km"": 1.0, ""empty_km"": 0.85, ""fuel_inr"": 0.01, ""risk"": 12.0, ""time_min"": 0.35, ""toll_inr"": 0.01}",CST_48011250D4FB,SCN_BASELINE,g1,False,676,train,20260903,v0.1,hash_bucket
INS_5BD10C6C233A,18964e78a06459a3,VRPTW,small,LOC_AB3DB4CE53FF,Gurdaspur,PB,9,4,TRK_017DA12B162E|TRK_A997FC00E0CF|TRK_8C037A0ADC54|TRK_EEB1DE456EE4,31250.0,126170.0,84800.0,True,True,False,False,"{""circular_bonus"": -1.1, ""distance_km"": 1.0, ""empty_km"": 0.85, ""fuel_inr"": 0.01, ""risk"": 12.0, ""time_min"": 0.35, ""toll_inr"": 0.01}",CST_48011250D4FB,SCN_BASELINE,g1,False,100,train,20260903,v0.1,hash_bucket
INS_86F73EF47470,f8907ac29c290d66,CIRCULAR_VRP,medium,LOC_AA53E75D54A9,Etah,UP,20,8,TRK_017DA12B162E|TRK_A997FC00E0CF|TRK_8C037A0ADC54|TRK_EEB1DE456EE4|TRK_BCC966E673C0|TRK_B6CE07A71D80|TRK_5564246F7906|TRK_5136065E98CA,29770.0,247810.0,217970.0,True,True,False,True,"{""circular_bonus"": -1.1, ""distance_km"": 1.0, ""empty_km"": 0.85, ""fuel_inr"": 0.01, ""risk"": 12.0, ""time_min"": 0.35, ""toll_inr"": 0.01}",CST_48011250D4FB,SCN_BASELINE,g1,False,441,train,20260903,v0.1,hash_bucket
INS_2BE644409134,f2041eb254bb8df5,CIRCULAR_VRP,small,LOC_61BECDCA1350,Central Delhi,DL,4,3,TRK_0331FB7CD37E|TRK_5116501BE0D5|TRK_05D6F43C6DC3,6010.0,45860.0,39620.0,True,True,False,True,"{""circular_bonus"": -1.1, ""distance_km"": 1.0, ""empty_km"": 0.85, ""fuel_inr"": 0.01, ""risk"": 12.0, ""time_min"": 0.35, ""toll_inr"": 0.01}",CST_48011250D4FB,SCN_BASELINE,g1,False,25,validation,20260903,v0.1,hash_bucket
INS_61479E4416F9,72b79b9edce318fa,CIRCULAR_VRP,medium,LOC_B6370F731EEC,Lucknow,UP,26,21,TRK_017DA12B162E|TRK_A997FC00E0CF|TRK_8C037A0ADC54|TRK_EEB1DE456EE4|TRK_BCC966E673C0|TRK_B6CE07A71D80|TRK_5564246F7906|TRK_5136065E98CA|TRK_E260AFDFB21B|TRK_E9C76BCDE1E1|TRK_FB045E9F7F61|TRK_B7FB75BB3E0A|TRK_4A05F6B9B509|TRK_1C8C798F44C5|TRK_8DC7FD5FF93A|TRK_7A91F5198B53|TRK_BEE1B756CA92|TRK_0331FB7CD37E|TRK_EEA8DB00B33D|TRK_3A519CFB8F0F|TRK_8C842CC0A407,25970.0,607600.0,564070.0,True,True,False,True,"{""circular_bonus"": -1.1, ""distance_km"": 1.0, ""empty_km"": 0.85, ""fuel_inr"": 0.01, ""risk"": 12.0, ""time_min"": 0.35, ""toll_inr"": 0.01}",CST_48011250D4FB,SCN_BASELINE,g1,False,729,validation,20260903,v0.1,hash_bucket
INS_19D74752B580,5267ffde93013107,PDP,small,LOC_C6AB43142BDB,Faridkot,PB,8,3,TRK_017DA12B162E|TRK_A997FC00E0CF|TRK_8C037A0ADC54,31430.0,94920.0,51080.0,True,False,True,True,"{""circular_bonus"": -1.1, ""distance_km"": 1.0, ""empty_km"": 0.85, ""fuel_inr"": 0.01, ""risk"": 12.0, ""time_min"": 0.35, ""toll_inr"": 0.01}",CST_48011250D4FB,SCN_BASELINE,g1,False,81,test,20260903,v0.1,hash_bucket
INS_F60EAA376F0F,47447d776f0830bb,PDP,medium,LOC_11A4C40B0A4F,Yamunanagar,HR,18,8,TRK_017DA12B162E|TRK_A997FC00E0CF|TRK_8C037A0ADC54|TRK_EEB1DE456EE4|TRK_BCC966E673C0|TRK_B6CE07A71D80|TRK_5564246F7906|TRK_5136065E98CA,29770.0,247810.0,197260.0,True,True,True,False,"{""circular_bonus"": -1.1, ""distance_km"": 1.0, ""empty_km"": 0.85, ""fuel_inr"": 0.01, ""risk"": 12.0, ""time_min"": 0.35, ""toll_inr"": 0.01}",CST_48011250D4FB,SCN_BASELINE,g1,False,361,test,20260903,v0.1,hash_bucket
INS_20E65DB7D5F6,dd37bb09087eed0e,CIRCULAR_VRP,small,LOC_190E748F376B,Barabanki,UP,11,3,TRK_017DA12B162E|TRK_A997FC00E0CF|TRK_8C037A0ADC54,31430.0,94920.0,60030.0,True,False,False,True,"{""circular_bonus"": -1.1, ""distance_km"": 1.0, ""empty_km"": 0.85, ""fuel_inr"": 0.01, ""risk"": 12.0, ""time_min"": 0.35, ""toll_inr"": 0.01}",CST_48011250D4FB,SCN_BASELINE,g1,False,144,train,20260903,v0.1,hash_bucket
INS_D76E1166EFA0,498c43b3cbd009a0,PDP,small,LOC_2011BC2FE7BD,Fazilka,PB,8,3,TRK_017DA12B162E|TRK_A997FC00E0CF|TRK_8C037A0ADC54,31430.0,94920.0,60190.0,True,True,True,False,"{""circular_bonus"": -1.1, ""distance_km"": 1.0, ""empty_km"": 0.85, ""fuel_inr"": 0.01, ""risk"": 12.0, ""time_min"": 0.35, ""toll_inr"": 0.01}",CST_48011250D4FB,SCN_BASELINE,g1,False,81,validation,20260903,v0.1,hash_bucket
INS_39DB34F40439,3a2befe4e530d8f7,PDP,small,LOC_B01B9CC74597,Saharanpur,UP,9,2,TRK_B7FB75BB3E0A|TRK_C8E078B21004,3130.0,31970.0,16830.0,True,True,True,True,"{""circular_bonus"": -1.1, ""distance_km"": 1.0, ""empty_km"": 0.85, ""fuel_inr"": 0.01, ""risk"": 12.0, ""time_min"": 0.35, ""toll_inr"": 0.01}",CST_48011250D4FB,SCN_BASELINE,g1,False,100,train,20260903,v0.1,hash_bucket
INS_D29FCEBE5C14,020e07beeda5b30a,VRPTW,medium,LOC_9F3A877025DA,Shahjahanpur,UP,27,5,TRK_017DA12B162E|TRK_A997FC00E0CF|TRK_8C037A0ADC54|TRK_EEB1DE456EE4|TRK_BCC966E673C0,30750.0,156920.0,124780.0,True,True,False,False,"{""circular_bonus"": -1.1, ""distance_km"": 1.0, ""empty_km"": 0.85, ""fuel_inr"": 0.01, ""risk"": 12.0, ""time_min"": 0.35, ""toll_inr"": 0.01}",CST_48011250D4FB,SCN_BASELINE,g1,False,784,validation,20260903,v0.1,hash_bucket
INS_EAFC207F561E,31eb8db3df18c90e,CVRP,large,LOC_6042150B38E7,Rohtak,HR,56,25,TRK_017DA12B162E|TRK_A997FC00E0CF|TRK_8C037A0ADC54|TRK_EEB1DE456EE4|TRK_BCC966E673C0|TRK_B6CE07A71D80|TRK_5564246F7906|TRK_5136065E98CA|TRK_E260AFDFB21B|TRK_E9C76BCDE1E1|TRK_FB045E9F7F61|TRK_B7FB75BB3E0A|TRK_4A05F6B9B509|TRK_1C8C798F44C5|TRK_8DC7FD5FF93A|TRK_7A91F5198B53|TRK_BEE1B756CA92|TRK_0331FB7CD37E|TRK_EEA8DB00B33D|TRK_3A519CFB8F0F|TRK_8C842CC0A407|TRK_1A09343A6FAC|TRK_3F175C42FEAA|TRK_2EC9632BD23F|TRK_EA0BF86B0239,24700.0,708400.0,787265.0,False,False,False,False,"{""circular_bonus"": -1.1, ""distance_km"": 1.0, ""empty_km"": 0.85, ""fuel_inr"": 0.01, ""risk"": 12.0, ""time_min"": 0.35, ""toll_inr"": 0.01}",CST_48011250D4FB,SCN_BASELINE,g1,False,3249,train,20260903,v0.1,hash_bucket
INS_FE5550B9E753,d71a42128e5f8617,CIRCULAR_VRP,large,LOC_FF96333A5510,North West Delhi,DL,23,22,TRK_017DA12B162E|TRK_A997FC00E0CF|TRK_8C037A0ADC54|TRK_EEB1DE456EE4|TRK_BCC966E673C0|TRK_B6CE07A71D80|TRK_5564246F7906|TRK_5136065E98CA|TRK_E260AFDFB21B|TRK_E9C76BCDE1E1|TRK_FB045E9F7F61|TRK_B7FB75BB3E0A|TRK_4A05F6B9B509|TRK_1C8C798F44C5|TRK_8DC7FD5FF93A|TRK_7A91F5198B53|TRK_BEE1B756CA92|TRK_0331FB7CD37E|TRK_EEA8DB00B33D|TRK_3A519CFB8F0F|TRK_8C842CC0A407|TRK_1A09343A6FAC,25770.0,633370.0,589680.0,True,True,False,True,"{""circular_bonus"": -1.1, ""distance_km"": 1.0, ""empty_km"": 0.85, ""fuel_inr"": 0.01, ""risk"": 12.0, ""time_min"": 0.35, ""toll_inr"": 0.01}",CST_48011250D4FB,SCN_BASELINE,g1,False,576,train,20260903,v0.1,hash_bucket
INS_5B36622DC48D,eceec65734cf757c,VRPTW,medium,LOC_DD4D9C55D7BB,Fatehgarh Sahib,PB,23,8,TRK_017DA12B162E|TRK_A997FC00E0CF|TRK_8C037A0ADC54|TRK_EEB1DE456EE4|TRK_BCC966E673C0|TRK_B6CE07A71D80|TRK_5564246F7906|TRK_5136065E98CA,29770.0,247810.0,198970.0,True,True,False,False,"{""circular_bonus"": -1.1, ""distance_km"": 1.0, ""empty_km"": 0.85, ""fuel_inr"": 0.01, ""risk"": 12.0, ""time_min"": 0.35, ""toll_inr"": 0.01}",CST_48011250D4FB,SCN_BASELINE,g1,False,576,train,20260903,v0.1,hash_bucket
INS_4E0605D7E42F,042c709394040a6c,PDP,medium,LOC_2E423964E639,Agra,UP,20,7,TRK_017DA12B162E|TRK_A997FC00E0CF|TRK_8C037A0ADC54|TRK_EEB1DE456EE4|TRK_BCC966E673C0|TRK_B6CE07A71D80|TRK_5564246F7906,30530.0,218040.0,173490.0,True,False,True,False,"{""circular_bonus"": -1.1, ""distance_km"": 1.0, ""empty_km"": 0.85, ""fuel_inr"": 0.01, ""risk"": 12.0, ""time_min"": 0.35, ""toll_inr"": 0.01}",CST_48011250D4FB,SCN_BASELINE,g1,False,441,train,20260903,v0.1,hash_bucket
INS_2A0D3B84AFE3,c0bd70f746c431d9,PDP,medium,LOC_2E9E391564C2,Sonipat,HR,25,10,TRK_017DA12B162E|TRK_A997FC00E0CF|TRK_8C037A0ADC54|TRK_EEB1DE456EE4|TRK_BCC966E673C0|TRK_B6CE07A71D80|TRK_5564246F7906|TRK_5136065E98CA|TRK_E260AFDFB21B|TRK_E9C76BCDE1E1,28950.0,306160.0,260370.0,True,True,True,True,"{""circular_bonus"": -1.1, ""distance_km"": 1.0, ""empty_km"": 0.85, ""fuel_inr"": 0.01, ""risk"": 12.0, ""time_min"": 0.35, ""toll_inr"": 0.01}",CST_48011250D4FB,SCN_BASELINE,g1,False,676,train,20260903,v0.1,hash_bucket
INS_3B43F4C8166C,2454b32047c0e88f,PDP,small,LOC_36B5B5F31C8D,Varanasi,UP,13,7,TRK_017DA12B162E|TRK_A997FC00E0CF|TRK_8C037A0ADC54|TRK_EEB1DE456EE4|TRK_BCC966E673C0|TRK_B6CE07A71D80|TRK_5564246F7906,30530.0,218040.0,183290.0,True,False,True,True,"{""circular_bonus"": -1.1, ""distance_km"": 1.0, ""empty_km"": 0.85, ""fuel_inr"": 0.01, ""risk"": 12.0, ""time_min"": 0.35, ""toll_inr"": 0.01}",CST_48011250D4FB,SCN_BASELINE,g1,False,196,validation,20260903,v0.1,hash_bucket
INS_9FAD5489F4FB,53ebb6bc16552269,CIRCULAR_VRP,small,LOC_58DEC063659A,Gorakhpur,UP,8,5,TRK_017DA12B162E|TRK_A997FC00E0CF|TRK_8C037A0ADC54|TRK_EEB1DE456EE4|TRK_BCC966E673C0,30750.0,156920.0,109820.0,True,True,False,True,"{""circular_bonus"": -1.1, ""distance_km"": 1.0, ""empty_km"": 0.85, ""fuel_inr"": 0.01, ""risk"": 12.0, ""time_min"": 0.35, ""toll_inr"": 0.01}",CST_48011250D4FB,SCN_BASELINE,g1,False,81,test,20260903,v0.1,hash_bucket
INS_92A4462A383B,98207fde1b4d6d0f,VRPTW,medium,LOC_4E618897659A,Hathras,UP,25,7,TRK_017DA12B162E|TRK_A997FC00E0CF|TRK_8C037A0ADC54|TRK_EEB1DE456EE4|TRK_BCC966E673C0|TRK_B6CE07A71D80|TRK_5564246F7906,30530.0,218040.0,171860.0,True,True,False,False,"{""circular_bonus"": -1.1, ""distance_km"": 1.0, ""empty_km"": 0.85, ""fuel_inr"": 0.01, ""risk"": 12.0, ""time_min"": 0.35, ""toll_inr"": 0.01}",CST_48011250D4FB,SCN_BASELINE,g1,False,676,train,20260903,v0.1,hash_bucket
INS_7B9DF8F807B7,660e2edf54fc55e4,CIRCULAR_VRP,small,LOC_F20DB0F2A327,Gurugram,HR,13,6,TRK_017DA12B162E|TRK_A997FC00E0CF|TRK_8C037A0ADC54|TRK_EEB1DE456EE4|TRK_BCC966E673C0|TRK_B6CE07A71D80,30590.0,187510.0,150520.0,True,True,False,True,"{""circular_bonus"": -1.1, ""distance_km"": 1.0, ""empty_km"": 0.85, ""fuel_inr"": 0.01, ""risk"": 12.0, ""time_min"": 0.35, ""toll_inr"": 0.01}",CST_48011250D4FB,SCN_BASELINE,g1,False,196,train,20260903,v0.1,hash_bucket
INS_C34AB556BB80,5dcdb9d560e6a3d7,CIRCULAR_VRP,medium,LOC_B26FC239E19A,North Delhi,DL,15,13,TRK_017DA12B162E|TRK_A997FC00E0CF|TRK_8C037A0ADC54|TRK_EEB1DE456EE4|TRK_BCC966E673C0|TRK_B6CE07A71D80|TRK_5564246F7906|TRK_5136065E98CA|TRK_E260AFDFB21B|TRK_E9C76BCDE1E1|TRK_FB045E9F7F61|TRK_B7FB75BB3E0A|TRK_4A05F6B9B509,28580.0,392470.0,361670.0,True,False,False,True,"{""circular_bonus"": -1.1, ""distance_km"": 1.0, ""empty_km"": 0.85, ""fuel_inr"": 0.01, ""risk"": 12.0, ""time_min"": 0.35, ""toll_inr"": 0.01}",CST_48011250D4FB,SCN_BASELINE,g1,False,256,train,20260903,v0.1,hash_bucket
INS_3E8F0E0539F9,afe19e144f943cde,PDP,small,LOC_FF96333A5510,North West Delhi,DL,12,12,TRK_017DA12B162E|TRK_A997FC00E0CF|TRK_8C037A0ADC54|TRK_EEB1DE456EE4|TRK_BCC966E673C0|TRK_B6CE07A71D80|TRK_5564246F7906|TRK_5136065E98CA|TRK_E260AFDFB21B|TRK_E9C76BCDE1E1|TRK_FB045E9F7F61|TRK_B7FB75BB3E0A,28840.0,363890.0,322490.0,True,True,True,True,"{""circular_bonus"": -1.1, ""distance_km"": 1.0, ""empty_km"": 0.85, ""fuel_inr"": 0.01, ""risk"": 12.0, ""time_min"": 0.35, ""toll_inr"": 0.01}",CST_48011250D4FB,SCN_BASELINE,g1,False,169,test,20260903,v0.1,hash_bucket
INS_6194829F70EE,05e4ccae91e0dcdf,PDP,small,LOC_165F0D721F3E,Jalandhar,PB,12,7,TRK_017DA12B162E|TRK_A997FC00E0CF|TRK_8C037A0ADC54|TRK_EEB1DE456EE4|TRK_BCC966E673C0|TRK_B6CE07A71D80|TRK_5564246F7906,30530.0,218040.0,180950.0,True,False,True,False,"{""circular_bonus"": -1.1, ""distance_km"": 1.0, ""empty_km"": 0.85, ""fuel_inr"": 0.01, ""risk"": 12.0, ""time_min"": 0.35, ""toll_inr"": 0.01}",CST_48011250D4FB,SCN_BASELINE,g1,False,169,train,20260903,v0.1,hash_bucket
INS_61BEFE910103,b1c1fb11e0cf0e6a,VRPTW,small,LOC_CF209A6CE403,Hapur,UP,10,7,TRK_017DA12B162E|TRK_A997FC00E0CF|TRK_8C037A0ADC54|TRK_EEB1DE456EE4|TRK_BCC966E673C0|TRK_B6CE07A71D80|TRK_5564246F7906,30530.0,218040.0,162950.0,True,True,False,False,"{""circular_bonus"": -1.1, ""distance_km"": 1.0, ""empty_km"": 0.85, ""fuel_inr"": 0.01, ""risk"": 12.0, ""time_min"": 0.35, ""toll_inr"": 0.01}",CST_48011250D4FB,SCN_BASELINE,g1,False,121,train,20260903,v0.1,hash_bucket
INS_4FB826E8D660,fddc47771bdff4bb,CIRCULAR_VRP,small,LOC_21F591BF08EC,West Delhi,DL,4,8,TRK_D5734C94CA97|TRK_0DB792D95BC8|TRK_CE161697CB0F|TRK_B4E942FB3E8F|TRK_547C0929AFCE|TRK_3D378E8843DC|TRK_57C748EE92F0|TRK_38CCD92D5770,6550.0,95530.0,83560.0,True,True,False,True,"{""circular_bonus"": -1.1, ""distance_km"": 1.0, ""empty_km"": 0.85, ""fuel_inr"": 0.01, ""risk"": 12.0, ""time_min"": 0.35, ""toll_inr"": 0.01}",CST_48011250D4FB,SCN_BASELINE,g1,False,25,train,20260903,v0.1,hash_bucket
INS_4E88E5D2291D,26eb25e95a11ed27,PDP,medium,LOC_5775AEDC7A87,Kanpur Nagar,UP,27,10,TRK_017DA12B162E|TRK_A997FC00E0CF|TRK_8C037A0ADC54|TRK_EEB1DE456EE4|TRK_BCC966E673C0|TRK_B6CE07A71D80|TRK_5564246F7906|TRK_5136065E98CA|TRK_E260AFDFB21B|TRK_E9C76BCDE1E1,28950.0,306160.0,270050.0,True,True,True,False,"{""circular_bonus"": -1.1, ""distance_km"": 1.0, ""empty_km"": 0.85, ""fuel_inr"": 0.01, ""risk"": 12.0, ""time_min"": 0.35, ""toll_inr"": 0.01}",CST_48011250D4FB,SCN_BASELINE,g1,False,784,train,20260903,v0.1,hash_bucket
INS_98C6455C9916,557d55b6d9a39e33,CIRCULAR_VRP,medium,LOC_165F0D721F3E,Jalandhar,PB,22,9,TRK_017DA12B162E|TRK_A997FC00E0CF|TRK_8C037A0ADC54|TRK_EEB1DE456EE4|TRK_BCC966E673C0|TRK_B6CE07A71D80|TRK_5564246F7906|TRK_5136065E98CA|TRK_E260AFDFB21B,29400.0,277210.0,227480.0,True,True,False,True,"{""circular_bonus"": -1.1, ""distance_km"": 1.0, ""empty_km"": 0.85, ""fuel_inr"": 0.01, ""risk"": 12.0, ""time_min"": 0.35, ""toll_inr"": 0.01}",CST_48011250D4FB,SCN_BASELINE,g1,False,529,train,20260903,v0.1,hash_bucket
INS_B44D893D6C2A,857580b7d8b93e29,CIRCULAR_VRP,medium,LOC_2E423964E639,Agra,UP,22,6,TRK_017DA12B162E|TRK_A997FC00E0CF|TRK_8C037A0ADC54|TRK_EEB1DE456EE4|TRK_BCC966E673C0|TRK_B6CE07A71D80,30590.0,187510.0,149670.0,True,True,False,True,"{""circular_bonus"": -1.1, ""distance_km"": 1.0, ""empty_km"": 0.85, ""fuel_inr"": 0.01, ""risk"": 12.0, ""time_min"": 0.35, ""toll_inr"": 0.01}",CST_48011250D4FB,SCN_BASELINE,g1,False,529,test,20260903,v0.1,hash_bucket
INS_2F3C5AA5AF9D,23dc99b67a57a37e,PDP,medium,LOC_D2DDEA75080C,Pathankot,PB,27,11,TRK_017DA12B162E|TRK_A997FC00E0CF|TRK_8C037A0ADC54|TRK_EEB1DE456EE4|TRK_BCC966E673C0|TRK_B6CE07A71D80|TRK_5564246F7906|TRK_5136065E98CA|TRK_E260AFDFB21B|TRK_E9C76BCDE1E1|TRK_FB045E9F7F61,28890.0,335050.0,302920.0,True,False,True,False,"{""circular_bonus"": -1.1, ""distance_km"": 1.0, ""empty_km"": 0.85, ""fuel_inr"": 0.01, ""risk"": 12.0, ""time_min"": 0.35, ""toll_inr"": 0.01}",CST_48011250D4FB,SCN_BASELINE,g1,False,784,train,20260903,v0.1,hash_bucket
INS_90EB051684B2,fcbc647d7d9ed58e,CIRCULAR_VRP,medium,LOC_AD745A3946E4,Unnao,UP,17,5,TRK_017DA12B162E|TRK_A997FC00E0CF|TRK_8C037A0ADC54|TRK_EEB1DE456EE4|TRK_BCC966E673C0,30750.0,156920.0,114530.0,True,True,False,True,"{""circular_bonus"": -1.1, ""distance_km"": 1.0, ""empty_km"": 0.85, ""fuel_inr"": 0.01, ""risk"": 12.0, ""time_min"": 0.35, ""toll_inr"": 0.01}",CST_48011250D4FB,SCN_BASELINE,g1,False,324,validation,20260903,v0.1,hash_bucket
INS_E759501E326E,5dd1b8754a3f68c9,CIRCULAR_VRP,small,LOC_8E24E29DF84B,Hisar,HR,13,6,TRK_017DA12B162E|TRK_A997FC00E0CF|TRK_8C037A0ADC54|TRK_EEB1DE456EE4|TRK_BCC966E673C0|TRK_B6CE07A71D80,30590.0,187510.0,135830.0,True,False,False,True,"{""circular_bonus"": -1.1, ""distance_km"": 1.0, ""empty_km"": 0.85, ""fuel_inr"": 0.01, ""risk"": 12.0, ""time_min"": 0.35, ""toll_inr"": 0.01}",CST_48011250D4FB,SCN_BASELINE,g1,False,196,train,20260903,v0.1,hash_bucket
INS_6B1079A40EEC,2752e888f64c57d9,PDP,large,LOC_0D7AAF851D69,Tarn Taran,PB,36,7,TRK_017DA12B162E|TRK_A997FC00E0CF|TRK_8C037A0ADC54|TRK_EEB1DE456EE4|TRK_BCC966E673C0|TRK_B6CE07A71D80|TRK_5564246F7906,30530.0,218040.0,186350.0,True,True,True,False,"{""circular_bonus"": -1.1, ""distance_km"": 1.0, ""empty_km"": 0.85, ""fuel_inr"": 0.01, ""risk"": 12.0, ""time_min"": 0.35, ""toll_inr"": 0.01}",CST_48011250D4FB,SCN_BASELINE,g1,False,1369,train,20260903,v0.1,hash_bucket
INS_1BA52BDDAC2D,87ae8751f9b8dd7b,CIRCULAR_VRP,medium,LOC_AC684A297AD1,Bareilly,UP,24,9,TRK_017DA12B162E|TRK_A997FC00E0CF|TRK_8C037A0ADC54|TRK_EEB1DE456EE4|TRK_BCC966E673C0|TRK_B6CE07A71D80|TRK_5564246F7906|TRK_5136065E98CA|TRK_E260AFDFB21B,29400.0,277210.0,246530.0,True,True,False,True,"{""circular_bonus"": -1.1, ""distance_km"": 1.0, ""empty_km"": 0.85, ""fuel_inr"": 0.01, ""risk"": 12.0, ""time_min"": 0.35, ""toll_inr"": 0.01}",CST_48011250D4FB,SCN_BASELINE,g1,False,625,test,20260903,v0.1,hash_bucket
INS_5C68FBB7F85A,fddc47771bdff4bb,VRPTW,medium,LOC_21F591BF08EC,West Delhi,DL,4,8,TRK_D5734C94CA97|TRK_0DB792D95BC8|TRK_CE161697CB0F|TRK_B4E942FB3E8F|TRK_547C0929AFCE|TRK_3D378E8843DC|TRK_57C748EE92F0|TRK_38CCD92D5770,6550.0,95530.0,83560.0,True,True,False,False,"{""circular_bonus"": -1.1, ""distance_km"": 1.0, ""empty_km"": 0.85, ""fuel_inr"": 0.01, ""risk"": 12.0, ""time_min"": 0.35, ""toll_inr"": 0.01}",CST_48011250D4FB,SCN_BASELINE,g1,False,25,train,20260903,v0.1,hash_bucket
INS_51DA976C87F0,862340d82fb9771a,CIRCULAR_VRP,medium,LOC_841795218E67,Ghaziabad,UP,21,8,TRK_017DA12B162E|TRK_A997FC00E0CF|TRK_8C037A0ADC54|TRK_EEB1DE456EE4|TRK_BCC966E673C0|TRK_B6CE07A71D80|TRK_5564246F7906|TRK_5136065E98CA,29770.0,247810.0,213440.0,True,True,False,True,"{""circular_bonus"": -1.1, ""distance_km"": 1.0, ""empty_km"": 0.85, ""fuel_inr"": 0.01, ""risk"": 12.0, ""time_min"": 0.35, ""toll_inr"": 0.01}",CST_48011250D4FB,SCN_BASELINE,g1,False,484,train,20260903,v0.1,hash_bucket
INS_93C046D530B7,009f7c28d1bde571,CIRCULAR_VRP,large,LOC_E9EE964E8CFE,South Delhi,DL,8,9,TRK_017DA12B162E|TRK_A997FC00E0CF|TRK_8C037A0ADC54|TRK_EEB1DE456EE4|TRK_BCC966E673C0|TRK_B6CE07A71D80|TRK_5564246F7906|TRK_5136065E98CA|TRK_E260AFDFB21B,29400.0,277210.0,240000.0,True,False,False,True,"{""circular_bonus"": -1.1, ""distance_km"": 1.0, ""empty_km"": 0.85, ""fuel_inr"": 0.01, ""risk"": 12.0, ""time_min"": 0.35, ""toll_inr"": 0.01}",CST_48011250D4FB,SCN_BASELINE,g1,False,81,train,20260903,v0.1,hash_bucket
INS_5DC3965EEC58,763c5e8090a8414d,VRPTW,small,LOC_AD745A3946E4,Unnao,UP,13,5,TRK_017DA12B162E|TRK_A997FC00E0CF|TRK_8C037A0ADC54|TRK_EEB1DE456EE4|TRK_BCC966E673C0,30750.0,156920.0,102380.0,True,True,False,False,"{""circular_bonus"": -1.1, ""distance_km"": 1.0, ""empty_km"": 0.85, ""fuel_inr"": 0.01, ""risk"": 12.0, ""time_min"": 0.35, ""toll_inr"": 0.01}",CST_48011250D4FB,SCN_BASELINE,g1,False,196,train,20260903,v0.1,hash_bucket
INS_DB2FE6753415,febb39ff443b045c,PDP,medium,LOC_63A998834201,North East Delhi,DL,11,8,TRK_017DA12B162E|TRK_A997FC00E0CF|TRK_8C037A0ADC54|TRK_EEB1DE456EE4|TRK_BCC966E673C0|TRK_B6CE07A71D80|TRK_5564246F7906|TRK_5136065E98CA,29770.0,247810.0,190980.0,True,True,True,False,"{""circular_bonus"": -1.1, ""distance_km"": 1.0, ""empty_km"": 0.85, ""fuel_inr"": 0.01, ""risk"": 12.0, ""time_min"": 0.35, ""toll_inr"": 0.01}",CST_48011250D4FB,SCN_BASELINE,g1,False,144,validation,20260903,v0.1,hash_bucket
INS_DE33E58BE17D,47e7ace3c88f3592,PDP,small,LOC_487C12AA952A,Jind,HR,9,4,TRK_017DA12B162E|TRK_A997FC00E0CF|TRK_8C037A0ADC54|TRK_EEB1DE456EE4,31250.0,126170.0,66770.0,True,True,True,False,"{""circular_bonus"": -1.1, ""distance_km"": 1.0, ""empty_km"": 0.85, ""fuel_inr"": 0.01, ""risk"": 12.0, ""time_min"": 0.35, ""toll_inr"": 0.01}",CST_48011250D4FB,SCN_BASELINE,g1,False,100,train,20260903,v0.1,hash_bucket
INS_E4BD4E344224,13075d7b142d9c41,VRPTW,large,LOC_2E9E391564C2,Sonipat,HR,46,15,TRK_017DA12B162E|TRK_A997FC00E0CF|TRK_8C037A0ADC54|TRK_EEB1DE456EE4|TRK_BCC966E673C0|TRK_B6CE07A71D80|TRK_5564246F7906|TRK_5136065E98CA|TRK_E260AFDFB21B|TRK_E9C76BCDE1E1|TRK_FB045E9F7F61|TRK_B7FB75BB3E0A|TRK_4A05F6B9B509|TRK_1C8C798F44C5|TRK_8DC7FD5FF93A,27710.0,448170.0,415030.0,True,True,False,False,"{""circular_bonus"": -1.1, ""distance_km"": 1.0, ""empty_km"": 0.85, ""fuel_inr"": 0.01, ""risk"": 12.0, ""time_min"": 0.35, ""toll_inr"": 0.01}",CST_48011250D4FB,SCN_BASELINE,g1,False,2209,train,20260903,v0.1,hash_bucket
INS_1CE137A5732F,beeacc68fb6c32cc,PDP,small,LOC_BACB2642B5AD,Kurukshetra,HR,8,4,TRK_017DA12B162E|TRK_A997FC00E0CF|TRK_8C037A0ADC54|TRK_EEB1DE456EE4,31250.0,126170.0,82740.0,True,True,True,False,"{""circular_bonus"": -1.1, ""distance_km"": 1.0, ""empty_km"": 0.85, ""fuel_inr"": 0.01, ""risk"": 12.0, ""time_min"": 0.35, ""toll_inr"": 0.01}",CST_48011250D4FB,SCN_BASELINE,g1,False,81,train,20260903,v0.1,hash_bucket
INS_3788A53BE098,5996b06b841d12c0,PDP,medium,LOC_CF209A6CE403,Hapur,UP,29,16,TRK_017DA12B162E|TRK_A997FC00E0CF|TRK_8C037A0ADC54|TRK_EEB1DE456EE4|TRK_BCC966E673C0|TRK_B6CE07A71D80|TRK_5564246F7906|TRK_5136065E98CA|TRK_E260AFDFB21B|TRK_E9C76BCDE1E1|TRK_FB045E9F7F61|TRK_B7FB75BB3E0A|TRK_4A05F6B9B509|TRK_1C8C798F44C5|TRK_8DC7FD5FF93A|TRK_7A91F5198B53,27170.0,475340.0,426370.0,True,False,True,False,"{""circular_bonus"": -1.1, ""distance_km"": 1.0, ""empty_km"": 0.85, ""fuel_inr"": 0.01, ""risk"": 12.0, ""time_min"": 0.35, ""toll_inr"": 0.01}",CST_48011250D4FB,SCN_BASELINE,g1,False,900,test,20260903,v0.1,hash_bucket
INS_A40508F9106A,e77ce19b426ecbf0,CIRCULAR_VRP,small,LOC_DD4D9C55D7BB,Fatehgarh Sahib,PB,13,5,TRK_017DA12B162E|TRK_A997FC00E0CF|TRK_8C037A0ADC54|TRK_EEB1DE456EE4|TRK_BCC966E673C0,30750.0,156920.0,113420.0,True,False,False,True,"{""circular_bonus"": -1.1, ""distance_km"": 1.0, ""empty_km"": 0.85, ""fuel_inr"": 0.01, ""risk"": 12.0, ""time_min"": 0.35, ""toll_inr"": 0.01}",CST_48011250D4FB,SCN_BASELINE,g1,False,196,train,20260903,v0.1,hash_bucket
INS_37DA39C02E5A,51cd187edc6c07f8,PDP,large,LOC_2E9E391564C2,Sonipat,HR,39,16,TRK_017DA12B162E|TRK_A997FC00E0CF|TRK_8C037A0ADC54|TRK_EEB1DE456EE4|TRK_BCC966E673C0|TRK_B6CE07A71D80|TRK_5564246F7906|TRK_5136065E98CA|TRK_E260AFDFB21B|TRK_E9C76BCDE1E1|TRK_FB045E9F7F61|TRK_B7FB75BB3E0A|TRK_4A05F6B9B509|TRK_1C8C798F44C5|TRK_8DC7FD5FF93A|TRK_7A91F5198B53,27170.0,475340.0,444080.0,True,True,True,False,"{""circular_bonus"": -1.1, ""distance_km"": 1.0, ""empty_km"": 0.85, ""fuel_inr"": 0.01, ""risk"": 12.0, ""time_min"": 0.35, ""toll_inr"": 0.01}",CST_48011250D4FB,SCN_BASELINE,g1,False,1600,train,20260903,v0.1,hash_bucket
INS_0CAEF4011AEE,5ca7a4cdb6c434d8,CIRCULAR_VRP,medium,LOC_CF209A6CE403,Hapur,UP,30,13,TRK_017DA12B162E|TRK_A997FC00E0CF|TRK_8C037A0ADC54|TRK_EEB1DE456EE4|TRK_BCC966E673C0|TRK_B6CE07A71D80|TRK_5564246F7906|TRK_5136065E98CA|TRK_E260AFDFB21B|TRK_E9C76BCDE1E1|TRK_FB045E9F7F61|TRK_B7FB75BB3E0A|TRK_4A05F6B9B509,28580.0,392470.0,342645.0,True,True,False,True,"{""circular_bonus"": -1.1, ""distance_km"": 1.0, ""empty_km"": 0.85, ""fuel_inr"": 0.01, ""risk"": 12.0, ""time_min"": 0.35, ""toll_inr"": 0.01}",CST_48011250D4FB,SCN_BASELINE,g1,False,961,train,20260903,v0.1,hash_bucket
INS_7A4999001BDD,b9c3526c8ac9bdbc,PDP,small,LOC_E71843C35AC6,Bijnor,UP,11,4,TRK_017DA12B162E|TRK_A997FC00E0CF|TRK_8C037A0ADC54|TRK_EEB1DE456EE4,31250.0,126170.0,76050.0,True,True,True,False,"{""circular_bonus"": -1.1, ""distance_km"": 1.0, ""empty_km"": 0.85, ""fuel_inr"": 0.01, ""risk"": 12.0, ""time_min"": 0.35, ""toll_inr"": 0.01}",CST_48011250D4FB,SCN_BASELINE,g1,False,144,train,20260903,v0.1,hash_bucket
INS_A0DF5135A028,cc0bf8be82ddac8a,CIRCULAR_VRP,medium,LOC_C58F1767A842,Barnala,PB,28,7,TRK_017DA12B162E|TRK_A997FC00E0CF|TRK_8C037A0ADC54|TRK_EEB1DE456EE4|TRK_BCC966E673C0|TRK_B6CE07A71D80|TRK_5564246F7906,30530.0,218040.0,173815.0,True,True,False,True,"{""circular_bonus"": -1.1, ""distance_km"": 1.0, ""empty_km"": 0.85, ""fuel_inr"": 0.01, ""risk"": 12.0, ""time_min"": 0.35, ""toll_inr"": 0.01}",CST_48011250D4FB,SCN_BASELINE,g1,False,841,train,20260903,v0.1,hash_bucket
INS_A8BFD3E48AB6,f27284e6370e9316,CVRP,small,LOC_FF96333A5510,North West Delhi,DL,14,14,TRK_017DA12B162E|TRK_A997FC00E0CF|TRK_8C037A0ADC54|TRK_EEB1DE456EE4|TRK_BCC966E673C0|TRK_B6CE07A71D80|TRK_5564246F7906|TRK_5136065E98CA|TRK_E260AFDFB21B|TRK_E9C76BCDE1E1|TRK_FB045E9F7F61|TRK_B7FB75BB3E0A|TRK_4A05F6B9B509|TRK_1C8C798F44C5,27990.0,420460.0,367620.0,True,False,False,False,"{""circular_bonus"": -1.1, ""distance_km"": 1.0, ""empty_km"": 0.85, ""fuel_inr"": 0.01, ""risk"": 12.0, ""time_min"": 0.35, ""toll_inr"": 0.01}",CST_48011250D4FB,SCN_BASELINE,g1,False,225,train,20260903,v0.1,hash_bucket
INS_CEEA8543B2B8,b9cf883238b69053,VRPTW,small,LOC_AA53E75D54A9,Etah,UP,9,5,TRK_017DA12B162E|TRK_A997FC00E0CF|TRK_8C037A0ADC54|TRK_EEB1DE456EE4|TRK_BCC966E673C0,30750.0,156920.0,111530.0,True,True,False,False,"{""circular_bonus"": -1.1, ""distance_km"": 1.0, ""empty_km"": 0.85, ""fuel_inr"": 0.01, ""risk"": 12.0, ""time_min"": 0.35, ""toll_inr"": 0.01}",CST_48011250D4FB,SCN_BASELINE,g1,False,100,train,20260903,v0.1,hash_bucket
INS_74A8E26B22A4,8119a8310d360d7a,PDP,medium,LOC_EBC017604691,Mathura,UP,28,8,TRK_017DA12B162E|TRK_A997FC00E0CF|TRK_8C037A0ADC54|TRK_EEB1DE456EE4|TRK_BCC966E673C0|TRK_B6CE07A71D80|TRK_5564246F7906|TRK_5136065E98CA,29770.0,247810.0,191880.0,True,False,True,True,"{""circular_bonus"": -1.1, ""distance_km"": 1.0, ""empty_km"": 0.85, ""fuel_inr"": 0.01, ""risk"": 12.0, ""time_min"": 0.35, ""toll_inr"": 0.01}",CST_48011250D4FB,SCN_BASELINE,g1,False,841,train,20260903,v0.1,hash_bucket
INS_54136D874395,207d2324f202812b,VRPTW,large,LOC_08E25919DCC7,Kanpur Dehat,UP,58,16,TRK_017DA12B162E|TRK_A997FC00E0CF|TRK_8C037A0ADC54|TRK_EEB1DE456EE4|TRK_BCC966E673C0|TRK_B6CE07A71D80|TRK_5564246F7906|TRK_5136065E98CA|TRK_E260AFDFB21B|TRK_E9C76BCDE1E1|TRK_FB045E9F7F61|TRK_B7FB75BB3E0A|TRK_4A05F6B9B509|TRK_1C8C798F44C5|TRK_8DC7FD5FF93A|TRK_7A91F5198B53,27170.0,475340.0,443790.0,True,True,False,False,"{""circular_bonus"": -1.1, ""distance_km"": 1.0, ""empty_km"": 0.85, ""fuel_inr"": 0.01, ""risk"": 12.0, ""time_min"": 0.35, ""toll_inr"": 0.01}",CST_48011250D4FB,SCN_BASELINE,g1,False,3481,train,20260903,v0.1,hash_bucket
INS_8A01BEB52A86,80cce6ce1e179766,CIRCULAR_VRP,small,LOC_EC1D3E4138DF,Amritsar,PB,9,6,TRK_017DA12B162E|TRK_A997FC00E0CF|TRK_8C037A0ADC54|TRK_EEB1DE456EE4|TRK_BCC966E673C0|TRK_B6CE07A71D80,30590.0,187510.0,132300.0,True,True,False,True,"{""circular_bonus"": -1.1, ""distance_km"": 1.0, ""empty_km"": 0.85, ""fuel_inr"": 0.01, ""risk"": 12.0, ""time_min"": 0.35, ""toll_inr"": 0.01}",CST_48011250D4FB,SCN_BASELINE,g1,False,100,train,20260903,v0.1,hash_bucket
INS_5317A090DA2C,75211876449cf1c8,PDP,medium,LOC_EC1D3E4138DF,Amritsar,PB,27,16,TRK_017DA12B162E|TRK_A997FC00E0CF|TRK_8C037A0ADC54|TRK_EEB1DE456EE4|TRK_BCC966E673C0|TRK_B6CE07A71D80|TRK_5564246F7906|TRK_5136065E98CA|TRK_E260AFDFB21B|TRK_E9C76BCDE1E1|TRK_FB045E9F7F61|TRK_B7FB75BB3E0A|TRK_4A05F6B9B509|TRK_1C8C798F44C5|TRK_8DC7FD5FF93A|TRK_7A91F5198B53,27170.0,475340.0,426300.0,True,True,True,True,"{""circular_bonus"": -1.1, ""distance_km"": 1.0, ""empty_km"": 0.85, ""fuel_inr"": 0.01, ""risk"": 12.0, ""time_min"": 0.35, ""toll_inr"": 0.01}",CST_48011250D4FB,SCN_BASELINE,g1,False,784,test,20260903,v0.1,hash_bucket
INS_FBC690F1F7F3,21e0944564be0c98,VRPTW,small,LOC_08E25919DCC7,Kanpur Dehat,UP,9,4,TRK_017DA12B162E|TRK_A997FC00E0CF|TRK_8C037A0ADC54|TRK_EEB1DE456EE4,31250.0,126170.0,73220.0,True,True,False,False,"{""circular_bonus"": -1.1, ""distance_km"": 1.0, ""empty_km"": 0.85, ""fuel_inr"": 0.01, ""risk"": 12.0, ""time_min"": 0.35, ""toll_inr"": 0.01}",CST_48011250D4FB,SCN_BASELINE,g1,False,100,train,20260903,v0.1,hash_bucket
INS_D8544B2CBD2B,533a7a7a2027e475,CIRCULAR_VRP,small,LOC_5D316714188F,Faridabad,HR,9,7,TRK_017DA12B162E|TRK_A997FC00E0CF|TRK_8C037A0ADC54|TRK_EEB1DE456EE4|TRK_BCC966E673C0|TRK_B6CE07A71D80|TRK_5564246F7906,30530.0,218040.0,169800.0,True,True,False,True,"{""circular_bonus"": -1.1, ""distance_km"": 1.0, ""empty_km"": 0.85, ""fuel_inr"": 0.01, ""risk"": 12.0, ""time_min"": 0.35, ""toll_inr"": 0.01}",CST_48011250D4FB,SCN_BASELINE,g1,False,100,validation,20260903,v0.1,hash_bucket
INS_F5158B96D6D4,edb02b69b78e93d7,CIRCULAR_VRP,small,LOC_AB3DB4CE53FF,Gurdaspur,PB,14,6,TRK_017DA12B162E|TRK_A997FC00E0CF|TRK_8C037A0ADC54|TRK_EEB1DE456EE4|TRK_BCC966E673C0|TRK_B6CE07A71D80,30590.0,187510.0,146920.0,True,True,False,True,"{""circular_bonus"": -1.1, ""distance_km"": 1.0, ""empty_km"": 0.85, ""fuel_inr"": 0.01, ""risk"": 12.0, ""time_min"": 0.35, ""toll_inr"": 0.01}",CST_48011250D4FB,SCN_BASELINE,g1,False,225,train,20260903,v0.1,hash_bucket
INS_93122B46E256,59da30c177503558,PDP,medium,LOC_D8FB48D6F894,Fatehabad,HR,19,4,TRK_017DA12B162E|TRK_A997FC00E0CF|TRK_8C037A0ADC54|TRK_EEB1DE456EE4,31250.0,126170.0,69810.0,True,False,True,True,"{""circular_bonus"": -1.1, ""distance_km"": 1.0, ""empty_km"": 0.85, ""fuel_inr"": 0.01, ""risk"": 12.0, ""time_min"": 0.35, ""toll_inr"": 0.01}",CST_48011250D4FB,SCN_BASELINE,g1,False,400,train,20260903,v0.1,hash_bucket
INS_533F5DBD36D6,ec0c252b45d03380,VRPTW,medium,LOC_F1EE6A62E5AA,Mahendragarh,HR,28,9,TRK_017DA12B162E|TRK_A997FC00E0CF|TRK_8C037A0ADC54|TRK_EEB1DE456EE4|TRK_BCC966E673C0|TRK_B6CE07A71D80|TRK_5564246F7906|TRK_5136065E98CA|TRK_E260AFDFB21B,29400.0,277210.0,239940.0,True,True,False,False,"{""circular_bonus"": -1.1, ""distance_km"": 1.0, ""empty_km"": 0.85, ""fuel_inr"": 0.01, ""risk"": 12.0, ""time_min"": 0.35, ""toll_inr"": 0.01}",CST_48011250D4FB,SCN_BASELINE,g1,False,841,test,20260903,v0.1,hash_bucket
INS_103D1DEBED8F,3de283293a7551e3,VRPTW,small,LOC_E7B504BE8FE9,Patiala,PB,8,5,TRK_017DA12B162E|TRK_A997FC00E0CF|TRK_8C037A0ADC54|TRK_EEB1DE456EE4|TRK_BCC966E673C0,30750.0,156920.0,102200.0,True,True,False,False,"{""circular_bonus"": -1.1, ""distance_km"": 1.0, ""empty_km"": 0.85, ""fuel_inr"": 0.01, ""risk"": 12.0, ""time_min"": 0.35, ""toll_inr"": 0.01}",CST_48011250D4FB,SCN_BASELINE,g1,False,81,train,20260903,v0.1,hash_bucket
INS_104795D0FC2F,6021150a94e9b3f5,PDP,small,LOC_BF1D141289ED,Hoshiarpur,PB,10,6,TRK_017DA12B162E|TRK_A997FC00E0CF|TRK_8C037A0ADC54|TRK_EEB1DE456EE4|TRK_BCC966E673C0|TRK_B6CE07A71D80,30590.0,187510.0,126760.0,True,True,True,True,"{""circular_bonus"": -1.1, ""distance_km"": 1.0, ""empty_km"": 0.85, ""fuel_inr"": 0.01, ""risk"": 12.0, ""time_min"": 0.35, ""toll_inr"": 0.01}",CST_48011250D4FB,SCN_BASELINE,g1,False,121,validation,20260903,v0.1,hash_bucket
INS_98C634E76501,6aacb329c93e1cff,VRPTW,medium,LOC_B56ABDBA32E2,Aligarh,UP,24,9,TRK_017DA12B162E|TRK_A997FC00E0CF|TRK_8C037A0ADC54|TRK_EEB1DE456EE4|TRK_BCC966E673C0|TRK_B6CE07A71D80|TRK_5564246F7906|TRK_5136065E98CA|TRK_E260AFDFB21B,29400.0,277210.0,233675.0,True,True,False,False,"{""circular_bonus"": -1.1, ""distance_km"": 1.0, ""empty_km"": 0.85, ""fuel_inr"": 0.01, ""risk"": 12.0, ""time_min"": 0.35, ""toll_inr"": 0.01}",CST_48011250D4FB,SCN_BASELINE,g1,False,625,test,20260903,v0.1,hash_bucket
INS_9FC9B601FE6C,1c45a4f00c94aac5,PDP,medium,LOC_B26FC239E19A,North Delhi,DL,20,18,TRK_017DA12B162E|TRK_A997FC00E0CF|TRK_8C037A0ADC54|TRK_EEB1DE456EE4|TRK_BCC966E673C0|TRK_B6CE07A71D80|TRK_5564246F7906|TRK_5136065E98CA|TRK_E260AFDFB21B|TRK_E9C76BCDE1E1|TRK_FB045E9F7F61|TRK_B7FB75BB3E0A|TRK_4A05F6B9B509|TRK_1C8C798F44C5|TRK_8DC7FD5FF93A|TRK_7A91F5198B53|TRK_BEE1B756CA92|TRK_0331FB7CD37E,26610.0,529120.0,493010.0,True,False,True,True,"{""circular_bonus"": -1.1, ""distance_km"": 1.0, ""empty_km"": 0.85, ""fuel_inr"": 0.01, ""risk"": 12.0, ""time_min"": 0.35, ""toll_inr"": 0.01}",CST_48011250D4FB,SCN_BASELINE,g1,False,441,train,20260903,v0.1,hash_bucket
INS_DB8F19145A62,d5ef1efc5c2f1397,CIRCULAR_VRP,medium,LOC_165F0D721F3E,Jalandhar,PB,23,10,TRK_017DA12B162E|TRK_A997FC00E0CF|TRK_8C037A0ADC54|TRK_EEB1DE456EE4|TRK_BCC966E673C0|TRK_B6CE07A71D80|TRK_5564246F7906|TRK_5136065E98CA|TRK_E260AFDFB21B|TRK_E9C76BCDE1E1,28950.0,306160.0,263950.0,True,False,False,True,"{""circular_bonus"": -1.1, ""distance_km"": 1.0, ""empty_km"": 0.85, ""fuel_inr"": 0.01, ""risk"": 12.0, ""time_min"": 0.35, ""toll_inr"": 0.01}",CST_48011250D4FB,SCN_BASELINE,g1,False,576,train,20260903,v0.1,hash_bucket
INS_E8D35A671BDF,93937529f9495026,PDP,medium,LOC_0F3D188854D6,Amroha,UP,26,9,TRK_017DA12B162E|TRK_A997FC00E0CF|TRK_8C037A0ADC54|TRK_EEB1DE456EE4|TRK_BCC966E673C0|TRK_B6CE07A71D80|TRK_5564246F7906|TRK_5136065E98CA|TRK_E260AFDFB21B,29400.0,277210.0,233620.0,True,True,True,False,"{""circular_bonus"": -1.1, ""distance_km"": 1.0, ""empty_km"": 0.85, ""fuel_inr"": 0.01, ""risk"": 12.0, ""time_min"": 0.35, ""toll_inr"": 0.01}",CST_48011250D4FB,SCN_BASELINE,g1,False,729,test,20260903,v0.1,hash_bucket
INS_0C413B62237A,846fffe8b8cdbe07,PDP,large,LOC_2ECE587EC515,Hardoi,UP,46,14,TRK_017DA12B162E|TRK_A997FC00E0CF|TRK_8C037A0ADC54|TRK_EEB1DE456EE4|TRK_BCC966E673C0|TRK_B6CE07A71D80|TRK_5564246F7906|TRK_5136065E98CA|TRK_E260AFDFB21B|TRK_E9C76BCDE1E1|TRK_FB045E9F7F61|TRK_B7FB75BB3E0A|TRK_4A05F6B9B509|TRK_1C8C798F44C5,27990.0,420460.0,365410.0,True,False,True,True,"{""circular_bonus"": -1.1, ""distance_km"": 1.0, ""empty_km"": 0.85, ""fuel_inr"": 0.01, ""risk"": 12.0, ""time_min"": 0.35, ""toll_inr"": 0.01}",CST_48011250D4FB,SCN_BASELINE,g1,False,2209,train,20260903,v0.1,hash_bucket
INS_B1E8822D7BB0,ecc488d543d9ac8e,VRPTW,large,LOC_4E618897659A,Hathras,UP,37,12,TRK_017DA12B162E|TRK_A997FC00E0CF|TRK_8C037A0ADC54|TRK_EEB1DE456EE4|TRK_BCC966E673C0|TRK_B6CE07A71D80|TRK_5564246F7906|TRK_5136065E98CA|TRK_E260AFDFB21B|TRK_E9C76BCDE1E1|TRK_FB045E9F7F61|TRK_B7FB75BB3E0A,28840.0,363890.0,332445.0,True,True,False,False,"{""circular_bonus"": -1.1, ""distance_km"": 1.0, ""empty_km"": 0.85, ""fuel_inr"": 0.01, ""risk"": 12.0, ""time_min"": 0.35, ""toll_inr"": 0.01}",CST_48011250D4FB,SCN_BASELINE,g1,False,1444,train,20260903,v0.1,hash_bucket
INS_C3EC8847811A,e1f8073ca2cd571c,VRPTW,medium,LOC_190E748F376B,Barabanki,UP,28,7,TRK_017DA12B162E|TRK_A997FC00E0CF|TRK_8C037A0ADC54|TRK_EEB1DE456EE4|TRK_BCC966E673C0|TRK_B6CE07A71D80|TRK_5564246F7906,30530.0,218040.0,185730.0,True,True,False,False,"{""circular_bonus"": -1.1, ""distance_km"": 1.0, ""empty_km"": 0.85, ""fuel_inr"": 0.01, ""risk"": 12.0, ""time_min"": 0.35, ""toll_inr"": 0.01}",CST_48011250D4FB,SCN_BASELINE,g1,False,841,validation,20260903,v0.1,hash_bucket
INS_12B5F24B3F33,812f9bb8d21f1dcd,CIRCULAR_VRP,medium,LOC_8E24E29DF84B,Hisar,HR,25,6,TRK_017DA12B162E|TRK_A997FC00E0CF|TRK_8C037A0ADC54|TRK_EEB1DE456EE4|TRK_BCC966E673C0|TRK_B6CE07A71D80,30590.0,187510.0,152860.0,True,False,False,True,"{""circular_bonus"": -1.1, ""distance_km"": 1.0, ""empty_km"": 0.85, ""fuel_inr"": 0.01, ""risk"": 12.0, ""time_min"": 0.35, ""toll_inr"": 0.01}",CST_48011250D4FB,SCN_BASELINE,g1,False,676,train,20260903,v0.1,hash_bucket
INS_FC9B5340E4FE,9c84963ae3f5a7fa,PDP,medium,LOC_B56ABDBA32E2,Aligarh,UP,28,10,TRK_017DA12B162E|TRK_A997FC00E0CF|TRK_8C037A0ADC54|TRK_EEB1DE456EE4|TRK_BCC966E673C0|TRK_B6CE07A71D80|TRK_5564246F7906|TRK_5136065E98CA|TRK_E260AFDFB21B|TRK_E9C76BCDE1E1,28950.0,306160.0,248720.0,True,True,True,True,"{""circular_bonus"": -1.1, ""distance_km"": 1.0, ""empty_km"": 0.85, ""fuel_inr"": 0.01, ""risk"": 12.0, ""time_min"": 0.35, ""toll_inr"": 0.01}",CST_48011250D4FB,SCN_BASELINE,g1,False,841,train,20260903,v0.1,hash_bucket
INS_695FC279DF71,8288601db442f846,PDP,small,LOC_F1EE6A62E5AA,Mahendragarh,HR,14,4,TRK_017DA12B162E|TRK_A997FC00E0CF|TRK_8C037A0ADC54|TRK_EEB1DE456EE4,31250.0,126170.0,76210.0,True,True,True,False,"{""circular_bonus"": -1.1, ""distance_km"": 1.0, ""empty_km"": 0.85, ""fuel_inr"": 0.01, ""risk"": 12.0, ""time_min"": 0.35, ""toll_inr"": 0.01}",CST_48011250D4FB,SCN_BASELINE,g1,False,225,test,20260903,v0.1,hash_bucket
INS_9998F520161C,0334ba97f3c3caf2,PDP,medium,LOC_3B372919B752,Karnal,HR,27,6,TRK_017DA12B162E|TRK_A997FC00E0CF|TRK_8C037A0ADC54|TRK_EEB1DE456EE4|TRK_BCC966E673C0|TRK_B6CE07A71D80,30590.0,187510.0,150570.0,True,True,True,True,"{""circular_bonus"": -1.1, ""distance_km"": 1.0, ""empty_km"": 0.85, ""fuel_inr"": 0.01, ""risk"": 12.0, ""time_min"": 0.35, ""toll_inr"": 0.01}",CST_48011250D4FB,SCN_BASELINE,g1,False,784,test,20260903,v0.1,holdout_district
INS_999A97041354,1c625f146589fe8e,CIRCULAR_VRP,large,LOC_AC684A297AD1,Bareilly,UP,51,18,TRK_017DA12B162E|TRK_A997FC00E0CF|TRK_8C037A0ADC54|TRK_EEB1DE456EE4|TRK_BCC966E673C0|TRK_B6CE07A71D80|TRK_5564246F7906|TRK_5136065E98CA|TRK_E260AFDFB21B|TRK_E9C76BCDE1E1|TRK_FB045E9F7F61|TRK_B7FB75BB3E0A|TRK_4A05F6B9B509|TRK_1C8C798F44C5|TRK_8DC7FD5FF93A|TRK_7A91F5198B53|TRK_BEE1B756CA92|TRK_0331FB7CD37E,26610.0,529120.0,478970.0,True,True,False,True,"{""circular_bonus"": -1.1, ""distance_km"": 1.0, ""empty_km"": 0.85, ""fuel_inr"": 0.01, ""risk"": 12.0, ""time_min"": 0.35, ""toll_inr"": 0.01}",CST_48011250D4FB,SCN_BASELINE,g1,False,2704,test,20260903,v0.1,hash_bucket
INS_DDD2E3A48C8E,2c316d5a3d81e641,CIRCULAR_VRP,small,LOC_3B372919B752,Karnal,HR,11,5,TRK_017DA12B162E|TRK_A997FC00E0CF|TRK_8C037A0ADC54|TRK_EEB1DE456EE4|TRK_BCC966E673C0,30750.0,156920.0,115840.0,True,True,False,True,"{""circular_bonus"": -1.1, ""distance_km"": 1.0, ""empty_km"": 0.85, ""fuel_inr"": 0.01, ""risk"": 12.0, ""time_min"": 0.35, ""toll_inr"": 0.01}",CST_48011250D4FB,SCN_BASELINE,g1,False,144,test,20260903,v0.1,holdout_district
INS_44E57D2263C3,20b2a09ed26b4934,PDP,small,LOC_5242BE7C01CE,Rewari,HR,8,5,TRK_017DA12B162E|TRK_A997FC00E0CF|TRK_8C037A0ADC54|TRK_EEB1DE456EE4|TRK_BCC966E673C0,30750.0,156920.0,112790.0,True,True,True,True,"{""circular_bonus"": -1.1, ""distance_km"": 1.0, ""empty_km"": 0.85, ""fuel_inr"": 0.01, ""risk"": 12.0, ""time_min"": 0.35, ""toll_inr"": 0.01}",CST_48011250D4FB,SCN_BASELINE,g1,False,81,train,20260903,v0.1,hash_bucket
INS_1EB3D35D3C0B,56232dffab92755e,CIRCULAR_VRP,medium,LOC_B01B9CC74597,Saharanpur,UP,22,8,TRK_017DA12B162E|TRK_A997FC00E0CF|TRK_8C037A0ADC54|TRK_EEB1DE456EE4|TRK_BCC966E673C0|TRK_B6CE07A71D80|TRK_5564246F7906|TRK_5136065E98CA,29770.0,247810.0,194345.0,True,True,False,True,"{""circular_bonus"": -1.1, ""distance_km"": 1.0, ""empty_km"": 0.85, ""fuel_inr"": 0.01, ""risk"": 12.0, ""time_min"": 0.35, ""toll_inr"": 0.01}",CST_48011250D4FB,SCN_BASELINE,g1,False,529,train,20260903,v0.1,hash_bucket
INS_C2A49E36D8A7,b82f139f4b851ef4,PDP,large,LOC_E71843C35AC6,Bijnor,UP,51,16,TRK_017DA12B162E|TRK_A997FC00E0CF|TRK_8C037A0ADC54|TRK_EEB1DE456EE4|TRK_BCC966E673C0|TRK_B6CE07A71D80|TRK_5564246F7906|TRK_5136065E98CA|TRK_E260AFDFB21B|TRK_E9C76BCDE1E1|TRK_FB045E9F7F61|TRK_B7FB75BB3E0A|TRK_4A05F6B9B509|TRK_1C8C798F44C5|TRK_8DC7FD5FF93A|TRK_7A91F5198B53,27170.0,475340.0,439045.0,True,True,True,False,"{""circular_bonus"": -1.1, ""distance_km"": 1.0, ""empty_km"": 0.85, ""fuel_inr"": 0.01, ""risk"": 12.0, ""time_min"": 0.35, ""toll_inr"": 0.01}",CST_48011250D4FB,SCN_BASELINE,g1,False,2704,train,20260903,v0.1,hash_bucket
INS_1782ECA848EC,4eaaa69c31029512,VRPTW,medium,LOC_841795218E67,Ghaziabad,UP,17,9,TRK_017DA12B162E|TRK_A997FC00E0CF|TRK_8C037A0ADC54|TRK_EEB1DE456EE4|TRK_BCC966E673C0|TRK_B6CE07A71D80|TRK_5564246F7906|TRK_5136065E98CA|TRK_E260AFDFB21B,29400.0,277210.0,227340.0,True,True,False,False,"{""circular_bonus"": -1.1, ""distance_km"": 1.0, ""empty_km"": 0.85, ""fuel_inr"": 0.01, ""risk"": 12.0, ""time_min"": 0.35, ""toll_inr"": 0.01}",CST_48011250D4FB,SCN_BASELINE,g1,False,324,train,20260903,v0.1,hash_bucket
INS_591A21CCE7D4,1dbed6ca5914bfdc,CVRP,medium,LOC_EC1D3E4138DF,Amritsar,PB,26,14,TRK_017DA12B162E|TRK_A997FC00E0CF|TRK_8C037A0ADC54|TRK_EEB1DE456EE4|TRK_BCC966E673C0|TRK_B6CE07A71D80|TRK_5564246F7906|TRK_5136065E98CA|TRK_E260AFDFB21B|TRK_E9C76BCDE1E1|TRK_FB045E9F7F61|TRK_B7FB75BB3E0A|TRK_4A05F6B9B509|TRK_1C8C798F44C5,27990.0,420460.0,382330.0,True,False,False,False,"{""circular_bonus"": -1.1, ""distance_km"": 1.0, ""empty_km"": 0.85, ""fuel_inr"": 0.01, ""risk"": 12.0, ""time_min"": 0.35, ""toll_inr"": 0.01}",CST_48011250D4FB,SCN_BASELINE,g1,False,729,test,20260903,v0.1,hash_bucket
INS_1DD44FD51BF4,c98b5e16293f22e1,CVRP,medium,LOC_CF065FE8EBAB,Gautam Buddha Nagar,UP,24,20,TRK_017DA12B162E|TRK_A997FC00E0CF|TRK_8C037A0ADC54|TRK_EEB1DE456EE4|TRK_BCC966E673C0|TRK_B6CE07A71D80|TRK_5564246F7906|TRK_5136065E98CA|TRK_E260AFDFB21B|TRK_E9C76BCDE1E1|TRK_FB045E9F7F61|TRK_B7FB75BB3E0A|TRK_4A05F6B9B509|TRK_1C8C798F44C5|TRK_8DC7FD5FF93A|TRK_7A91F5198B53|TRK_BEE1B756CA92|TRK_0331FB7CD37E|TRK_EEA8DB00B33D|TRK_3A519CFB8F0F,26230.0,581630.0,534220.0,True,False,False,False,"{""circular_bonus"": -1.1, ""distance_km"": 1.0, ""empty_km"": 0.85, ""fuel_inr"": 0.01, ""risk"": 12.0, ""time_min"": 0.35, ""toll_inr"": 0.01}",CST_48011250D4FB,SCN_BASELINE,g1,False,625,train,20260903,v0.1,hash_bucket
INS_F699D7B8E86F,d748ebe2d9646085,PDP,medium,LOC_36B5B5F31C8D,Varanasi,UP,23,8,TRK_017DA12B162E|TRK_A997FC00E0CF|TRK_8C037A0ADC54|TRK_EEB1DE456EE4|TRK_BCC966E673C0|TRK_B6CE07A71D80|TRK_5564246F7906|TRK_5136065E98CA,29770.0,247810.0,214150.0,True,True,True,True,"{""circular_bonus"": -1.1, ""distance_km"": 1.0, ""empty_km"": 0.85, ""fuel_inr"": 0.01, ""risk"": 12.0, ""time_min"": 0.35, ""toll_inr"": 0.01}",CST_48011250D4FB,SCN_BASELINE,g1,False,576,train,20260903,v0.1,hash_bucket
INS_29DDED6C3185,7c0f29bcce9b27db,CIRCULAR_VRP,medium,LOC_BACB2642B5AD,Kurukshetra,HR,30,9,TRK_017DA12B162E|TRK_A997FC00E0CF|TRK_8C037A0ADC54|TRK_EEB1DE456EE4|TRK_BCC966E673C0|TRK_B6CE07A71D80|TRK_5564246F7906|TRK_5136065E98CA|TRK_E260AFDFB21B,29400.0,277210.0,224660.0,True,True,False,True,"{""circular_bonus"": -1.1, ""distance_km"": 1.0, ""empty_km"": 0.85, ""fuel_inr"": 0.01, ""risk"": 12.0, ""time_min"": 0.35, ""toll_inr"": 0.01}",CST_48011250D4FB,SCN_BASELINE,g1,False,961,test,20260903,v0.1,hash_bucket
INS_7A06A72CD75D,b48799ee9899e78d,CIRCULAR_VRP,small,LOC_2ECE587EC515,Hardoi,UP,13,6,TRK_017DA12B162E|TRK_A997FC00E0CF|TRK_8C037A0ADC54|TRK_EEB1DE456EE4|TRK_BCC966E673C0|TRK_B6CE07A71D80,30590.0,187510.0,135680.0,True,False,False,True,"{""circular_bonus"": -1.1, ""distance_km"": 1.0, ""empty_km"": 0.85, ""fuel_inr"": 0.01, ""risk"": 12.0, ""time_min"": 0.35, ""toll_inr"": 0.01}",CST_48011250D4FB,SCN_BASELINE,g1,False,196,test,20260903,v0.1,hash_bucket
INS_4227ADC4D3CC,4e57e07faaec1e8f,CIRCULAR_VRP,medium,LOC_6B9FA168B682,Firozabad,UP,24,8,TRK_017DA12B162E|TRK_A997FC00E0CF|TRK_8C037A0ADC54|TRK_EEB1DE456EE4|TRK_BCC966E673C0|TRK_B6CE07A71D80|TRK_5564246F7906|TRK_5136065E98CA,29770.0,247810.0,215780.0,True,True,False,True,"{""circular_bonus"": -1.1, ""distance_km"": 1.0, ""empty_km"": 0.85, ""fuel_inr"": 0.01, ""risk"": 12.0, ""time_min"": 0.35, ""toll_inr"": 0.01}",CST_48011250D4FB,SCN_BASELINE,g1,False,625,train,20260903,v0.1,hash_bucket
INS_D101FA80BC83,7e9fd86a72fb0d2d,CIRCULAR_VRP,medium,LOC_11A4C40B0A4F,Yamunanagar,HR,15,7,TRK_017DA12B162E|TRK_A997FC00E0CF|TRK_8C037A0ADC54|TRK_EEB1DE456EE4|TRK_BCC966E673C0|TRK_B6CE07A71D80|TRK_5564246F7906,30530.0,218040.0,186200.0,True,True,False,True,"{""circular_bonus"": -1.1, ""distance_km"": 1.0, ""empty_km"": 0.85, ""fuel_inr"": 0.01, ""risk"": 12.0, ""time_min"": 0.35, ""toll_inr"": 0.01}",CST_48011250D4FB,SCN_BASELINE,g1,False,256,train,20260903,v0.1,hash_bucket
INS_CAB074F14163,1c69852eecfa1aa2,PDP,small,LOC_4E618897659A,Hathras,UP,8,4,TRK_017DA12B162E|TRK_A997FC00E0CF|TRK_8C037A0ADC54|TRK_EEB1DE456EE4,31250.0,126170.0,80900.0,True,False,True,False,"{""circular_bonus"": -1.1, ""distance_km"": 1.0, ""empty_km"": 0.85, ""fuel_inr"": 0.01, ""risk"": 12.0, ""time_min"": 0.35, ""toll_inr"": 0.01}",CST_48011250D4FB,SCN_BASELINE,g1,False,81,validation,20260903,v0.1,hash_bucket
INS_C21CA6A939CB,9cfb83f2c4613a51,CIRCULAR_VRP,large,LOC_AFF866260256,Moradabad,UP,38,13,TRK_017DA12B162E|TRK_A997FC00E0CF|TRK_8C037A0ADC54|TRK_EEB1DE456EE4|TRK_BCC966E673C0|TRK_B6CE07A71D80|TRK_5564246F7906|TRK_5136065E98CA|TRK_E260AFDFB21B|TRK_E9C76BCDE1E1|TRK_FB045E9F7F61|TRK_B7FB75BB3E0A|TRK_4A05F6B9B509,28580.0,392470.0,337780.0,True,True,False,True,"{""circular_bonus"": -1.1, ""distance_km"": 1.0, ""empty_km"": 0.85, ""fuel_inr"": 0.01, ""risk"": 12.0, ""time_min"": 0.35, ""toll_inr"": 0.01}",CST_48011250D4FB,SCN_BASELINE,g1,False,1521,train,20260903,v0.1,hash_bucket
INS_A3F0B9E36E23,701813384c0aa896,PDP,small,LOC_AFF866260256,Moradabad,UP,13,5,TRK_017DA12B162E|TRK_A997FC00E0CF|TRK_8C037A0ADC54|TRK_EEB1DE456EE4|TRK_BCC966E673C0,30750.0,156920.0,111350.0,True,True,True,True,"{""circular_bonus"": -1.1, ""distance_km"": 1.0, ""empty_km"": 0.85, ""fuel_inr"": 0.01, ""risk"": 12.0, ""time_min"": 0.35, ""toll_inr"": 0.01}",CST_48011250D4FB,SCN_BASELINE,g1,False,196,validation,20260903,v0.1,hash_bucket
INS_3F75D6B2E5F8,f3d3e04daa90fa5b,PDP,small,LOC_E71843C35AC6,Bijnor,UP,14,3,TRK_017DA12B162E|TRK_A997FC00E0CF|TRK_8C037A0ADC54,31430.0,94920.0,58160.0,True,False,True,True,"{""circular_bonus"": -1.1, ""distance_km"": 1.0, ""empty_km"": 0.85, ""fuel_inr"": 0.01, ""risk"": 12.0, ""time_min"": 0.35, ""toll_inr"": 0.01}",CST_48011250D4FB,SCN_BASELINE,g1,False,225,test,20260903,v0.1,hash_bucket
INS_F8B6978B71A1,a45c745cec3d4bda,CIRCULAR_VRP,small,LOC_B6370F731EEC,Lucknow,UP,8,8,TRK_017DA12B162E|TRK_A997FC00E0CF|TRK_8C037A0ADC54|TRK_EEB1DE456EE4|TRK_BCC966E673C0|TRK_B6CE07A71D80|TRK_5564246F7906|TRK_5136065E98CA,29770.0,247810.0,197240.0,True,True,False,True,"{""circular_bonus"": -1.1, ""distance_km"": 1.0, ""empty_km"": 0.85, ""fuel_inr"": 0.01, ""risk"": 12.0, ""time_min"": 0.35, ""toll_inr"": 0.01}",CST_48011250D4FB,SCN_BASELINE,g1,False,81,train,20260903,v0.1,hash_bucket
INS_01AB4169E1E9,fc6793ad2e2208f4,VRPTW,small,LOC_0F3D188854D6,Amroha,UP,14,7,TRK_017DA12B162E|TRK_A997FC00E0CF|TRK_8C037A0ADC54|TRK_EEB1DE456EE4|TRK_BCC966E673C0|TRK_B6CE07A71D80|TRK_5564246F7906,30530.0,218040.0,179900.0,True,True,False,False,"{""circular_bonus"": -1.1, ""distance_km"": 1.0, ""empty_km"": 0.85, ""fuel_inr"": 0.01, ""risk"": 12.0, ""time_min"": 0.35, ""toll_inr"": 0.01}",CST_48011250D4FB,SCN_BASELINE,g1,False,225,train,20260903,v0.1,hash_bucket
INS_CC6B9DD17A89,20f180119eddc142,CIRCULAR_VRP,large,LOC_2E9E391564C2,Sonipat,HR,49,17,TRK_017DA12B162E|TRK_A997FC00E0CF|TRK_8C037A0ADC54|TRK_EEB1DE456EE4|TRK_BCC966E673C0|TRK_B6CE07A71D80|TRK_5564246F7906|TRK_5136065E98CA|TRK_E260AFDFB21B|TRK_E9C76BCDE1E1|TRK_FB045E9F7F61|TRK_B7FB75BB3E0A|TRK_4A05F6B9B509|TRK_1C8C798F44C5|TRK_8DC7FD5FF93A|TRK_7A91F5198B53|TRK_BEE1B756CA92,27170.0,502510.0,451380.0,True,True,False,True,"{""circular_bonus"": -1.1, ""distance_km"": 1.0, ""empty_km"": 0.85, ""fuel_inr"": 0.01, ""risk"": 12.0, ""time_min"": 0.35, ""toll_inr"": 0.01}",CST_48011250D4FB,SCN_BASELINE,g1,False,2500,train,20260903,v0.1,hash_bucket
INS_934352238DC8,13fa46b4449668ef,PDP,small,LOC_91BA4A3395D5,Sirsa,HR,11,5,TRK_017DA12B162E|TRK_A997FC00E0CF|TRK_8C037A0ADC54|TRK_EEB1DE456EE4|TRK_BCC966E673C0,30750.0,156920.0,117710.0,True,False,True,False,"{""circular_bonus"": -1.1, ""distance_km"": 1.0, ""empty_km"": 0.85, ""fuel_inr"": 0.01, ""risk"": 12.0, ""time_min"": 0.35, ""toll_inr"": 0.01}",CST_48011250D4FB,SCN_BASELINE,g1,False,144,test,20260903,v0.1,hash_bucket
INS_3069506521DF,fcc3a5ed8de46a7a,PDP,medium,LOC_7CE3D43FF63F,Ambala,HR,27,10,TRK_017DA12B162E|TRK_A997FC00E0CF|TRK_8C037A0ADC54|TRK_EEB1DE456EE4|TRK_BCC966E673C0|TRK_B6CE07A71D80|TRK_5564246F7906|TRK_5136065E98CA|TRK_E260AFDFB21B|TRK_E9C76BCDE1E1,28950.0,306160.0,257500.0,True,True,True,False,"{""circular_bonus"": -1.1, ""distance_km"": 1.0, ""empty_km"": 0.85, ""fuel_inr"": 0.01, ""risk"": 12.0, ""time_min"": 0.35, ""toll_inr"": 0.01}",CST_48011250D4FB,SCN_BASELINE,g1,False,784,train,20260903,v0.1,hash_bucket
INS_DCDFAC859455,f232b852619ffa26,VRPTW,small,LOC_F20DB0F2A327,Gurugram,HR,13,6,TRK_017DA12B162E|TRK_A997FC00E0CF|TRK_8C037A0ADC54|TRK_EEB1DE456EE4|TRK_BCC966E673C0|TRK_B6CE07A71D80,30590.0,187510.0,149000.0,True,True,False,False,"{""circular_bonus"": -1.1, ""distance_km"": 1.0, ""empty_km"": 0.85, ""fuel_inr"": 0.01, ""risk"": 12.0, ""time_min"": 0.35, ""toll_inr"": 0.01}",CST_48011250D4FB,SCN_BASELINE,g1,False,196,train,20260903,v0.1,hash_bucket
INS_DFE7A8464AD3,81ea2f4db9a8be3e,PDP,medium,LOC_4A5F46E3AFB5,Sitapur,UP,29,7,TRK_017DA12B162E|TRK_A997FC00E0CF|TRK_8C037A0ADC54|TRK_EEB1DE456EE4|TRK_BCC966E673C0|TRK_B6CE07A71D80|TRK_5564246F7906,30530.0,218040.0,172790.0,True,False,True,True,"{""circular_bonus"": -1.1, ""distance_km"": 1.0, ""empty_km"": 0.85, ""fuel_inr"": 0.01, ""risk"": 12.0, ""time_min"": 0.35, ""toll_inr"": 0.01}",CST_48011250D4FB,SCN_BASELINE,g1,False,900,train,20260903,v0.1,hash_bucket
INS_F0961953030F,e1adfd9476b2fae4,CIRCULAR_VRP,small,LOC_D49CDCEB7AF7,Charkhi Dadri,HR,13,5,TRK_017DA12B162E|TRK_A997FC00E0CF|TRK_8C037A0ADC54|TRK_EEB1DE456EE4|TRK_BCC966E673C0,30750.0,156920.0,121820.0,True,True,False,True,"{""circular_bonus"": -1.1, ""distance_km"": 1.0, ""empty_km"": 0.85, ""fuel_inr"": 0.01, ""risk"": 12.0, ""time_min"": 0.35, ""toll_inr"": 0.01}",CST_48011250D4FB,SCN_BASELINE,g1,False,196,train,20260903,v0.1,hash_bucket
INS_A820F1933332,93694127c37a6869,PDP,medium,LOC_6042150B38E7,Rohtak,HR,19,12,TRK_017DA12B162E|TRK_A997FC00E0CF|TRK_8C037A0ADC54|TRK_EEB1DE456EE4|TRK_BCC966E673C0|TRK_B6CE07A71D80|TRK_5564246F7906|TRK_5136065E98CA|TRK_E260AFDFB21B|TRK_E9C76BCDE1E1|TRK_FB045E9F7F61|TRK_B7FB75BB3E0A,28840.0,363890.0,327510.0,True,True,True,False,"{""circular_bonus"": -1.1, ""distance_km"": 1.0, ""empty_km"": 0.85, ""fuel_inr"": 0.01, ""risk"": 12.0, ""time_min"": 0.35, ""toll_inr"": 0.01}",CST_48011250D4FB,SCN_BASELINE,g1,False,400,train,20260903,v0.1,hash_bucket
INS_759819021347,5a8997d38cf54381,PDP,small,LOC_ED9C60D04FC0,SAS Nagar,PB,12,7,TRK_7A91F5198B53|TRK_BEE1B756CA92|TRK_866E87497CC2|TRK_7404AB9A5D0C|TRK_CC5E9F699FD3|TRK_8CABBE59C7B3|TRK_4BC2A3613C1C,6660.0,108070.0,96540.0,True,True,True,True,"{""circular_bonus"": -1.1, ""distance_km"": 1.0, ""empty_km"": 0.85, ""fuel_inr"": 0.01, ""risk"": 12.0, ""time_min"": 0.35, ""toll_inr"": 0.01}",CST_48011250D4FB,SCN_BASELINE,g1,False,169,train,20260903,v0.1,hash_bucket
INS_69F3BC88CD0B,27be18032543874b,PDP,medium,LOC_6B9FA168B682,Firozabad,UP,19,8,TRK_017DA12B162E|TRK_A997FC00E0CF|TRK_8C037A0ADC54|TRK_EEB1DE456EE4|TRK_BCC966E673C0|TRK_B6CE07A71D80|TRK_5564246F7906|TRK_5136065E98CA,29770.0,247810.0,188060.0,True,True,True,True,"{""circular_bonus"": -1.1, ""distance_km"": 1.0, ""empty_km"": 0.85, ""fuel_inr"": 0.01, ""risk"": 12.0, ""time_min"": 0.35, ""toll_inr"": 0.01}",CST_48011250D4FB,SCN_BASELINE,g1,False,400,test,20260903,v0.1,hash_bucket
INS_9F82C845E13B,4e60ff6b5b49dbaa,PDP,medium,LOC_08710C80560B,Moga,PB,30,10,TRK_017DA12B162E|TRK_A997FC00E0CF|TRK_8C037A0ADC54|TRK_EEB1DE456EE4|TRK_BCC966E673C0|TRK_B6CE07A71D80|TRK_5564246F7906|TRK_5136065E98CA|TRK_E260AFDFB21B|TRK_E9C76BCDE1E1,28950.0,306160.0,273620.0,True,False,True,True,"{""circular_bonus"": -1.1, ""distance_km"": 1.0, ""empty_km"": 0.85, ""fuel_inr"": 0.01, ""risk"": 12.0, ""time_min"": 0.35, ""toll_inr"": 0.01}",CST_48011250D4FB,SCN_BASELINE,g1,False,961,train,20260903,v0.1,hash_bucket
INS_8EC4A9379997,81dc63adcc2e04eb,VRPTW,small,LOC_3B372919B752,Karnal,HR,14,4,TRK_017DA12B162E|TRK_A997FC00E0CF|TRK_8C037A0ADC54|TRK_EEB1DE456EE4,31250.0,126170.0,73250.0,True,True,False,False,"{""circular_bonus"": -1.1, ""distance_km"": 1.0, ""empty_km"": 0.85, ""fuel_inr"": 0.01, ""risk"": 12.0, ""time_min"": 0.35, ""toll_inr"": 0.01}",CST_48011250D4FB,SCN_BASELINE,g1,False,225,test,20260903,v0.1,holdout_district
INS_BB9945B9D06A,a7ff44b2a6f10d42,VRPTW,small,LOC_BF1D141289ED,Hoshiarpur,PB,11,3,TRK_017DA12B162E|TRK_A997FC00E0CF|TRK_8C037A0ADC54,31430.0,94920.0,53840.0,True,True,False,False,"{""circular_bonus"": -1.1, ""distance_km"": 1.0, ""empty_km"": 0.85, ""fuel_inr"": 0.01, ""risk"": 12.0, ""time_min"": 0.35, ""toll_inr"": 0.01}",CST_48011250D4FB,SCN_BASELINE,g1,False,144,train,20260903,v0.1,hash_bucket
INS_D40FBF68E6A2,a315717e3c292fd4,PDP,medium,LOC_8E5593D8E476,Rupnagar,PB,29,11,TRK_017DA12B162E|TRK_A997FC00E0CF|TRK_8C037A0ADC54|TRK_EEB1DE456EE4|TRK_BCC966E673C0|TRK_B6CE07A71D80|TRK_5564246F7906|TRK_5136065E98CA|TRK_E260AFDFB21B|TRK_E9C76BCDE1E1|TRK_FB045E9F7F61,28890.0,335050.0,292720.0,True,False,True,False,"{""circular_bonus"": -1.1, ""distance_km"": 1.0, ""empty_km"": 0.85, ""fuel_inr"": 0.01, ""risk"": 12.0, ""time_min"": 0.35, ""toll_inr"": 0.01}",CST_48011250D4FB,SCN_BASELINE,g1,False,900,validation,20260903,v0.1,hash_bucket
INS_FEF0472C7FDC,553ce1f3704cf93f,PDP,medium,LOC_4A5F46E3AFB5,Sitapur,UP,17,6,TRK_017DA12B162E|TRK_A997FC00E0CF|TRK_8C037A0ADC54|TRK_EEB1DE456EE4|TRK_BCC966E673C0|TRK_B6CE07A71D80,30590.0,187510.0,130060.0,True,True,True,True,"{""circular_bonus"": -1.1, ""distance_km"": 1.0, ""empty_km"": 0.85, ""fuel_inr"": 0.01, ""risk"": 12.0, ""time_min"": 0.35, ""toll_inr"": 0.01}",CST_48011250D4FB,SCN_BASELINE,g1,False,324,test,20260903,v0.1,hash_bucket
INS_D5D43DF0ABA5,f2041eb254bb8df5,PDP,small,LOC_61BECDCA1350,Central Delhi,DL,4,3,TRK_0331FB7CD37E|TRK_5116501BE0D5|TRK_05D6F43C6DC3,6010.0,45860.0,39620.0,True,True,True,True,"{""circular_bonus"": -1.1, ""distance_km"": 1.0, ""empty_km"": 0.85, ""fuel_inr"": 0.01, ""risk"": 12.0, ""time_min"": 0.35, ""toll_inr"": 0.01}",CST_48011250D4FB,SCN_BASELINE,g1,False,25,validation,20260903,v0.1,hash_bucket
INS_AC1C21CEC382,2013626df5b8e258,PDP,large,LOC_FEFD9351973D,Bathinda,PB,38,12,TRK_017DA12B162E|TRK_A997FC00E0CF|TRK_8C037A0ADC54|TRK_EEB1DE456EE4|TRK_BCC966E673C0|TRK_B6CE07A71D80|TRK_5564246F7906|TRK_5136065E98CA|TRK_E260AFDFB21B|TRK_E9C76BCDE1E1|TRK_FB045E9F7F61|TRK_B7FB75BB3E0A,28840.0,363890.0,319260.0,True,True,True,False,"{""circular_bonus"": -1.1, ""distance_km"": 1.0, ""empty_km"": 0.85, ""fuel_inr"": 0.01, ""risk"": 12.0, ""time_min"": 0.35, ""toll_inr"": 0.01}",CST_48011250D4FB,SCN_BASELINE,g1,False,1521,test,20260903,v0.1,holdout_district
INS_229BFEA149CA,adae87101451bd9e,PDP,small,LOC_1FB47BF8FFEB,Bulandshahr,UP,8,5,TRK_FC4EFBC1E225|TRK_4927520C533F|TRK_D5A8DC42C947|TRK_49EE98E2F33C|TRK_15A4E86B7E18,9210.0,60960.0,45730.0,True,True,True,True,"{""circular_bonus"": -1.1, ""distance_km"": 1.0, ""empty_km"": 0.85, ""fuel_inr"": 0.01, ""risk"": 12.0, ""time_min"": 0.35, ""toll_inr"": 0.01}",CST_48011250D4FB,SCN_BASELINE,g1,False,81,test,20260903,v0.1,holdout_district
INS_3EBB42234100,3e5f5a4e52ff05e8,CVRP,medium,LOC_9F3A877025DA,Shahjahanpur,UP,27,5,TRK_017DA12B162E|TRK_A997FC00E0CF|TRK_8C037A0ADC54|TRK_EEB1DE456EE4|TRK_BCC966E673C0,30750.0,156920.0,119545.0,True,False,False,False,"{""circular_bonus"": -1.1, ""distance_km"": 1.0, ""empty_km"": 0.85, ""fuel_inr"": 0.01, ""risk"": 12.0, ""time_min"": 0.35, ""toll_inr"": 0.01}",CST_48011250D4FB,SCN_BASELINE,g1,False,784,train,20260903,v0.1,hash_bucket
INS_B2ABD80CBECA,f317b45251da04a7,CIRCULAR_VRP,small,LOC_5AA457C919DB,Ludhiana,PB,9,4,TRK_3F175C42FEAA|TRK_1785FA65C441|TRK_FCE48EDC764B|TRK_4DFDC231E57E,2830.0,43770.0,40740.0,True,True,False,True,"{""circular_bonus"": -1.1, ""distance_km"": 1.0, ""empty_km"": 0.85, ""fuel_inr"": 0.01, ""risk"": 12.0, ""time_min"": 0.35, ""toll_inr"": 0.01}",CST_48011250D4FB,SCN_BASELINE,g1,False,100,train,20260903,v0.1,hash_bucket
INS_B8982B5B0BCA,04f8af7f986f2e03,CIRCULAR_VRP,medium,LOC_58DEC063659A,Gorakhpur,UP,21,5,TRK_017DA12B162E|TRK_A997FC00E0CF|TRK_8C037A0ADC54|TRK_EEB1DE456EE4|TRK_BCC966E673C0,30750.0,156920.0,100130.0,True,True,False,True,"{""circular_bonus"": -1.1, ""distance_km"": 1.0, ""empty_km"": 0.85, ""fuel_inr"": 0.01, ""risk"": 12.0, ""time_min"": 0.35, ""toll_inr"": 0.01}",CST_48011250D4FB,SCN_BASELINE,g1,False,484,train,20260903,v0.1,hash_bucket
INS_50A0FCD51825,8c66e4f9cac8cd1f,PDP,small,LOC_BC48412E6B15,Sambhal,UP,14,6,TRK_017DA12B162E|TRK_A997FC00E0CF|TRK_8C037A0ADC54|TRK_EEB1DE456EE4|TRK_BCC966E673C0|TRK_B6CE07A71D80,30590.0,187510.0,147580.0,True,True,True,False,"{""circular_bonus"": -1.1, ""distance_km"": 1.0, ""empty_km"": 0.85, ""fuel_inr"": 0.01, ""risk"": 12.0, ""time_min"": 0.35, ""toll_inr"": 0.01}",CST_48011250D4FB,SCN_BASELINE,g1,False,225,train,20260903,v0.1,hash_bucket
INS_ADC2859A85C7,6cbac91530573934,CIRCULAR_VRP,medium,LOC_91BA4A3395D5,Sirsa,HR,17,4,TRK_017DA12B162E|TRK_A997FC00E0CF|TRK_8C037A0ADC54|TRK_EEB1DE456EE4,31250.0,126170.0,92080.0,True,False,False,True,"{""circular_bonus"": -1.1, ""distance_km"": 1.0, ""empty_km"": 0.85, ""fuel_inr"": 0.01, ""risk"": 12.0, ""time_min"": 0.35, ""toll_inr"": 0.01}",CST_48011250D4FB,SCN_BASELINE,g1,False,324,train,20260903,v0.1,hash_bucket
INS_A8C6F559D56F,73501821e8b3677a,CIRCULAR_VRP,small,LOC_BC83DA386B0E,Baghpat,UP,13,3,TRK_017DA12B162E|TRK_A997FC00E0CF|TRK_8C037A0ADC54,31430.0,94920.0,62510.0,True,True,False,True,"{""circular_bonus"": -1.1, ""distance_km"": 1.0, ""empty_km"": 0.85, ""fuel_inr"": 0.01, ""risk"": 12.0, ""time_min"": 0.35, ""toll_inr"": 0.01}",CST_48011250D4FB,SCN_BASELINE,g1,False,196,train,20260903,v0.1,hash_bucket
INS_1B5589FA20C8,c1fd98ffed7b6fb1,CIRCULAR_VRP,medium,LOC_5242BE7C01CE,Rewari,HR,18,9,TRK_017DA12B162E|TRK_A997FC00E0CF|TRK_8C037A0ADC54|TRK_EEB1DE456EE4|TRK_BCC966E673C0|TRK_B6CE07A71D80|TRK_5564246F7906|TRK_5136065E98CA|TRK_E260AFDFB21B,29400.0,277210.0,226070.0,True,True,False,True,"{""circular_bonus"": -1.1, ""distance_km"": 1.0, ""empty_km"": 0.85, ""fuel_inr"": 0.01, ""risk"": 12.0, ""time_min"": 0.35, ""toll_inr"": 0.01}",CST_48011250D4FB,SCN_BASELINE,g1,False,361,train,20260903,v0.1,hash_bucket
INS_2B941A74E544,c2df1a403fd36a75,VRPTW,medium,LOC_5AA457C919DB,Ludhiana,PB,20,4,TRK_017DA12B162E|TRK_A997FC00E0CF|TRK_8C037A0ADC54|TRK_EEB1DE456EE4,31250.0,126170.0,93075.0,True,True,False,False,"{""circular_bonus"": -1.1, ""distance_km"": 1.0, ""empty_km"": 0.85, ""fuel_inr"": 0.01, ""risk"": 12.0, ""time_min"": 0.35, ""toll_inr"": 0.01}",CST_48011250D4FB,SCN_BASELINE,g1,False,441,train,20260903,v0.1,hash_bucket
INS_E1FB5302EF1D,06c4b50d23f61960,VRPTW,large,LOC_D2DDEA75080C,Pathankot,PB,56,25,TRK_017DA12B162E|TRK_A997FC00E0CF|TRK_8C037A0ADC54|TRK_EEB1DE456EE4|TRK_BCC966E673C0|TRK_B6CE07A71D80|TRK_5564246F7906|TRK_5136065E98CA|TRK_E260AFDFB21B|TRK_E9C76BCDE1E1|TRK_FB045E9F7F61|TRK_B7FB75BB3E0A|TRK_4A05F6B9B509|TRK_1C8C798F44C5|TRK_8DC7FD5FF93A|TRK_7A91F5198B53|TRK_BEE1B756CA92|TRK_0331FB7CD37E|TRK_EEA8DB00B33D|TRK_3A519CFB8F0F|TRK_8C842CC0A407|TRK_1A09343A6FAC|TRK_3F175C42FEAA|TRK_2EC9632BD23F|TRK_EA0BF86B0239,24700.0,708400.0,709460.0,False,True,False,False,"{""circular_bonus"": -1.1, ""distance_km"": 1.0, ""empty_km"": 0.85, ""fuel_inr"": 0.01, ""risk"": 12.0, ""time_min"": 0.35, ""toll_inr"": 0.01}",CST_48011250D4FB,SCN_BASELINE,g1,False,3249,validation,20260903,v0.1,hash_bucket
INS_A1FC277B2539,a66172c2df1d77d3,PDP,medium,LOC_5775AEDC7A87,Kanpur Nagar,UP,20,9,TRK_017DA12B162E|TRK_A997FC00E0CF|TRK_8C037A0ADC54|TRK_EEB1DE456EE4|TRK_BCC966E673C0|TRK_B6CE07A71D80|TRK_5564246F7906|TRK_5136065E98CA|TRK_E260AFDFB21B,29400.0,277210.0,247690.0,True,False,True,False,"{""circular_bonus"": -1.1, ""distance_km"": 1.0, ""empty_km"": 0.85, ""fuel_inr"": 0.01, ""risk"": 12.0, ""time_min"": 0.35, ""toll_inr"": 0.01}",CST_48011250D4FB,SCN_BASELINE,g1,False,441,train,20260903,v0.1,hash_bucket
INS_AF45882C44D7,94bb0629f87ac625,PDP,medium,LOC_796345940EEC,Budaun,UP,26,9,TRK_017DA12B162E|TRK_A997FC00E0CF|TRK_8C037A0ADC54|TRK_EEB1DE456EE4|TRK_BCC966E673C0|TRK_B6CE07A71D80|TRK_5564246F7906|TRK_5136065E98CA|TRK_E260AFDFB21B,29400.0,277210.0,239780.0,True,True,True,True,"{""circular_bonus"": -1.1, ""distance_km"": 1.0, ""empty_km"": 0.85, ""fuel_inr"": 0.01, ""risk"": 12.0, ""time_min"": 0.35, ""toll_inr"": 0.01}",CST_48011250D4FB,SCN_BASELINE,g1,False,729,train,20260903,v0.1,hash_bucket
INS_3A4120DA8C21,69c2b48c193d4b1f,VRPTW,small,LOC_BC48412E6B15,Sambhal,UP,14,5,TRK_1739A0E69F8F|TRK_452D76B93741|TRK_CB1859F20CFD|TRK_938ED02F82A5|TRK_718C8C333BD6,7620.0,63670.0,49700.0,True,True,False,False,"{""circular_bonus"": -1.1, ""distance_km"": 1.0, ""empty_km"": 0.85, ""fuel_inr"": 0.01, ""risk"": 12.0, ""time_min"": 0.35, ""toll_inr"": 0.01}",CST_48011250D4FB,SCN_BASELINE,g1,False,225,train,20260903,v0.1,hash_bucket
INS_B945862BB18A,02d56dc2d874327c,CVRP,medium,LOC_B890897F9CCC,Kapurthala,PB,30,9,TRK_017DA12B162E|TRK_A997FC00E0CF|TRK_8C037A0ADC54|TRK_EEB1DE456EE4|TRK_BCC966E673C0|TRK_B6CE07A71D80|TRK_5564246F7906|TRK_5136065E98CA|TRK_E260AFDFB21B,29400.0,277210.0,240430.0,True,False,False,False,"{""circular_bonus"": -1.1, ""distance_km"": 1.0, ""empty_km"": 0.85, ""fuel_inr"": 0.01, ""risk"": 12.0, ""time_min"": 0.35, ""toll_inr"": 0.01}",CST_48011250D4FB,SCN_BASELINE,g1,False,961,train,20260903,v0.1,hash_bucket
INS_353FAA0570A4,b97b6d65a6f1f853,PDP,large,LOC_F1EE6A62E5AA,Mahendragarh,HR,54,16,TRK_017DA12B162E|TRK_A997FC00E0CF|TRK_8C037A0ADC54|TRK_EEB1DE456EE4|TRK_BCC966E673C0|TRK_B6CE07A71D80|TRK_5564246F7906|TRK_5136065E98CA|TRK_E260AFDFB21B|TRK_E9C76BCDE1E1|TRK_FB045E9F7F61|TRK_B7FB75BB3E0A|TRK_4A05F6B9B509|TRK_1C8C798F44C5|TRK_8DC7FD5FF93A|TRK_7A91F5198B53,27170.0,475340.0,432985.0,True,True,True,False,"{""circular_bonus"": -1.1, ""distance_km"": 1.0, ""empty_km"": 0.85, ""fuel_inr"": 0.01, ""risk"": 12.0, ""time_min"": 0.35, ""toll_inr"": 0.01}",CST_48011250D4FB,SCN_BASELINE,g1,False,3025,train,20260903,v0.1,hash_bucket
INS_49FB2E0E64E3,39f81da31f3bb870,PDP,small,LOC_841795218E67,Ghaziabad,UP,14,6,TRK_017DA12B162E|TRK_A997FC00E0CF|TRK_8C037A0ADC54|TRK_EEB1DE456EE4|TRK_BCC966E673C0|TRK_B6CE07A71D80,30590.0,187510.0,135765.0,True,True,True,False,"{""circular_bonus"": -1.1, ""distance_km"": 1.0, ""empty_km"": 0.85, ""fuel_inr"": 0.01, ""risk"": 12.0, ""time_min"": 0.35, ""toll_inr"": 0.01}",CST_48011250D4FB,SCN_BASELINE,g1,False,225,train,20260903,v0.1,hash_bucket
INS_CAB5EE9825B0,ca992b9a3ad73b64,CIRCULAR_VRP,medium,LOC_5242BE7C01CE,Rewari,HR,19,8,TRK_017DA12B162E|TRK_A997FC00E0CF|TRK_8C037A0ADC54|TRK_EEB1DE456EE4|TRK_BCC966E673C0|TRK_B6CE07A71D80|TRK_5564246F7906|TRK_5136065E98CA,29770.0,247810.0,196420.0,True,False,False,True,"{""circular_bonus"": -1.1, ""distance_km"": 1.0, ""empty_km"": 0.85, ""fuel_inr"": 0.01, ""risk"": 12.0, ""time_min"": 0.35, ""toll_inr"": 0.01}",CST_48011250D4FB,SCN_BASELINE,g1,False,400,train,20260903,v0.1,hash_bucket
INS_2438FA129BC4,3784732de3392f99,PDP,medium,LOC_CF065FE8EBAB,Gautam Buddha Nagar,UP,15,12,TRK_017DA12B162E|TRK_A997FC00E0CF|TRK_8C037A0ADC54|TRK_EEB1DE456EE4|TRK_BCC966E673C0|TRK_B6CE07A71D80|TRK_5564246F7906|TRK_5136065E98CA|TRK_E260AFDFB21B|TRK_E9C76BCDE1E1|TRK_FB045E9F7F61|TRK_B7FB75BB3E0A,28840.0,363890.0,313580.0,True,False,True,True,"{""circular_bonus"": -1.1, ""distance_km"": 1.0, ""empty_km"": 0.85, ""fuel_inr"": 0.01, ""risk"": 12.0, ""time_min"": 0.35, ""toll_inr"": 0.01}",CST_48011250D4FB,SCN_BASELINE,g1,False,256,train,20260903,v0.1,hash_bucket
INS_19A314649B1D,1d2926b40d36bde1,PDP,medium,LOC_8E5593D8E476,Rupnagar,PB,19,7,TRK_017DA12B162E|TRK_A997FC00E0CF|TRK_8C037A0ADC54|TRK_EEB1DE456EE4|TRK_BCC966E673C0|TRK_B6CE07A71D80|TRK_5564246F7906,30530.0,218040.0,185355.0,True,True,True,False,"{""circular_bonus"": -1.1, ""distance_km"": 1.0, ""empty_km"": 0.85, ""fuel_inr"": 0.01, ""risk"": 12.0, ""time_min"": 0.35, ""toll_inr"": 0.01}",CST_48011250D4FB,SCN_BASELINE,g1,False,400,train,20260903,v0.1,hash_bucket
INS_8195F783A704,180ee178955d4dba,CIRCULAR_VRP,small,LOC_0F3D188854D6,Amroha,UP,8,4,TRK_017DA12B162E|TRK_A997FC00E0CF|TRK_8C037A0ADC54|TRK_EEB1DE456EE4,31250.0,126170.0,94640.0,True,False,False,True,"{""circular_bonus"": -1.1, ""distance_km"": 1.0, ""empty_km"": 0.85, ""fuel_inr"": 0.01, ""risk"": 12.0, ""time_min"": 0.35, ""toll_inr"": 0.01}",CST_48011250D4FB,SCN_BASELINE,g1,False,81,train,20260903,v0.1,hash_bucket
INS_B4661A7B9AF5,421bdc9cc67cb38b,VRPTW,small,LOC_C90487F88BAC,Muktsar,PB,12,5,TRK_017DA12B162E|TRK_A997FC00E0CF|TRK_8C037A0ADC54|TRK_EEB1DE456EE4|TRK_BCC966E673C0,30750.0,156920.0,101410.0,True,True,False,False,"{""circular_bonus"": -1.1, ""distance_km"": 1.0, ""empty_km"": 0.85, ""fuel_inr"": 0.01, ""risk"": 12.0, ""time_min"": 0.35, ""toll_inr"": 0.01}",CST_48011250D4FB,SCN_BASELINE,g1,False,169,validation,20260903,v0.1,hash_bucket
INS_F5E45EBDE774,f752f1690f7ec60c,PDP,medium,LOC_B56ABDBA32E2,Aligarh,UP,26,9,TRK_017DA12B162E|TRK_A997FC00E0CF|TRK_8C037A0ADC54|TRK_EEB1DE456EE4|TRK_BCC966E673C0|TRK_B6CE07A71D80|TRK_5564246F7906|TRK_5136065E98CA|TRK_E260AFDFB21B,29400.0,277210.0,243995.0,True,False,True,True,"{""circular_bonus"": -1.1, ""distance_km"": 1.0, ""empty_km"": 0.85, ""fuel_inr"": 0.01, ""risk"": 12.0, ""time_min"": 0.35, ""toll_inr"": 0.01}",CST_48011250D4FB,SCN_BASELINE,g1,False,729,train,20260903,v0.1,hash_bucket
INS_5581B69CBE8E,ff0ca205136859b3,PDP,small,LOC_2011BC2FE7BD,Fazilka,PB,10,3,TRK_017DA12B162E|TRK_A997FC00E0CF|TRK_8C037A0ADC54,31430.0,94920.0,41680.0,True,True,True,False,"{""circular_bonus"": -1.1, ""distance_km"": 1.0, ""empty_km"": 0.85, ""fuel_inr"": 0.01, ""risk"": 12.0, ""time_min"": 0.35, ""toll_inr"": 0.01}",CST_48011250D4FB,SCN_BASELINE,g1,False,121,train,20260903,v0.1,hash_bucket
INS_AA348CC5BA0B,64383f0b3df4f80f,PDP,small,LOC_E71843C35AC6,Bijnor,UP,11,4,TRK_017DA12B162E|TRK_A997FC00E0CF|TRK_8C037A0ADC54|TRK_EEB1DE456EE4,31250.0,126170.0,89390.0,True,True,True,True,"{""circular_bonus"": -1.1, ""distance_km"": 1.0, ""empty_km"": 0.85, ""fuel_inr"": 0.01, ""risk"": 12.0, ""time_min"": 0.35, ""toll_inr"": 0.01}",CST_48011250D4FB,SCN_BASELINE,g1,False,144,train,20260903,v0.1,hash_bucket
INS_E2BC09D6EFDE,5c87ce1300a1c76f,CIRCULAR_VRP,medium,LOC_487C12AA952A,Jind,HR,20,7,TRK_017DA12B162E|TRK_A997FC00E0CF|TRK_8C037A0ADC54|TRK_EEB1DE456EE4|TRK_BCC966E673C0|TRK_B6CE07A71D80|TRK_5564246F7906,30530.0,218040.0,171870.0,True,False,False,True,"{""circular_bonus"": -1.1, ""distance_km"": 1.0, ""empty_km"": 0.85, ""fuel_inr"": 0.01, ""risk"": 12.0, ""time_min"": 0.35, ""toll_inr"": 0.01}",CST_48011250D4FB,SCN_BASELINE,g1,False,441,train,20260903,v0.1,hash_bucket
INS_13FFA6DD5F27,a83e868ff678f3b6,CIRCULAR_VRP,large,LOC_CF065FE8EBAB,Gautam Buddha Nagar,UP,30,23,TRK_017DA12B162E|TRK_A997FC00E0CF|TRK_8C037A0ADC54|TRK_EEB1DE456EE4|TRK_BCC966E673C0|TRK_B6CE07A71D80|TRK_5564246F7906|TRK_5136065E98CA|TRK_E260AFDFB21B|TRK_E9C76BCDE1E1|TRK_FB045E9F7F61|TRK_B7FB75BB3E0A|TRK_4A05F6B9B509|TRK_1C8C798F44C5|TRK_8DC7FD5FF93A|TRK_7A91F5198B53|TRK_BEE1B756CA92|TRK_0331FB7CD37E|TRK_EEA8DB00B33D|TRK_3A519CFB8F0F|TRK_8C842CC0A407|TRK_1A09343A6FAC|TRK_3F175C42FEAA,25290.0,658660.0,629680.0,True,True,False,True,"{""circular_bonus"": -1.1, ""distance_km"": 1.0, ""empty_km"": 0.85, ""fuel_inr"": 0.01, ""risk"": 12.0, ""time_min"": 0.35, ""toll_inr"": 0.01}",CST_48011250D4FB,SCN_BASELINE,g1,False,961,train,20260903,v0.1,hash_bucket
INS_E55D0596E637,24fa82f71e8fa577,PDP,medium,LOC_AC684A297AD1,Bareilly,UP,27,7,TRK_017DA12B162E|TRK_A997FC00E0CF|TRK_8C037A0ADC54|TRK_EEB1DE456EE4|TRK_BCC966E673C0|TRK_B6CE07A71D80|TRK_5564246F7906,30530.0,218040.0,180240.0,True,True,True,False,"{""circular_bonus"": -1.1, ""distance_km"": 1.0, ""empty_km"": 0.85, ""fuel_inr"": 0.01, ""risk"": 12.0, ""time_min"": 0.35, ""toll_inr"": 0.01}",CST_48011250D4FB,SCN_BASELINE,g1,False,784,train,20260903,v0.1,hash_bucket
INS_798D2372761D,1d2a4ebd8e5254cb,PDP,large,LOC_F20DB0F2A327,Gurugram,HR,34,16,TRK_017DA12B162E|TRK_A997FC00E0CF|TRK_8C037A0ADC54|TRK_EEB1DE456EE4|TRK_BCC966E673C0|TRK_B6CE07A71D80|TRK_5564246F7906|TRK_5136065E98CA|TRK_E260AFDFB21B|TRK_E9C76BCDE1E1|TRK_FB045E9F7F61|TRK_B7FB75BB3E0A|TRK_4A05F6B9B509|TRK_1C8C798F44C5|TRK_8DC7FD5FF93A|TRK_7A91F5198B53,27170.0,475340.0,425760.0,True,False,True,False,"{""circular_bonus"": -1.1, ""distance_km"": 1.0, ""empty_km"": 0.85, ""fuel_inr"": 0.01, ""risk"": 12.0, ""time_min"": 0.35, ""toll_inr"": 0.01}",CST_48011250D4FB,SCN_BASELINE,g1,False,1225,train,20260903,v0.1,hash_bucket
INS_357A74C9304B,c4f4dffdf2a343ec,CVRP,small,LOC_5242BE7C01CE,Rewari,HR,9,4,TRK_017DA12B162E|TRK_A997FC00E0CF|TRK_8C037A0ADC54|TRK_EEB1DE456EE4,31250.0,126170.0,86320.0,True,False,False,False,"{""circular_bonus"": -1.1, ""distance_km"": 1.0, ""empty_km"": 0.85, ""fuel_inr"": 0.01, ""risk"": 12.0, ""time_min"": 0.35, ""toll_inr"": 0.01}",CST_48011250D4FB,SCN_BASELINE,g1,False,100,train,20260903,v0.1,hash_bucket
INS_88565D0EAFBB,628bd22f1ecb8d92,CVRP,small,LOC_D49CDCEB7AF7,Charkhi Dadri,HR,13,5,TRK_017DA12B162E|TRK_A997FC00E0CF|TRK_8C037A0ADC54|TRK_EEB1DE456EE4|TRK_BCC966E673C0,30750.0,156920.0,122570.0,True,False,False,False,"{""circular_bonus"": -1.1, ""distance_km"": 1.0, ""empty_km"": 0.85, ""fuel_inr"": 0.01, ""risk"": 12.0, ""time_min"": 0.35, ""toll_inr"": 0.01}",CST_48011250D4FB,SCN_BASELINE,g1,False,196,train,20260903,v0.1,hash_bucket
INS_40A94757338C,7072792ea0fc3d4d,CIRCULAR_VRP,small,LOC_E71843C35AC6,Bijnor,UP,14,7,TRK_017DA12B162E|TRK_A997FC00E0CF|TRK_8C037A0ADC54|TRK_EEB1DE456EE4|TRK_BCC966E673C0|TRK_B6CE07A71D80|TRK_5564246F7906,30530.0,218040.0,157600.0,True,True,False,True,"{""circular_bonus"": -1.1, ""distance_km"": 1.0, ""empty_km"": 0.85, ""fuel_inr"": 0.01, ""risk"": 12.0, ""time_min"": 0.35, ""toll_inr"": 0.01}",CST_48011250D4FB,SCN_BASELINE,g1,False,225,train,20260903,v0.1,hash_bucket
INS_BEF4FFA67C41,97440a62c44e36c6,VRPTW,medium,LOC_60C46A471111,Pilibhit,UP,25,10,TRK_017DA12B162E|TRK_A997FC00E0CF|TRK_8C037A0ADC54|TRK_EEB1DE456EE4|TRK_BCC966E673C0|TRK_B6CE07A71D80|TRK_5564246F7906|TRK_5136065E98CA|TRK_E260AFDFB21B|TRK_E9C76BCDE1E1,28950.0,306160.0,252100.0,True,True,False,False,"{""circular_bonus"": -1.1, ""distance_km"": 1.0, ""empty_km"": 0.85, ""fuel_inr"": 0.01, ""risk"": 12.0, ""time_min"": 0.35, ""toll_inr"": 0.01}",CST_48011250D4FB,SCN_BASELINE,g1,False,676,train,20260903,v0.1,hash_bucket
INS_F65F16D1722B,bf1a7d34211076ab,VRPTW,small,LOC_FF96333A5510,North West Delhi,DL,11,11,TRK_017DA12B162E|TRK_A997FC00E0CF|TRK_8C037A0ADC54|TRK_EEB1DE456EE4|TRK_BCC966E673C0|TRK_B6CE07A71D80|TRK_5564246F7906|TRK_5136065E98CA|TRK_E260AFDFB21B|TRK_E9C76BCDE1E1|TRK_FB045E9F7F61,28890.0,335050.0,277620.0,True,True,False,False,"{""circular_bonus"": -1.1, ""distance_km"": 1.0, ""empty_km"": 0.85, ""fuel_inr"": 0.01, ""risk"": 12.0, ""time_min"": 0.35, ""toll_inr"": 0.01}",CST_48011250D4FB,SCN_BASELINE,g1,False,144,train,20260903,v0.1,hash_bucket
INS_9DA4471E2C5B,69c4eb7c47aceb75,VRPTW,medium,LOC_AA53E75D54A9,Etah,UP,29,8,TRK_017DA12B162E|TRK_A997FC00E0CF|TRK_8C037A0ADC54|TRK_EEB1DE456EE4|TRK_BCC966E673C0|TRK_B6CE07A71D80|TRK_5564246F7906|TRK_5136065E98CA,29770.0,247810.0,196460.0,True,True,False,False,"{""circular_bonus"": -1.1, ""distance_km"": 1.0, ""empty_km"": 0.85, ""fuel_inr"": 0.01, ""risk"": 12.0, ""time_min"": 0.35, ""toll_inr"": 0.01}",CST_48011250D4FB,SCN_BASELINE,g1,False,900,train,20260903,v0.1,hash_bucket
INS_EA92A1C89022,35c331ef6f9af1b6,CVRP,large,LOC_45C74FBD7B6F,Mansa,PB,58,18,TRK_017DA12B162E|TRK_A997FC00E0CF|TRK_8C037A0ADC54|TRK_EEB1DE456EE4|TRK_BCC966E673C0|TRK_B6CE07A71D80|TRK_5564246F7906|TRK_5136065E98CA|TRK_E260AFDFB21B|TRK_E9C76BCDE1E1|TRK_FB045E9F7F61|TRK_B7FB75BB3E0A|TRK_4A05F6B9B509|TRK_1C8C798F44C5|TRK_8DC7FD5FF93A|TRK_7A91F5198B53|TRK_BEE1B756CA92|TRK_0331FB7CD37E,26610.0,529120.0,500870.0,True,False,False,False,"{""circular_bonus"": -1.1, ""distance_km"": 1.0, ""empty_km"": 0.85, ""fuel_inr"": 0.01, ""risk"": 12.0, ""time_min"": 0.35, ""toll_inr"": 0.01}",CST_48011250D4FB,SCN_BASELINE,g1,False,3481,train,20260903,v0.1,hash_bucket
INS_1F94B5CEAF45,430e63f2e640f25a,PDP,small,LOC_11A4C40B0A4F,Yamunanagar,HR,8,4,TRK_017DA12B162E|TRK_A997FC00E0CF|TRK_8C037A0ADC54|TRK_EEB1DE456EE4,31250.0,126170.0,64620.0,True,True,True,True,"{""circular_bonus"": -1.1, ""distance_km"": 1.0, ""empty_km"": 0.85, ""fuel_inr"": 0.01, ""risk"": 12.0, ""time_min"": 0.35, ""toll_inr"": 0.01}",CST_48011250D4FB,SCN_BASELINE,g1,False,81,validation,20260903,v0.1,hash_bucket
INS_B032C1276D65,8f7f3034abc0c4ef,PDP,small,LOC_8F3BDE96C1C3,Rampur,UP,10,5,TRK_017DA12B162E|TRK_A997FC00E0CF|TRK_8C037A0ADC54|TRK_EEB1DE456EE4|TRK_BCC966E673C0,30750.0,156920.0,111870.0,True,False,True,False,"{""circular_bonus"": -1.1, ""distance_km"": 1.0, ""empty_km"": 0.85, ""fuel_inr"": 0.01, ""risk"": 12.0, ""time_min"": 0.35, ""toll_inr"": 0.01}",CST_48011250D4FB,SCN_BASELINE,g1,False,121,train,20260903,v0.1,hash_bucket
INS_B7E920FBE658,9a6d4318015f6459,CVRP,medium,LOC_BF1D141289ED,Hoshiarpur,PB,22,5,TRK_017DA12B162E|TRK_A997FC00E0CF|TRK_8C037A0ADC54|TRK_EEB1DE456EE4|TRK_BCC966E673C0,30750.0,156920.0,109610.0,True,False,False,False,"{""circular_bonus"": -1.1, ""distance_km"": 1.0, ""empty_km"": 0.85, ""fuel_inr"": 0.01, ""risk"": 12.0, ""time_min"": 0.35, ""toll_inr"": 0.01}",CST_48011250D4FB,SCN_BASELINE,g1,False,529,train,20260903,v0.1,hash_bucket
INS_5698BFA6B445,4d26720266754879,CVRP,medium,LOC_6C7E235EC96D,Nawanshahr,PB,28,12,TRK_017DA12B162E|TRK_A997FC00E0CF|TRK_8C037A0ADC54|TRK_EEB1DE456EE4|TRK_BCC966E673C0|TRK_B6CE07A71D80|TRK_5564246F7906|TRK_5136065E98CA|TRK_E260AFDFB21B|TRK_E9C76BCDE1E1|TRK_FB045E9F7F61|TRK_B7FB75BB3E0A,28840.0,363890.0,319025.0,True,False,False,False,"{""circular_bonus"": -1.1, ""distance_km"": 1.0, ""empty_km"": 0.85, ""fuel_inr"": 0.01, ""risk"": 12.0, ""time_min"": 0.35, ""toll_inr"": 0.01}",CST_48011250D4FB,SCN_BASELINE,g1,False,841,validation,20260903,v0.1,hash_bucket
INS_3A6AD7480B90,fd89f4f01f4b2978,VRPTW,medium,LOC_0B27B307A77E,Panipat,HR,20,7,TRK_017DA12B162E|TRK_A997FC00E0CF|TRK_8C037A0ADC54|TRK_EEB1DE456EE4|TRK_BCC966E673C0|TRK_B6CE07A71D80|TRK_5564246F7906,30530.0,218040.0,175900.0,True,True,False,False,"{""circular_bonus"": -1.1, ""distance_km"": 1.0, ""empty_km"": 0.85, ""fuel_inr"": 0.01, ""risk"": 12.0, ""time_min"": 0.35, ""toll_inr"": 0.01}",CST_48011250D4FB,SCN_BASELINE,g1,False,441,test,20260903,v0.1,hash_bucket
INS_6AFB6E83C3D2,8202a15440476140,CIRCULAR_VRP,medium,LOC_D24D73F16033,Meerut,UP,20,9,TRK_017DA12B162E|TRK_A997FC00E0CF|TRK_8C037A0ADC54|TRK_EEB1DE456EE4|TRK_BCC966E673C0|TRK_B6CE07A71D80|TRK_5564246F7906|TRK_5136065E98CA|TRK_E260AFDFB21B,29400.0,277210.0,236300.0,True,False,False,True,"{""circular_bonus"": -1.1, ""distance_km"": 1.0, ""empty_km"": 0.85, ""fuel_inr"": 0.01, ""risk"": 12.0, ""time_min"": 0.35, ""toll_inr"": 0.01}",CST_48011250D4FB,SCN_BASELINE,g1,False,441,validation,20260903,v0.1,hash_bucket
INS_2C0F1110AD58,892e91d920e8f16c,PDP,large,LOC_ED9C60D04FC0,SAS Nagar,PB,56,25,TRK_017DA12B162E|TRK_A997FC00E0CF|TRK_8C037A0ADC54|TRK_EEB1DE456EE4|TRK_BCC966E673C0|TRK_B6CE07A71D80|TRK_5564246F7906|TRK_5136065E98CA|TRK_E260AFDFB21B|TRK_E9C76BCDE1E1|TRK_FB045E9F7F61|TRK_B7FB75BB3E0A|TRK_4A05F6B9B509|TRK_1C8C798F44C5|TRK_8DC7FD5FF93A|TRK_7A91F5198B53|TRK_BEE1B756CA92|TRK_0331FB7CD37E|TRK_EEA8DB00B33D|TRK_3A519CFB8F0F|TRK_8C842CC0A407|TRK_1A09343A6FAC|TRK_3F175C42FEAA|TRK_2EC9632BD23F|TRK_EA0BF86B0239,24700.0,708400.0,691330.0,True,False,True,True,"{""circular_bonus"": -1.1, ""distance_km"": 1.0, ""empty_km"": 0.85, ""fuel_inr"": 0.01, ""risk"": 12.0, ""time_min"": 0.35, ""toll_inr"": 0.01}",CST_48011250D4FB,SCN_BASELINE,g1,False,3249,test,20260903,v0.1,hash_bucket
INS_34D8FFB5FB23,fafc59512cbdc9f6,PDP,small,LOC_CF065FE8EBAB,Gautam Buddha Nagar,UP,10,10,TRK_017DA12B162E|TRK_A997FC00E0CF|TRK_8C037A0ADC54|TRK_EEB1DE456EE4|TRK_BCC966E673C0|TRK_B6CE07A71D80|TRK_5564246F7906|TRK_5136065E98CA|TRK_E260AFDFB21B|TRK_E9C76BCDE1E1,28950.0,306160.0,252840.0,True,True,True,False,"{""circular_bonus"": -1.1, ""distance_km"": 1.0, ""empty_km"": 0.85, ""fuel_inr"": 0.01, ""risk"": 12.0, ""time_min"": 0.35, ""toll_inr"": 0.01}",CST_48011250D4FB,SCN_BASELINE,g1,False,121,test,20260903,v0.1,hash_bucket
INS_708FCCC2E828,cfbeed9283234d26,PDP,small,LOC_B39E76DCD93F,Nuh,HR,12,4,TRK_017DA12B162E|TRK_A997FC00E0CF|TRK_8C037A0ADC54|TRK_EEB1DE456EE4,31250.0,126170.0,93140.0,True,True,True,True,"{""circular_bonus"": -1.1, ""distance_km"": 1.0, ""empty_km"": 0.85, ""fuel_inr"": 0.01, ""risk"": 12.0, ""time_min"": 0.35, ""toll_inr"": 0.01}",CST_48011250D4FB,SCN_BASELINE,g1,False,169,train,20260903,v0.1,hash_bucket
INS_685E5303A4F2,a0fb405e7ecdc993,PDP,medium,LOC_6042150B38E7,Rohtak,HR,28,15,TRK_017DA12B162E|TRK_A997FC00E0CF|TRK_8C037A0ADC54|TRK_EEB1DE456EE4|TRK_BCC966E673C0|TRK_B6CE07A71D80|TRK_5564246F7906|TRK_5136065E98CA|TRK_E260AFDFB21B|TRK_E9C76BCDE1E1|TRK_FB045E9F7F61|TRK_B7FB75BB3E0A|TRK_4A05F6B9B509|TRK_1C8C798F44C5|TRK_8DC7FD5FF93A,27710.0,448170.0,395775.0,True,False,True,True,"{""circular_bonus"": -1.1, ""distance_km"": 1.0, ""empty_km"": 0.85, ""fuel_inr"": 0.01, ""risk"": 12.0, ""time_min"": 0.35, ""toll_inr"": 0.01}",CST_48011250D4FB,SCN_BASELINE,g1,False,841,test,20260903,v0.1,hash_bucket
INS_38CA50303FF8,7e3c41808678bc0e,PDP,medium,LOC_B6370F731EEC,Lucknow,UP,27,20,TRK_017DA12B162E|TRK_A997FC00E0CF|TRK_8C037A0ADC54|TRK_EEB1DE456EE4|TRK_BCC966E673C0|TRK_B6CE07A71D80|TRK_5564246F7906|TRK_5136065E98CA|TRK_E260AFDFB21B|TRK_E9C76BCDE1E1|TRK_FB045E9F7F61|TRK_B7FB75BB3E0A|TRK_4A05F6B9B509|TRK_1C8C798F44C5|TRK_8DC7FD5FF93A|TRK_7A91F5198B53|TRK_BEE1B756CA92|TRK_0331FB7CD37E|TRK_EEA8DB00B33D|TRK_3A519CFB8F0F,26230.0,581630.0,548220.0,True,False,True,True,"{""circular_bonus"": -1.1, ""distance_km"": 1.0, ""empty_km"": 0.85, ""fuel_inr"": 0.01, ""risk"": 12.0, ""time_min"": 0.35, ""toll_inr"": 0.01}",CST_48011250D4FB,SCN_BASELINE,g1,False,784,train,20260903,v0.1,hash_bucket
INS_68C1D82C0CCC,df02e7dac41f9af3,PDP,large,LOC_11A4C40B0A4F,Yamunanagar,HR,32,15,TRK_017DA12B162E|TRK_A997FC00E0CF|TRK_8C037A0ADC54|TRK_EEB1DE456EE4|TRK_BCC966E673C0|TRK_B6CE07A71D80|TRK_5564246F7906|TRK_5136065E98CA|TRK_E260AFDFB21B|TRK_E9C76BCDE1E1|TRK_FB045E9F7F61|TRK_B7FB75BB3E0A|TRK_4A05F6B9B509|TRK_1C8C798F44C5|TRK_8DC7FD5FF93A,27710.0,448170.0,410170.0,True,False,True,False,"{""circular_bonus"": -1.1, ""distance_km"": 1.0, ""empty_km"": 0.85, ""fuel_inr"": 0.01, ""risk"": 12.0, ""time_min"": 0.35, ""toll_inr"": 0.01}",CST_48011250D4FB,SCN_BASELINE,g1,False,1089,test,20260903,v0.1,hash_bucket
INS_A77004523904,ca641d4b3be436dc,CVRP,small,LOC_5D316714188F,Faridabad,HR,8,7,TRK_017DA12B162E|TRK_A997FC00E0CF|TRK_8C037A0ADC54|TRK_EEB1DE456EE4|TRK_BCC966E673C0|TRK_B6CE07A71D80|TRK_5564246F7906,30530.0,218040.0,168080.0,True,False,False,False,"{""circular_bonus"": -1.1, ""distance_km"": 1.0, ""empty_km"": 0.85, ""fuel_inr"": 0.01, ""risk"": 12.0, ""time_min"": 0.35, ""toll_inr"": 0.01}",CST_48011250D4FB,SCN_BASELINE,g1,False,81,train,20260903,v0.1,hash_bucket
INS_AA6D322FD5D2,bf76afa06c5c1774,PDP,small,LOC_58DEC063659A,Gorakhpur,UP,12,3,TRK_017DA12B162E|TRK_A997FC00E0CF|TRK_8C037A0ADC54,31430.0,94920.0,45310.0,True,True,True,False,"{""circular_bonus"": -1.1, ""distance_km"": 1.0, ""empty_km"": 0.85, ""fuel_inr"": 0.01, ""risk"": 12.0, ""time_min"": 0.35, ""toll_inr"": 0.01}",CST_48011250D4FB,SCN_BASELINE,g1,False,169,train,20260903,v0.1,hash_bucket
INS_55BA5AFA3370,8dd2ddb0cfc6e8f7,PDP,medium,LOC_6C7E235EC96D,Nawanshahr,PB,16,6,TRK_017DA12B162E|TRK_A997FC00E0CF|TRK_8C037A0ADC54|TRK_EEB1DE456EE4|TRK_BCC966E673C0|TRK_B6CE07A71D80,30590.0,187510.0,135720.0,True,False,True,False,"{""circular_bonus"": -1.1, ""distance_km"": 1.0, ""empty_km"": 0.85, ""fuel_inr"": 0.01, ""risk"": 12.0, ""time_min"": 0.35, ""toll_inr"": 0.01}",CST_48011250D4FB,SCN_BASELINE,g1,False,289,validation,20260903,v0.1,hash_bucket
INS_FAFED5BB179F,6c3ae870ae23c1f7,PDP,small,LOC_5D316714188F,Faridabad,HR,13,10,TRK_017DA12B162E|TRK_A997FC00E0CF|TRK_8C037A0ADC54|TRK_EEB1DE456EE4|TRK_BCC966E673C0|TRK_B6CE07A71D80|TRK_5564246F7906|TRK_5136065E98CA|TRK_E260AFDFB21B|TRK_E9C76BCDE1E1,28950.0,306160.0,266740.0,True,False,True,False,"{""circular_bonus"": -1.1, ""distance_km"": 1.0, ""empty_km"": 0.85, ""fuel_inr"": 0.01, ""risk"": 12.0, ""time_min"": 0.35, ""toll_inr"": 0.01}",CST_48011250D4FB,SCN_BASELINE,g1,False,196,train,20260903,v0.1,hash_bucket
INS_99ACDB7712EE,e12a1e1ffca1ce14,VRPTW,small,LOC_11A4C40B0A4F,Yamunanagar,HR,11,5,TRK_017DA12B162E|TRK_A997FC00E0CF|TRK_8C037A0ADC54|TRK_EEB1DE456EE4|TRK_BCC966E673C0,30750.0,156920.0,102760.0,True,True,False,False,"{""circular_bonus"": -1.1, ""distance_km"": 1.0, ""empty_km"": 0.85, ""fuel_inr"": 0.01, ""risk"": 12.0, ""time_min"": 0.35, ""toll_inr"": 0.01}",CST_48011250D4FB,SCN_BASELINE,g1,False,144,train,20260903,v0.1,hash_bucket
INS_370D7D3E576E,ebcbb4369ed00508,PDP,small,LOC_2ECE587EC515,Hardoi,UP,8,4,TRK_017DA12B162E|TRK_A997FC00E0CF|TRK_8C037A0ADC54|TRK_EEB1DE456EE4,31250.0,126170.0,72390.0,True,True,True,False,"{""circular_bonus"": -1.1, ""distance_km"": 1.0, ""empty_km"": 0.85, ""fuel_inr"": 0.01, ""risk"": 12.0, ""time_min"": 0.35, ""toll_inr"": 0.01}",CST_48011250D4FB,SCN_BASELINE,g1,False,81,train,20260903,v0.1,hash_bucket
INS_F5F9494AEDBA,fdc511468c65facf,PDP,medium,LOC_EC1D3E4138DF,Amritsar,PB,29,15,TRK_017DA12B162E|TRK_A997FC00E0CF|TRK_8C037A0ADC54|TRK_EEB1DE456EE4|TRK_BCC966E673C0|TRK_B6CE07A71D80|TRK_5564246F7906|TRK_5136065E98CA|TRK_E260AFDFB21B|TRK_E9C76BCDE1E1|TRK_FB045E9F7F61|TRK_B7FB75BB3E0A|TRK_4A05F6B9B509|TRK_1C8C798F44C5|TRK_8DC7FD5FF93A,27710.0,448170.0,414270.0,True,True,True,False,"{""circular_bonus"": -1.1, ""distance_km"": 1.0, ""empty_km"": 0.85, ""fuel_inr"": 0.01, ""risk"": 12.0, ""time_min"": 0.35, ""toll_inr"": 0.01}",CST_48011250D4FB,SCN_BASELINE,g1,False,900,train,20260903,v0.1,hash_bucket
INS_57194F03E10D,6d4fd45cf8f557a1,CIRCULAR_VRP,medium,LOC_60C46A471111,Pilibhit,UP,27,8,TRK_017DA12B162E|TRK_A997FC00E0CF|TRK_8C037A0ADC54|TRK_EEB1DE456EE4|TRK_BCC966E673C0|TRK_B6CE07A71D80|TRK_5564246F7906|TRK_5136065E98CA,29770.0,247810.0,197050.0,True,True,False,True,"{""circular_bonus"": -1.1, ""distance_km"": 1.0, ""empty_km"": 0.85, ""fuel_inr"": 0.01, ""risk"": 12.0, ""time_min"": 0.35, ""toll_inr"": 0.01}",CST_48011250D4FB,SCN_BASELINE,g1,False,784,test,20260903,v0.1,hash_bucket
INS_D9937CA01DC5,f680ea676d623450,VRPTW,small,LOC_DD4D9C55D7BB,Fatehgarh Sahib,PB,9,4,TRK_017DA12B162E|TRK_A997FC00E0CF|TRK_8C037A0ADC54|TRK_EEB1DE456EE4,31250.0,126170.0,82920.0,True,True,False,False,"{""circular_bonus"": -1.1, ""distance_km"": 1.0, ""empty_km"": 0.85, ""fuel_inr"": 0.01, ""risk"": 12.0, ""time_min"": 0.35, ""toll_inr"": 0.01}",CST_48011250D4FB,SCN_BASELINE,g1,False,100,train,20260903,v0.1,hash_bucket
INS_A10992C0AEE6,921356f77b61cd0c,CVRP,small,LOC_B6370F731EEC,Lucknow,UP,9,8,TRK_017DA12B162E|TRK_A997FC00E0CF|TRK_8C037A0ADC54|TRK_EEB1DE456EE4|TRK_BCC966E673C0|TRK_B6CE07A71D80|TRK_5564246F7906|TRK_5136065E98CA,29770.0,247810.0,188390.0,True,False,False,False,"{""circular_bonus"": -1.1, ""distance_km"": 1.0, ""empty_km"": 0.85, ""fuel_inr"": 0.01, ""risk"": 12.0, ""time_min"": 0.35, ""toll_inr"": 0.01}",CST_48011250D4FB,SCN_BASELINE,g1,False,100,validation,20260903,v0.1,hash_bucket
INS_E23B523B7A1B,285a939543bf9f50,CIRCULAR_VRP,medium,LOC_443EF0FB4E8C,Etawah,UP,15,3,TRK_017DA12B162E|TRK_A997FC00E0CF|TRK_8C037A0ADC54,31430.0,94920.0,53720.0,True,False,False,True,"{""circular_bonus"": -1.1, ""distance_km"": 1.0, ""empty_km"": 0.85, ""fuel_inr"": 0.01, ""risk"": 12.0, ""time_min"": 0.35, ""toll_inr"": 0.01}",CST_48011250D4FB,SCN_BASELINE,g1,False,256,test,20260903,v0.1,hash_bucket
INS_28BF317084E1,d9e60f23aa1f4a4c,CIRCULAR_VRP,small,LOC_11A4C40B0A4F,Yamunanagar,HR,14,9,TRK_017DA12B162E|TRK_A997FC00E0CF|TRK_8C037A0ADC54|TRK_EEB1DE456EE4|TRK_BCC966E673C0|TRK_B6CE07A71D80|TRK_5564246F7906|TRK_5136065E98CA|TRK_E260AFDFB21B,29400.0,277210.0,246380.0,True,True,False,True,"{""circular_bonus"": -1.1, ""distance_km"": 1.0, ""empty_km"": 0.85, ""fuel_inr"": 0.01, ""risk"": 12.0, ""time_min"": 0.35, ""toll_inr"": 0.01}",CST_48011250D4FB,SCN_BASELINE,g1,False,225,validation,20260903,v0.1,hash_bucket
INS_B65B4B4ADA03,26c11c59ba6149f7,VRPTW,large,LOC_5B344A07BA57,Sangrur,PB,41,20,TRK_017DA12B162E|TRK_A997FC00E0CF|TRK_8C037A0ADC54|TRK_EEB1DE456EE4|TRK_BCC966E673C0|TRK_B6CE07A71D80|TRK_5564246F7906|TRK_5136065E98CA|TRK_E260AFDFB21B|TRK_E9C76BCDE1E1|TRK_FB045E9F7F61|TRK_B7FB75BB3E0A|TRK_4A05F6B9B509|TRK_1C8C798F44C5|TRK_8DC7FD5FF93A|TRK_7A91F5198B53|TRK_BEE1B756CA92|TRK_0331FB7CD37E|TRK_EEA8DB00B33D|TRK_3A519CFB8F0F,26230.0,581630.0,531920.0,True,True,False,False,"{""circular_bonus"": -1.1, ""distance_km"": 1.0, ""empty_km"": 0.85, ""fuel_inr"": 0.01, ""risk"": 12.0, ""time_min"": 0.35, ""toll_inr"": 0.01}",CST_48011250D4FB,SCN_BASELINE,g1,False,1764,train,20260903,v0.1,hash_bucket
INS_3D989BBDEB52,2d22d22b59796876,CIRCULAR_VRP,medium,LOC_60C46A471111,Pilibhit,UP,30,11,TRK_017DA12B162E|TRK_A997FC00E0CF|TRK_8C037A0ADC54|TRK_EEB1DE456EE4|TRK_BCC966E673C0|TRK_B6CE07A71D80|TRK_5564246F7906|TRK_5136065E98CA|TRK_E260AFDFB21B|TRK_E9C76BCDE1E1|TRK_FB045E9F7F61,28890.0,335050.0,293970.0,True,True,False,True,"{""circular_bonus"": -1.1, ""distance_km"": 1.0, ""empty_km"": 0.85, ""fuel_inr"": 0.01, ""risk"": 12.0, ""time_min"": 0.35, ""toll_inr"": 0.01}",CST_48011250D4FB,SCN_BASELINE,g1,False,961,train,20260903,v0.1,hash_bucket
INS_39744508276C,9f9524c7d4847960,CIRCULAR_VRP,small,LOC_08710C80560B,Moga,PB,9,6,TRK_017DA12B162E|TRK_A997FC00E0CF|TRK_8C037A0ADC54|TRK_EEB1DE456EE4|TRK_BCC966E673C0|TRK_B6CE07A71D80,30590.0,187510.0,130030.0,True,True,False,True,"{""circular_bonus"": -1.1, ""distance_km"": 1.0, ""empty_km"": 0.85, ""fuel_inr"": 0.01, ""risk"": 12.0, ""time_min"": 0.35, ""toll_inr"": 0.01}",CST_48011250D4FB,SCN_BASELINE,g1,False,100,train,20260903,v0.1,hash_bucket
INS_3E82066EFDD9,a83e868ff678f3b6,PDP,large,LOC_CF065FE8EBAB,Gautam Buddha Nagar,UP,30,23,TRK_017DA12B162E|TRK_A997FC00E0CF|TRK_8C037A0ADC54|TRK_EEB1DE456EE4|TRK_BCC966E673C0|TRK_B6CE07A71D80|TRK_5564246F7906|TRK_5136065E98CA|TRK_E260AFDFB21B|TRK_E9C76BCDE1E1|TRK_FB045E9F7F61|TRK_B7FB75BB3E0A|TRK_4A05F6B9B509|TRK_1C8C798F44C5|TRK_8DC7FD5FF93A|TRK_7A91F5198B53|TRK_BEE1B756CA92|TRK_0331FB7CD37E|TRK_EEA8DB00B33D|TRK_3A519CFB8F0F|TRK_8C842CC0A407|TRK_1A09343A6FAC|TRK_3F175C42FEAA,25290.0,658660.0,629680.0,True,True,True,False,"{""circular_bonus"": -1.1, ""distance_km"": 1.0, ""empty_km"": 0.85, ""fuel_inr"": 0.01, ""risk"": 12.0, ""time_min"": 0.35, ""toll_inr"": 0.01}",CST_48011250D4FB,SCN_BASELINE,g1,False,961,train,20260903,v0.1,hash_bucket
INS_2E271D791DA6,df3d3f70335fdda8,PDP,large,LOC_DA9770705B86,South West Delhi,DL,18,16,TRK_017DA12B162E|TRK_A997FC00E0CF|TRK_8C037A0ADC54|TRK_EEB1DE456EE4|TRK_BCC966E673C0|TRK_B6CE07A71D80|TRK_5564246F7906|TRK_5136065E98CA|TRK_E260AFDFB21B|TRK_E9C76BCDE1E1|TRK_FB045E9F7F61|TRK_B7FB75BB3E0A|TRK_4A05F6B9B509|TRK_1C8C798F44C5|TRK_8DC7FD5FF93A|TRK_7A91F5198B53,27170.0,475340.0,432240.0,True,True,True,False,"{""circular_bonus"": -1.1, ""distance_km"": 1.0, ""empty_km"": 0.85, ""fuel_inr"": 0.01, ""risk"": 12.0, ""time_min"": 0.35, ""toll_inr"": 0.01}",CST_48011250D4FB,SCN_BASELINE,g1,False,361,validation,20260903,v0.1,hash_bucket
INS_A4781908BD3C,881464105e526d62,VRPTW,medium,LOC_AFF866260256,Moradabad,UP,16,7,TRK_017DA12B162E|TRK_A997FC00E0CF|TRK_8C037A0ADC54|TRK_EEB1DE456EE4|TRK_BCC966E673C0|TRK_B6CE07A71D80|TRK_5564246F7906,30530.0,218040.0,170820.0,True,True,False,False,"{""circular_bonus"": -1.1, ""distance_km"": 1.0, ""empty_km"": 0.85, ""fuel_inr"": 0.01, ""risk"": 12.0, ""time_min"": 0.35, ""toll_inr"": 0.01}",CST_48011250D4FB,SCN_BASELINE,g1,False,289,validation,20260903,v0.1,hash_bucket
INS_1258FB5FD546,b32788b09f486c00,VRPTW,medium,LOC_BACB2642B5AD,Kurukshetra,HR,25,5,TRK_017DA12B162E|TRK_A997FC00E0CF|TRK_8C037A0ADC54|TRK_EEB1DE456EE4|TRK_BCC966E673C0,30750.0,156920.0,120295.0,True,True,False,False,"{""circular_bonus"": -1.1, ""distance_km"": 1.0, ""empty_km"": 0.85, ""fuel_inr"": 0.01, ""risk"": 12.0, ""time_min"": 0.35, ""toll_inr"": 0.01}",CST_48011250D4FB,SCN_BASELINE,g1,False,676,train,20260903,v0.1,hash_bucket
INS_56ED88419C88,52912f20abcdb34a,CIRCULAR_VRP,small,LOC_8F3BDE96C1C3,Rampur,UP,10,4,TRK_017DA12B162E|TRK_A997FC00E0CF|TRK_8C037A0ADC54|TRK_EEB1DE456EE4,31250.0,126170.0,82690.0,True,True,False,True,"{""circular_bonus"": -1.1, ""distance_km"": 1.0, ""empty_km"": 0.85, ""fuel_inr"": 0.01, ""risk"": 12.0, ""time_min"": 0.35, ""toll_inr"": 0.01}",CST_48011250D4FB,SCN_BASELINE,g1,False,121,train,20260903,v0.1,hash_bucket
INS_8B04A690064D,0e70b932a069d591,PDP,small,LOC_27273A6A3299,Shamli,UP,14,6,TRK_017DA12B162E|TRK_A997FC00E0CF|TRK_8C037A0ADC54|TRK_EEB1DE456EE4|TRK_BCC966E673C0|TRK_B6CE07A71D80,30590.0,187510.0,142800.0,True,False,True,True,"{""circular_bonus"": -1.1, ""distance_km"": 1.0, ""empty_km"": 0.85, ""fuel_inr"": 0.01, ""risk"": 12.0, ""time_min"": 0.35, ""toll_inr"": 0.01}",CST_48011250D4FB,SCN_BASELINE,g1,False,225,test,20260903,v0.1,hash_bucket
INS_417D24430CB3,67cbf113ab76bdb4,PDP,medium,LOC_8E5593D8E476,Rupnagar,PB,25,8,TRK_017DA12B162E|TRK_A997FC00E0CF|TRK_8C037A0ADC54|TRK_EEB1DE456EE4|TRK_BCC966E673C0|TRK_B6CE07A71D80|TRK_5564246F7906|TRK_5136065E98CA,29770.0,247810.0,202490.0,True,False,True,True,"{""circular_bonus"": -1.1, ""distance_km"": 1.0, ""empty_km"": 0.85, ""fuel_inr"": 0.01, ""risk"": 12.0, ""time_min"": 0.35, ""toll_inr"": 0.01}",CST_48011250D4FB,SCN_BASELINE,g1,False,676,train,20260903,v0.1,hash_bucket
INS_C0910EF2BF83,9200fd33b575630b,VRPTW,large,LOC_796345940EEC,Budaun,UP,52,18,TRK_017DA12B162E|TRK_A997FC00E0CF|TRK_8C037A0ADC54|TRK_EEB1DE456EE4|TRK_BCC966E673C0|TRK_B6CE07A71D80|TRK_5564246F7906|TRK_5136065E98CA|TRK_E260AFDFB21B|TRK_E9C76BCDE1E1|TRK_FB045E9F7F61|TRK_B7FB75BB3E0A|TRK_4A05F6B9B509|TRK_1C8C798F44C5|TRK_8DC7FD5FF93A|TRK_7A91F5198B53|TRK_BEE1B756CA92|TRK_0331FB7CD37E,26610.0,529120.0,491745.0,True,True,False,False,"{""circular_bonus"": -1.1, ""distance_km"": 1.0, ""empty_km"": 0.85, ""fuel_inr"": 0.01, ""risk"": 12.0, ""time_min"": 0.35, ""toll_inr"": 0.01}",CST_48011250D4FB,SCN_BASELINE,g1,False,2809,train,20260903,v0.1,hash_bucket
INS_885162E92BFB,125c6d6ecb48f869,VRPTW,small,LOC_3B372919B752,Karnal,HR,10,3,TRK_017DA12B162E|TRK_A997FC00E0CF|TRK_8C037A0ADC54,31430.0,94920.0,58380.0,True,True,False,False,"{""circular_bonus"": -1.1, ""distance_km"": 1.0, ""empty_km"": 0.85, ""fuel_inr"": 0.01, ""risk"": 12.0, ""time_min"": 0.35, ""toll_inr"": 0.01}",CST_48011250D4FB,SCN_BASELINE,g1,False,121,test,20260903,v0.1,holdout_district
INS_582D3914ACD6,435dcd1e85fc68c6,CIRCULAR_VRP,small,LOC_B890897F9CCC,Kapurthala,PB,11,6,TRK_017DA12B162E|TRK_A997FC00E0CF|TRK_8C037A0ADC54|TRK_EEB1DE456EE4|TRK_BCC966E673C0|TRK_B6CE07A71D80,30590.0,187510.0,127360.0,True,False,False,True,"{""circular_bonus"": -1.1, ""distance_km"": 1.0, ""empty_km"": 0.85, ""fuel_inr"": 0.01, ""risk"": 12.0, ""time_min"": 0.35, ""toll_inr"": 0.01}",CST_48011250D4FB,SCN_BASELINE,g1,False,144,train,20260903,v0.1,hash_bucket
INS_5CF97276B884,bd9e5d4901076565,CIRCULAR_VRP,small,LOC_08710C80560B,Moga,PB,14,6,TRK_017DA12B162E|TRK_A997FC00E0CF|TRK_8C037A0ADC54|TRK_EEB1DE456EE4|TRK_BCC966E673C0|TRK_B6CE07A71D80,30590.0,187510.0,128300.0,True,True,False,True,"{""circular_bonus"": -1.1, ""distance_km"": 1.0, ""empty_km"": 0.85, ""fuel_inr"": 0.01, ""risk"": 12.0, ""time_min"": 0.35, ""toll_inr"": 0.01}",CST_48011250D4FB,SCN_BASELINE,g1,False,225,test,20260903,v0.1,hash_bucket
INS_657369A2A000,1ad9f4aa11e55174,CVRP,medium,LOC_ED9C60D04FC0,SAS Nagar,PB,17,8,TRK_017DA12B162E|TRK_A997FC00E0CF|TRK_8C037A0ADC54|TRK_EEB1DE456EE4|TRK_BCC966E673C0|TRK_B6CE07A71D80|TRK_5564246F7906|TRK_5136065E98CA,29770.0,247810.0,215690.0,True,False,False,False,"{""circular_bonus"": -1.1, ""distance_km"": 1.0, ""empty_km"": 0.85, ""fuel_inr"": 0.01, ""risk"": 12.0, ""time_min"": 0.35, ""toll_inr"": 0.01}",CST_48011250D4FB,SCN_BASELINE,g1,False,324,train,20260903,v0.1,hash_bucket
INS_E24E6D37C8DD,90cdd9cba648f978,CIRCULAR_VRP,medium,LOC_27273A6A3299,Shamli,UP,24,9,TRK_017DA12B162E|TRK_A997FC00E0CF|TRK_8C037A0ADC54|TRK_EEB1DE456EE4|TRK_BCC966E673C0|TRK_B6CE07A71D80|TRK_5564246F7906|TRK_5136065E98CA|TRK_E260AFDFB21B,29400.0,277210.0,219310.0,True,True,False,True,"{""circular_bonus"": -1.1, ""distance_km"": 1.0, ""empty_km"": 0.85, ""fuel_inr"": 0.01, ""risk"": 12.0, ""time_min"": 0.35, ""toll_inr"": 0.01}",CST_48011250D4FB,SCN_BASELINE,g1,False,625,train,20260903,v0.1,hash_bucket
INS_36C86C891006,37f0562b331265b7,PDP,medium,LOC_443EF0FB4E8C,Etawah,UP,18,6,TRK_017DA12B162E|TRK_A997FC00E0CF|TRK_8C037A0ADC54|TRK_EEB1DE456EE4|TRK_BCC966E673C0|TRK_B6CE07A71D80,30590.0,187510.0,131685.0,True,True,True,True,"{""circular_bonus"": -1.1, ""distance_km"": 1.0, ""empty_km"": 0.85, ""fuel_inr"": 0.01, ""risk"": 12.0, ""time_min"": 0.35, ""toll_inr"": 0.01}",CST_48011250D4FB,SCN_BASELINE,g1,False,361,train,20260903,v0.1,hash_bucket
INS_6DC9AB8C60A1,eba7a17948c7abcc,VRPTW,medium,LOC_6042150B38E7,Rohtak,HR,22,10,TRK_017DA12B162E|TRK_A997FC00E0CF|TRK_8C037A0ADC54|TRK_EEB1DE456EE4|TRK_BCC966E673C0|TRK_B6CE07A71D80|TRK_5564246F7906|TRK_5136065E98CA|TRK_E260AFDFB21B|TRK_E9C76BCDE1E1,28950.0,306160.0,265080.0,True,True,False,False,"{""circular_bonus"": -1.1, ""distance_km"": 1.0, ""empty_km"": 0.85, ""fuel_inr"": 0.01, ""risk"": 12.0, ""time_min"": 0.35, ""toll_inr"": 0.01}",CST_48011250D4FB,SCN_BASELINE,g1,False,529,train,20260903,v0.1,hash_bucket
INS_67B986846699,fddc47771bdff4bb,CIRCULAR_VRP,medium,LOC_21F591BF08EC,West Delhi,DL,4,8,TRK_D5734C94CA97|TRK_0DB792D95BC8|TRK_CE161697CB0F|TRK_B4E942FB3E8F|TRK_547C0929AFCE|TRK_3D378E8843DC|TRK_57C748EE92F0|TRK_38CCD92D5770,6550.0,95530.0,83560.0,True,False,False,True,"{""circular_bonus"": -1.1, ""distance_km"": 1.0, ""empty_km"": 0.85, ""fuel_inr"": 0.01, ""risk"": 12.0, ""time_min"": 0.35, ""toll_inr"": 0.01}",CST_48011250D4FB,SCN_BASELINE,g1,False,25,train,20260903,v0.1,hash_bucket
INS_EE6AB9ECF709,0ee8c230bbcea13c,CVRP,small,LOC_B01B9CC74597,Saharanpur,UP,13,7,TRK_B7FB75BB3E0A|TRK_C8E078B21004|TRK_C44C70509AEF|TRK_27E86454C41E|TRK_EEDF5A5A8AD4|TRK_3BD6603D79C0|TRK_8299CD0311BD,1210.0,41700.0,40970.0,True,False,False,False,"{""circular_bonus"": -1.1, ""distance_km"": 1.0, ""empty_km"": 0.85, ""fuel_inr"": 0.01, ""risk"": 12.0, ""time_min"": 0.35, ""toll_inr"": 0.01}",CST_48011250D4FB,SCN_BASELINE,g1,False,196,train,20260903,v0.1,hash_bucket
INS_BD688FB6761E,b1cf3ab5674ab918,CVRP,medium,LOC_AB3DB4CE53FF,Gurdaspur,PB,24,14,TRK_017DA12B162E|TRK_A997FC00E0CF|TRK_8C037A0ADC54|TRK_EEB1DE456EE4|TRK_BCC966E673C0|TRK_B6CE07A71D80|TRK_5564246F7906|TRK_5136065E98CA|TRK_E260AFDFB21B|TRK_E9C76BCDE1E1|TRK_FB045E9F7F61|TRK_B7FB75BB3E0A|TRK_4A05F6B9B509|TRK_1C8C798F44C5,27990.0,420460.0,384330.0,True,False,False,False,"{""circular_bonus"": -1.1, ""distance_km"": 1.0, ""empty_km"": 0.85, ""fuel_inr"": 0.01, ""risk"": 12.0, ""time_min"": 0.35, ""toll_inr"": 0.01}",CST_48011250D4FB,SCN_BASELINE,g1,False,625,train,20260903,v0.1,hash_bucket
INS_06D89CDCC097,ffa127349d815c57,PDP,small,LOC_BF1D141289ED,Hoshiarpur,PB,14,3,TRK_017DA12B162E|TRK_A997FC00E0CF|TRK_8C037A0ADC54,31430.0,94920.0,63190.0,True,True,True,True,"{""circular_bonus"": -1.1, ""distance_km"": 1.0, ""empty_km"": 0.85, ""fuel_inr"": 0.01, ""risk"": 12.0, ""time_min"": 0.35, ""toll_inr"": 0.01}",CST_48011250D4FB,SCN_BASELINE,g1,False,225,validation,20260903,v0.1,hash_bucket
INS_C13345CF299D,c8097f1e9ae21611,CIRCULAR_VRP,medium,LOC_AC684A297AD1,Bareilly,UP,16,6,TRK_017DA12B162E|TRK_A997FC00E0CF|TRK_8C037A0ADC54|TRK_EEB1DE456EE4|TRK_BCC966E673C0|TRK_B6CE07A71D80,30590.0,187510.0,152500.0,True,True,False,True,"{""circular_bonus"": -1.1, ""distance_km"": 1.0, ""empty_km"": 0.85, ""fuel_inr"": 0.01, ""risk"": 12.0, ""time_min"": 0.35, ""toll_inr"": 0.01}",CST_48011250D4FB,SCN_BASELINE,g1,False,289,train,20260903,v0.1,hash_bucket
INS_40990406AC6A,f500ac0a9bf87975,CVRP,medium,LOC_3B372919B752,Karnal,HR,25,8,TRK_017DA12B162E|TRK_A997FC00E0CF|TRK_8C037A0ADC54|TRK_EEB1DE456EE4|TRK_BCC966E673C0|TRK_B6CE07A71D80|TRK_5564246F7906|TRK_5136065E98CA,29770.0,247810.0,208950.0,True,False,False,False,"{""circular_bonus"": -1.1, ""distance_km"": 1.0, ""empty_km"": 0.85, ""fuel_inr"": 0.01, ""risk"": 12.0, ""time_min"": 0.35, ""toll_inr"": 0.01}",CST_48011250D4FB,SCN_BASELINE,g1,False,676,test,20260903,v0.1,holdout_district
INS_A773DFCFB279,435b1df33954e988,CVRP,small,LOC_5775AEDC7A87,Kanpur Nagar,UP,13,5,TRK_017DA12B162E|TRK_A997FC00E0CF|TRK_8C037A0ADC54|TRK_EEB1DE456EE4|TRK_BCC966E673C0,30750.0,156920.0,119090.0,True,False,False,False,"{""circular_bonus"": -1.1, ""distance_km"": 1.0, ""empty_km"": 0.85, ""fuel_inr"": 0.01, ""risk"": 12.0, ""time_min"": 0.35, ""toll_inr"": 0.01}",CST_48011250D4FB,SCN_BASELINE,g1,False,196,test,20260903,v0.1,hash_bucket
INS_4797170122B5,174c0daa7324e5c4,CVRP,large,LOC_B39E76DCD93F,Nuh,HR,60,18,TRK_017DA12B162E|TRK_A997FC00E0CF|TRK_8C037A0ADC54|TRK_EEB1DE456EE4|TRK_BCC966E673C0|TRK_B6CE07A71D80|TRK_5564246F7906|TRK_5136065E98CA|TRK_E260AFDFB21B|TRK_E9C76BCDE1E1|TRK_FB045E9F7F61|TRK_B7FB75BB3E0A|TRK_4A05F6B9B509|TRK_1C8C798F44C5|TRK_8DC7FD5FF93A|TRK_7A91F5198B53|TRK_BEE1B756CA92|TRK_0331FB7CD37E,26610.0,529120.0,497530.0,True,False,False,False,"{""circular_bonus"": -1.1, ""distance_km"": 1.0, ""empty_km"": 0.85, ""fuel_inr"": 0.01, ""risk"": 12.0, ""time_min"": 0.35, ""toll_inr"": 0.01}",CST_48011250D4FB,SCN_BASELINE,g1,False,3721,validation,20260903,v0.1,hash_bucket
INS_DFFA66F751D4,270e61a3b3d97008,CVRP,small,LOC_4A5F46E3AFB5,Sitapur,UP,10,4,TRK_017DA12B162E|TRK_A997FC00E0CF|TRK_8C037A0ADC54|TRK_EEB1DE456EE4,31250.0,126170.0,74880.0,True,False,False,False,"{""circular_bonus"": -1.1, ""distance_km"": 1.0, ""empty_km"": 0.85, ""fuel_inr"": 0.01, ""risk"": 12.0, ""time_min"": 0.35, ""toll_inr"": 0.01}",CST_48011250D4FB,SCN_BASELINE,g1,False,121,validation,20260903,v0.1,hash_bucket
INS_54AEB11BB31F,119f16b611f4126b,CVRP,large,LOC_03F06DD41C28,Malerkotla,PB,36,15,TRK_017DA12B162E|TRK_A997FC00E0CF|TRK_8C037A0ADC54|TRK_EEB1DE456EE4|TRK_BCC966E673C0|TRK_B6CE07A71D80|TRK_5564246F7906|TRK_5136065E98CA|TRK_E260AFDFB21B|TRK_E9C76BCDE1E1|TRK_FB045E9F7F61|TRK_B7FB75BB3E0A|TRK_4A05F6B9B509|TRK_1C8C798F44C5|TRK_8DC7FD5FF93A,27710.0,448170.0,404670.0,True,False,False,False,"{""circular_bonus"": -1.1, ""distance_km"": 1.0, ""empty_km"": 0.85, ""fuel_inr"": 0.01, ""risk"": 12.0, ""time_min"": 0.35, ""toll_inr"": 0.01}",CST_48011250D4FB,SCN_BASELINE,g1,False,1369,train,20260903,v0.1,hash_bucket
INS_90B6697B0540,da7941a4d37642d2,PDP,medium,LOC_C58F1767A842,Barnala,PB,27,7,TRK_017DA12B162E|TRK_A997FC00E0CF|TRK_8C037A0ADC54|TRK_EEB1DE456EE4|TRK_BCC966E673C0|TRK_B6CE07A71D80|TRK_5564246F7906,30530.0,218040.0,182180.0,True,False,True,True,"{""circular_bonus"": -1.1, ""distance_km"": 1.0, ""empty_km"": 0.85, ""fuel_inr"": 0.01, ""risk"": 12.0, ""time_min"": 0.35, ""toll_inr"": 0.01}",CST_48011250D4FB,SCN_BASELINE,g1,False,784,train,20260903,v0.1,hash_bucket
INS_8B2A41867747,4dbcfca55d061d50,PDP,small,LOC_4E618897659A,Hathras,UP,13,5,TRK_017DA12B162E|TRK_A997FC00E0CF|TRK_8C037A0ADC54|TRK_EEB1DE456EE4|TRK_BCC966E673C0,30750.0,156920.0,112130.0,True,True,True,False,"{""circular_bonus"": -1.1, ""distance_km"": 1.0, ""empty_km"": 0.85, ""fuel_inr"": 0.01, ""risk"": 12.0, ""time_min"": 0.35, ""toll_inr"": 0.01}",CST_48011250D4FB,SCN_BASELINE,g1,False,196,test,20260903,v0.1,hash_bucket
INS_D649675B645E,fddc47771bdff4bb,CVRP,small,LOC_21F591BF08EC,West Delhi,DL,4,8,TRK_D5734C94CA97|TRK_0DB792D95BC8|TRK_CE161697CB0F|TRK_B4E942FB3E8F|TRK_547C0929AFCE|TRK_3D378E8843DC|TRK_57C748EE92F0|TRK_38CCD92D5770,6550.0,95530.0,83560.0,True,False,False,False,"{""circular_bonus"": -1.1, ""distance_km"": 1.0, ""empty_km"": 0.85, ""fuel_inr"": 0.01, ""risk"": 12.0, ""time_min"": 0.35, ""toll_inr"": 0.01}",CST_48011250D4FB,SCN_BASELINE,g1,False,25,train,20260903,v0.1,hash_bucket
INS_CE352132D969,b17ec16dc6190ccf,PDP,large,LOC_D8FB48D6F894,Fatehabad,HR,39,4,TRK_017DA12B162E|TRK_A997FC00E0CF|TRK_8C037A0ADC54|TRK_EEB1DE456EE4,31250.0,126170.0,82135.0,True,False,True,False,"{""circular_bonus"": -1.1, ""distance_km"": 1.0, ""empty_km"": 0.85, ""fuel_inr"": 0.01, ""risk"": 12.0, ""time_min"": 0.35, ""toll_inr"": 0.01}",CST_48011250D4FB,SCN_BASELINE,g1,False,1600,train,20260903,v0.1,hash_bucket
INS_E39E5E0B820B,51916ed171f5fc91,CIRCULAR_VRP,small,LOC_5B344A07BA57,Sangrur,PB,14,7,TRK_017DA12B162E|TRK_A997FC00E0CF|TRK_8C037A0ADC54|TRK_EEB1DE456EE4|TRK_BCC966E673C0|TRK_B6CE07A71D80|TRK_5564246F7906,30530.0,218040.0,168510.0,True,True,False,True,"{""circular_bonus"": -1.1, ""distance_km"": 1.0, ""empty_km"": 0.85, ""fuel_inr"": 0.01, ""risk"": 12.0, ""time_min"": 0.35, ""toll_inr"": 0.01}",CST_48011250D4FB,SCN_BASELINE,g1,False,225,train,20260903,v0.1,hash_bucket
INS_983E51D69FBB,2f13e0e6bf978f15,PDP,medium,LOC_60C46A471111,Pilibhit,UP,30,10,TRK_017DA12B162E|TRK_A997FC00E0CF|TRK_8C037A0ADC54|TRK_EEB1DE456EE4|TRK_BCC966E673C0|TRK_B6CE07A71D80|TRK_5564246F7906|TRK_5136065E98CA|TRK_E260AFDFB21B|TRK_E9C76BCDE1E1,28950.0,306160.0,273630.0,True,True,True,True,"{""circular_bonus"": -1.1, ""distance_km"": 1.0, ""empty_km"": 0.85, ""fuel_inr"": 0.01, ""risk"": 12.0, ""time_min"": 0.35, ""toll_inr"": 0.01}",CST_48011250D4FB,SCN_BASELINE,g1,False,961,train,20260903,v0.1,hash_bucket
INS_C6576147BDC6,7fa2a11043923ab4,VRPTW,small,LOC_91BA4A3395D5,Sirsa,HR,12,3,TRK_017DA12B162E|TRK_A997FC00E0CF|TRK_8C037A0ADC54,31430.0,94920.0,60520.0,True,True,False,False,"{""circular_bonus"": -1.1, ""distance_km"": 1.0, ""empty_km"": 0.85, ""fuel_inr"": 0.01, ""risk"": 12.0, ""time_min"": 0.35, ""toll_inr"": 0.01}",CST_48011250D4FB,SCN_BASELINE,g1,False,169,train,20260903,v0.1,hash_bucket
INS_721DB1B9780C,a246b435541e7282,CIRCULAR_VRP,large,LOC_2E9E391564C2,Sonipat,HR,45,18,TRK_017DA12B162E|TRK_A997FC00E0CF|TRK_8C037A0ADC54|TRK_EEB1DE456EE4|TRK_BCC966E673C0|TRK_B6CE07A71D80|TRK_5564246F7906|TRK_5136065E98CA|TRK_E260AFDFB21B|TRK_E9C76BCDE1E1|TRK_FB045E9F7F61|TRK_B7FB75BB3E0A|TRK_4A05F6B9B509|TRK_1C8C798F44C5|TRK_8DC7FD5FF93A|TRK_7A91F5198B53|TRK_BEE1B756CA92|TRK_0331FB7CD37E,26610.0,529120.0,478570.0,True,True,False,True,"{""circular_bonus"": -1.1, ""distance_km"": 1.0, ""empty_km"": 0.85, ""fuel_inr"": 0.01, ""risk"": 12.0, ""time_min"": 0.35, ""toll_inr"": 0.01}",CST_48011250D4FB,SCN_BASELINE,g1,False,2116,train,20260903,v0.1,hash_bucket
INS_1B92A751789A,76e4b6e9b78268d1,CVRP,large,LOC_5B344A07BA57,Sangrur,PB,38,16,TRK_017DA12B162E|TRK_A997FC00E0CF|TRK_8C037A0ADC54|TRK_EEB1DE456EE4|TRK_BCC966E673C0|TRK_B6CE07A71D80|TRK_5564246F7906|TRK_5136065E98CA|TRK_E260AFDFB21B|TRK_E9C76BCDE1E1|TRK_FB045E9F7F61|TRK_B7FB75BB3E0A|TRK_4A05F6B9B509|TRK_1C8C798F44C5|TRK_8DC7FD5FF93A|TRK_7A91F5198B53,27170.0,475340.0,444470.0,True,False,False,False,"{""circular_bonus"": -1.1, ""distance_km"": 1.0, ""empty_km"": 0.85, ""fuel_inr"": 0.01, ""risk"": 12.0, ""time_min"": 0.35, ""toll_inr"": 0.01}",CST_48011250D4FB,SCN_BASELINE,g1,False,1521,train,20260903,v0.1,hash_bucket
INS_B02A62205728,2cfd6c860595c527,VRPTW,small,LOC_2ECE587EC515,Hardoi,UP,14,4,TRK_017DA12B162E|TRK_A997FC00E0CF|TRK_8C037A0ADC54|TRK_EEB1DE456EE4,31250.0,126170.0,65550.0,True,True,False,False,"{""circular_bonus"": -1.1, ""distance_km"": 1.0, ""empty_km"": 0.85, ""fuel_inr"": 0.01, ""risk"": 12.0, ""time_min"": 0.35, ""toll_inr"": 0.01}",CST_48011250D4FB,SCN_BASELINE,g1,False,225,train,20260903,v0.1,hash_bucket
INS_EFA201345EC8,1254a826fd379fca,VRPTW,medium,LOC_0F3D188854D6,Amroha,UP,15,6,TRK_017DA12B162E|TRK_A997FC00E0CF|TRK_8C037A0ADC54|TRK_EEB1DE456EE4|TRK_BCC966E673C0|TRK_B6CE07A71D80,30590.0,187510.0,132190.0,True,True,False,False,"{""circular_bonus"": -1.1, ""distance_km"": 1.0, ""empty_km"": 0.85, ""fuel_inr"": 0.01, ""risk"": 12.0, ""time_min"": 0.35, ""toll_inr"": 0.01}",CST_48011250D4FB,SCN_BASELINE,g1,False,256,test,20260903,v0.1,hash_bucket
INS_9F6C2C0CD1D2,954bb5ecd99c86f5,CIRCULAR_VRP,medium,LOC_FEFD9351973D,Bathinda,PB,17,7,TRK_017DA12B162E|TRK_A997FC00E0CF|TRK_8C037A0ADC54|TRK_EEB1DE456EE4|TRK_BCC966E673C0|TRK_B6CE07A71D80|TRK_5564246F7906,30530.0,218040.0,157290.0,True,True,False,True,"{""circular_bonus"": -1.1, ""distance_km"": 1.0, ""empty_km"": 0.85, ""fuel_inr"": 0.01, ""risk"": 12.0, ""time_min"": 0.35, ""toll_inr"": 0.01}",CST_48011250D4FB,SCN_BASELINE,g1,False,324,test,20260903,v0.1,holdout_district
INS_04E803AFEE8D,acec70b7965032f7,PDP,small,LOC_2011BC2FE7BD,Fazilka,PB,14,7,TRK_017DA12B162E|TRK_A997FC00E0CF|TRK_8C037A0ADC54|TRK_EEB1DE456EE4|TRK_BCC966E673C0|TRK_B6CE07A71D80|TRK_5564246F7906,30530.0,218040.0,179200.0,True,False,True,True,"{""circular_bonus"": -1.1, ""distance_km"": 1.0, ""empty_km"": 0.85, ""fuel_inr"": 0.01, ""risk"": 12.0, ""time_min"": 0.35, ""toll_inr"": 0.01}",CST_48011250D4FB,SCN_BASELINE,g1,False,225,test,20260903,v0.1,hash_bucket
INS_5EB02539F098,bcfd6d852bb759db,VRPTW,medium,LOC_D24D73F16033,Meerut,UP,21,11,TRK_017DA12B162E|TRK_A997FC00E0CF|TRK_8C037A0ADC54|TRK_EEB1DE456EE4|TRK_BCC966E673C0|TRK_B6CE07A71D80|TRK_5564246F7906|TRK_5136065E98CA|TRK_E260AFDFB21B|TRK_E9C76BCDE1E1|TRK_FB045E9F7F61,28890.0,335050.0,298370.0,True,True,False,False,"{""circular_bonus"": -1.1, ""distance_km"": 1.0, ""empty_km"": 0.85, ""fuel_inr"": 0.01, ""risk"": 12.0, ""time_min"": 0.35, ""toll_inr"": 0.01}",CST_48011250D4FB,SCN_BASELINE,g1,False,484,train,20260903,v0.1,hash_bucket
INS_59641EF98E46,a719b005b8ad0939,VRPTW,large,LOC_2E423964E639,Agra,UP,42,18,TRK_017DA12B162E|TRK_A997FC00E0CF|TRK_8C037A0ADC54|TRK_EEB1DE456EE4|TRK_BCC966E673C0|TRK_B6CE07A71D80|TRK_5564246F7906|TRK_5136065E98CA|TRK_E260AFDFB21B|TRK_E9C76BCDE1E1|TRK_FB045E9F7F61|TRK_B7FB75BB3E0A|TRK_4A05F6B9B509|TRK_1C8C798F44C5|TRK_8DC7FD5FF93A|TRK_7A91F5198B53|TRK_BEE1B756CA92|TRK_0331FB7CD37E,26610.0,529120.0,496850.0,True,True,False,False,"{""circular_bonus"": -1.1, ""distance_km"": 1.0, ""empty_km"": 0.85, ""fuel_inr"": 0.01, ""risk"": 12.0, ""time_min"": 0.35, ""toll_inr"": 0.01}",CST_48011250D4FB,SCN_BASELINE,g1,False,1849,train,20260903,v0.1,hash_bucket
INS_9C8803F64370,903774537e727050,VRPTW,small,LOC_E7B504BE8FE9,Patiala,PB,13,4,TRK_017DA12B162E|TRK_A997FC00E0CF|TRK_8C037A0ADC54|TRK_EEB1DE456EE4,31250.0,126170.0,90490.0,True,True,False,False,"{""circular_bonus"": -1.1, ""distance_km"": 1.0, ""empty_km"": 0.85, ""fuel_inr"": 0.01, ""risk"": 12.0, ""time_min"": 0.35, ""toll_inr"": 0.01}",CST_48011250D4FB,SCN_BASELINE,g1,False,196,train,20260903,v0.1,hash_bucket
INS_9B171A1F0DF6,211749c7c79dc09c,CIRCULAR_VRP,medium,LOC_D2DDEA75080C,Pathankot,PB,28,14,TRK_017DA12B162E|TRK_A997FC00E0CF|TRK_8C037A0ADC54|TRK_EEB1DE456EE4|TRK_BCC966E673C0|TRK_B6CE07A71D80|TRK_5564246F7906|TRK_5136065E98CA|TRK_E260AFDFB21B|TRK_E9C76BCDE1E1|TRK_FB045E9F7F61|TRK_B7FB75BB3E0A|TRK_4A05F6B9B509|TRK_1C8C798F44C5,27990.0,420460.0,364650.0,True,False,False,True,"{""circular_bonus"": -1.1, ""distance_km"": 1.0, ""empty_km"": 0.85, ""fuel_inr"": 0.01, ""risk"": 12.0, ""time_min"": 0.35, ""toll_inr"": 0.01}",CST_48011250D4FB,SCN_BASELINE,g1,False,841,train,20260903,v0.1,hash_bucket
INS_8FCC365BDAF4,fddc47771bdff4bb,PDP,medium,LOC_21F591BF08EC,West Delhi,DL,4,8,TRK_D5734C94CA97|TRK_0DB792D95BC8|TRK_CE161697CB0F|TRK_B4E942FB3E8F|TRK_547C0929AFCE|TRK_3D378E8843DC|TRK_57C748EE92F0|TRK_38CCD92D5770,6550.0,95530.0,83560.0,True,True,True,True,"{""circular_bonus"": -1.1, ""distance_km"": 1.0, ""empty_km"": 0.85, ""fuel_inr"": 0.01, ""risk"": 12.0, ""time_min"": 0.35, ""toll_inr"": 0.01}",CST_48011250D4FB,SCN_BASELINE,g1,False,25,train,20260903,v0.1,hash_bucket
INS_4315A40DBA23,f56a385af0ec0bff,CIRCULAR_VRP,medium,LOC_08E25919DCC7,Kanpur Dehat,UP,29,11,TRK_017DA12B162E|TRK_A997FC00E0CF|TRK_8C037A0ADC54|TRK_EEB1DE456EE4|TRK_BCC966E673C0|TRK_B6CE07A71D80|TRK_5564246F7906|TRK_5136065E98CA|TRK_E260AFDFB21B|TRK_E9C76BCDE1E1|TRK_FB045E9F7F61,28890.0,335050.0,284680.0,True,False,False,True,"{""circular_bonus"": -1.1, ""distance_km"": 1.0, ""empty_km"": 0.85, ""fuel_inr"": 0.01, ""risk"": 12.0, ""time_min"": 0.35, ""toll_inr"": 0.01}",CST_48011250D4FB,SCN_BASELINE,g1,False,900,test,20260903,v0.1,hash_bucket
INS_BEF20AFB9294,9464c18cd804f54d,VRPTW,small,LOC_6B9FA168B682,Firozabad,UP,9,4,TRK_017DA12B162E|TRK_A997FC00E0CF|TRK_8C037A0ADC54|TRK_EEB1DE456EE4,31250.0,126170.0,74360.0,True,True,False,False,"{""circular_bonus"": -1.1, ""distance_km"": 1.0, ""empty_km"": 0.85, ""fuel_inr"": 0.01, ""risk"": 12.0, ""time_min"": 0.35, ""toll_inr"": 0.01}",CST_48011250D4FB,SCN_BASELINE,g1,False,100,validation,20260903,v0.1,hash_bucket
INS_AD5B708D64E1,f6b2a3027e14ae1d,PDP,small,LOC_2ADFB4EFDB06,Kaithal,HR,13,2,TRK_A5F730FA2580|TRK_532DA903AB51,8680.0,25240.0,14490.0,True,True,True,True,"{""circular_bonus"": -1.1, ""distance_km"": 1.0, ""empty_km"": 0.85, ""fuel_inr"": 0.01, ""risk"": 12.0, ""time_min"": 0.35, ""toll_inr"": 0.01}",CST_48011250D4FB,SCN_BASELINE,g1,False,196,train,20260903,v0.1,hash_bucket
INS_1DCEDA0C53AB,77ffc3afd6ba71ee,CIRCULAR_VRP,small,LOC_D24D73F16033,Meerut,UP,11,6,TRK_017DA12B162E|TRK_A997FC00E0CF|TRK_8C037A0ADC54|TRK_EEB1DE456EE4|TRK_BCC966E673C0|TRK_B6CE07A71D80,30590.0,187510.0,142720.0,True,True,False,True,"{""circular_bonus"": -1.1, ""distance_km"": 1.0, ""empty_km"": 0.85, ""fuel_inr"": 0.01, ""risk"": 12.0, ""time_min"": 0.35, ""toll_inr"": 0.01}",CST_48011250D4FB,SCN_BASELINE,g1,False,144,train,20260903,v0.1,hash_bucket
INS_759BC9B0C4E8,6e3618d1d12aa05d,PDP,medium,LOC_B0D713DFA81B,Ferozepur,PB,20,7,TRK_017DA12B162E|TRK_A997FC00E0CF|TRK_8C037A0ADC54|TRK_EEB1DE456EE4|TRK_BCC966E673C0|TRK_B6CE07A71D80|TRK_5564246F7906,30530.0,218040.0,174410.0,True,False,True,False,"{""circular_bonus"": -1.1, ""distance_km"": 1.0, ""empty_km"": 0.85, ""fuel_inr"": 0.01, ""risk"": 12.0, ""time_min"": 0.35, ""toll_inr"": 0.01}",CST_48011250D4FB,SCN_BASELINE,g1,False,441,train,20260903,v0.1,hash_bucket
INS_422ADD3DDE3A,4cbfbaa6b6351a9b,PDP,small,LOC_5B344A07BA57,Sangrur,PB,8,6,TRK_017DA12B162E|TRK_4A05F6B9B509|TRK_53CBDA158281|TRK_AA8BF80E5DEA|TRK_14DED19CFB57|TRK_28733333D0A6,9850.0,111290.0,95000.0,True,True,True,True,"{""circular_bonus"": -1.1, ""distance_km"": 1.0, ""empty_km"": 0.85, ""fuel_inr"": 0.01, ""risk"": 12.0, ""time_min"": 0.35, ""toll_inr"": 0.01}",CST_48011250D4FB,SCN_BASELINE,g1,False,81,train,20260903,v0.1,hash_bucket
INS_A6953C027C8D,38d38f5708bf4652,PDP,medium,LOC_E96863625035,Shahdara,DL,8,9,TRK_017DA12B162E|TRK_A997FC00E0CF|TRK_8C037A0ADC54|TRK_EEB1DE456EE4|TRK_BCC966E673C0|TRK_B6CE07A71D80|TRK_5564246F7906|TRK_5136065E98CA|TRK_E260AFDFB21B,29400.0,277210.0,240000.0,True,False,True,False,"{""circular_bonus"": -1.1, ""distance_km"": 1.0, ""empty_km"": 0.85, ""fuel_inr"": 0.01, ""risk"": 12.0, ""time_min"": 0.35, ""toll_inr"": 0.01}",CST_48011250D4FB,SCN_BASELINE,g1,False,81,validation,20260903,v0.1,hash_bucket
INS_49BBA4FC1753,38d38f5708bf4652,VRPTW,medium,LOC_E96863625035,Shahdara,DL,8,9,TRK_017DA12B162E|TRK_A997FC00E0CF|TRK_8C037A0ADC54|TRK_EEB1DE456EE4|TRK_BCC966E673C0|TRK_B6CE07A71D80|TRK_5564246F7906|TRK_5136065E98CA|TRK_E260AFDFB21B,29400.0,277210.0,240000.0,True,True,False,False,"{""circular_bonus"": -1.1, ""distance_km"": 1.0, ""empty_km"": 0.85, ""fuel_inr"": 0.01, ""risk"": 12.0, ""time_min"": 0.35, ""toll_inr"": 0.01}",CST_48011250D4FB,SCN_BASELINE,g1,False,81,validation,20260903,v0.1,hash_bucket
INS_4A952FECAF7D,febb39ff443b045c,CIRCULAR_VRP,medium,LOC_63A998834201,North East Delhi,DL,11,8,TRK_017DA12B162E|TRK_A997FC00E0CF|TRK_8C037A0ADC54|TRK_EEB1DE456EE4|TRK_BCC966E673C0|TRK_B6CE07A71D80|TRK_5564246F7906|TRK_5136065E98CA,29770.0,247810.0,190980.0,True,True,False,True,"{""circular_bonus"": -1.1, ""distance_km"": 1.0, ""empty_km"": 0.85, ""fuel_inr"": 0.01, ""risk"": 12.0, ""time_min"": 0.35, ""toll_inr"": 0.01}",CST_48011250D4FB,SCN_BASELINE,g1,False,144,validation,20260903,v0.1,hash_bucket
INS_0255D1E81534,16309b161e365ba3,CVRP,medium,LOC_60C46A471111,Pilibhit,UP,27,10,TRK_017DA12B162E|TRK_A997FC00E0CF|TRK_8C037A0ADC54|TRK_EEB1DE456EE4|TRK_BCC966E673C0|TRK_B6CE07A71D80|TRK_5564246F7906|TRK_5136065E98CA|TRK_E260AFDFB21B|TRK_E9C76BCDE1E1,28950.0,306160.0,266460.0,True,False,False,False,"{""circular_bonus"": -1.1, ""distance_km"": 1.0, ""empty_km"": 0.85, ""fuel_inr"": 0.01, ""risk"": 12.0, ""time_min"": 0.35, ""toll_inr"": 0.01}",CST_48011250D4FB,SCN_BASELINE,g1,False,784,test,20260903,v0.1,hash_bucket
INS_1F7E8BD939C4,8b96faf99e050d11,CVRP,large,LOC_6B9FA168B682,Firozabad,UP,37,13,TRK_017DA12B162E|TRK_A997FC00E0CF|TRK_8C037A0ADC54|TRK_EEB1DE456EE4|TRK_BCC966E673C0|TRK_B6CE07A71D80|TRK_5564246F7906|TRK_5136065E98CA|TRK_E260AFDFB21B|TRK_E9C76BCDE1E1|TRK_FB045E9F7F61|TRK_B7FB75BB3E0A|TRK_4A05F6B9B509,28580.0,392470.0,344405.0,True,False,False,False,"{""circular_bonus"": -1.1, ""distance_km"": 1.0, ""empty_km"": 0.85, ""fuel_inr"": 0.01, ""risk"": 12.0, ""time_min"": 0.35, ""toll_inr"": 0.01}",CST_48011250D4FB,SCN_BASELINE,g1,False,1444,train,20260903,v0.1,hash_bucket
INS_7E4FC465492F,42e180fbd7f3f3b4,VRPTW,small,LOC_165F0D721F3E,Jalandhar,PB,12,5,TRK_017DA12B162E|TRK_A997FC00E0CF|TRK_8C037A0ADC54|TRK_EEB1DE456EE4|TRK_BCC966E673C0,30750.0,156920.0,111610.0,True,True,False,False,"{""circular_bonus"": -1.1, ""distance_km"": 1.0, ""empty_km"": 0.85, ""fuel_inr"": 0.01, ""risk"": 12.0, ""time_min"": 0.35, ""toll_inr"": 0.01}",CST_48011250D4FB,SCN_BASELINE,g1,False,169,train,20260903,v0.1,hash_bucket
INS_B59146C66290,8b6a396ab58ae868,PDP,medium,LOC_796345940EEC,Budaun,UP,24,7,TRK_017DA12B162E|TRK_A997FC00E0CF|TRK_8C037A0ADC54|TRK_EEB1DE456EE4|TRK_BCC966E673C0|TRK_B6CE07A71D80|TRK_5564246F7906,30530.0,218040.0,168890.0,True,True,True,False,"{""circular_bonus"": -1.1, ""distance_km"": 1.0, ""empty_km"": 0.85, ""fuel_inr"": 0.01, ""risk"": 12.0, ""time_min"": 0.35, ""toll_inr"": 0.01}",CST_48011250D4FB,SCN_BASELINE,g1,False,625,test,20260903,v0.1,hash_bucket
INS_AE06D0177540,5ad93bf40f29abd7,PDP,large,LOC_AC684A297AD1,Bareilly,UP,32,14,TRK_017DA12B162E|TRK_A997FC00E0CF|TRK_8C037A0ADC54|TRK_EEB1DE456EE4|TRK_BCC966E673C0|TRK_B6CE07A71D80|TRK_5564246F7906|TRK_5136065E98CA|TRK_E260AFDFB21B|TRK_E9C76BCDE1E1|TRK_FB045E9F7F61|TRK_B7FB75BB3E0A|TRK_4A05F6B9B509|TRK_1C8C798F44C5,27990.0,420460.0,383950.0,True,True,True,False,"{""circular_bonus"": -1.1, ""distance_km"": 1.0, ""empty_km"": 0.85, ""fuel_inr"": 0.01, ""risk"": 12.0, ""time_min"": 0.35, ""toll_inr"": 0.01}",CST_48011250D4FB,SCN_BASELINE,g1,False,1089,train,20260903,v0.1,hash_bucket
INS_3D0CE60D079B,c4f2bc719babc27f,CVRP,large,LOC_D24D73F16033,Meerut,UP,54,25,TRK_017DA12B162E|TRK_A997FC00E0CF|TRK_8C037A0ADC54|TRK_EEB1DE456EE4|TRK_BCC966E673C0|TRK_B6CE07A71D80|TRK_5564246F7906|TRK_5136065E98CA|TRK_E260AFDFB21B|TRK_E9C76BCDE1E1|TRK_FB045E9F7F61|TRK_B7FB75BB3E0A|TRK_4A05F6B9B509|TRK_1C8C798F44C5|TRK_8DC7FD5FF93A|TRK_7A91F5198B53|TRK_BEE1B756CA92|TRK_0331FB7CD37E|TRK_EEA8DB00B33D|TRK_3A519CFB8F0F|TRK_8C842CC0A407|TRK_1A09343A6FAC|TRK_3F175C42FEAA|TRK_2EC9632BD23F|TRK_EA0BF86B0239,24700.0,708400.0,736900.0,False,False,False,False,"{""circular_bonus"": -1.1, ""distance_km"": 1.0, ""empty_km"": 0.85, ""fuel_inr"": 0.01, ""risk"": 12.0, ""time_min"": 0.35, ""toll_inr"": 0.01}",CST_48011250D4FB,SCN_BASELINE,g1,False,3025,validation,20260903,v0.1,hash_bucket
INS_7F84505886C8,480396555394257d,VRPTW,large,LOC_1FB47BF8FFEB,Bulandshahr,UP,51,13,TRK_017DA12B162E|TRK_A997FC00E0CF|TRK_8C037A0ADC54|TRK_EEB1DE456EE4|TRK_BCC966E673C0|TRK_B6CE07A71D80|TRK_5564246F7906|TRK_5136065E98CA|TRK_E260AFDFB21B|TRK_E9C76BCDE1E1|TRK_FB045E9F7F61|TRK_B7FB75BB3E0A|TRK_4A05F6B9B509,28580.0,392470.0,339180.0,True,True,False,False,"{""circular_bonus"": -1.1, ""distance_km"": 1.0, ""empty_km"": 0.85, ""fuel_inr"": 0.01, ""risk"": 12.0, ""time_min"": 0.35, ""toll_inr"": 0.01}",CST_48011250D4FB,SCN_BASELINE,g1,False,2704,test,20260903,v0.1,holdout_district
INS_DB5DEC204548,420f2eb2654113ba,VRPTW,large,LOC_11A4C40B0A4F,Yamunanagar,HR,32,14,TRK_017DA12B162E|TRK_A997FC00E0CF|TRK_8C037A0ADC54|TRK_EEB1DE456EE4|TRK_BCC966E673C0|TRK_B6CE07A71D80|TRK_5564246F7906|TRK_5136065E98CA|TRK_E260AFDFB21B|TRK_E9C76BCDE1E1|TRK_FB045E9F7F61|TRK_B7FB75BB3E0A|TRK_4A05F6B9B509|TRK_1C8C798F44C5,27990.0,420460.0,384830.0,True,True,False,False,"{""circular_bonus"": -1.1, ""distance_km"": 1.0, ""empty_km"": 0.85, ""fuel_inr"": 0.01, ""risk"": 12.0, ""time_min"": 0.35, ""toll_inr"": 0.01}",CST_48011250D4FB,SCN_BASELINE,g1,False,1089,train,20260903,v0.1,hash_bucket
INS_0BDACD5B68A5,4aa1ad12de1c9878,CIRCULAR_VRP,medium,LOC_8E24E29DF84B,Hisar,HR,18,8,TRK_017DA12B162E|TRK_A997FC00E0CF|TRK_8C037A0ADC54|TRK_EEB1DE456EE4|TRK_BCC966E673C0|TRK_B6CE07A71D80|TRK_5564246F7906|TRK_5136065E98CA,29770.0,247810.0,205670.0,True,False,False,True,"{""circular_bonus"": -1.1, ""distance_km"": 1.0, ""empty_km"": 0.85, ""fuel_inr"": 0.01, ""risk"": 12.0, ""time_min"": 0.35, ""toll_inr"": 0.01}",CST_48011250D4FB,SCN_BASELINE,g1,False,361,train,20260903,v0.1,hash_bucket
INS_A4A62C7237A9,7146e56d704d9e37,VRPTW,medium,LOC_B9CDAEAD5C72,Mainpuri,UP,20,7,TRK_017DA12B162E|TRK_A997FC00E0CF|TRK_8C037A0ADC54|TRK_EEB1DE456EE4|TRK_BCC966E673C0|TRK_B6CE07A71D80|TRK_5564246F7906,30530.0,218040.0,160955.0,True,True,False,False,"{""circular_bonus"": -1.1, ""distance_km"": 1.0, ""empty_km"": 0.85, ""fuel_inr"": 0.01, ""risk"": 12.0, ""time_min"": 0.35, ""toll_inr"": 0.01}",CST_48011250D4FB,SCN_BASELINE,g1,False,441,validation,20260903,v0.1,hash_bucket
INS_7C49835EACE9,d950e555a5b2011a,CVRP,small,LOC_B26FC239E19A,North Delhi,DL,12,12,TRK_017DA12B162E|TRK_A997FC00E0CF|TRK_8C037A0ADC54|TRK_EEB1DE456EE4|TRK_BCC966E673C0|TRK_B6CE07A71D80|TRK_5564246F7906|TRK_5136065E98CA|TRK_E260AFDFB21B|TRK_E9C76BCDE1E1|TRK_FB045E9F7F61|TRK_B7FB75BB3E0A,28840.0,363890.0,314040.0,True,False,False,False,"{""circular_bonus"": -1.1, ""distance_km"": 1.0, ""empty_km"": 0.85, ""fuel_inr"": 0.01, ""risk"": 12.0, ""time_min"": 0.35, ""toll_inr"": 0.01}",CST_48011250D4FB,SCN_BASELINE,g1,False,169,test,20260903,v0.1,hash_bucket
INS_1029B5A26599,1280ed5f7aa65848,CIRCULAR_VRP,medium,LOC_190E748F376B,Barabanki,UP,28,7,TRK_017DA12B162E|TRK_A997FC00E0CF|TRK_8C037A0ADC54|TRK_EEB1DE456EE4|TRK_BCC966E673C0|TRK_B6CE07A71D80|TRK_5564246F7906,30530.0,218040.0,186280.0,True,False,False,True,"{""circular_bonus"": -1.1, ""distance_km"": 1.0, ""empty_km"": 0.85, ""fuel_inr"": 0.01, ""risk"": 12.0, ""time_min"": 0.35, ""toll_inr"": 0.01}",CST_48011250D4FB,SCN_BASELINE,g1,False,841,train,20260903,v0.1,hash_bucket
INS_09FE38511DCD,64cd26ec0c53f3cf,CIRCULAR_VRP,medium,LOC_D24D73F16033,Meerut,UP,30,16,TRK_017DA12B162E|TRK_A997FC00E0CF|TRK_8C037A0ADC54|TRK_EEB1DE456EE4|TRK_BCC966E673C0|TRK_B6CE07A71D80|TRK_5564246F7906|TRK_5136065E98CA|TRK_E260AFDFB21B|TRK_E9C76BCDE1E1|TRK_FB045E9F7F61|TRK_B7FB75BB3E0A|TRK_4A05F6B9B509|TRK_1C8C798F44C5|TRK_8DC7FD5FF93A|TRK_7A91F5198B53,27170.0,475340.0,422640.0,True,True,False,True,"{""circular_bonus"": -1.1, ""distance_km"": 1.0, ""empty_km"": 0.85, ""fuel_inr"": 0.01, ""risk"": 12.0, ""time_min"": 0.35, ""toll_inr"": 0.01}",CST_48011250D4FB,SCN_BASELINE,g1,False,961,validation,20260903,v0.1,hash_bucket
INS_C25D853FBFC1,3a2cfc5953e36673,CIRCULAR_VRP,medium,LOC_443EF0FB4E8C,Etawah,UP,18,6,TRK_017DA12B162E|TRK_A997FC00E0CF|TRK_8C037A0ADC54|TRK_EEB1DE456EE4|TRK_BCC966E673C0|TRK_B6CE07A71D80,30590.0,187510.0,136715.0,True,False,False,True,"{""circular_bonus"": -1.1, ""distance_km"": 1.0, ""empty_km"": 0.85, ""fuel_inr"": 0.01, ""risk"": 12.0, ""time_min"": 0.35, ""toll_inr"": 0.01}",CST_48011250D4FB,SCN_BASELINE,g1,False,361,test,20260903,v0.1,hash_bucket
INS_9660CAC6F8D5,9b89cfcdda74dfcc,PDP,small,LOC_BF1D141289ED,Hoshiarpur,PB,14,3,TRK_017DA12B162E|TRK_A997FC00E0CF|TRK_8C037A0ADC54,31430.0,94920.0,44040.0,True,False,True,False,"{""circular_bonus"": -1.1, ""distance_km"": 1.0, ""empty_km"": 0.85, ""fuel_inr"": 0.01, ""risk"": 12.0, ""time_min"": 0.35, ""toll_inr"": 0.01}",CST_48011250D4FB,SCN_BASELINE,g1,False,225,train,20260903,v0.1,hash_bucket
INS_1526754A6462,1318a68438658f3e,PDP,large,LOC_4A5F46E3AFB5,Sitapur,UP,50,17,TRK_017DA12B162E|TRK_A997FC00E0CF|TRK_8C037A0ADC54|TRK_EEB1DE456EE4|TRK_BCC966E673C0|TRK_B6CE07A71D80|TRK_5564246F7906|TRK_5136065E98CA|TRK_E260AFDFB21B|TRK_E9C76BCDE1E1|TRK_FB045E9F7F61|TRK_B7FB75BB3E0A|TRK_4A05F6B9B509|TRK_1C8C798F44C5|TRK_8DC7FD5FF93A|TRK_7A91F5198B53|TRK_BEE1B756CA92,27170.0,502510.0,459805.0,True,True,True,True,"{""circular_bonus"": -1.1, ""distance_km"": 1.0, ""empty_km"": 0.85, ""fuel_inr"": 0.01, ""risk"": 12.0, ""time_min"": 0.35, ""toll_inr"": 0.01}",CST_48011250D4FB,SCN_BASELINE,g1,False,2601,train,20260903,v0.1,hash_bucket
INS_461117549D43,38d38f5708bf4652,CIRCULAR_VRP,small,LOC_E96863625035,Shahdara,DL,8,9,TRK_017DA12B162E|TRK_A997FC00E0CF|TRK_8C037A0ADC54|TRK_EEB1DE456EE4|TRK_BCC966E673C0|TRK_B6CE07A71D80|TRK_5564246F7906|TRK_5136065E98CA|TRK_E260AFDFB21B,29400.0,277210.0,240000.0,True,True,False,True,"{""circular_bonus"": -1.1, ""distance_km"": 1.0, ""empty_km"": 0.85, ""fuel_inr"": 0.01, ""risk"": 12.0, ""time_min"": 0.35, ""toll_inr"": 0.01}",CST_48011250D4FB,SCN_BASELINE,g1,False,81,validation,20260903,v0.1,hash_bucket
INS_B0067F4F2C05,a83e868ff678f3b6,CIRCULAR_VRP,large,LOC_CF065FE8EBAB,Gautam Buddha Nagar,UP,30,23,TRK_017DA12B162E|TRK_A997FC00E0CF|TRK_8C037A0ADC54|TRK_EEB1DE456EE4|TRK_BCC966E673C0|TRK_B6CE07A71D80|TRK_5564246F7906|TRK_5136065E98CA|TRK_E260AFDFB21B|TRK_E9C76BCDE1E1|TRK_FB045E9F7F61|TRK_B7FB75BB3E0A|TRK_4A05F6B9B509|TRK_1C8C798F44C5|TRK_8DC7FD5FF93A|TRK_7A91F5198B53|TRK_BEE1B756CA92|TRK_0331FB7CD37E|TRK_EEA8DB00B33D|TRK_3A519CFB8F0F|TRK_8C842CC0A407|TRK_1A09343A6FAC|TRK_3F175C42FEAA,25290.0,658660.0,629680.0,True,True,False,True,"{""circular_bonus"": -1.1, ""distance_km"": 1.0, ""empty_km"": 0.85, ""fuel_inr"": 0.01, ""risk"": 12.0, ""time_min"": 0.35, ""toll_inr"": 0.01}",CST_48011250D4FB,SCN_BASELINE,g1,False,961,train,20260903,v0.1,hash_bucket
INS_C5B13533A48E,abaf88377239c29c,VRPTW,medium,LOC_45C74FBD7B6F,Mansa,PB,19,5,TRK_017DA12B162E|TRK_A997FC00E0CF|TRK_8C037A0ADC54|TRK_EEB1DE456EE4|TRK_BCC966E673C0,30750.0,156920.0,114980.0,True,True,False,False,"{""circular_bonus"": -1.1, ""distance_km"": 1.0, ""empty_km"": 0.85, ""fuel_inr"": 0.01, ""risk"": 12.0, ""time_min"": 0.35, ""toll_inr"": 0.01}",CST_48011250D4FB,SCN_BASELINE,g1,False,400,validation,20260903,v0.1,hash_bucket
INS_6141E9918724,d83ee0284f08fb1b,CVRP,medium,LOC_8E5593D8E476,Rupnagar,PB,23,9,TRK_017DA12B162E|TRK_A997FC00E0CF|TRK_8C037A0ADC54|TRK_EEB1DE456EE4|TRK_BCC966E673C0|TRK_B6CE07A71D80|TRK_5564246F7906|TRK_5136065E98CA|TRK_E260AFDFB21B,29400.0,277210.0,223705.0,True,False,False,False,"{""circular_bonus"": -1.1, ""distance_km"": 1.0, ""empty_km"": 0.85, ""fuel_inr"": 0.01, ""risk"": 12.0, ""time_min"": 0.35, ""toll_inr"": 0.01}",CST_48011250D4FB,SCN_BASELINE,g1,False,576,train,20260903,v0.1,hash_bucket
INS_3110D937E9DC,49729bafadfef65a,PDP,small,LOC_11A4C40B0A4F,Yamunanagar,HR,9,4,TRK_017DA12B162E|TRK_A997FC00E0CF|TRK_8C037A0ADC54|TRK_EEB1DE456EE4,31250.0,126170.0,67800.0,True,False,True,True,"{""circular_bonus"": -1.1, ""distance_km"": 1.0, ""empty_km"": 0.85, ""fuel_inr"": 0.01, ""risk"": 12.0, ""time_min"": 0.35, ""toll_inr"": 0.01}",CST_48011250D4FB,SCN_BASELINE,g1,False,100,train,20260903,v0.1,hash_bucket
INS_6EA4DA381DD1,f8d6e3c2e910b359,CVRP,small,LOC_AD745A3946E4,Unnao,UP,8,4,TRK_A210D20B3223|TRK_DCD529FCAD92|TRK_13687C4BC4C3|TRK_3227F80A4573,9520.0,52540.0,32820.0,True,False,False,False,"{""circular_bonus"": -1.1, ""distance_km"": 1.0, ""empty_km"": 0.85, ""fuel_inr"": 0.01, ""risk"": 12.0, ""time_min"": 0.35, ""toll_inr"": 0.01}",CST_48011250D4FB,SCN_BASELINE,g1,False,81,train,20260903,v0.1,hash_bucket
INS_1BAF85BA2901,0c4b27ba402b63bf,CIRCULAR_VRP,small,LOC_BACB2642B5AD,Kurukshetra,HR,14,4,TRK_017DA12B162E|TRK_A997FC00E0CF|TRK_8C037A0ADC54|TRK_EEB1DE456EE4,31250.0,126170.0,86520.0,True,True,False,True,"{""circular_bonus"": -1.1, ""distance_km"": 1.0, ""empty_km"": 0.85, ""fuel_inr"": 0.01, ""risk"": 12.0, ""time_min"": 0.35, ""toll_inr"": 0.01}",CST_48011250D4FB,SCN_BASELINE,g1,False,225,train,20260903,v0.1,hash_bucket
INS_AD6B03A5B1C7,bcd09a807b0b7c3b,VRPTW,medium,LOC_6B9FA168B682,Firozabad,UP,25,9,TRK_017DA12B162E|TRK_A997FC00E0CF|TRK_8C037A0ADC54|TRK_EEB1DE456EE4|TRK_BCC966E673C0|TRK_B6CE07A71D80|TRK_5564246F7906|TRK_5136065E98CA|TRK_E260AFDFB21B,29400.0,277210.0,224030.0,True,True,False,False,"{""circular_bonus"": -1.1, ""distance_km"": 1.0, ""empty_km"": 0.85, ""fuel_inr"": 0.01, ""risk"": 12.0, ""time_min"": 0.35, ""toll_inr"": 0.01}",CST_48011250D4FB,SCN_BASELINE,g1,False,676,train,20260903,v0.1,hash_bucket
INS_DE1E61CEF9A3,3e243680a74b7e78,PDP,medium,LOC_AB3DB4CE53FF,Gurdaspur,PB,24,9,TRK_017DA12B162E|TRK_A997FC00E0CF|TRK_8C037A0ADC54|TRK_EEB1DE456EE4|TRK_BCC966E673C0|TRK_B6CE07A71D80|TRK_5564246F7906|TRK_5136065E98CA|TRK_E260AFDFB21B,29400.0,277210.0,229840.0,True,True,True,False,"{""circular_bonus"": -1.1, ""distance_km"": 1.0, ""empty_km"": 0.85, ""fuel_inr"": 0.01, ""risk"": 12.0, ""time_min"": 0.35, ""toll_inr"": 0.01}",CST_48011250D4FB,SCN_BASELINE,g1,False,625,train,20260903,v0.1,hash_bucket
INS_B0344EDABE85,eb6beffa0fa2012e,PDP,small,LOC_8E5593D8E476,Rupnagar,PB,12,6,TRK_017DA12B162E|TRK_A997FC00E0CF|TRK_8C037A0ADC54|TRK_EEB1DE456EE4|TRK_BCC966E673C0|TRK_B6CE07A71D80,30590.0,187510.0,134690.0,True,True,True,True,"{""circular_bonus"": -1.1, ""distance_km"": 1.0, ""empty_km"": 0.85, ""fuel_inr"": 0.01, ""risk"": 12.0, ""time_min"": 0.35, ""toll_inr"": 0.01}",CST_48011250D4FB,SCN_BASELINE,g1,False,169,test,20260903,v0.1,hash_bucket
INS_73FAFE36B9B7,709cd078191e9b78,CIRCULAR_VRP,small,LOC_4E618897659A,Hathras,UP,9,3,TRK_017DA12B162E|TRK_A997FC00E0CF|TRK_8C037A0ADC54,31430.0,94920.0,58540.0,True,True,False,True,"{""circular_bonus"": -1.1, ""distance_km"": 1.0, ""empty_km"": 0.85, ""fuel_inr"": 0.01, ""risk"": 12.0, ""time_min"": 0.35, ""toll_inr"": 0.01}",CST_48011250D4FB,SCN_BASELINE,g1,False,100,train,20260903,v0.1,hash_bucket
INS_5E7E719A6C7C,bd40e15ae4a9e6b3,PDP,small,LOC_8E24E29DF84B,Hisar,HR,10,7,TRK_017DA12B162E|TRK_A997FC00E0CF|TRK_8C037A0ADC54|TRK_EEB1DE456EE4|TRK_BCC966E673C0|TRK_B6CE07A71D80|TRK_5564246F7906,30530.0,218040.0,167870.0,True,False,True,False,"{""circular_bonus"": -1.1, ""distance_km"": 1.0, ""empty_km"": 0.85, ""fuel_inr"": 0.01, ""risk"": 12.0, ""time_min"": 0.35, ""toll_inr"": 0.01}",CST_48011250D4FB,SCN_BASELINE,g1,False,121,validation,20260903,v0.1,hash_bucket
INS_A0C93B1FEA14,d042d4a8f96c485d,CIRCULAR_VRP,large,LOC_B9CDAEAD5C72,Mainpuri,UP,56,15,TRK_017DA12B162E|TRK_A997FC00E0CF|TRK_8C037A0ADC54|TRK_EEB1DE456EE4|TRK_BCC966E673C0|TRK_B6CE07A71D80|TRK_5564246F7906|TRK_5136065E98CA|TRK_E260AFDFB21B|TRK_E9C76BCDE1E1|TRK_FB045E9F7F61|TRK_B7FB75BB3E0A|TRK_4A05F6B9B509|TRK_1C8C798F44C5|TRK_8DC7FD5FF93A,27710.0,448170.0,416335.0,True,True,False,True,"{""circular_bonus"": -1.1, ""distance_km"": 1.0, ""empty_km"": 0.85, ""fuel_inr"": 0.01, ""risk"": 12.0, ""time_min"": 0.35, ""toll_inr"": 0.01}",CST_48011250D4FB,SCN_BASELINE,g1,False,3249,validation,20260903,v0.1,hash_bucket
INS_A6D12CF78C78,c2c602893743b3c5,CVRP,small,LOC_2B9C182E1BB7,Panchkula,HR,12,5,TRK_017DA12B162E|TRK_A997FC00E0CF|TRK_8C037A0ADC54|TRK_EEB1DE456EE4|TRK_BCC966E673C0,30750.0,156920.0,101480.0,True,False,False,False,"{""circular_bonus"": -1.1, ""distance_km"": 1.0, ""empty_km"": 0.85, ""fuel_inr"": 0.01, ""risk"": 12.0, ""time_min"": 0.35, ""toll_inr"": 0.01}",CST_48011250D4FB,SCN_BASELINE,g1,False,169,train,20260903,v0.1,hash_bucket
INS_2C55522CC566,0831f5480b964cd2,VRPTW,medium,LOC_0B27B307A77E,Panipat,HR,20,7,TRK_017DA12B162E|TRK_A997FC00E0CF|TRK_8C037A0ADC54|TRK_EEB1DE456EE4|TRK_BCC966E673C0|TRK_B6CE07A71D80|TRK_5564246F7906,30530.0,218040.0,158730.0,True,True,False,False,"{""circular_bonus"": -1.1, ""distance_km"": 1.0, ""empty_km"": 0.85, ""fuel_inr"": 0.01, ""risk"": 12.0, ""time_min"": 0.35, ""toll_inr"": 0.01}",CST_48011250D4FB,SCN_BASELINE,g1,False,441,train,20260903,v0.1,hash_bucket
INS_C77D3A94E9E3,4956f534db44be80,CIRCULAR_VRP,medium,LOC_2ECE587EC515,Hardoi,UP,22,7,TRK_017DA12B162E|TRK_A997FC00E0CF|TRK_8C037A0ADC54|TRK_EEB1DE456EE4|TRK_BCC966E673C0|TRK_B6CE07A71D80|TRK_5564246F7906,30530.0,218040.0,184010.0,True,False,False,True,"{""circular_bonus"": -1.1, ""distance_km"": 1.0, ""empty_km"": 0.85, ""fuel_inr"": 0.01, ""risk"": 12.0, ""time_min"": 0.35, ""toll_inr"": 0.01}",CST_48011250D4FB,SCN_BASELINE,g1,False,529,validation,20260903,v0.1,hash_bucket
INS_03139E3EF9E0,d8458efb1f3c495f,CIRCULAR_VRP,small,LOC_165F0D721F3E,Jalandhar,PB,8,3,TRK_017DA12B162E|TRK_A997FC00E0CF|TRK_8C037A0ADC54,31430.0,94920.0,54690.0,True,True,False,True,"{""circular_bonus"": -1.1, ""distance_km"": 1.0, ""empty_km"": 0.85, ""fuel_inr"": 0.01, ""risk"": 12.0, ""time_min"": 0.35, ""toll_inr"": 0.01}",CST_48011250D4FB,SCN_BASELINE,g1,False,81,train,20260903,v0.1,hash_bucket
INS_702DC923F74A,e52ac440ee579eb6,CIRCULAR_VRP,small,LOC_0F3D188854D6,Amroha,UP,14,4,TRK_017DA12B162E|TRK_A997FC00E0CF|TRK_8C037A0ADC54|TRK_EEB1DE456EE4,31250.0,126170.0,64780.0,True,True,False,True,"{""circular_bonus"": -1.1, ""distance_km"": 1.0, ""empty_km"": 0.85, ""fuel_inr"": 0.01, ""risk"": 12.0, ""time_min"": 0.35, ""toll_inr"": 0.01}",CST_48011250D4FB,SCN_BASELINE,g1,False,225,test,20260903,v0.1,hash_bucket
INS_3F7F3C64397D,402fdba987567993,VRPTW,small,LOC_B26FC239E19A,North Delhi,DL,10,9,TRK_017DA12B162E|TRK_A997FC00E0CF|TRK_8C037A0ADC54|TRK_EEB1DE456EE4|TRK_BCC966E673C0|TRK_B6CE07A71D80|TRK_5564246F7906|TRK_5136065E98CA|TRK_E260AFDFB21B,29400.0,277210.0,238010.0,True,True,False,False,"{""circular_bonus"": -1.1, ""distance_km"": 1.0, ""empty_km"": 0.85, ""fuel_inr"": 0.01, ""risk"": 12.0, ""time_min"": 0.35, ""toll_inr"": 0.01}",CST_48011250D4FB,SCN_BASELINE,g1,False,121,train,20260903,v0.1,hash_bucket
INS_5AD1CB736D29,35ebbfac71ed6fa0,CIRCULAR_VRP,medium,LOC_B9CDAEAD5C72,Mainpuri,UP,23,6,TRK_017DA12B162E|TRK_A997FC00E0CF|TRK_8C037A0ADC54|TRK_EEB1DE456EE4|TRK_BCC966E673C0|TRK_B6CE07A71D80,30590.0,187510.0,134395.0,True,False,False,True,"{""circular_bonus"": -1.1, ""distance_km"": 1.0, ""empty_km"": 0.85, ""fuel_inr"": 0.01, ""risk"": 12.0, ""time_min"": 0.35, ""toll_inr"": 0.01}",CST_48011250D4FB,SCN_BASELINE,g1,False,576,train,20260903,v0.1,hash_bucket
INS_6A3749FE88A4,f68344cb3f9dec7c,PDP,small,LOC_08710C80560B,Moga,PB,8,3,TRK_017DA12B162E|TRK_A997FC00E0CF|TRK_8C037A0ADC54,31430.0,94920.0,39200.0,True,False,True,False,"{""circular_bonus"": -1.1, ""distance_km"": 1.0, ""empty_km"": 0.85, ""fuel_inr"": 0.01, ""risk"": 12.0, ""time_min"": 0.35, ""toll_inr"": 0.01}",CST_48011250D4FB,SCN_BASELINE,g1,False,81,train,20260903,v0.1,hash_bucket
INS_F723D0A83CC9,eb7f0b74245363d7,CIRCULAR_VRP,medium,LOC_DD4D9C55D7BB,Fatehgarh Sahib,PB,21,8,TRK_017DA12B162E|TRK_A997FC00E0CF|TRK_8C037A0ADC54|TRK_EEB1DE456EE4|TRK_BCC966E673C0|TRK_B6CE07A71D80|TRK_5564246F7906|TRK_5136065E98CA,29770.0,247810.0,215260.0,True,True,False,True,"{""circular_bonus"": -1.1, ""distance_km"": 1.0, ""empty_km"": 0.85, ""fuel_inr"": 0.01, ""risk"": 12.0, ""time_min"": 0.35, ""toll_inr"": 0.01}",CST_48011250D4FB,SCN_BASELINE,g1,False,484,test,20260903,v0.1,hash_bucket
INS_396473F91F24,c7cae804ee393887,PDP,medium,LOC_08710C80560B,Moga,PB,25,9,TRK_017DA12B162E|TRK_A997FC00E0CF|TRK_8C037A0ADC54|TRK_EEB1DE456EE4|TRK_BCC966E673C0|TRK_B6CE07A71D80|TRK_5564246F7906|TRK_5136065E98CA|TRK_E260AFDFB21B,29400.0,277210.0,244840.0,True,False,True,False,"{""circular_bonus"": -1.1, ""distance_km"": 1.0, ""empty_km"": 0.85, ""fuel_inr"": 0.01, ""risk"": 12.0, ""time_min"": 0.35, ""toll_inr"": 0.01}",CST_48011250D4FB,SCN_BASELINE,g1,False,676,validation,20260903,v0.1,hash_bucket
INS_AC6D13EC0E78,8589744b2d78ee19,CIRCULAR_VRP,small,LOC_7CE3D43FF63F,Ambala,HR,14,7,TRK_017DA12B162E|TRK_A997FC00E0CF|TRK_8C037A0ADC54|TRK_EEB1DE456EE4|TRK_BCC966E673C0|TRK_B6CE07A71D80|TRK_5564246F7906,30530.0,218040.0,166220.0,True,True,False,True,"{""circular_bonus"": -1.1, ""distance_km"": 1.0, ""empty_km"": 0.85, ""fuel_inr"": 0.01, ""risk"": 12.0, ""time_min"": 0.35, ""toll_inr"": 0.01}",CST_48011250D4FB,SCN_BASELINE,g1,False,225,validation,20260903,v0.1,hash_bucket
INS_30A14852616C,fddc47771bdff4bb,PDP,medium,LOC_21F591BF08EC,West Delhi,DL,4,8,TRK_D5734C94CA97|TRK_0DB792D95BC8|TRK_CE161697CB0F|TRK_B4E942FB3E8F|TRK_547C0929AFCE|TRK_3D378E8843DC|TRK_57C748EE92F0|TRK_38CCD92D5770,6550.0,95530.0,83560.0,True,True,True,False,"{""circular_bonus"": -1.1, ""distance_km"": 1.0, ""empty_km"": 0.85, ""fuel_inr"": 0.01, ""risk"": 12.0, ""time_min"": 0.35, ""toll_inr"": 0.01}",CST_48011250D4FB,SCN_BASELINE,g1,False,25,train,20260903,v0.1,hash_bucket
INS_0E8BF74D13C8,b44b74d4d4bff526,CIRCULAR_VRP,medium,LOC_45C74FBD7B6F,Mansa,PB,30,7,TRK_017DA12B162E|TRK_A997FC00E0CF|TRK_8C037A0ADC54|TRK_EEB1DE456EE4|TRK_BCC966E673C0|TRK_B6CE07A71D80|TRK_5564246F7906,30530.0,218040.0,160430.0,True,True,False,True,"{""circular_bonus"": -1.1, ""distance_km"": 1.0, ""empty_km"": 0.85, ""fuel_inr"": 0.01, ""risk"": 12.0, ""time_min"": 0.35, ""toll_inr"": 0.01}",CST_48011250D4FB,SCN_BASELINE,g1,False,961,test,20260903,v0.1,hash_bucket
INS_5A298FB564EB,678e95b1472c97c8,PDP,large,LOC_2E9E391564C2,Sonipat,HR,40,11,TRK_017DA12B162E|TRK_A997FC00E0CF|TRK_8C037A0ADC54|TRK_EEB1DE456EE4|TRK_BCC966E673C0|TRK_B6CE07A71D80|TRK_5564246F7906|TRK_5136065E98CA|TRK_E260AFDFB21B|TRK_E9C76BCDE1E1|TRK_FB045E9F7F61,28890.0,335050.0,280240.0,True,True,True,True,"{""circular_bonus"": -1.1, ""distance_km"": 1.0, ""empty_km"": 0.85, ""fuel_inr"": 0.01, ""risk"": 12.0, ""time_min"": 0.35, ""toll_inr"": 0.01}",CST_48011250D4FB,SCN_BASELINE,g1,False,1681,validation,20260903,v0.1,hash_bucket
INS_AD84006D2CAC,061a1d4d50d563a5,VRPTW,small,LOC_36B5B5F31C8D,Varanasi,UP,8,7,TRK_EEB1DE456EE4|TRK_2EC9632BD23F|TRK_4B9B485B6A6B|TRK_F129A970A76F|TRK_6F7B962D8029|TRK_493D005A7980|TRK_1ADF63AC033E,7140.0,107550.0,99080.0,True,True,False,False,"{""circular_bonus"": -1.1, ""distance_km"": 1.0, ""empty_km"": 0.85, ""fuel_inr"": 0.01, ""risk"": 12.0, ""time_min"": 0.35, ""toll_inr"": 0.01}",CST_48011250D4FB,SCN_BASELINE,g1,False,81,test,20260903,v0.1,hash_bucket
INS_7C1132E71E6D,de27fdb0923cbde8,CIRCULAR_VRP,medium,LOC_6B9FA168B682,Firozabad,UP,23,13,TRK_017DA12B162E|TRK_A997FC00E0CF|TRK_8C037A0ADC54|TRK_EEB1DE456EE4|TRK_BCC966E673C0|TRK_B6CE07A71D80|TRK_5564246F7906|TRK_5136065E98CA|TRK_E260AFDFB21B|TRK_E9C76BCDE1E1|TRK_FB045E9F7F61|TRK_B7FB75BB3E0A|TRK_4A05F6B9B509,28580.0,392470.0,339720.0,True,False,False,True,"{""circular_bonus"": -1.1, ""distance_km"": 1.0, ""empty_km"": 0.85, ""fuel_inr"": 0.01, ""risk"": 12.0, ""time_min"": 0.35, ""toll_inr"": 0.01}",CST_48011250D4FB,SCN_BASELINE,g1,False,576,test,20260903,v0.1,hash_bucket
INS_6DD8B6ECC182,78553b753748efe5,VRPTW,large,LOC_E7B504BE8FE9,Patiala,PB,36,13,TRK_017DA12B162E|TRK_A997FC00E0CF|TRK_8C037A0ADC54|TRK_EEB1DE456EE4|TRK_BCC966E673C0|TRK_B6CE07A71D80|TRK_5564246F7906|TRK_5136065E98CA|TRK_E260AFDFB21B|TRK_E9C76BCDE1E1|TRK_FB045E9F7F61|TRK_B7FB75BB3E0A|TRK_4A05F6B9B509,28580.0,392470.0,336070.0,True,True,False,False,"{""circular_bonus"": -1.1, ""distance_km"": 1.0, ""empty_km"": 0.85, ""fuel_inr"": 0.01, ""risk"": 12.0, ""time_min"": 0.35, ""toll_inr"": 0.01}",CST_48011250D4FB,SCN_BASELINE,g1,False,1369,train,20260903,v0.1,hash_bucket
INS_7FDC94C0E907,8b00b08fbc08683c,VRPTW,small,LOC_5B344A07BA57,Sangrur,PB,10,8,TRK_017DA12B162E|TRK_4A05F6B9B509|TRK_53CBDA158281|TRK_AA8BF80E5DEA|TRK_14DED19CFB57|TRK_28733333D0A6|TRK_D77AA299A22C|TRK_8169C8E8F13C,3870.0,122580.0,112820.0,True,True,False,False,"{""circular_bonus"": -1.1, ""distance_km"": 1.0, ""empty_km"": 0.85, ""fuel_inr"": 0.01, ""risk"": 12.0, ""time_min"": 0.35, ""toll_inr"": 0.01}",CST_48011250D4FB,SCN_BASELINE,g1,False,121,train,20260903,v0.1,hash_bucket
INS_DEF007E8E0F7,21d80835948eb555,VRPTW,medium,LOC_AA53E75D54A9,Etah,UP,21,9,TRK_017DA12B162E|TRK_A997FC00E0CF|TRK_8C037A0ADC54|TRK_EEB1DE456EE4|TRK_BCC966E673C0|TRK_B6CE07A71D80|TRK_5564246F7906|TRK_5136065E98CA|TRK_E260AFDFB21B,29400.0,277210.0,224270.0,True,True,False,False,"{""circular_bonus"": -1.1, ""distance_km"": 1.0, ""empty_km"": 0.85, ""fuel_inr"": 0.01, ""risk"": 12.0, ""time_min"": 0.35, ""toll_inr"": 0.01}",CST_48011250D4FB,SCN_BASELINE,g1,False,484,train,20260903,v0.1,hash_bucket
INS_4615CF088EFD,e63d1be82585629b,VRPTW,medium,LOC_2ADFB4EFDB06,Kaithal,HR,21,6,TRK_017DA12B162E|TRK_A997FC00E0CF|TRK_8C037A0ADC54|TRK_EEB1DE456EE4|TRK_BCC966E673C0|TRK_B6CE07A71D80,30590.0,187510.0,140940.0,True,True,False,False,"{""circular_bonus"": -1.1, ""distance_km"": 1.0, ""empty_km"": 0.85, ""fuel_inr"": 0.01, ""risk"": 12.0, ""time_min"": 0.35, ""toll_inr"": 0.01}",CST_48011250D4FB,SCN_BASELINE,g1,False,484,train,20260903,v0.1,hash_bucket
INS_D0A1E06C6E29,7f1869f132598b95,VRPTW,small,LOC_08E25919DCC7,Kanpur Dehat,UP,13,5,TRK_017DA12B162E|TRK_A997FC00E0CF|TRK_8C037A0ADC54|TRK_EEB1DE456EE4|TRK_BCC966E673C0,30750.0,156920.0,117670.0,True,True,False,False,"{""circular_bonus"": -1.1, ""distance_km"": 1.0, ""empty_km"": 0.85, ""fuel_inr"": 0.01, ""risk"": 12.0, ""time_min"": 0.35, ""toll_inr"": 0.01}",CST_48011250D4FB,SCN_BASELINE,g1,False,196,train,20260903,v0.1,hash_bucket
INS_F42B1FAA8EBC,cd9b03c1cc50b5f4,PDP,small,LOC_165F0D721F3E,Jalandhar,PB,8,5,TRK_017DA12B162E|TRK_A997FC00E0CF|TRK_8C037A0ADC54|TRK_EEB1DE456EE4|TRK_BCC966E673C0,30750.0,156920.0,119100.0,True,False,True,False,"{""circular_bonus"": -1.1, ""distance_km"": 1.0, ""empty_km"": 0.85, ""fuel_inr"": 0.01, ""risk"": 12.0, ""time_min"": 0.35, ""toll_inr"": 0.01}",CST_48011250D4FB,SCN_BASELINE,g1,False,81,test,20260903,v0.1,hash_bucket
INS_D2FAF672F2F5,25de747c63025f40,VRPTW,large,LOC_AA53E75D54A9,Etah,UP,60,22,TRK_017DA12B162E|TRK_A997FC00E0CF|TRK_8C037A0ADC54|TRK_EEB1DE456EE4|TRK_BCC966E673C0|TRK_B6CE07A71D80|TRK_5564246F7906|TRK_5136065E98CA|TRK_E260AFDFB21B|TRK_E9C76BCDE1E1|TRK_FB045E9F7F61|TRK_B7FB75BB3E0A|TRK_4A05F6B9B509|TRK_1C8C798F44C5|TRK_8DC7FD5FF93A|TRK_7A91F5198B53|TRK_BEE1B756CA92|TRK_0331FB7CD37E|TRK_EEA8DB00B33D|TRK_3A519CFB8F0F|TRK_8C842CC0A407|TRK_1A09343A6FAC,25770.0,633370.0,594040.0,True,True,False,False,"{""circular_bonus"": -1.1, ""distance_km"": 1.0, ""empty_km"": 0.85, ""fuel_inr"": 0.01, ""risk"": 12.0, ""time_min"": 0.35, ""toll_inr"": 0.01}",CST_48011250D4FB,SCN_BASELINE,g1,False,3721,train,20260903,v0.1,hash_bucket
INS_43C366EDF913,bf9b4a72bca4dc93,CIRCULAR_VRP,small,LOC_841795218E67,Ghaziabad,UP,11,7,TRK_017DA12B162E|TRK_A997FC00E0CF|TRK_8C037A0ADC54|TRK_EEB1DE456EE4|TRK_BCC966E673C0|TRK_B6CE07A71D80|TRK_5564246F7906,30530.0,218040.0,186570.0,True,False,False,True,"{""circular_bonus"": -1.1, ""distance_km"": 1.0, ""empty_km"": 0.85, ""fuel_inr"": 0.01, ""risk"": 12.0, ""time_min"": 0.35, ""toll_inr"": 0.01}",CST_48011250D4FB,SCN_BASELINE,g1,False,144,train,20260903,v0.1,hash_bucket
INS_4FCFA4C60A90,f4442ae6117043ab,CIRCULAR_VRP,large,LOC_58DEC063659A,Gorakhpur,UP,31,9,TRK_017DA12B162E|TRK_A997FC00E0CF|TRK_8C037A0ADC54|TRK_EEB1DE456EE4|TRK_BCC966E673C0|TRK_B6CE07A71D80|TRK_5564246F7906|TRK_5136065E98CA|TRK_E260AFDFB21B,29400.0,277210.0,247730.0,True,False,False,True,"{""circular_bonus"": -1.1, ""distance_km"": 1.0, ""empty_km"": 0.85, ""fuel_inr"": 0.01, ""risk"": 12.0, ""time_min"": 0.35, ""toll_inr"": 0.01}",CST_48011250D4FB,SCN_BASELINE,g1,False,1024,test,20260903,v0.1,hash_bucket
INS_8F5D20DBA4B2,f6c6e161cf2b714a,PDP,small,LOC_B26DA7992E56,Prayagraj,UP,8,3,TRK_B6CE07A71D80|TRK_40245AE86E2B|TRK_72FD468D3BB7,9900.0,53330.0,42380.0,True,True,True,False,"{""circular_bonus"": -1.1, ""distance_km"": 1.0, ""empty_km"": 0.85, ""fuel_inr"": 0.01, ""risk"": 12.0, ""time_min"": 0.35, ""toll_inr"": 0.01}",CST_48011250D4FB,SCN_BASELINE,g1,False,81,train,20260903,v0.1,hash_bucket
INS_4BE30A92ECB9,acdbf790f04c7ecf,CIRCULAR_VRP,large,LOC_8E24E29DF84B,Hisar,HR,52,19,TRK_017DA12B162E|TRK_A997FC00E0CF|TRK_8C037A0ADC54|TRK_EEB1DE456EE4|TRK_BCC966E673C0|TRK_B6CE07A71D80|TRK_5564246F7906|TRK_5136065E98CA|TRK_E260AFDFB21B|TRK_E9C76BCDE1E1|TRK_FB045E9F7F61|TRK_B7FB75BB3E0A|TRK_4A05F6B9B509|TRK_1C8C798F44C5|TRK_8DC7FD5FF93A|TRK_7A91F5198B53|TRK_BEE1B756CA92|TRK_0331FB7CD37E|TRK_EEA8DB00B33D,26280.0,555400.0,527970.0,True,False,False,True,"{""circular_bonus"": -1.1, ""distance_km"": 1.0, ""empty_km"": 0.85, ""fuel_inr"": 0.01, ""risk"": 12.0, ""time_min"": 0.35, ""toll_inr"": 0.01}",CST_48011250D4FB,SCN_BASELINE,g1,False,2809,train,20260903,v0.1,hash_bucket
INS_407A72218855,d936d2141955a9fe,CIRCULAR_VRP,large,LOC_443EF0FB4E8C,Etawah,UP,56,13,TRK_017DA12B162E|TRK_A997FC00E0CF|TRK_8C037A0ADC54|TRK_EEB1DE456EE4|TRK_BCC966E673C0|TRK_B6CE07A71D80|TRK_5564246F7906|TRK_5136065E98CA|TRK_E260AFDFB21B|TRK_E9C76BCDE1E1|TRK_FB045E9F7F61|TRK_B7FB75BB3E0A|TRK_4A05F6B9B509,28580.0,392470.0,351775.0,True,True,False,True,"{""circular_bonus"": -1.1, ""distance_km"": 1.0, ""empty_km"": 0.85, ""fuel_inr"": 0.01, ""risk"": 12.0, ""time_min"": 0.35, ""toll_inr"": 0.01}",CST_48011250D4FB,SCN_BASELINE,g1,False,3249,train,20260903,v0.1,hash_bucket
INS_AAB3B276EDE8,0d18fe2f0fb03693,PDP,medium,LOC_AB3DB4CE53FF,Gurdaspur,PB,18,9,TRK_017DA12B162E|TRK_A997FC00E0CF|TRK_8C037A0ADC54|TRK_EEB1DE456EE4|TRK_BCC966E673C0|TRK_B6CE07A71D80|TRK_5564246F7906|TRK_5136065E98CA|TRK_E260AFDFB21B,29400.0,277210.0,244910.0,True,False,True,False,"{""circular_bonus"": -1.1, ""distance_km"": 1.0, ""empty_km"": 0.85, ""fuel_inr"": 0.01, ""risk"": 12.0, ""time_min"": 0.35, ""toll_inr"": 0.01}",CST_48011250D4FB,SCN_BASELINE,g1,False,361,test,20260903,v0.1,hash_bucket
INS_59144B0A3B2C,3976aae1e7ce9fba,CVRP,large,LOC_BACB2642B5AD,Kurukshetra,HR,34,8,TRK_017DA12B162E|TRK_A997FC00E0CF|TRK_8C037A0ADC54|TRK_EEB1DE456EE4|TRK_BCC966E673C0|TRK_B6CE07A71D80|TRK_5564246F7906|TRK_5136065E98CA,29770.0,247810.0,216300.0,True,False,False,False,"{""circular_bonus"": -1.1, ""distance_km"": 1.0, ""empty_km"": 0.85, ""fuel_inr"": 0.01, ""risk"": 12.0, ""time_min"": 0.35, ""toll_inr"": 0.01}",CST_48011250D4FB,SCN_BASELINE,g1,False,1225,test,20260903,v0.1,hash_bucket
INS_80DD87A2E2E8,7911047301e0cda6,CIRCULAR_VRP,small,LOC_CF065FE8EBAB,Gautam Buddha Nagar,UP,8,7,TRK_017DA12B162E|TRK_A997FC00E0CF|TRK_8C037A0ADC54|TRK_EEB1DE456EE4|TRK_BCC966E673C0|TRK_B6CE07A71D80|TRK_5564246F7906,30530.0,218040.0,164610.0,True,True,False,True,"{""circular_bonus"": -1.1, ""distance_km"": 1.0, ""empty_km"": 0.85, ""fuel_inr"": 0.01, ""risk"": 12.0, ""time_min"": 0.35, ""toll_inr"": 0.01}",CST_48011250D4FB,SCN_BASELINE,g1,False,81,train,20260903,v0.1,hash_bucket
INS_6A4537C5610D,2b984abc64d4b7e9,PDP,small,LOC_0F3D188854D6,Amroha,UP,13,4,TRK_017DA12B162E|TRK_A997FC00E0CF|TRK_8C037A0ADC54|TRK_EEB1DE456EE4,31250.0,126170.0,93830.0,True,True,True,False,"{""circular_bonus"": -1.1, ""distance_km"": 1.0, ""empty_km"": 0.85, ""fuel_inr"": 0.01, ""risk"": 12.0, ""time_min"": 0.35, ""toll_inr"": 0.01}",CST_48011250D4FB,SCN_BASELINE,g1,False,196,train,20260903,v0.1,hash_bucket
INS_01CEAE5D214D,23e22edd1b26d792,VRPTW,large,LOC_0B27B307A77E,Panipat,HR,36,15,TRK_017DA12B162E|TRK_A997FC00E0CF|TRK_8C037A0ADC54|TRK_EEB1DE456EE4|TRK_BCC966E673C0|TRK_B6CE07A71D80|TRK_5564246F7906|TRK_5136065E98CA|TRK_E260AFDFB21B|TRK_E9C76BCDE1E1|TRK_FB045E9F7F61|TRK_B7FB75BB3E0A|TRK_4A05F6B9B509|TRK_1C8C798F44C5|TRK_8DC7FD5FF93A,27710.0,448170.0,401880.0,True,True,False,False,"{""circular_bonus"": -1.1, ""distance_km"": 1.0, ""empty_km"": 0.85, ""fuel_inr"": 0.01, ""risk"": 12.0, ""time_min"": 0.35, ""toll_inr"": 0.01}",CST_48011250D4FB,SCN_BASELINE,g1,False,1369,train,20260903,v0.1,hash_bucket
INS_7E1B5BCCDE96,698cf8e1f984d5c5,VRPTW,small,LOC_AFF866260256,Moradabad,UP,13,8,TRK_017DA12B162E|TRK_A997FC00E0CF|TRK_8C037A0ADC54|TRK_EEB1DE456EE4|TRK_BCC966E673C0|TRK_B6CE07A71D80|TRK_5564246F7906|TRK_5136065E98CA,29770.0,247810.0,203490.0,True,True,False,False,"{""circular_bonus"": -1.1, ""distance_km"": 1.0, ""empty_km"": 0.85, ""fuel_inr"": 0.01, ""risk"": 12.0, ""time_min"": 0.35, ""toll_inr"": 0.01}",CST_48011250D4FB,SCN_BASELINE,g1,False,196,train,20260903,v0.1,hash_bucket
INS_3E76122E18BC,9eecebfbb74349da,CIRCULAR_VRP,small,LOC_5242BE7C01CE,Rewari,HR,8,4,TRK_017DA12B162E|TRK_A997FC00E0CF|TRK_8C037A0ADC54|TRK_EEB1DE456EE4,31250.0,126170.0,86050.0,True,True,False,True,"{""circular_bonus"": -1.1, ""distance_km"": 1.0, ""empty_km"": 0.85, ""fuel_inr"": 0.01, ""risk"": 12.0, ""time_min"": 0.35, ""toll_inr"": 0.01}",CST_48011250D4FB,SCN_BASELINE,g1,False,81,train,20260903,v0.1,hash_bucket
INS_F06214790756,7a429213296f9d56,VRPTW,medium,LOC_2011BC2FE7BD,Fazilka,PB,18,5,TRK_017DA12B162E|TRK_A997FC00E0CF|TRK_8C037A0ADC54|TRK_EEB1DE456EE4|TRK_BCC966E673C0,30750.0,156920.0,100660.0,True,True,False,False,"{""circular_bonus"": -1.1, ""distance_km"": 1.0, ""empty_km"": 0.85, ""fuel_inr"": 0.01, ""risk"": 12.0, ""time_min"": 0.35, ""toll_inr"": 0.01}",CST_48011250D4FB,SCN_BASELINE,g1,False,361,train,20260903,v0.1,hash_bucket
INS_23F9168283D2,811a4be7ccb90ce8,CIRCULAR_VRP,large,LOC_11A4C40B0A4F,Yamunanagar,HR,42,19,TRK_017DA12B162E|TRK_A997FC00E0CF|TRK_8C037A0ADC54|TRK_EEB1DE456EE4|TRK_BCC966E673C0|TRK_B6CE07A71D80|TRK_5564246F7906|TRK_5136065E98CA|TRK_E260AFDFB21B|TRK_E9C76BCDE1E1|TRK_FB045E9F7F61|TRK_B7FB75BB3E0A|TRK_4A05F6B9B509|TRK_1C8C798F44C5|TRK_8DC7FD5FF93A|TRK_7A91F5198B53|TRK_BEE1B756CA92|TRK_0331FB7CD37E|TRK_EEA8DB00B33D,26280.0,555400.0,520180.0,True,True,False,True,"{""circular_bonus"": -1.1, ""distance_km"": 1.0, ""empty_km"": 0.85, ""fuel_inr"": 0.01, ""risk"": 12.0, ""time_min"": 0.35, ""toll_inr"": 0.01}",CST_48011250D4FB,SCN_BASELINE,g1,False,1849,train,20260903,v0.1,hash_bucket
INS_334C070B12FD,ddbdf0bfd181764d,CIRCULAR_VRP,small,LOC_2011BC2FE7BD,Fazilka,PB,8,3,TRK_017DA12B162E|TRK_A997FC00E0CF|TRK_8C037A0ADC54,31430.0,94920.0,49950.0,True,False,False,True,"{""circular_bonus"": -1.1, ""distance_km"": 1.0, ""empty_km"": 0.85, ""fuel_inr"": 0.01, ""risk"": 12.0, ""time_min"": 0.35, ""toll_inr"": 0.01}",CST_48011250D4FB,SCN_BASELINE,g1,False,81,test,20260903,v0.1,hash_bucket
INS_929A74A8BBB6,c4d0f0f27b6b5d48,PDP,medium,LOC_2B9C182E1BB7,Panchkula,HR,24,11,TRK_017DA12B162E|TRK_A997FC00E0CF|TRK_8C037A0ADC54|TRK_EEB1DE456EE4|TRK_BCC966E673C0|TRK_B6CE07A71D80|TRK_5564246F7906|TRK_5136065E98CA|TRK_E260AFDFB21B|TRK_E9C76BCDE1E1|TRK_FB045E9F7F61,28890.0,335050.0,293400.0,True,True,True,False,"{""circular_bonus"": -1.1, ""distance_km"": 1.0, ""empty_km"": 0.85, ""fuel_inr"": 0.01, ""risk"": 12.0, ""time_min"": 0.35, ""toll_inr"": 0.01}",CST_48011250D4FB,SCN_BASELINE,g1,False,625,test,20260903,v0.1,hash_bucket
INS_CED900B0FBA6,a0e892bd59b38dd6,CVRP,medium,LOC_BF1D141289ED,Hoshiarpur,PB,21,5,TRK_017DA12B162E|TRK_A997FC00E0CF|TRK_8C037A0ADC54|TRK_EEB1DE456EE4|TRK_BCC966E673C0,30750.0,156920.0,111980.0,True,False,False,False,"{""circular_bonus"": -1.1, ""distance_km"": 1.0, ""empty_km"": 0.85, ""fuel_inr"": 0.01, ""risk"": 12.0, ""time_min"": 0.35, ""toll_inr"": 0.01}",CST_48011250D4FB,SCN_BASELINE,g1,False,484,train,20260903,v0.1,hash_bucket
INS_5169D07DFA58,72c5251eb7a40e01,PDP,large,LOC_E7B504BE8FE9,Patiala,PB,44,11,TRK_017DA12B162E|TRK_A997FC00E0CF|TRK_8C037A0ADC54|TRK_EEB1DE456EE4|TRK_BCC966E673C0|TRK_B6CE07A71D80|TRK_5564246F7906|TRK_5136065E98CA|TRK_E260AFDFB21B|TRK_E9C76BCDE1E1|TRK_FB045E9F7F61,28890.0,335050.0,305350.0,True,True,True,True,"{""circular_bonus"": -1.1, ""distance_km"": 1.0, ""empty_km"": 0.85, ""fuel_inr"": 0.01, ""risk"": 12.0, ""time_min"": 0.35, ""toll_inr"": 0.01}",CST_48011250D4FB,SCN_BASELINE,g1,False,2025,train,20260903,v0.1,hash_bucket
INS_FD3F15C21FEF,de77d07aeb773871,CVRP,small,LOC_36B5B5F31C8D,Varanasi,UP,13,8,TRK_017DA12B162E|TRK_A997FC00E0CF|TRK_8C037A0ADC54|TRK_EEB1DE456EE4|TRK_BCC966E673C0|TRK_B6CE07A71D80|TRK_5564246F7906|TRK_5136065E98CA,29770.0,247810.0,208980.0,True,False,False,False,"{""circular_bonus"": -1.1, ""distance_km"": 1.0, ""empty_km"": 0.85, ""fuel_inr"": 0.01, ""risk"": 12.0, ""time_min"": 0.35, ""toll_inr"": 0.01}",CST_48011250D4FB,SCN_BASELINE,g1,False,196,train,20260903,v0.1,hash_bucket
INS_A0E381DBBF75,6900c8c853e79518,PDP,small,LOC_9F3A877025DA,Shahjahanpur,UP,12,5,TRK_C7CC5AE3F376|TRK_A9EA5FA4BDE5|TRK_B2BFC6E326C7|TRK_02F2C021CA5B|TRK_8DABB7C913C5,3040.0,39110.0,36410.0,True,True,True,False,"{""circular_bonus"": -1.1, ""distance_km"": 1.0, ""empty_km"": 0.85, ""fuel_inr"": 0.01, ""risk"": 12.0, ""time_min"": 0.35, ""toll_inr"": 0.01}",CST_48011250D4FB,SCN_BASELINE,g1,False,169,train,20260903,v0.1,hash_bucket
INS_2F73BF8CA451,2255c8cd0be1e459,PDP,large,LOC_ED9C60D04FC0,SAS Nagar,PB,59,25,TRK_017DA12B162E|TRK_A997FC00E0CF|TRK_8C037A0ADC54|TRK_EEB1DE456EE4|TRK_BCC966E673C0|TRK_B6CE07A71D80|TRK_5564246F7906|TRK_5136065E98CA|TRK_E260AFDFB21B|TRK_E9C76BCDE1E1|TRK_FB045E9F7F61|TRK_B7FB75BB3E0A|TRK_4A05F6B9B509|TRK_1C8C798F44C5|TRK_8DC7FD5FF93A|TRK_7A91F5198B53|TRK_BEE1B756CA92|TRK_0331FB7CD37E|TRK_EEA8DB00B33D|TRK_3A519CFB8F0F|TRK_8C842CC0A407|TRK_1A09343A6FAC|TRK_3F175C42FEAA|TRK_2EC9632BD23F|TRK_EA0BF86B0239,24700.0,708400.0,701790.0,True,True,True,True,"{""circular_bonus"": -1.1, ""distance_km"": 1.0, ""empty_km"": 0.85, ""fuel_inr"": 0.01, ""risk"": 12.0, ""time_min"": 0.35, ""toll_inr"": 0.01}",CST_48011250D4FB,SCN_BASELINE,g1,False,3600,train,20260903,v0.1,hash_bucket
INS_4EFBDE82E8F0,7421acb063715b98,CIRCULAR_VRP,medium,LOC_0F3D188854D6,Amroha,UP,29,8,TRK_017DA12B162E|TRK_A997FC00E0CF|TRK_8C037A0ADC54|TRK_EEB1DE456EE4|TRK_BCC966E673C0|TRK_B6CE07A71D80|TRK_5564246F7906|TRK_5136065E98CA,29770.0,247810.0,208420.0,True,True,False,True,"{""circular_bonus"": -1.1, ""distance_km"": 1.0, ""empty_km"": 0.85, ""fuel_inr"": 0.01, ""risk"": 12.0, ""time_min"": 0.35, ""toll_inr"": 0.01}",CST_48011250D4FB,SCN_BASELINE,g1,False,900,train,20260903,v0.1,hash_bucket
INS_14113499477F,460eb06697ee2420,VRPTW,small,LOC_ED9C60D04FC0,SAS Nagar,PB,14,7,TRK_017DA12B162E|TRK_A997FC00E0CF|TRK_8C037A0ADC54|TRK_EEB1DE456EE4|TRK_BCC966E673C0|TRK_B6CE07A71D80|TRK_5564246F7906,30530.0,218040.0,157340.0,True,True,False,False,"{""circular_bonus"": -1.1, ""distance_km"": 1.0, ""empty_km"": 0.85, ""fuel_inr"": 0.01, ""risk"": 12.0, ""time_min"": 0.35, ""toll_inr"": 0.01}",CST_48011250D4FB,SCN_BASELINE,g1,False,225,validation,20260903,v0.1,hash_bucket
INS_2476D543D02A,f5b0598352ba4ecf,CIRCULAR_VRP,large,LOC_0D7AAF851D69,Tarn Taran,PB,51,15,TRK_017DA12B162E|TRK_A997FC00E0CF|TRK_8C037A0ADC54|TRK_EEB1DE456EE4|TRK_BCC966E673C0|TRK_B6CE07A71D80|TRK_5564246F7906|TRK_5136065E98CA|TRK_E260AFDFB21B|TRK_E9C76BCDE1E1|TRK_FB045E9F7F61|TRK_B7FB75BB3E0A|TRK_4A05F6B9B509|TRK_1C8C798F44C5|TRK_8DC7FD5FF93A,27710.0,448170.0,402550.0,True,False,False,True,"{""circular_bonus"": -1.1, ""distance_km"": 1.0, ""empty_km"": 0.85, ""fuel_inr"": 0.01, ""risk"": 12.0, ""time_min"": 0.35, ""toll_inr"": 0.01}",CST_48011250D4FB,SCN_BASELINE,g1,False,2704,train,20260903,v0.1,hash_bucket
INS_00445EE14684,3ec63a1cdd4df32b,CIRCULAR_VRP,medium,LOC_FF96333A5510,North West Delhi,DL,20,19,TRK_017DA12B162E|TRK_A997FC00E0CF|TRK_8C037A0ADC54|TRK_EEB1DE456EE4|TRK_BCC966E673C0|TRK_B6CE07A71D80|TRK_5564246F7906|TRK_5136065E98CA|TRK_E260AFDFB21B|TRK_E9C76BCDE1E1|TRK_FB045E9F7F61|TRK_B7FB75BB3E0A|TRK_4A05F6B9B509|TRK_1C8C798F44C5|TRK_8DC7FD5FF93A|TRK_7A91F5198B53|TRK_BEE1B756CA92|TRK_0331FB7CD37E|TRK_EEA8DB00B33D,26280.0,555400.0,510960.0,True,True,False,True,"{""circular_bonus"": -1.1, ""distance_km"": 1.0, ""empty_km"": 0.85, ""fuel_inr"": 0.01, ""risk"": 12.0, ""time_min"": 0.35, ""toll_inr"": 0.01}",CST_48011250D4FB,SCN_BASELINE,g1,False,441,validation,20260903,v0.1,hash_bucket
INS_164CD5F5A0AD,ca919774ae75baee,VRPTW,small,LOC_8E24E29DF84B,Hisar,HR,8,5,TRK_017DA12B162E|TRK_A997FC00E0CF|TRK_8C037A0ADC54|TRK_EEB1DE456EE4|TRK_BCC966E673C0,30750.0,156920.0,114770.0,True,True,False,False,"{""circular_bonus"": -1.1, ""distance_km"": 1.0, ""empty_km"": 0.85, ""fuel_inr"": 0.01, ""risk"": 12.0, ""time_min"": 0.35, ""toll_inr"": 0.01}",CST_48011250D4FB,SCN_BASELINE,g1,False,81,validation,20260903,v0.1,hash_bucket
INS_5DEEAE63D0EF,812c0fd1e7231d9b,PDP,small,LOC_03F06DD41C28,Malerkotla,PB,12,5,TRK_017DA12B162E|TRK_A997FC00E0CF|TRK_8C037A0ADC54|TRK_EEB1DE456EE4|TRK_BCC966E673C0,30750.0,156920.0,124540.0,True,True,True,False,"{""circular_bonus"": -1.1, ""distance_km"": 1.0, ""empty_km"": 0.85, ""fuel_inr"": 0.01, ""risk"": 12.0, ""time_min"": 0.35, ""toll_inr"": 0.01}",CST_48011250D4FB,SCN_BASELINE,g1,False,169,train,20260903,v0.1,hash_bucket
INS_053992BE2F79,4146fff2146ce71a,CIRCULAR_VRP,small,LOC_9F3A877025DA,Shahjahanpur,UP,10,3,TRK_017DA12B162E|TRK_A997FC00E0CF|TRK_8C037A0ADC54,31430.0,94920.0,46680.0,True,True,False,True,"{""circular_bonus"": -1.1, ""distance_km"": 1.0, ""empty_km"": 0.85, ""fuel_inr"": 0.01, ""risk"": 12.0, ""time_min"": 0.35, ""toll_inr"": 0.01}",CST_48011250D4FB,SCN_BASELINE,g1,False,121,train,20260903,v0.1,hash_bucket
INS_7FFFD1BF3306,5f49fb5c5609f286,CVRP,medium,LOC_165F0D721F3E,Jalandhar,PB,18,7,TRK_017DA12B162E|TRK_A997FC00E0CF|TRK_8C037A0ADC54|TRK_EEB1DE456EE4|TRK_BCC966E673C0|TRK_B6CE07A71D80|TRK_5564246F7906,30530.0,218040.0,164660.0,True,False,False,False,"{""circular_bonus"": -1.1, ""distance_km"": 1.0, ""empty_km"": 0.85, ""fuel_inr"": 0.01, ""risk"": 12.0, ""time_min"": 0.35, ""toll_inr"": 0.01}",CST_48011250D4FB,SCN_BASELINE,g1,False,361,train,20260903,v0.1,hash_bucket
INS_01D955535DCF,05a3b359c577b9bb,VRPTW,medium,LOC_AA53E75D54A9,Etah,UP,25,8,TRK_017DA12B162E|TRK_A997FC00E0CF|TRK_8C037A0ADC54|TRK_EEB1DE456EE4|TRK_BCC966E673C0|TRK_B6CE07A71D80|TRK_5564246F7906|TRK_5136065E98CA,29770.0,247810.0,194595.0,True,True,False,False,"{""circular_bonus"": -1.1, ""distance_km"": 1.0, ""empty_km"": 0.85, ""fuel_inr"": 0.01, ""risk"": 12.0, ""time_min"": 0.35, ""toll_inr"": 0.01}",CST_48011250D4FB,SCN_BASELINE,g1,False,676,train,20260903,v0.1,hash_bucket
INS_1D6492DF0A8D,80ae7b9b14860ada,VRPTW,medium,LOC_2011BC2FE7BD,Fazilka,PB,23,9,TRK_017DA12B162E|TRK_A997FC00E0CF|TRK_8C037A0ADC54|TRK_EEB1DE456EE4|TRK_BCC966E673C0|TRK_B6CE07A71D80|TRK_5564246F7906|TRK_5136065E98CA|TRK_E260AFDFB21B,29400.0,277210.0,243840.0,True,True,False,False,"{""circular_bonus"": -1.1, ""distance_km"": 1.0, ""empty_km"": 0.85, ""fuel_inr"": 0.01, ""risk"": 12.0, ""time_min"": 0.35, ""toll_inr"": 0.01}",CST_48011250D4FB,SCN_BASELINE,g1,False,576,train,20260903,v0.1,hash_bucket
INS_C5F7B0D36D6C,18ad9ebb17e2448b,CVRP,medium,LOC_4E618897659A,Hathras,UP,25,10,TRK_017DA12B162E|TRK_A997FC00E0CF|TRK_8C037A0ADC54|TRK_EEB1DE456EE4|TRK_BCC966E673C0|TRK_B6CE07A71D80|TRK_5564246F7906|TRK_5136065E98CA|TRK_E260AFDFB21B|TRK_E9C76BCDE1E1,28950.0,306160.0,263770.0,True,False,False,False,"{""circular_bonus"": -1.1, ""distance_km"": 1.0, ""empty_km"": 0.85, ""fuel_inr"": 0.01, ""risk"": 12.0, ""time_min"": 0.35, ""toll_inr"": 0.01}",CST_48011250D4FB,SCN_BASELINE,g1,False,676,train,20260903,v0.1,hash_bucket
INS_EF21277C04E2,2f347c47c2f2659d,VRPTW,medium,LOC_AFF866260256,Moradabad,UP,19,6,TRK_017DA12B162E|TRK_A997FC00E0CF|TRK_8C037A0ADC54|TRK_EEB1DE456EE4|TRK_BCC966E673C0|TRK_B6CE07A71D80,30590.0,187510.0,155100.0,True,True,False,False,"{""circular_bonus"": -1.1, ""distance_km"": 1.0, ""empty_km"": 0.85, ""fuel_inr"": 0.01, ""risk"": 12.0, ""time_min"": 0.35, ""toll_inr"": 0.01}",CST_48011250D4FB,SCN_BASELINE,g1,False,400,train,20260903,v0.1,hash_bucket
INS_0AC99F0D8E22,0a88cf54858883fd,CIRCULAR_VRP,small,LOC_841795218E67,Ghaziabad,UP,12,6,TRK_017DA12B162E|TRK_A997FC00E0CF|TRK_8C037A0ADC54|TRK_EEB1DE456EE4|TRK_BCC966E673C0|TRK_B6CE07A71D80,30590.0,187510.0,142600.0,True,True,False,True,"{""circular_bonus"": -1.1, ""distance_km"": 1.0, ""empty_km"": 0.85, ""fuel_inr"": 0.01, ""risk"": 12.0, ""time_min"": 0.35, ""toll_inr"": 0.01}",CST_48011250D4FB,SCN_BASELINE,g1,False,169,train,20260903,v0.1,hash_bucket
INS_736FE51D655F,d71a42128e5f8617,PDP,medium,LOC_FF96333A5510,North West Delhi,DL,23,22,TRK_017DA12B162E|TRK_A997FC00E0CF|TRK_8C037A0ADC54|TRK_EEB1DE456EE4|TRK_BCC966E673C0|TRK_B6CE07A71D80|TRK_5564246F7906|TRK_5136065E98CA|TRK_E260AFDFB21B|TRK_E9C76BCDE1E1|TRK_FB045E9F7F61|TRK_B7FB75BB3E0A|TRK_4A05F6B9B509|TRK_1C8C798F44C5|TRK_8DC7FD5FF93A|TRK_7A91F5198B53|TRK_BEE1B756CA92|TRK_0331FB7CD37E|TRK_EEA8DB00B33D|TRK_3A519CFB8F0F|TRK_8C842CC0A407|TRK_1A09343A6FAC,25770.0,633370.0,589680.0,True,False,True,True,"{""circular_bonus"": -1.1, ""distance_km"": 1.0, ""empty_km"": 0.85, ""fuel_inr"": 0.01, ""risk"": 12.0, ""time_min"": 0.35, ""toll_inr"": 0.01}",CST_48011250D4FB,SCN_BASELINE,g1,False,576,train,20260903,v0.1,hash_bucket
INS_0CCAC32CEE1E,a9a50e65c255509f,CIRCULAR_VRP,large,LOC_CF209A6CE403,Hapur,UP,40,13,TRK_017DA12B162E|TRK_A997FC00E0CF|TRK_8C037A0ADC54|TRK_EEB1DE456EE4|TRK_BCC966E673C0|TRK_B6CE07A71D80|TRK_5564246F7906|TRK_5136065E98CA|TRK_E260AFDFB21B|TRK_E9C76BCDE1E1|TRK_FB045E9F7F61|TRK_B7FB75BB3E0A|TRK_4A05F6B9B509,28580.0,392470.0,338860.0,True,True,False,True,"{""circular_bonus"": -1.1, ""distance_km"": 1.0, ""empty_km"": 0.85, ""fuel_inr"": 0.01, ""risk"": 12.0, ""time_min"": 0.35, ""toll_inr"": 0.01}",CST_48011250D4FB,SCN_BASELINE,g1,False,1681,train,20260903,v0.1,hash_bucket
INS_67B087B6E522,5e373b324ca9a704,CIRCULAR_VRP,large,LOC_5AA457C919DB,Ludhiana,PB,43,14,TRK_017DA12B162E|TRK_A997FC00E0CF|TRK_8C037A0ADC54|TRK_EEB1DE456EE4|TRK_BCC966E673C0|TRK_B6CE07A71D80|TRK_5564246F7906|TRK_5136065E98CA|TRK_E260AFDFB21B|TRK_E9C76BCDE1E1|TRK_FB045E9F7F61|TRK_B7FB75BB3E0A|TRK_4A05F6B9B509|TRK_1C8C798F44C5,27990.0,420460.0,392155.0,True,True,False,True,"{""circular_bonus"": -1.1, ""distance_km"": 1.0, ""empty_km"": 0.85, ""fuel_inr"": 0.01, ""risk"": 12.0, ""time_min"": 0.35, ""toll_inr"": 0.01}",CST_48011250D4FB,SCN_BASELINE,g1,False,1936,train,20260903,v0.1,hash_bucket
INS_10CE82F15023,0a435beb1ddf08f0,CIRCULAR_VRP,small,LOC_3B372919B752,Karnal,HR,14,4,TRK_017DA12B162E|TRK_A997FC00E0CF|TRK_8C037A0ADC54|TRK_EEB1DE456EE4,31250.0,126170.0,93390.0,True,True,False,True,"{""circular_bonus"": -1.1, ""distance_km"": 1.0, ""empty_km"": 0.85, ""fuel_inr"": 0.01, ""risk"": 12.0, ""time_min"": 0.35, ""toll_inr"": 0.01}",CST_48011250D4FB,SCN_BASELINE,g1,False,225,test,20260903,v0.1,holdout_district
INS_16C582C67CD2,d42eaa0b1a46ea27,PDP,large,LOC_08E25919DCC7,Kanpur Dehat,UP,60,18,TRK_017DA12B162E|TRK_A997FC00E0CF|TRK_8C037A0ADC54|TRK_EEB1DE456EE4|TRK_BCC966E673C0|TRK_B6CE07A71D80|TRK_5564246F7906|TRK_5136065E98CA|TRK_E260AFDFB21B|TRK_E9C76BCDE1E1|TRK_FB045E9F7F61|TRK_B7FB75BB3E0A|TRK_4A05F6B9B509|TRK_1C8C798F44C5|TRK_8DC7FD5FF93A|TRK_7A91F5198B53|TRK_BEE1B756CA92|TRK_0331FB7CD37E,26610.0,529120.0,480580.0,True,False,True,True,"{""circular_bonus"": -1.1, ""distance_km"": 1.0, ""empty_km"": 0.85, ""fuel_inr"": 0.01, ""risk"": 12.0, ""time_min"": 0.35, ""toll_inr"": 0.01}",CST_48011250D4FB,SCN_BASELINE,g1,False,3721,validation,20260903,v0.1,hash_bucket
INS_FB9085A92677,cfc576273dcb2e49,VRPTW,medium,LOC_11A4C40B0A4F,Yamunanagar,HR,28,16,TRK_017DA12B162E|TRK_A997FC00E0CF|TRK_8C037A0ADC54|TRK_EEB1DE456EE4|TRK_BCC966E673C0|TRK_B6CE07A71D80|TRK_5564246F7906|TRK_5136065E98CA|TRK_E260AFDFB21B|TRK_E9C76BCDE1E1|TRK_FB045E9F7F61|TRK_B7FB75BB3E0A|TRK_4A05F6B9B509|TRK_1C8C798F44C5|TRK_8DC7FD5FF93A|TRK_7A91F5198B53,27170.0,475340.0,436860.0,True,True,False,False,"{""circular_bonus"": -1.1, ""distance_km"": 1.0, ""empty_km"": 0.85, ""fuel_inr"": 0.01, ""risk"": 12.0, ""time_min"": 0.35, ""toll_inr"": 0.01}",CST_48011250D4FB,SCN_BASELINE,g1,False,841,train,20260903,v0.1,hash_bucket
INS_89E1DA661FCD,4c2c81b9e1b58eb3,PDP,medium,LOC_B9CDAEAD5C72,Mainpuri,UP,24,5,TRK_017DA12B162E|TRK_A997FC00E0CF|TRK_8C037A0ADC54|TRK_EEB1DE456EE4|TRK_BCC966E673C0,30750.0,156920.0,108205.0,True,True,True,False,"{""circular_bonus"": -1.1, ""distance_km"": 1.0, ""empty_km"": 0.85, ""fuel_inr"": 0.01, ""risk"": 12.0, ""time_min"": 0.35, ""toll_inr"": 0.01}",CST_48011250D4FB,SCN_BASELINE,g1,False,625,validation,20260903,v0.1,hash_bucket
INS_6427CF1A94C3,3f1dfc71e1797b58,CIRCULAR_VRP,medium,LOC_BACB2642B5AD,Kurukshetra,HR,29,7,TRK_017DA12B162E|TRK_A997FC00E0CF|TRK_8C037A0ADC54|TRK_EEB1DE456EE4|TRK_BCC966E673C0|TRK_B6CE07A71D80|TRK_5564246F7906,30530.0,218040.0,177825.0,True,False,False,True,"{""circular_bonus"": -1.1, ""distance_km"": 1.0, ""empty_km"": 0.85, ""fuel_inr"": 0.01, ""risk"": 12.0, ""time_min"": 0.35, ""toll_inr"": 0.01}",CST_48011250D4FB,SCN_BASELINE,g1,False,900,validation,20260903,v0.1,hash_bucket
INS_25D0DC054C1A,c51f696aa2db50a7,PDP,medium,LOC_443EF0FB4E8C,Etawah,UP,16,5,TRK_017DA12B162E|TRK_A997FC00E0CF|TRK_8C037A0ADC54|TRK_EEB1DE456EE4|TRK_BCC966E673C0,30750.0,156920.0,109910.0,True,True,True,True,"{""circular_bonus"": -1.1, ""distance_km"": 1.0, ""empty_km"": 0.85, ""fuel_inr"": 0.01, ""risk"": 12.0, ""time_min"": 0.35, ""toll_inr"": 0.01}",CST_48011250D4FB,SCN_BASELINE,g1,False,289,validation,20260903,v0.1,hash_bucket
INS_E1B340999EB4,7c9ba71985998a94,CIRCULAR_VRP,small,LOC_2ECE587EC515,Hardoi,UP,14,4,TRK_017DA12B162E|TRK_A997FC00E0CF|TRK_8C037A0ADC54|TRK_EEB1DE456EE4,31250.0,126170.0,72170.0,True,True,False,True,"{""circular_bonus"": -1.1, ""distance_km"": 1.0, ""empty_km"": 0.85, ""fuel_inr"": 0.01, ""risk"": 12.0, ""time_min"": 0.35, ""toll_inr"": 0.01}",CST_48011250D4FB,SCN_BASELINE,g1,False,225,test,20260903,v0.1,hash_bucket
INS_732189BF462E,2a3039b36f9542be,VRPTW,medium,LOC_2E9E391564C2,Sonipat,HR,16,4,TRK_017DA12B162E|TRK_A997FC00E0CF|TRK_8C037A0ADC54|TRK_EEB1DE456EE4,31250.0,126170.0,89750.0,True,True,False,False,"{""circular_bonus"": -1.1, ""distance_km"": 1.0, ""empty_km"": 0.85, ""fuel_inr"": 0.01, ""risk"": 12.0, ""time_min"": 0.35, ""toll_inr"": 0.01}",CST_48011250D4FB,SCN_BASELINE,g1,False,289,train,20260903,v0.1,hash_bucket
INS_4A1973240313,f3cf824230613853,VRPTW,medium,LOC_EBC017604691,Mathura,UP,23,7,TRK_017DA12B162E|TRK_A997FC00E0CF|TRK_8C037A0ADC54|TRK_EEB1DE456EE4|TRK_BCC966E673C0|TRK_B6CE07A71D80|TRK_5564246F7906,30530.0,218040.0,178450.0,True,True,False,False,"{""circular_bonus"": -1.1, ""distance_km"": 1.0, ""empty_km"": 0.85, ""fuel_inr"": 0.01, ""risk"": 12.0, ""time_min"": 0.35, ""toll_inr"": 0.01}",CST_48011250D4FB,SCN_BASELINE,g1,False,576,train,20260903,v0.1,hash_bucket
INS_58CA01031B38,767d0fff6f41dabb,CIRCULAR_VRP,large,LOC_2275B2D35F85,Palwal,HR,58,15,TRK_017DA12B162E|TRK_A997FC00E0CF|TRK_8C037A0ADC54|TRK_EEB1DE456EE4|TRK_BCC966E673C0|TRK_B6CE07A71D80|TRK_5564246F7906|TRK_5136065E98CA|TRK_E260AFDFB21B|TRK_E9C76BCDE1E1|TRK_FB045E9F7F61|TRK_B7FB75BB3E0A|TRK_4A05F6B9B509|TRK_1C8C798F44C5|TRK_8DC7FD5FF93A,27710.0,448170.0,408420.0,True,True,False,True,"{""circular_bonus"": -1.1, ""distance_km"": 1.0, ""empty_km"": 0.85, ""fuel_inr"": 0.01, ""risk"": 12.0, ""time_min"": 0.35, ""toll_inr"": 0.01}",CST_48011250D4FB,SCN_BASELINE,g1,False,3481,train,20260903,v0.1,hash_bucket
INS_EFAC791D9939,e02b4041895ce818,CVRP,medium,LOC_EC1D3E4138DF,Amritsar,PB,16,8,TRK_017DA12B162E|TRK_A997FC00E0CF|TRK_8C037A0ADC54|TRK_EEB1DE456EE4|TRK_BCC966E673C0|TRK_B6CE07A71D80|TRK_5564246F7906|TRK_5136065E98CA,29770.0,247810.0,200820.0,True,False,False,False,"{""circular_bonus"": -1.1, ""distance_km"": 1.0, ""empty_km"": 0.85, ""fuel_inr"": 0.01, ""risk"": 12.0, ""time_min"": 0.35, ""toll_inr"": 0.01}",CST_48011250D4FB,SCN_BASELINE,g1,False,289,train,20260903,v0.1,hash_bucket
INS_127B22A0E0EE,6390fd66d437dc5e,CVRP,medium,LOC_2275B2D35F85,Palwal,HR,29,8,TRK_017DA12B162E|TRK_A997FC00E0CF|TRK_8C037A0ADC54|TRK_EEB1DE456EE4|TRK_BCC966E673C0|TRK_B6CE07A71D80|TRK_5564246F7906|TRK_5136065E98CA,29770.0,247810.0,209570.0,True,False,False,False,"{""circular_bonus"": -1.1, ""distance_km"": 1.0, ""empty_km"": 0.85, ""fuel_inr"": 0.01, ""risk"": 12.0, ""time_min"": 0.35, ""toll_inr"": 0.01}",CST_48011250D4FB,SCN_BASELINE,g1,False,900,test,20260903,v0.1,hash_bucket
INS_78A1A1C89E7C,01538bd83a245c3e,CIRCULAR_VRP,medium,LOC_11A4C40B0A4F,Yamunanagar,HR,21,10,TRK_017DA12B162E|TRK_A997FC00E0CF|TRK_8C037A0ADC54|TRK_EEB1DE456EE4|TRK_BCC966E673C0|TRK_B6CE07A71D80|TRK_5564246F7906|TRK_5136065E98CA|TRK_E260AFDFB21B|TRK_E9C76BCDE1E1,28950.0,306160.0,261570.0,True,True,False,True,"{""circular_bonus"": -1.1, ""distance_km"": 1.0, ""empty_km"": 0.85, ""fuel_inr"": 0.01, ""risk"": 12.0, ""time_min"": 0.35, ""toll_inr"": 0.01}",CST_48011250D4FB,SCN_BASELINE,g1,False,484,train,20260903,v0.1,hash_bucket
INS_0EF86E312EDF,8baf6df120d58034,PDP,small,LOC_03F06DD41C28,Malerkotla,PB,12,6,TRK_017DA12B162E|TRK_A997FC00E0CF|TRK_8C037A0ADC54|TRK_EEB1DE456EE4|TRK_BCC966E673C0|TRK_B6CE07A71D80,30590.0,187510.0,153110.0,True,True,True,False,"{""circular_bonus"": -1.1, ""distance_km"": 1.0, ""empty_km"": 0.85, ""fuel_inr"": 0.01, ""risk"": 12.0, ""time_min"": 0.35, ""toll_inr"": 0.01}",CST_48011250D4FB,SCN_BASELINE,g1,False,169,validation,20260903,v0.1,hash_bucket
INS_D14B939E6893,e0cc7344ab342b34,PDP,medium,LOC_190E748F376B,Barabanki,UP,24,8,TRK_017DA12B162E|TRK_A997FC00E0CF|TRK_8C037A0ADC54|TRK_EEB1DE456EE4|TRK_BCC966E673C0|TRK_B6CE07A71D80|TRK_5564246F7906|TRK_5136065E98CA,29770.0,247810.0,195290.0,True,False,True,True,"{""circular_bonus"": -1.1, ""distance_km"": 1.0, ""empty_km"": 0.85, ""fuel_inr"": 0.01, ""risk"": 12.0, ""time_min"": 0.35, ""toll_inr"": 0.01}",CST_48011250D4FB,SCN_BASELINE,g1,False,625,train,20260903,v0.1,hash_bucket
INS_1DE6A32B0E33,037b336b68a734dd,CIRCULAR_VRP,medium,LOC_B26FC239E19A,North Delhi,DL,15,13,TRK_017DA12B162E|TRK_A997FC00E0CF|TRK_8C037A0ADC54|TRK_EEB1DE456EE4|TRK_BCC966E673C0|TRK_B6CE07A71D80|TRK_5564246F7906|TRK_5136065E98CA|TRK_E260AFDFB21B|TRK_E9C76BCDE1E1|TRK_FB045E9F7F61|TRK_B7FB75BB3E0A|TRK_4A05F6B9B509,28580.0,392470.0,361750.0,True,True,False,True,"{""circular_bonus"": -1.1, ""distance_km"": 1.0, ""empty_km"": 0.85, ""fuel_inr"": 0.01, ""risk"": 12.0, ""time_min"": 0.35, ""toll_inr"": 0.01}",CST_48011250D4FB,SCN_BASELINE,g1,False,256,test,20260903,v0.1,hash_bucket
INS_A2264FA739A3,7d1e07a4edaa162a,PDP,small,LOC_AA53E75D54A9,Etah,UP,11,4,TRK_017DA12B162E|TRK_A997FC00E0CF|TRK_8C037A0ADC54|TRK_EEB1DE456EE4,31250.0,126170.0,75355.0,True,True,True,False,"{""circular_bonus"": -1.1, ""distance_km"": 1.0, ""empty_km"": 0.85, ""fuel_inr"": 0.01, ""risk"": 12.0, ""time_min"": 0.35, ""toll_inr"": 0.01}",CST_48011250D4FB,SCN_BASELINE,g1,False,144,validation,20260903,v0.1,hash_bucket
INS_B7F1E5D2769A,b19289dddde03dcb,PDP,medium,LOC_B01B9CC74597,Saharanpur,UP,16,5,TRK_017DA12B162E|TRK_A997FC00E0CF|TRK_8C037A0ADC54|TRK_EEB1DE456EE4|TRK_BCC966E673C0,30750.0,156920.0,106180.0,True,False,True,True,"{""circular_bonus"": -1.1, ""distance_km"": 1.0, ""empty_km"": 0.85, ""fuel_inr"": 0.01, ""risk"": 12.0, ""time_min"": 0.35, ""toll_inr"": 0.01}",CST_48011250D4FB,SCN_BASELINE,g1,False,289,train,20260903,v0.1,hash_bucket
INS_8F14F1BC33D1,19aa446b339ebc79,PDP,small,LOC_36B5B5F31C8D,Varanasi,UP,8,4,TRK_EEB1DE456EE4|TRK_2EC9632BD23F|TRK_4B9B485B6A6B|TRK_F129A970A76F,9320.0,83060.0,69740.0,True,True,True,True,"{""circular_bonus"": -1.1, ""distance_km"": 1.0, ""empty_km"": 0.85, ""fuel_inr"": 0.01, ""risk"": 12.0, ""time_min"": 0.35, ""toll_inr"": 0.01}",CST_48011250D4FB,SCN_BASELINE,g1,False,81,train,20260903,v0.1,hash_bucket
INS_3887270B3C57,8d58a209454c9de3,CVRP,small,LOC_2E423964E639,Agra,UP,12,5,TRK_017DA12B162E|TRK_A997FC00E0CF|TRK_8C037A0ADC54|TRK_EEB1DE456EE4|TRK_BCC966E673C0,30750.0,156920.0,116280.0,True,False,False,False,"{""circular_bonus"": -1.1, ""distance_km"": 1.0, ""empty_km"": 0.85, ""fuel_inr"": 0.01, ""risk"": 12.0, ""time_min"": 0.35, ""toll_inr"": 0.01}",CST_48011250D4FB,SCN_BASELINE,g1,False,169,validation,20260903,v0.1,hash_bucket
INS_C412874891F8,8c8e922c0ffec0aa,VRPTW,medium,LOC_190E748F376B,Barabanki,UP,17,7,TRK_017DA12B162E|TRK_A997FC00E0CF|TRK_8C037A0ADC54|TRK_EEB1DE456EE4|TRK_BCC966E673C0|TRK_B6CE07A71D80|TRK_5564246F7906,30530.0,218040.0,168960.0,True,True,False,False,"{""circular_bonus"": -1.1, ""distance_km"": 1.0, ""empty_km"": 0.85, ""fuel_inr"": 0.01, ""risk"": 12.0, ""time_min"": 0.35, ""toll_inr"": 0.01}",CST_48011250D4FB,SCN_BASELINE,g1,False,324,train,20260903,v0.1,hash_bucket
INS_5D62E481CEE7,009f7c28d1bde571,VRPTW,large,LOC_E9EE964E8CFE,South Delhi,DL,8,9,TRK_017DA12B162E|TRK_A997FC00E0CF|TRK_8C037A0ADC54|TRK_EEB1DE456EE4|TRK_BCC966E673C0|TRK_B6CE07A71D80|TRK_5564246F7906|TRK_5136065E98CA|TRK_E260AFDFB21B,29400.0,277210.0,240000.0,True,True,False,False,"{""circular_bonus"": -1.1, ""distance_km"": 1.0, ""empty_km"": 0.85, ""fuel_inr"": 0.01, ""risk"": 12.0, ""time_min"": 0.35, ""toll_inr"": 0.01}",CST_48011250D4FB,SCN_BASELINE,g1,False,81,train,20260903,v0.1,hash_bucket
INS_841613452DD5,15f8ac69754814e3,CIRCULAR_VRP,small,LOC_B0D713DFA81B,Ferozepur,PB,14,6,TRK_017DA12B162E|TRK_A997FC00E0CF|TRK_8C037A0ADC54|TRK_EEB1DE456EE4|TRK_BCC966E673C0|TRK_B6CE07A71D80,30590.0,187510.0,137900.0,True,True,False,True,"{""circular_bonus"": -1.1, ""distance_km"": 1.0, ""empty_km"": 0.85, ""fuel_inr"": 0.01, ""risk"": 12.0, ""time_min"": 0.35, ""toll_inr"": 0.01}",CST_48011250D4FB,SCN_BASELINE,g1,False,225,train,20260903,v0.1,hash_bucket
INS_C9975FFCCEED,f47204be29aee453,VRPTW,small,LOC_8E24E29DF84B,Hisar,HR,9,5,TRK_017DA12B162E|TRK_A997FC00E0CF|TRK_8C037A0ADC54|TRK_EEB1DE456EE4|TRK_BCC966E673C0,30750.0,156920.0,109680.0,True,True,False,False,"{""circular_bonus"": -1.1, ""distance_km"": 1.0, ""empty_km"": 0.85, ""fuel_inr"": 0.01, ""risk"": 12.0, ""time_min"": 0.35, ""toll_inr"": 0.01}",CST_48011250D4FB,SCN_BASELINE,g1,False,100,validation,20260903,v0.1,hash_bucket
INS_D9558DBC8A3F,0a52058a8a551b7d,CIRCULAR_VRP,medium,LOC_B26DA7992E56,Prayagraj,UP,21,6,TRK_017DA12B162E|TRK_A997FC00E0CF|TRK_8C037A0ADC54|TRK_EEB1DE456EE4|TRK_BCC966E673C0|TRK_B6CE07A71D80,30590.0,187510.0,146110.0,True,True,False,True,"{""circular_bonus"": -1.1, ""distance_km"": 1.0, ""empty_km"": 0.85, ""fuel_inr"": 0.01, ""risk"": 12.0, ""time_min"": 0.35, ""toll_inr"": 0.01}",CST_48011250D4FB,SCN_BASELINE,g1,False,484,train,20260903,v0.1,hash_bucket
INS_9652055A00D8,dcc0feb34d145040,VRPTW,small,LOC_5242BE7C01CE,Rewari,HR,11,4,TRK_017DA12B162E|TRK_A997FC00E0CF|TRK_8C037A0ADC54|TRK_EEB1DE456EE4,31250.0,126170.0,88130.0,True,True,False,False,"{""circular_bonus"": -1.1, ""distance_km"": 1.0, ""empty_km"": 0.85, ""fuel_inr"": 0.01, ""risk"": 12.0, ""time_min"": 0.35, ""toll_inr"": 0.01}",CST_48011250D4FB,SCN_BASELINE,g1,False,144,train,20260903,v0.1,hash_bucket
INS_D03DFA7AAD19,59b1a4fc3a17196f,VRPTW,small,LOC_27273A6A3299,Shamli,UP,14,6,TRK_017DA12B162E|TRK_A997FC00E0CF|TRK_8C037A0ADC54|TRK_EEB1DE456EE4|TRK_BCC966E673C0|TRK_B6CE07A71D80,30590.0,187510.0,146070.0,True,True,False,False,"{""circular_bonus"": -1.1, ""distance_km"": 1.0, ""empty_km"": 0.85, ""fuel_inr"": 0.01, ""risk"": 12.0, ""time_min"": 0.35, ""toll_inr"": 0.01}",CST_48011250D4FB,SCN_BASELINE,g1,False,225,train,20260903,v0.1,hash_bucket
INS_33F951C02EF6,b5a2407d0291b5da,CIRCULAR_VRP,small,LOC_BACB2642B5AD,Kurukshetra,HR,11,4,TRK_017DA12B162E|TRK_A997FC00E0CF|TRK_8C037A0ADC54|TRK_EEB1DE456EE4,31250.0,126170.0,76270.0,True,False,False,True,"{""circular_bonus"": -1.1, ""distance_km"": 1.0, ""empty_km"": 0.85, ""fuel_inr"": 0.01, ""risk"": 12.0, ""time_min"": 0.35, ""toll_inr"": 0.01}",CST_48011250D4FB,SCN_BASELINE,g1,False,144,train,20260903,v0.1,hash_bucket
INS_617F9CB3EDE9,dd3583f32a210cfd,CVRP,medium,LOC_2275B2D35F85,Palwal,HR,20,5,TRK_017DA12B162E|TRK_A997FC00E0CF|TRK_8C037A0ADC54|TRK_EEB1DE456EE4|TRK_BCC966E673C0,30750.0,156920.0,125490.0,True,False,False,False,"{""circular_bonus"": -1.1, ""distance_km"": 1.0, ""empty_km"": 0.85, ""fuel_inr"": 0.01, ""risk"": 12.0, ""time_min"": 0.35, ""toll_inr"": 0.01}",CST_48011250D4FB,SCN_BASELINE,g1,False,441,train,20260903,v0.1,hash_bucket
INS_04CEA5268F80,f1649fe87a9b488b,PDP,large,LOC_5242BE7C01CE,Rewari,HR,55,25,TRK_017DA12B162E|TRK_A997FC00E0CF|TRK_8C037A0ADC54|TRK_EEB1DE456EE4|TRK_BCC966E673C0|TRK_B6CE07A71D80|TRK_5564246F7906|TRK_5136065E98CA|TRK_E260AFDFB21B|TRK_E9C76BCDE1E1|TRK_FB045E9F7F61|TRK_B7FB75BB3E0A|TRK_4A05F6B9B509|TRK_1C8C798F44C5|TRK_8DC7FD5FF93A|TRK_7A91F5198B53|TRK_BEE1B756CA92|TRK_0331FB7CD37E|TRK_EEA8DB00B33D|TRK_3A519CFB8F0F|TRK_8C842CC0A407|TRK_1A09343A6FAC|TRK_3F175C42FEAA|TRK_2EC9632BD23F|TRK_EA0BF86B0239,24700.0,708400.0,705990.0,True,False,True,False,"{""circular_bonus"": -1.1, ""distance_km"": 1.0, ""empty_km"": 0.85, ""fuel_inr"": 0.01, ""risk"": 12.0, ""time_min"": 0.35, ""toll_inr"": 0.01}",CST_48011250D4FB,SCN_BASELINE,g1,False,3136,train,20260903,v0.1,hash_bucket
INS_A4EB08BB2F75,2718e8c0546385f5,PDP,small,LOC_BF1D141289ED,Hoshiarpur,PB,13,5,TRK_017DA12B162E|TRK_A997FC00E0CF|TRK_8C037A0ADC54|TRK_EEB1DE456EE4|TRK_BCC966E673C0,30750.0,156920.0,100260.0,True,True,True,True,"{""circular_bonus"": -1.1, ""distance_km"": 1.0, ""empty_km"": 0.85, ""fuel_inr"": 0.01, ""risk"": 12.0, ""time_min"": 0.35, ""toll_inr"": 0.01}",CST_48011250D4FB,SCN_BASELINE,g1,False,196,train,20260903,v0.1,hash_bucket
INS_6A9F450F5E60,89f5a4d4e1759716,PDP,medium,LOC_0B27B307A77E,Panipat,HR,20,10,TRK_017DA12B162E|TRK_A997FC00E0CF|TRK_8C037A0ADC54|TRK_EEB1DE456EE4|TRK_BCC966E673C0|TRK_B6CE07A71D80|TRK_5564246F7906|TRK_5136065E98CA|TRK_E260AFDFB21B|TRK_E9C76BCDE1E1,28950.0,306160.0,264860.0,True,False,True,True,"{""circular_bonus"": -1.1, ""distance_km"": 1.0, ""empty_km"": 0.85, ""fuel_inr"": 0.01, ""risk"": 12.0, ""time_min"": 0.35, ""toll_inr"": 0.01}",CST_48011250D4FB,SCN_BASELINE,g1,False,441,validation,20260903,v0.1,hash_bucket
INS_0A53911D56C2,12e5dcc8027bebe8,PDP,large,LOC_B890897F9CCC,Kapurthala,PB,32,16,TRK_017DA12B162E|TRK_A997FC00E0CF|TRK_8C037A0ADC54|TRK_EEB1DE456EE4|TRK_BCC966E673C0|TRK_B6CE07A71D80|TRK_5564246F7906|TRK_5136065E98CA|TRK_E260AFDFB21B|TRK_E9C76BCDE1E1|TRK_FB045E9F7F61|TRK_B7FB75BB3E0A|TRK_4A05F6B9B509|TRK_1C8C798F44C5|TRK_8DC7FD5FF93A|TRK_7A91F5198B53,27170.0,475340.0,442630.0,True,True,True,False,"{""circular_bonus"": -1.1, ""distance_km"": 1.0, ""empty_km"": 0.85, ""fuel_inr"": 0.01, ""risk"": 12.0, ""time_min"": 0.35, ""toll_inr"": 0.01}",CST_48011250D4FB,SCN_BASELINE,g1,False,1089,validation,20260903,v0.1,hash_bucket
INS_59103ABA58CF,80015f9ee6f35f6b,PDP,small,LOC_5D316714188F,Faridabad,HR,13,9,TRK_017DA12B162E|TRK_A997FC00E0CF|TRK_8C037A0ADC54|TRK_EEB1DE456EE4|TRK_BCC966E673C0|TRK_B6CE07A71D80|TRK_5564246F7906|TRK_5136065E98CA|TRK_E260AFDFB21B,29400.0,277210.0,226150.0,True,True,True,False,"{""circular_bonus"": -1.1, ""distance_km"": 1.0, ""empty_km"": 0.85, ""fuel_inr"": 0.01, ""risk"": 12.0, ""time_min"": 0.35, ""toll_inr"": 0.01}",CST_48011250D4FB,SCN_BASELINE,g1,False,196,train,20260903,v0.1,hash_bucket
INS_E2AE75A1E1A8,a15f2896afa7e6a2,CIRCULAR_VRP,small,LOC_D49CDCEB7AF7,Charkhi Dadri,HR,8,3,TRK_017DA12B162E|TRK_A997FC00E0CF|TRK_8C037A0ADC54,31430.0,94920.0,53740.0,True,False,False,True,"{""circular_bonus"": -1.1, ""distance_km"": 1.0, ""empty_km"": 0.85, ""fuel_inr"": 0.01, ""risk"": 12.0, ""time_min"": 0.35, ""toll_inr"": 0.01}",CST_48011250D4FB,SCN_BASELINE,g1,False,81,train,20260903,v0.1,hash_bucket
INS_AA9EE79AB667,bccaf4898b216e86,PDP,small,LOC_2ECE587EC515,Hardoi,UP,13,4,TRK_017DA12B162E|TRK_A997FC00E0CF|TRK_8C037A0ADC54|TRK_EEB1DE456EE4,31250.0,126170.0,91420.0,True,True,True,False,"{""circular_bonus"": -1.1, ""distance_km"": 1.0, ""empty_km"": 0.85, ""fuel_inr"": 0.01, ""risk"": 12.0, ""time_min"": 0.35, ""toll_inr"": 0.01}",CST_48011250D4FB,SCN_BASELINE,g1,False,196,train,20260903,v0.1,hash_bucket
INS_B82667F5232B,0684c4d75a3df607,CIRCULAR_VRP,small,LOC_BF1D141289ED,Hoshiarpur,PB,13,5,TRK_017DA12B162E|TRK_A997FC00E0CF|TRK_8C037A0ADC54|TRK_EEB1DE456EE4|TRK_BCC966E673C0,30750.0,156920.0,114460.0,True,False,False,True,"{""circular_bonus"": -1.1, ""distance_km"": 1.0, ""empty_km"": 0.85, ""fuel_inr"": 0.01, ""risk"": 12.0, ""time_min"": 0.35, ""toll_inr"": 0.01}",CST_48011250D4FB,SCN_BASELINE,g1,False,196,train,20260903,v0.1,hash_bucket
INS_D4B4CF052311,bfb7394dadc20391,PDP,small,LOC_AB3DB4CE53FF,Gurdaspur,PB,8,3,TRK_017DA12B162E|TRK_A997FC00E0CF|TRK_8C037A0ADC54,31430.0,94920.0,53475.0,True,True,True,False,"{""circular_bonus"": -1.1, ""distance_km"": 1.0, ""empty_km"": 0.85, ""fuel_inr"": 0.01, ""risk"": 12.0, ""time_min"": 0.35, ""toll_inr"": 0.01}",CST_48011250D4FB,SCN_BASELINE,g1,False,81,validation,20260903,v0.1,hash_bucket
INS_9F798CC7FF78,f7e0cbf5cfd170ae,PDP,small,LOC_B56ABDBA32E2,Aligarh,UP,11,5,TRK_017DA12B162E|TRK_A997FC00E0CF|TRK_8C037A0ADC54|TRK_EEB1DE456EE4|TRK_BCC966E673C0,30750.0,156920.0,108710.0,True,False,True,True,"{""circular_bonus"": -1.1, ""distance_km"": 1.0, ""empty_km"": 0.85, ""fuel_inr"": 0.01, ""risk"": 12.0, ""time_min"": 0.35, ""toll_inr"": 0.01}",CST_48011250D4FB,SCN_BASELINE,g1,False,144,test,20260903,v0.1,hash_bucket
INS_567454835B9E,47fc599ca3ddbd87,PDP,medium,LOC_2E9E391564C2,Sonipat,HR,17,7,TRK_017DA12B162E|TRK_A997FC00E0CF|TRK_8C037A0ADC54|TRK_EEB1DE456EE4|TRK_BCC966E673C0|TRK_B6CE07A71D80|TRK_5564246F7906,30530.0,218040.0,185180.0,True,True,True,True,"{""circular_bonus"": -1.1, ""distance_km"": 1.0, ""empty_km"": 0.85, ""fuel_inr"": 0.01, ""risk"": 12.0, ""time_min"": 0.35, ""toll_inr"": 0.01}",CST_48011250D4FB,SCN_BASELINE,g1,False,324,train,20260903,v0.1,hash_bucket
INS_3033802838A8,f2b50ffb0feaf192,PDP,small,LOC_E71843C35AC6,Bijnor,UP,12,4,TRK_017DA12B162E|TRK_A997FC00E0CF|TRK_8C037A0ADC54|TRK_EEB1DE456EE4,31250.0,126170.0,92960.0,True,True,True,False,"{""circular_bonus"": -1.1, ""distance_km"": 1.0, ""empty_km"": 0.85, ""fuel_inr"": 0.01, ""risk"": 12.0, ""time_min"": 0.35, ""toll_inr"": 0.01}",CST_48011250D4FB,SCN_BASELINE,g1,False,169,train,20260903,v0.1,hash_bucket
INS_F21B0DF515D8,ce77b46685b631a0,VRPTW,small,LOC_EE8F1CF00ECF,Bhiwani,HR,11,7,TRK_017DA12B162E|TRK_A997FC00E0CF|TRK_8C037A0ADC54|TRK_EEB1DE456EE4|TRK_BCC966E673C0|TRK_B6CE07A71D80|TRK_5564246F7906,30530.0,218040.0,172870.0,True,True,False,False,"{""circular_bonus"": -1.1, ""distance_km"": 1.0, ""empty_km"": 0.85, ""fuel_inr"": 0.01, ""risk"": 12.0, ""time_min"": 0.35, ""toll_inr"": 0.01}",CST_48011250D4FB,SCN_BASELINE,g1,False,144,train,20260903,v0.1,hash_bucket
INS_D103DB8F5BA5,95a90e1983b1f435,CIRCULAR_VRP,medium,LOC_190E748F376B,Barabanki,UP,25,9,TRK_017DA12B162E|TRK_A997FC00E0CF|TRK_8C037A0ADC54|TRK_EEB1DE456EE4|TRK_BCC966E673C0|TRK_B6CE07A71D80|TRK_5564246F7906|TRK_5136065E98CA|TRK_E260AFDFB21B,29400.0,277210.0,218850.0,True,True,False,True,"{""circular_bonus"": -1.1, ""distance_km"": 1.0, ""empty_km"": 0.85, ""fuel_inr"": 0.01, ""risk"": 12.0, ""time_min"": 0.35, ""toll_inr"": 0.01}",CST_48011250D4FB,SCN_BASELINE,g1,False,676,train,20260903,v0.1,hash_bucket
INS_CDCCA87E0CDD,03d3a3ab293c60f1,CVRP,medium,LOC_5242BE7C01CE,Rewari,HR,17,6,TRK_017DA12B162E|TRK_A997FC00E0CF|TRK_8C037A0ADC54|TRK_EEB1DE456EE4|TRK_BCC966E673C0|TRK_B6CE07A71D80,30590.0,187510.0,156220.0,True,False,False,False,"{""circular_bonus"": -1.1, ""distance_km"": 1.0, ""empty_km"": 0.85, ""fuel_inr"": 0.01, ""risk"": 12.0, ""time_min"": 0.35, ""toll_inr"": 0.01}",CST_48011250D4FB,SCN_BASELINE,g1,False,324,train,20260903,v0.1,hash_bucket
INS_CCDBA9353F4D,6a7bbc62315ab0d5,VRPTW,medium,LOC_D24D73F16033,Meerut,UP,29,14,TRK_017DA12B162E|TRK_A997FC00E0CF|TRK_8C037A0ADC54|TRK_EEB1DE456EE4|TRK_BCC966E673C0|TRK_B6CE07A71D80|TRK_5564246F7906|TRK_5136065E98CA|TRK_E260AFDFB21B|TRK_E9C76BCDE1E1|TRK_FB045E9F7F61|TRK_B7FB75BB3E0A|TRK_4A05F6B9B509|TRK_1C8C798F44C5,27990.0,420460.0,386070.0,True,True,False,False,"{""circular_bonus"": -1.1, ""distance_km"": 1.0, ""empty_km"": 0.85, ""fuel_inr"": 0.01, ""risk"": 12.0, ""time_min"": 0.35, ""toll_inr"": 0.01}",CST_48011250D4FB,SCN_BASELINE,g1,False,900,train,20260903,v0.1,hash_bucket
INS_607D334BF4BF,b8df063037fc3606,CIRCULAR_VRP,medium,LOC_B01B9CC74597,Saharanpur,UP,23,6,TRK_017DA12B162E|TRK_A997FC00E0CF|TRK_8C037A0ADC54|TRK_EEB1DE456EE4|TRK_BCC966E673C0|TRK_B6CE07A71D80,30590.0,187510.0,138800.0,True,True,False,True,"{""circular_bonus"": -1.1, ""distance_km"": 1.0, ""empty_km"": 0.85, ""fuel_inr"": 0.01, ""risk"": 12.0, ""time_min"": 0.35, ""toll_inr"": 0.01}",CST_48011250D4FB,SCN_BASELINE,g1,False,576,train,20260903,v0.1,hash_bucket
INS_EB382D90675B,1635782ee56eaef7,VRPTW,medium,LOC_EE8F1CF00ECF,Bhiwani,HR,25,11,TRK_017DA12B162E|TRK_A997FC00E0CF|TRK_8C037A0ADC54|TRK_EEB1DE456EE4|TRK_BCC966E673C0|TRK_B6CE07A71D80|TRK_5564246F7906|TRK_5136065E98CA|TRK_E260AFDFB21B|TRK_E9C76BCDE1E1|TRK_FB045E9F7F61,28890.0,335050.0,302060.0,True,True,False,False,"{""circular_bonus"": -1.1, ""distance_km"": 1.0, ""empty_km"": 0.85, ""fuel_inr"": 0.01, ""risk"": 12.0, ""time_min"": 0.35, ""toll_inr"": 0.01}",CST_48011250D4FB,SCN_BASELINE,g1,False,676,validation,20260903,v0.1,hash_bucket
INS_A9C9D444BFD8,8d15e4e0bfd36fb1,PDP,medium,LOC_5242BE7C01CE,Rewari,HR,30,18,TRK_017DA12B162E|TRK_A997FC00E0CF|TRK_8C037A0ADC54|TRK_EEB1DE456EE4|TRK_BCC966E673C0|TRK_B6CE07A71D80|TRK_5564246F7906|TRK_5136065E98CA|TRK_E260AFDFB21B|TRK_E9C76BCDE1E1|TRK_FB045E9F7F61|TRK_B7FB75BB3E0A|TRK_4A05F6B9B509|TRK_1C8C798F44C5|TRK_8DC7FD5FF93A|TRK_7A91F5198B53|TRK_BEE1B756CA92|TRK_0331FB7CD37E,26610.0,529120.0,478580.0,True,True,True,False,"{""circular_bonus"": -1.1, ""distance_km"": 1.0, ""empty_km"": 0.85, ""fuel_inr"": 0.01, ""risk"": 12.0, ""time_min"": 0.35, ""toll_inr"": 0.01}",CST_48011250D4FB,SCN_BASELINE,g1,False,961,train,20260903,v0.1,hash_bucket
INS_666B1A7E076B,1c973b7c19cc52fc,VRPTW,small,LOC_2B9C182E1BB7,Panchkula,HR,14,6,TRK_017DA12B162E|TRK_A997FC00E0CF|TRK_8C037A0ADC54|TRK_EEB1DE456EE4|TRK_BCC966E673C0|TRK_B6CE07A71D80,30590.0,187510.0,149270.0,True,True,False,False,"{""circular_bonus"": -1.1, ""distance_km"": 1.0, ""empty_km"": 0.85, ""fuel_inr"": 0.01, ""risk"": 12.0, ""time_min"": 0.35, ""toll_inr"": 0.01}",CST_48011250D4FB,SCN_BASELINE,g1,False,225,train,20260903,v0.1,hash_bucket
INS_55886E7D66C9,39fb314780be28a7,VRPTW,medium,LOC_B39E76DCD93F,Nuh,HR,21,6,TRK_017DA12B162E|TRK_A997FC00E0CF|TRK_8C037A0ADC54|TRK_EEB1DE456EE4|TRK_BCC966E673C0|TRK_B6CE07A71D80,30590.0,187510.0,141260.0,True,True,False,False,"{""circular_bonus"": -1.1, ""distance_km"": 1.0, ""empty_km"": 0.85, ""fuel_inr"": 0.01, ""risk"": 12.0, ""time_min"": 0.35, ""toll_inr"": 0.01}",CST_48011250D4FB,SCN_BASELINE,g1,False,484,train,20260903,v0.1,hash_bucket
INS_F5A7E0564533,524fd9646a1d15e0,VRPTW,small,LOC_CF065FE8EBAB,Gautam Buddha Nagar,UP,14,11,TRK_017DA12B162E|TRK_A997FC00E0CF|TRK_8C037A0ADC54|TRK_EEB1DE456EE4|TRK_BCC966E673C0|TRK_B6CE07A71D80|TRK_5564246F7906|TRK_5136065E98CA|TRK_E260AFDFB21B|TRK_E9C76BCDE1E1|TRK_FB045E9F7F61,28890.0,335050.0,277830.0,True,True,False,False,"{""circular_bonus"": -1.1, ""distance_km"": 1.0, ""empty_km"": 0.85, ""fuel_inr"": 0.01, ""risk"": 12.0, ""time_min"": 0.35, ""toll_inr"": 0.01}",CST_48011250D4FB,SCN_BASELINE,g1,False,225,train,20260903,v0.1,hash_bucket
INS_690868E74826,baabf8195e9145a8,PDP,small,LOC_36B5B5F31C8D,Varanasi,UP,9,8,TRK_EEB1DE456EE4|TRK_2EC9632BD23F|TRK_4B9B485B6A6B|TRK_F129A970A76F|TRK_6F7B962D8029|TRK_493D005A7980|TRK_1ADF63AC033E|TRK_8E966DCB684A,2910.0,110460.0,107000.0,True,True,True,False,"{""circular_bonus"": -1.1, ""distance_km"": 1.0, ""empty_km"": 0.85, ""fuel_inr"": 0.01, ""risk"": 12.0, ""time_min"": 0.35, ""toll_inr"": 0.01}",CST_48011250D4FB,SCN_BASELINE,g1,False,100,train,20260903,v0.1,hash_bucket
INS_CC9BD09CDB00,87823b30b2b0c9aa,CIRCULAR_VRP,small,LOC_03F06DD41C28,Malerkotla,PB,14,7,TRK_017DA12B162E|TRK_A997FC00E0CF|TRK_8C037A0ADC54|TRK_EEB1DE456EE4|TRK_BCC966E673C0|TRK_B6CE07A71D80|TRK_5564246F7906,30530.0,218040.0,182770.0,True,True,False,True,"{""circular_bonus"": -1.1, ""distance_km"": 1.0, ""empty_km"": 0.85, ""fuel_inr"": 0.01, ""risk"": 12.0, ""time_min"": 0.35, ""toll_inr"": 0.01}",CST_48011250D4FB,SCN_BASELINE,g1,False,225,validation,20260903,v0.1,hash_bucket
INS_31510C2377D7,f58bb5c3cecdfc3b,CIRCULAR_VRP,medium,LOC_C58F1767A842,Barnala,PB,29,6,TRK_017DA12B162E|TRK_A997FC00E0CF|TRK_8C037A0ADC54|TRK_EEB1DE456EE4|TRK_BCC966E673C0|TRK_B6CE07A71D80,30590.0,187510.0,156445.0,True,True,False,True,"{""circular_bonus"": -1.1, ""distance_km"": 1.0, ""empty_km"": 0.85, ""fuel_inr"": 0.01, ""risk"": 12.0, ""time_min"": 0.35, ""toll_inr"": 0.01}",CST_48011250D4FB,SCN_BASELINE,g1,False,900,train,20260903,v0.1,hash_bucket
INS_FD1E55BD1811,02f407c05bbf27dc,VRPTW,medium,LOC_6042150B38E7,Rohtak,HR,21,13,TRK_017DA12B162E|TRK_A997FC00E0CF|TRK_8C037A0ADC54|TRK_EEB1DE456EE4|TRK_BCC966E673C0|TRK_B6CE07A71D80|TRK_5564246F7906|TRK_5136065E98CA|TRK_E260AFDFB21B|TRK_E9C76BCDE1E1|TRK_FB045E9F7F61|TRK_B7FB75BB3E0A|TRK_4A05F6B9B509,28580.0,392470.0,348140.0,True,True,False,False,"{""circular_bonus"": -1.1, ""distance_km"": 1.0, ""empty_km"": 0.85, ""fuel_inr"": 0.01, ""risk"": 12.0, ""time_min"": 0.35, ""toll_inr"": 0.01}",CST_48011250D4FB,SCN_BASELINE,g1,False,484,train,20260903,v0.1,hash_bucket
INS_35A66305BDEC,54dd9782a6eef195,CIRCULAR_VRP,small,LOC_190E748F376B,Barabanki,UP,11,4,TRK_017DA12B162E|TRK_A997FC00E0CF|TRK_8C037A0ADC54|TRK_EEB1DE456EE4,31250.0,126170.0,84455.0,True,True,False,True,"{""circular_bonus"": -1.1, ""distance_km"": 1.0, ""empty_km"": 0.85, ""fuel_inr"": 0.01, ""risk"": 12.0, ""time_min"": 0.35, ""toll_inr"": 0.01}",CST_48011250D4FB,SCN_BASELINE,g1,False,144,test,20260903,v0.1,hash_bucket
INS_FC5FB58B0362,a19b90552015e9c1,CIRCULAR_VRP,large,LOC_5242BE7C01CE,Rewari,HR,53,22,TRK_017DA12B162E|TRK_A997FC00E0CF|TRK_8C037A0ADC54|TRK_EEB1DE456EE4|TRK_BCC966E673C0|TRK_B6CE07A71D80|TRK_5564246F7906|TRK_5136065E98CA|TRK_E260AFDFB21B|TRK_E9C76BCDE1E1|TRK_FB045E9F7F61|TRK_B7FB75BB3E0A|TRK_4A05F6B9B509|TRK_1C8C798F44C5|TRK_8DC7FD5FF93A|TRK_7A91F5198B53|TRK_BEE1B756CA92|TRK_0331FB7CD37E|TRK_EEA8DB00B33D|TRK_3A519CFB8F0F|TRK_8C842CC0A407|TRK_1A09343A6FAC,25770.0,633370.0,592700.0,True,False,False,True,"{""circular_bonus"": -1.1, ""distance_km"": 1.0, ""empty_km"": 0.85, ""fuel_inr"": 0.01, ""risk"": 12.0, ""time_min"": 0.35, ""toll_inr"": 0.01}",CST_48011250D4FB,SCN_BASELINE,g1,False,2916,train,20260903,v0.1,hash_bucket
INS_474508BE17E1,0ce48cdbad1e038c,CIRCULAR_VRP,large,LOC_08E25919DCC7,Kanpur Dehat,UP,46,13,TRK_017DA12B162E|TRK_A997FC00E0CF|TRK_8C037A0ADC54|TRK_EEB1DE456EE4|TRK_BCC966E673C0|TRK_B6CE07A71D80|TRK_5564246F7906|TRK_5136065E98CA|TRK_E260AFDFB21B|TRK_E9C76BCDE1E1|TRK_FB045E9F7F61|TRK_B7FB75BB3E0A|TRK_4A05F6B9B509,28580.0,392470.0,357870.0,True,False,False,True,"{""circular_bonus"": -1.1, ""distance_km"": 1.0, ""empty_km"": 0.85, ""fuel_inr"": 0.01, ""risk"": 12.0, ""time_min"": 0.35, ""toll_inr"": 0.01}",CST_48011250D4FB,SCN_BASELINE,g1,False,2209,train,20260903,v0.1,hash_bucket
INS_FD9490EC7DB6,0b68d2b7c5dd096d,PDP,medium,LOC_11A4C40B0A4F,Yamunanagar,HR,29,17,TRK_017DA12B162E|TRK_A997FC00E0CF|TRK_8C037A0ADC54|TRK_EEB1DE456EE4|TRK_BCC966E673C0|TRK_B6CE07A71D80|TRK_5564246F7906|TRK_5136065E98CA|TRK_E260AFDFB21B|TRK_E9C76BCDE1E1|TRK_FB045E9F7F61|TRK_B7FB75BB3E0A|TRK_4A05F6B9B509|TRK_1C8C798F44C5|TRK_8DC7FD5FF93A|TRK_7A91F5198B53|TRK_BEE1B756CA92,27170.0,502510.0,458710.0,True,False,True,False,"{""circular_bonus"": -1.1, ""distance_km"": 1.0, ""empty_km"": 0.85, ""fuel_inr"": 0.01, ""risk"": 12.0, ""time_min"": 0.35, ""toll_inr"": 0.01}",CST_48011250D4FB,SCN_BASELINE,g1,False,900,train,20260903,v0.1,hash_bucket
INS_F111D5CC5787,9fa75382615da7a1,CVRP,small,LOC_03F06DD41C28,Malerkotla,PB,14,4,TRK_FFF0E16B86EA|TRK_4F30A739ED08|TRK_07C89818BEEF|TRK_82D080DA4394,1380.0,46770.0,41680.0,True,False,False,False,"{""circular_bonus"": -1.1, ""distance_km"": 1.0, ""empty_km"": 0.85, ""fuel_inr"": 0.01, ""risk"": 12.0, ""time_min"": 0.35, ""toll_inr"": 0.01}",CST_48011250D4FB,SCN_BASELINE,g1,False,225,train,20260903,v0.1,hash_bucket
INS_3221E789852C,3bfbdd2d27bc2bf7,PDP,small,LOC_6B9FA168B682,Firozabad,UP,9,5,TRK_017DA12B162E|TRK_A997FC00E0CF|TRK_8C037A0ADC54|TRK_EEB1DE456EE4|TRK_BCC966E673C0,30750.0,156920.0,116810.0,True,True,True,False,"{""circular_bonus"": -1.1, ""distance_km"": 1.0, ""empty_km"": 0.85, ""fuel_inr"": 0.01, ""risk"": 12.0, ""time_min"": 0.35, ""toll_inr"": 0.01}",CST_48011250D4FB,SCN_BASELINE,g1,False,100,test,20260903,v0.1,hash_bucket
INS_984F0A997831,009f7c28d1bde571,CIRCULAR_VRP,medium,LOC_E9EE964E8CFE,South Delhi,DL,8,9,TRK_017DA12B162E|TRK_A997FC00E0CF|TRK_8C037A0ADC54|TRK_EEB1DE456EE4|TRK_BCC966E673C0|TRK_B6CE07A71D80|TRK_5564246F7906|TRK_5136065E98CA|TRK_E260AFDFB21B,29400.0,277210.0,240000.0,True,True,False,True,"{""circular_bonus"": -1.1, ""distance_km"": 1.0, ""empty_km"": 0.85, ""fuel_inr"": 0.01, ""risk"": 12.0, ""time_min"": 0.35, ""toll_inr"": 0.01}",CST_48011250D4FB,SCN_BASELINE,g1,False,81,train,20260903,v0.1,hash_bucket
INS_C540C031064D,4db7adccbce7fcc9,CVRP,medium,LOC_D49CDCEB7AF7,Charkhi Dadri,HR,20,7,TRK_017DA12B162E|TRK_A997FC00E0CF|TRK_8C037A0ADC54|TRK_EEB1DE456EE4|TRK_BCC966E673C0|TRK_B6CE07A71D80|TRK_5564246F7906,30530.0,218040.0,175340.0,True,False,False,False,"{""circular_bonus"": -1.1, ""distance_km"": 1.0, ""empty_km"": 0.85, ""fuel_inr"": 0.01, ""risk"": 12.0, ""time_min"": 0.35, ""toll_inr"": 0.01}",CST_48011250D4FB,SCN_BASELINE,g1,False,441,validation,20260903,v0.1,hash_bucket
INS_8A4C91E44CB9,ba89cc5ec3a724b3,CIRCULAR_VRP,small,LOC_AFF866260256,Moradabad,UP,11,6,TRK_017DA12B162E|TRK_A997FC00E0CF|TRK_8C037A0ADC54|TRK_EEB1DE456EE4|TRK_BCC966E673C0|TRK_B6CE07A71D80,30590.0,187510.0,128390.0,True,True,False,True,"{""circular_bonus"": -1.1, ""distance_km"": 1.0, ""empty_km"": 0.85, ""fuel_inr"": 0.01, ""risk"": 12.0, ""time_min"": 0.35, ""toll_inr"": 0.01}",CST_48011250D4FB,SCN_BASELINE,g1,False,144,train,20260903,v0.1,hash_bucket
INS_23A75176BA03,b04371cced4bf75b,CIRCULAR_VRP,medium,LOC_796345940EEC,Budaun,UP,16,6,TRK_017DA12B162E|TRK_A997FC00E0CF|TRK_8C037A0ADC54|TRK_EEB1DE456EE4|TRK_BCC966E673C0|TRK_B6CE07A71D80,30590.0,187510.0,141190.0,True,False,False,True,"{""circular_bonus"": -1.1, ""distance_km"": 1.0, ""empty_km"": 0.85, ""fuel_inr"": 0.01, ""risk"": 12.0, ""time_min"": 0.35, ""toll_inr"": 0.01}",CST_48011250D4FB,SCN_BASELINE,g1,False,289,train,20260903,v0.1,hash_bucket
INS_A32ADB2F75E3,965d35589711bfa4,CVRP,large,LOC_0D7AAF851D69,Tarn Taran,PB,49,11,TRK_017DA12B162E|TRK_A997FC00E0CF|TRK_8C037A0ADC54|TRK_EEB1DE456EE4|TRK_BCC966E673C0|TRK_B6CE07A71D80|TRK_5564246F7906|TRK_5136065E98CA|TRK_E260AFDFB21B|TRK_E9C76BCDE1E1|TRK_FB045E9F7F61,28890.0,335050.0,286300.0,True,False,False,False,"{""circular_bonus"": -1.1, ""distance_km"": 1.0, ""empty_km"": 0.85, ""fuel_inr"": 0.01, ""risk"": 12.0, ""time_min"": 0.35, ""toll_inr"": 0.01}",CST_48011250D4FB,SCN_BASELINE,g1,False,2500,train,20260903,v0.1,hash_bucket
INS_C1548C07191D,661387ed911c55a2,CIRCULAR_VRP,medium,LOC_4E618897659A,Hathras,UP,30,8,TRK_017DA12B162E|TRK_A997FC00E0CF|TRK_8C037A0ADC54|TRK_EEB1DE456EE4|TRK_BCC966E673C0|TRK_B6CE07A71D80|TRK_5564246F7906|TRK_5136065E98CA,29770.0,247810.0,204925.0,True,True,False,True,"{""circular_bonus"": -1.1, ""distance_km"": 1.0, ""empty_km"": 0.85, ""fuel_inr"": 0.01, ""risk"": 12.0, ""time_min"": 0.35, ""toll_inr"": 0.01}",CST_48011250D4FB,SCN_BASELINE,g1,False,961,train,20260903,v0.1,hash_bucket
INS_15DB58383023,4669a1fd976dca14,CIRCULAR_VRP,small,LOC_0F3D188854D6,Amroha,UP,10,5,TRK_017DA12B162E|TRK_A997FC00E0CF|TRK_8C037A0ADC54|TRK_EEB1DE456EE4|TRK_BCC966E673C0,30750.0,156920.0,103330.0,True,True,False,True,"{""circular_bonus"": -1.1, ""distance_km"": 1.0, ""empty_km"": 0.85, ""fuel_inr"": 0.01, ""risk"": 12.0, ""time_min"": 0.35, ""toll_inr"": 0.01}",CST_48011250D4FB,SCN_BASELINE,g1,False,121,test,20260903,v0.1,hash_bucket
INS_E607B17078F5,9fc81f8b6227962e,CIRCULAR_VRP,small,LOC_AD745A3946E4,Unnao,UP,12,7,TRK_017DA12B162E|TRK_A997FC00E0CF|TRK_8C037A0ADC54|TRK_EEB1DE456EE4|TRK_BCC966E673C0|TRK_B6CE07A71D80|TRK_5564246F7906,30530.0,218040.0,180120.0,True,False,False,True,"{""circular_bonus"": -1.1, ""distance_km"": 1.0, ""empty_km"": 0.85, ""fuel_inr"": 0.01, ""risk"": 12.0, ""time_min"": 0.35, ""toll_inr"": 0.01}",CST_48011250D4FB,SCN_BASELINE,g1,False,169,validation,20260903,v0.1,hash_bucket
INS_F95AA59376F1,009f7c28d1bde571,CVRP,medium,LOC_E9EE964E8CFE,South Delhi,DL,8,9,TRK_017DA12B162E|TRK_A997FC00E0CF|TRK_8C037A0ADC54|TRK_EEB1DE456EE4|TRK_BCC966E673C0|TRK_B6CE07A71D80|TRK_5564246F7906|TRK_5136065E98CA|TRK_E260AFDFB21B,29400.0,277210.0,240000.0,True,False,False,False,"{""circular_bonus"": -1.1, ""distance_km"": 1.0, ""empty_km"": 0.85, ""fuel_inr"": 0.01, ""risk"": 12.0, ""time_min"": 0.35, ""toll_inr"": 0.01}",CST_48011250D4FB,SCN_BASELINE,g1,False,81,train,20260903,v0.1,hash_bucket
INS_088B10E56CE9,6ad44e0ed80d31af,PDP,large,LOC_B26DA7992E56,Prayagraj,UP,33,8,TRK_017DA12B162E|TRK_A997FC00E0CF|TRK_8C037A0ADC54|TRK_EEB1DE456EE4|TRK_BCC966E673C0|TRK_B6CE07A71D80|TRK_5564246F7906|TRK_5136065E98CA,29770.0,247810.0,194235.0,True,False,True,False,"{""circular_bonus"": -1.1, ""distance_km"": 1.0, ""empty_km"": 0.85, ""fuel_inr"": 0.01, ""risk"": 12.0, ""time_min"": 0.35, ""toll_inr"": 0.01}",CST_48011250D4FB,SCN_BASELINE,g1,False,1156,train,20260903,v0.1,hash_bucket
INS_6E9E46305F8B,a5f03a9e415a099f,PDP,medium,LOC_AC684A297AD1,Bareilly,UP,18,11,TRK_017DA12B162E|TRK_A997FC00E0CF|TRK_8C037A0ADC54|TRK_EEB1DE456EE4|TRK_BCC966E673C0|TRK_B6CE07A71D80|TRK_5564246F7906|TRK_5136065E98CA|TRK_E260AFDFB21B|TRK_E9C76BCDE1E1|TRK_FB045E9F7F61,28890.0,335050.0,296810.0,True,True,True,True,"{""circular_bonus"": -1.1, ""distance_km"": 1.0, ""empty_km"": 0.85, ""fuel_inr"": 0.01, ""risk"": 12.0, ""time_min"": 0.35, ""toll_inr"": 0.01}",CST_48011250D4FB,SCN_BASELINE,g1,False,361,train,20260903,v0.1,hash_bucket
INS_1C755F564A03,da9ed1350266096b,CIRCULAR_VRP,medium,LOC_B6370F731EEC,Lucknow,UP,23,16,TRK_017DA12B162E|TRK_A997FC00E0CF|TRK_8C037A0ADC54|TRK_EEB1DE456EE4|TRK_BCC966E673C0|TRK_B6CE07A71D80|TRK_5564246F7906|TRK_5136065E98CA|TRK_E260AFDFB21B|TRK_E9C76BCDE1E1|TRK_FB045E9F7F61|TRK_B7FB75BB3E0A|TRK_4A05F6B9B509|TRK_1C8C798F44C5|TRK_8DC7FD5FF93A|TRK_7A91F5198B53,27170.0,475340.0,444590.0,True,True,False,True,"{""circular_bonus"": -1.1, ""distance_km"": 1.0, ""empty_km"": 0.85, ""fuel_inr"": 0.01, ""risk"": 12.0, ""time_min"": 0.35, ""toll_inr"": 0.01}",CST_48011250D4FB,SCN_BASELINE,g1,False,576,train,20260903,v0.1,hash_bucket
INS_037FFF18C1F8,464ca9a0c5dcae48,VRPTW,medium,LOC_487C12AA952A,Jind,HR,29,14,TRK_017DA12B162E|TRK_A997FC00E0CF|TRK_8C037A0ADC54|TRK_EEB1DE456EE4|TRK_BCC966E673C0|TRK_B6CE07A71D80|TRK_5564246F7906|TRK_5136065E98CA|TRK_E260AFDFB21B|TRK_E9C76BCDE1E1|TRK_FB045E9F7F61|TRK_B7FB75BB3E0A|TRK_4A05F6B9B509|TRK_1C8C798F44C5,27990.0,420460.0,373220.0,True,True,False,False,"{""circular_bonus"": -1.1, ""distance_km"": 1.0, ""empty_km"": 0.85, ""fuel_inr"": 0.01, ""risk"": 12.0, ""time_min"": 0.35, ""toll_inr"": 0.01}",CST_48011250D4FB,SCN_BASELINE,g1,False,900,test,20260903,v0.1,hash_bucket
INS_FD12B8D764BB,77f3bed70cb0af9f,PDP,medium,LOC_45C74FBD7B6F,Mansa,PB,28,6,TRK_017DA12B162E|TRK_A997FC00E0CF|TRK_8C037A0ADC54|TRK_EEB1DE456EE4|TRK_BCC966E673C0|TRK_B6CE07A71D80,30590.0,187510.0,126260.0,True,True,True,False,"{""circular_bonus"": -1.1, ""distance_km"": 1.0, ""empty_km"": 0.85, ""fuel_inr"": 0.01, ""risk"": 12.0, ""time_min"": 0.35, ""toll_inr"": 0.01}",CST_48011250D4FB,SCN_BASELINE,g1,False,841,train,20260903,v0.1,hash_bucket
INS_2F1E0EEEE2ED,ceb1ab5ac5949caa,CIRCULAR_VRP,medium,LOC_B890897F9CCC,Kapurthala,PB,15,5,TRK_017DA12B162E|TRK_A997FC00E0CF|TRK_8C037A0ADC54|TRK_EEB1DE456EE4|TRK_BCC966E673C0,30750.0,156920.0,106390.0,True,True,False,True,"{""circular_bonus"": -1.1, ""distance_km"": 1.0, ""empty_km"": 0.85, ""fuel_inr"": 0.01, ""risk"": 12.0, ""time_min"": 0.35, ""toll_inr"": 0.01}",CST_48011250D4FB,SCN_BASELINE,g1,False,256,train,20260903,v0.1,hash_bucket
INS_BAC9C93725B1,0843f01779b2a8f9,CIRCULAR_VRP,medium,LOC_B56ABDBA32E2,Aligarh,UP,29,12,TRK_017DA12B162E|TRK_A997FC00E0CF|TRK_8C037A0ADC54|TRK_EEB1DE456EE4|TRK_BCC966E673C0|TRK_B6CE07A71D80|TRK_5564246F7906|TRK_5136065E98CA|TRK_E260AFDFB21B|TRK_E9C76BCDE1E1|TRK_FB045E9F7F61|TRK_B7FB75BB3E0A,28840.0,363890.0,326880.0,True,False,False,True,"{""circular_bonus"": -1.1, ""distance_km"": 1.0, ""empty_km"": 0.85, ""fuel_inr"": 0.01, ""risk"": 12.0, ""time_min"": 0.35, ""toll_inr"": 0.01}",CST_48011250D4FB,SCN_BASELINE,g1,False,900,train,20260903,v0.1,hash_bucket
INS_E760796BA87E,af181b384a1113d0,PDP,large,LOC_B39E76DCD93F,Nuh,HR,51,15,TRK_017DA12B162E|TRK_A997FC00E0CF|TRK_8C037A0ADC54|TRK_EEB1DE456EE4|TRK_BCC966E673C0|TRK_B6CE07A71D80|TRK_5564246F7906|TRK_5136065E98CA|TRK_E260AFDFB21B|TRK_E9C76BCDE1E1|TRK_FB045E9F7F61|TRK_B7FB75BB3E0A|TRK_4A05F6B9B509|TRK_1C8C798F44C5|TRK_8DC7FD5FF93A,27710.0,448170.0,418320.0,True,False,True,True,"{""circular_bonus"": -1.1, ""distance_km"": 1.0, ""empty_km"": 0.85, ""fuel_inr"": 0.01, ""risk"": 12.0, ""time_min"": 0.35, ""toll_inr"": 0.01}",CST_48011250D4FB,SCN_BASELINE,g1,False,2704,train,20260903,v0.1,hash_bucket
INS_F7C09D06D8EC,20674df4305726c8,CIRCULAR_VRP,large,LOC_11A4C40B0A4F,Yamunanagar,HR,39,16,TRK_017DA12B162E|TRK_A997FC00E0CF|TRK_8C037A0ADC54|TRK_EEB1DE456EE4|TRK_BCC966E673C0|TRK_B6CE07A71D80|TRK_5564246F7906|TRK_5136065E98CA|TRK_E260AFDFB21B|TRK_E9C76BCDE1E1|TRK_FB045E9F7F61|TRK_B7FB75BB3E0A|TRK_4A05F6B9B509|TRK_1C8C798F44C5|TRK_8DC7FD5FF93A|TRK_7A91F5198B53,27170.0,475340.0,447100.0,True,True,False,True,"{""circular_bonus"": -1.1, ""distance_km"": 1.0, ""empty_km"": 0.85, ""fuel_inr"": 0.01, ""risk"": 12.0, ""time_min"": 0.35, ""toll_inr"": 0.01}",CST_48011250D4FB,SCN_BASELINE,g1,False,1600,train,20260903,v0.1,hash_bucket
INS_D6AE9C667178,ba0e44b4b43fe178,CIRCULAR_VRP,medium,LOC_BC83DA386B0E,Baghpat,UP,20,5,TRK_017DA12B162E|TRK_A997FC00E0CF|TRK_8C037A0ADC54|TRK_EEB1DE456EE4|TRK_BCC966E673C0,30750.0,156920.0,116370.0,True,True,False,True,"{""circular_bonus"": -1.1, ""distance_km"": 1.0, ""empty_km"": 0.85, ""fuel_inr"": 0.01, ""risk"": 12.0, ""time_min"": 0.35, ""toll_inr"": 0.01}",CST_48011250D4FB,SCN_BASELINE,g1,False,441,test,20260903,v0.1,hash_bucket
INS_11F6F494C0F7,98a94818fa024f32,PDP,medium,LOC_2ADFB4EFDB06,Kaithal,HR,30,7,TRK_017DA12B162E|TRK_A997FC00E0CF|TRK_8C037A0ADC54|TRK_EEB1DE456EE4|TRK_BCC966E673C0|TRK_B6CE07A71D80|TRK_5564246F7906,30530.0,218040.0,157920.0,True,True,True,True,"{""circular_bonus"": -1.1, ""distance_km"": 1.0, ""empty_km"": 0.85, ""fuel_inr"": 0.01, ""risk"": 12.0, ""time_min"": 0.35, ""toll_inr"": 0.01}",CST_48011250D4FB,SCN_BASELINE,g1,False,961,validation,20260903,v0.1,hash_bucket
INS_8EBC2219B1C0,c027148f7f24c848,CIRCULAR_VRP,small,LOC_443EF0FB4E8C,Etawah,UP,13,3,TRK_017DA12B162E|TRK_A997FC00E0CF|TRK_8C037A0ADC54,31430.0,94920.0,53930.0,True,True,False,True,"{""circular_bonus"": -1.1, ""distance_km"": 1.0, ""empty_km"": 0.85, ""fuel_inr"": 0.01, ""risk"": 12.0, ""time_min"": 0.35, ""toll_inr"": 0.01}",CST_48011250D4FB,SCN_BASELINE,g1,False,196,train,20260903,v0.1,hash_bucket
INS_7ECDE91E537E,096ac65f23efc2fe,VRPTW,medium,LOC_7CE3D43FF63F,Ambala,HR,16,4,TRK_017DA12B162E|TRK_A997FC00E0CF|TRK_8C037A0ADC54|TRK_EEB1DE456EE4,31250.0,126170.0,94800.0,True,True,False,False,"{""circular_bonus"": -1.1, ""distance_km"": 1.0, ""empty_km"": 0.85, ""fuel_inr"": 0.01, ""risk"": 12.0, ""time_min"": 0.35, ""toll_inr"": 0.01}",CST_48011250D4FB,SCN_BASELINE,g1,False,289,test,20260903,v0.1,hash_bucket
INS_F1CE2501BCAF,574658db08a33da9,PDP,small,LOC_E71843C35AC6,Bijnor,UP,11,5,TRK_017DA12B162E|TRK_A997FC00E0CF|TRK_8C037A0ADC54|TRK_EEB1DE456EE4|TRK_BCC966E673C0,30750.0,156920.0,124110.0,True,True,True,True,"{""circular_bonus"": -1.1, ""distance_km"": 1.0, ""empty_km"": 0.85, ""fuel_inr"": 0.01, ""risk"": 12.0, ""time_min"": 0.35, ""toll_inr"": 0.01}",CST_48011250D4FB,SCN_BASELINE,g1,False,144,train,20260903,v0.1,hash_bucket
INS_3861CEA9817B,e267ae899ae30bb5,PDP,small,LOC_D2DDEA75080C,Pathankot,PB,14,5,TRK_017DA12B162E|TRK_A997FC00E0CF|TRK_8C037A0ADC54|TRK_EEB1DE456EE4|TRK_BCC966E673C0,30750.0,156920.0,117030.0,True,False,True,False,"{""circular_bonus"": -1.1, ""distance_km"": 1.0, ""empty_km"": 0.85, ""fuel_inr"": 0.01, ""risk"": 12.0, ""time_min"": 0.35, ""toll_inr"": 0.01}",CST_48011250D4FB,SCN_BASELINE,g1,False,225,train,20260903,v0.1,hash_bucket
INS_D4B90D1F3E51,3b8603034549768a,CIRCULAR_VRP,medium,LOC_45C74FBD7B6F,Mansa,PB,28,8,TRK_017DA12B162E|TRK_A997FC00E0CF|TRK_8C037A0ADC54|TRK_EEB1DE456EE4|TRK_BCC966E673C0|TRK_B6CE07A71D80|TRK_5564246F7906|TRK_5136065E98CA,29770.0,247810.0,195320.0,True,True,False,True,"{""circular_bonus"": -1.1, ""distance_km"": 1.0, ""empty_km"": 0.85, ""fuel_inr"": 0.01, ""risk"": 12.0, ""time_min"": 0.35, ""toll_inr"": 0.01}",CST_48011250D4FB,SCN_BASELINE,g1,False,841,train,20260903,v0.1,hash_bucket
INS_CAB3B612F4B0,0234a8372039f05d,PDP,small,LOC_8E24E29DF84B,Hisar,HR,10,7,TRK_017DA12B162E|TRK_A997FC00E0CF|TRK_8C037A0ADC54|TRK_EEB1DE456EE4|TRK_BCC966E673C0|TRK_B6CE07A71D80|TRK_5564246F7906,30530.0,218040.0,174180.0,True,True,True,False,"{""circular_bonus"": -1.1, ""distance_km"": 1.0, ""empty_km"": 0.85, ""fuel_inr"": 0.01, ""risk"": 12.0, ""time_min"": 0.35, ""toll_inr"": 0.01}",CST_48011250D4FB,SCN_BASELINE,g1,False,121,train,20260903,v0.1,hash_bucket
INS_6CD310F8C55B,48cbe13242110ed2,CIRCULAR_VRP,small,LOC_796345940EEC,Budaun,UP,10,4,TRK_017DA12B162E|TRK_A997FC00E0CF|TRK_8C037A0ADC54|TRK_EEB1DE456EE4,31250.0,126170.0,89590.0,True,True,False,True,"{""circular_bonus"": -1.1, ""distance_km"": 1.0, ""empty_km"": 0.85, ""fuel_inr"": 0.01, ""risk"": 12.0, ""time_min"": 0.35, ""toll_inr"": 0.01}",CST_48011250D4FB,SCN_BASELINE,g1,False,121,test,20260903,v0.1,hash_bucket
INS_B3FFE1FC9C47,c7c752613fbe5d89,CIRCULAR_VRP,large,LOC_D49CDCEB7AF7,Charkhi Dadri,HR,55,18,TRK_017DA12B162E|TRK_A997FC00E0CF|TRK_8C037A0ADC54|TRK_EEB1DE456EE4|TRK_BCC966E673C0|TRK_B6CE07A71D80|TRK_5564246F7906|TRK_5136065E98CA|TRK_E260AFDFB21B|TRK_E9C76BCDE1E1|TRK_FB045E9F7F61|TRK_B7FB75BB3E0A|TRK_4A05F6B9B509|TRK_1C8C798F44C5|TRK_8DC7FD5FF93A|TRK_7A91F5198B53|TRK_BEE1B756CA92|TRK_0331FB7CD37E,26610.0,529120.0,494950.0,True,True,False,True,"{""circular_bonus"": -1.1, ""distance_km"": 1.0, ""empty_km"": 0.85, ""fuel_inr"": 0.01, ""risk"": 12.0, ""time_min"": 0.35, ""toll_inr"": 0.01}",CST_48011250D4FB,SCN_BASELINE,g1,False,3136,test,20260903,v0.1,hash_bucket
INS_C1EAAD541135,a9b50061f04140c3,PDP,small,LOC_2ADFB4EFDB06,Kaithal,HR,11,5,TRK_017DA12B162E|TRK_A997FC00E0CF|TRK_8C037A0ADC54|TRK_EEB1DE456EE4|TRK_BCC966E673C0,30750.0,156920.0,103940.0,True,True,True,False,"{""circular_bonus"": -1.1, ""distance_km"": 1.0, ""empty_km"": 0.85, ""fuel_inr"": 0.01, ""risk"": 12.0, ""time_min"": 0.35, ""toll_inr"": 0.01}",CST_48011250D4FB,SCN_BASELINE,g1,False,144,train,20260903,v0.1,hash_bucket
INS_43D78DB1AA77,e47d943e2a38962d,CVRP,medium,LOC_6B9FA168B682,Firozabad,UP,29,10,TRK_017DA12B162E|TRK_A997FC00E0CF|TRK_8C037A0ADC54|TRK_EEB1DE456EE4|TRK_BCC966E673C0|TRK_B6CE07A71D80|TRK_5564246F7906|TRK_5136065E98CA|TRK_E260AFDFB21B|TRK_E9C76BCDE1E1,28950.0,306160.0,272410.0,True,False,False,False,"{""circular_bonus"": -1.1, ""distance_km"": 1.0, ""empty_km"": 0.85, ""fuel_inr"": 0.01, ""risk"": 12.0, ""time_min"": 0.35, ""toll_inr"": 0.01}",CST_48011250D4FB,SCN_BASELINE,g1,False,900,validation,20260903,v0.1,hash_bucket
INS_4F7E7D493980,2e71af2df6171bec,CIRCULAR_VRP,small,LOC_DA9770705B86,South West Delhi,DL,8,8,TRK_017DA12B162E|TRK_A997FC00E0CF|TRK_8C037A0ADC54|TRK_EEB1DE456EE4|TRK_BCC966E673C0|TRK_B6CE07A71D80|TRK_5564246F7906|TRK_5136065E98CA,29770.0,247810.0,189230.0,True,False,False,True,"{""circular_bonus"": -1.1, ""distance_km"": 1.0, ""empty_km"": 0.85, ""fuel_inr"": 0.01, ""risk"": 12.0, ""time_min"": 0.35, ""toll_inr"": 0.01}",CST_48011250D4FB,SCN_BASELINE,g1,False,81,train,20260903,v0.1,hash_bucket
INS_25BE77B1CBA7,bdd5c31e1799061c,VRPTW,large,LOC_6B9FA168B682,Firozabad,UP,48,19,TRK_017DA12B162E|TRK_A997FC00E0CF|TRK_8C037A0ADC54|TRK_EEB1DE456EE4|TRK_BCC966E673C0|TRK_B6CE07A71D80|TRK_5564246F7906|TRK_5136065E98CA|TRK_E260AFDFB21B|TRK_E9C76BCDE1E1|TRK_FB045E9F7F61|TRK_B7FB75BB3E0A|TRK_4A05F6B9B509|TRK_1C8C798F44C5|TRK_8DC7FD5FF93A|TRK_7A91F5198B53|TRK_BEE1B756CA92|TRK_0331FB7CD37E|TRK_EEA8DB00B33D,26280.0,555400.0,511910.0,True,True,False,False,"{""circular_bonus"": -1.1, ""distance_km"": 1.0, ""empty_km"": 0.85, ""fuel_inr"": 0.01, ""risk"": 12.0, ""time_min"": 0.35, ""toll_inr"": 0.01}",CST_48011250D4FB,SCN_BASELINE,g1,False,2401,validation,20260903,v0.1,hash_bucket
INS_8DFB30F3B970,e2b662c76b8b328c,VRPTW,large,LOC_2ECE587EC515,Hardoi,UP,53,14,TRK_017DA12B162E|TRK_A997FC00E0CF|TRK_8C037A0ADC54|TRK_EEB1DE456EE4|TRK_BCC966E673C0|TRK_B6CE07A71D80|TRK_5564246F7906|TRK_5136065E98CA|TRK_E260AFDFB21B|TRK_E9C76BCDE1E1|TRK_FB045E9F7F61|TRK_B7FB75BB3E0A|TRK_4A05F6B9B509|TRK_1C8C798F44C5,27990.0,420460.0,383190.0,True,True,False,False,"{""circular_bonus"": -1.1, ""distance_km"": 1.0, ""empty_km"": 0.85, ""fuel_inr"": 0.01, ""risk"": 12.0, ""time_min"": 0.35, ""toll_inr"": 0.01}",CST_48011250D4FB,SCN_BASELINE,g1,False,2916,train,20260903,v0.1,hash_bucket
INS_6DD5D949F560,08bad888c36a0ac8,PDP,medium,LOC_BC83DA386B0E,Baghpat,UP,21,4,TRK_017DA12B162E|TRK_A997FC00E0CF|TRK_8C037A0ADC54|TRK_EEB1DE456EE4,31250.0,126170.0,92870.0,True,True,True,False,"{""circular_bonus"": -1.1, ""distance_km"": 1.0, ""empty_km"": 0.85, ""fuel_inr"": 0.01, ""risk"": 12.0, ""time_min"": 0.35, ""toll_inr"": 0.01}",CST_48011250D4FB,SCN_BASELINE,g1,False,484,train,20260903,v0.1,hash_bucket
INS_95946D305B53,294b752b43b9d26b,VRPTW,medium,LOC_4A5F46E3AFB5,Sitapur,UP,16,7,TRK_017DA12B162E|TRK_A997FC00E0CF|TRK_8C037A0ADC54|TRK_EEB1DE456EE4|TRK_BCC966E673C0|TRK_B6CE07A71D80|TRK_5564246F7906,30530.0,218040.0,159645.0,True,True,False,False,"{""circular_bonus"": -1.1, ""distance_km"": 1.0, ""empty_km"": 0.85, ""fuel_inr"": 0.01, ""risk"": 12.0, ""time_min"": 0.35, ""toll_inr"": 0.01}",CST_48011250D4FB,SCN_BASELINE,g1,False,289,test,20260903,v0.1,hash_bucket
INS_7AEEC37246F9,38d38f5708bf4652,PDP,medium,LOC_E96863625035,Shahdara,DL,8,9,TRK_017DA12B162E|TRK_A997FC00E0CF|TRK_8C037A0ADC54|TRK_EEB1DE456EE4|TRK_BCC966E673C0|TRK_B6CE07A71D80|TRK_5564246F7906|TRK_5136065E98CA|TRK_E260AFDFB21B,29400.0,277210.0,240000.0,True,True,True,False,"{""circular_bonus"": -1.1, ""distance_km"": 1.0, ""empty_km"": 0.85, ""fuel_inr"": 0.01, ""risk"": 12.0, ""time_min"": 0.35, ""toll_inr"": 0.01}",CST_48011250D4FB,SCN_BASELINE,g1,False,81,validation,20260903,v0.1,hash_bucket
INS_C6719A091481,ab5d0f8f977b3992,CIRCULAR_VRP,large,LOC_6C7E235EC96D,Nawanshahr,PB,40,14,TRK_017DA12B162E|TRK_A997FC00E0CF|TRK_8C037A0ADC54|TRK_EEB1DE456EE4|TRK_BCC966E673C0|TRK_B6CE07A71D80|TRK_5564246F7906|TRK_5136065E98CA|TRK_E260AFDFB21B|TRK_E9C76BCDE1E1|TRK_FB045E9F7F61|TRK_B7FB75BB3E0A|TRK_4A05F6B9B509|TRK_1C8C798F44C5,27990.0,420460.0,385070.0,True,False,False,True,"{""circular_bonus"": -1.1, ""distance_km"": 1.0, ""empty_km"": 0.85, ""fuel_inr"": 0.01, ""risk"": 12.0, ""time_min"": 0.35, ""toll_inr"": 0.01}",CST_48011250D4FB,SCN_BASELINE,g1,False,1681,test,20260903,v0.1,hash_bucket
INS_1603231241E7,398c49b1a154e420,PDP,medium,LOC_36B5B5F31C8D,Varanasi,UP,23,8,TRK_017DA12B162E|TRK_A997FC00E0CF|TRK_8C037A0ADC54|TRK_EEB1DE456EE4|TRK_BCC966E673C0|TRK_B6CE07A71D80|TRK_5564246F7906|TRK_5136065E98CA,29770.0,247810.0,207810.0,True,True,True,True,"{""circular_bonus"": -1.1, ""distance_km"": 1.0, ""empty_km"": 0.85, ""fuel_inr"": 0.01, ""risk"": 12.0, ""time_min"": 0.35, ""toll_inr"": 0.01}",CST_48011250D4FB,SCN_BASELINE,g1,False,576,train,20260903,v0.1,hash_bucket
INS_AEABD0B71E86,73984fa8a405fe00,PDP,medium,LOC_CF065FE8EBAB,Gautam Buddha Nagar,UP,24,18,TRK_017DA12B162E|TRK_A997FC00E0CF|TRK_8C037A0ADC54|TRK_EEB1DE456EE4|TRK_BCC966E673C0|TRK_B6CE07A71D80|TRK_5564246F7906|TRK_5136065E98CA|TRK_E260AFDFB21B|TRK_E9C76BCDE1E1|TRK_FB045E9F7F61|TRK_B7FB75BB3E0A|TRK_4A05F6B9B509|TRK_1C8C798F44C5|TRK_8DC7FD5FF93A|TRK_7A91F5198B53|TRK_BEE1B756CA92|TRK_0331FB7CD37E,26610.0,529120.0,479220.0,True,False,True,False,"{""circular_bonus"": -1.1, ""distance_km"": 1.0, ""empty_km"": 0.85, ""fuel_inr"": 0.01, ""risk"": 12.0, ""time_min"": 0.35, ""toll_inr"": 0.01}",CST_48011250D4FB,SCN_BASELINE,g1,False,625,train,20260903,v0.1,hash_bucket
INS_23DB1D513254,38d38f5708bf4652,CVRP,medium,LOC_E96863625035,Shahdara,DL,8,9,TRK_017DA12B162E|TRK_A997FC00E0CF|TRK_8C037A0ADC54|TRK_EEB1DE456EE4|TRK_BCC966E673C0|TRK_B6CE07A71D80|TRK_5564246F7906|TRK_5136065E98CA|TRK_E260AFDFB21B,29400.0,277210.0,240000.0,True,False,False,False,"{""circular_bonus"": -1.1, ""distance_km"": 1.0, ""empty_km"": 0.85, ""fuel_inr"": 0.01, ""risk"": 12.0, ""time_min"": 0.35, ""toll_inr"": 0.01}",CST_48011250D4FB,SCN_BASELINE,g1,False,81,validation,20260903,v0.1,hash_bucket
INS_BA103C2A56F1,a0a769ca314072af,PDP,small,LOC_BF1D141289ED,Hoshiarpur,PB,14,6,TRK_017DA12B162E|TRK_A997FC00E0CF|TRK_8C037A0ADC54|TRK_EEB1DE456EE4|TRK_BCC966E673C0|TRK_B6CE07A71D80,30590.0,187510.0,139780.0,True,True,True,False,"{""circular_bonus"": -1.1, ""distance_km"": 1.0, ""empty_km"": 0.85, ""fuel_inr"": 0.01, ""risk"": 12.0, ""time_min"": 0.35, ""toll_inr"": 0.01}",CST_48011250D4FB,SCN_BASELINE,g1,False,225,train,20260903,v0.1,hash_bucket
INS_C81F2DF9BDC5,8c990d942d1c77be,PDP,large,LOC_FEFD9351973D,Bathinda,PB,45,19,TRK_017DA12B162E|TRK_A997FC00E0CF|TRK_8C037A0ADC54|TRK_EEB1DE456EE4|TRK_BCC966E673C0|TRK_B6CE07A71D80|TRK_5564246F7906|TRK_5136065E98CA|TRK_E260AFDFB21B|TRK_E9C76BCDE1E1|TRK_FB045E9F7F61|TRK_B7FB75BB3E0A|TRK_4A05F6B9B509|TRK_1C8C798F44C5|TRK_8DC7FD5FF93A|TRK_7A91F5198B53|TRK_BEE1B756CA92|TRK_0331FB7CD37E|TRK_EEA8DB00B33D,26280.0,555400.0,521240.0,True,True,True,False,"{""circular_bonus"": -1.1, ""distance_km"": 1.0, ""empty_km"": 0.85, ""fuel_inr"": 0.01, ""risk"": 12.0, ""time_min"": 0.35, ""toll_inr"": 0.01}",CST_48011250D4FB,SCN_BASELINE,g1,False,2116,test,20260903,v0.1,holdout_district
INS_71FCC3306845,1c45a4f00c94aac5,PDP,large,LOC_B26FC239E19A,North Delhi,DL,20,18,TRK_017DA12B162E|TRK_A997FC00E0CF|TRK_8C037A0ADC54|TRK_EEB1DE456EE4|TRK_BCC966E673C0|TRK_B6CE07A71D80|TRK_5564246F7906|TRK_5136065E98CA|TRK_E260AFDFB21B|TRK_E9C76BCDE1E1|TRK_FB045E9F7F61|TRK_B7FB75BB3E0A|TRK_4A05F6B9B509|TRK_1C8C798F44C5|TRK_8DC7FD5FF93A|TRK_7A91F5198B53|TRK_BEE1B756CA92|TRK_0331FB7CD37E,26610.0,529120.0,493010.0,True,True,True,False,"{""circular_bonus"": -1.1, ""distance_km"": 1.0, ""empty_km"": 0.85, ""fuel_inr"": 0.01, ""risk"": 12.0, ""time_min"": 0.35, ""toll_inr"": 0.01}",CST_48011250D4FB,SCN_BASELINE,g1,False,441,train,20260903,v0.1,hash_bucket
INS_AD206AEEE1C6,c1598d10e80e504e,CIRCULAR_VRP,large,LOC_B26DA7992E56,Prayagraj,UP,35,11,TRK_017DA12B162E|TRK_A997FC00E0CF|TRK_8C037A0ADC54|TRK_EEB1DE456EE4|TRK_BCC966E673C0|TRK_B6CE07A71D80|TRK_5564246F7906|TRK_5136065E98CA|TRK_E260AFDFB21B|TRK_E9C76BCDE1E1|TRK_FB045E9F7F61,28890.0,335050.0,289540.0,True,False,False,True,"{""circular_bonus"": -1.1, ""distance_km"": 1.0, ""empty_km"": 0.85, ""fuel_inr"": 0.01, ""risk"": 12.0, ""time_min"": 0.35, ""toll_inr"": 0.01}",CST_48011250D4FB,SCN_BASELINE,g1,False,1296,train,20260903,v0.1,hash_bucket
INS_09AA635C15C5,650a8ecb08e1ed87,PDP,small,LOC_B26DA7992E56,Prayagraj,UP,9,4,TRK_017DA12B162E|TRK_A997FC00E0CF|TRK_8C037A0ADC54|TRK_EEB1DE456EE4,31250.0,126170.0,90820.0,True,True,True,False,"{""circular_bonus"": -1.1, ""distance_km"": 1.0, ""empty_km"": 0.85, ""fuel_inr"": 0.01, ""risk"": 12.0, ""time_min"": 0.35, ""toll_inr"": 0.01}",CST_48011250D4FB,SCN_BASELINE,g1,False,100,train,20260903,v0.1,hash_bucket
INS_6DBBB1A50B2B,d71a42128e5f8617,PDP,large,LOC_FF96333A5510,North West Delhi,DL,23,22,TRK_017DA12B162E|TRK_A997FC00E0CF|TRK_8C037A0ADC54|TRK_EEB1DE456EE4|TRK_BCC966E673C0|TRK_B6CE07A71D80|TRK_5564246F7906|TRK_5136065E98CA|TRK_E260AFDFB21B|TRK_E9C76BCDE1E1|TRK_FB045E9F7F61|TRK_B7FB75BB3E0A|TRK_4A05F6B9B509|TRK_1C8C798F44C5|TRK_8DC7FD5FF93A|TRK_7A91F5198B53|TRK_BEE1B756CA92|TRK_0331FB7CD37E|TRK_EEA8DB00B33D|TRK_3A519CFB8F0F|TRK_8C842CC0A407|TRK_1A09343A6FAC,25770.0,633370.0,589680.0,True,True,True,True,"{""circular_bonus"": -1.1, ""distance_km"": 1.0, ""empty_km"": 0.85, ""fuel_inr"": 0.01, ""risk"": 12.0, ""time_min"": 0.35, ""toll_inr"": 0.01}",CST_48011250D4FB,SCN_BASELINE,g1,False,576,train,20260903,v0.1,hash_bucket
INS_2F89403A640E,8c10a1387c3ce996,PDP,medium,LOC_841795218E67,Ghaziabad,UP,22,13,TRK_017DA12B162E|TRK_A997FC00E0CF|TRK_8C037A0ADC54|TRK_EEB1DE456EE4|TRK_BCC966E673C0|TRK_B6CE07A71D80|TRK_5564246F7906|TRK_5136065E98CA|TRK_E260AFDFB21B|TRK_E9C76BCDE1E1|TRK_FB045E9F7F61|TRK_B7FB75BB3E0A|TRK_4A05F6B9B509,28580.0,392470.0,356870.0,True,True,True,True,"{""circular_bonus"": -1.1, ""distance_km"": 1.0, ""empty_km"": 0.85, ""fuel_inr"": 0.01, ""risk"": 12.0, ""time_min"": 0.35, ""toll_inr"": 0.01}",CST_48011250D4FB,SCN_BASELINE,g1,False,529,train,20260903,v0.1,hash_bucket
INS_A5D1D534C873,f4bcd2c995e9b3be,CIRCULAR_VRP,small,LOC_5D316714188F,Faridabad,HR,8,7,TRK_017DA12B162E|TRK_A997FC00E0CF|TRK_8C037A0ADC54|TRK_EEB1DE456EE4|TRK_BCC966E673C0|TRK_B6CE07A71D80|TRK_5564246F7906,30530.0,218040.0,165570.0,True,True,False,True,"{""circular_bonus"": -1.1, ""distance_km"": 1.0, ""empty_km"": 0.85, ""fuel_inr"": 0.01, ""risk"": 12.0, ""time_min"": 0.35, ""toll_inr"": 0.01}",CST_48011250D4FB,SCN_BASELINE,g1,False,81,test,20260903,v0.1,hash_bucket
INS_F9DAC7003CFF,98633c56bb80325a,CIRCULAR_VRP,medium,LOC_45C74FBD7B6F,Mansa,PB,16,6,TRK_017DA12B162E|TRK_A997FC00E0CF|TRK_8C037A0ADC54|TRK_EEB1DE456EE4|TRK_BCC966E673C0|TRK_B6CE07A71D80,30590.0,187510.0,152160.0,True,True,False,True,"{""circular_bonus"": -1.1, ""distance_km"": 1.0, ""empty_km"": 0.85, ""fuel_inr"": 0.01, ""risk"": 12.0, ""time_min"": 0.35, ""toll_inr"": 0.01}",CST_48011250D4FB,SCN_BASELINE,g1,False,289,test,20260903,v0.1,hash_bucket
INS_E4481D595BF8,ccfc6006b4484ad3,CVRP,small,LOC_190E748F376B,Barabanki,UP,11,3,TRK_A28CD824B27B|TRK_057940469E3F|TRK_65F855C2D6B0,14410.0,46440.0,27450.0,True,False,False,False,"{""circular_bonus"": -1.1, ""distance_km"": 1.0, ""empty_km"": 0.85, ""fuel_inr"": 0.01, ""risk"": 12.0, ""time_min"": 0.35, ""toll_inr"": 0.01}",CST_48011250D4FB,SCN_BASELINE,g1,False,144,train,20260903,v0.1,hash_bucket
INS_892B9D205D8C,fb3deeec701e089e,VRPTW,medium,LOC_B6370F731EEC,Lucknow,UP,27,17,TRK_017DA12B162E|TRK_A997FC00E0CF|TRK_8C037A0ADC54|TRK_EEB1DE456EE4|TRK_BCC966E673C0|TRK_B6CE07A71D80|TRK_5564246F7906|TRK_5136065E98CA|TRK_E260AFDFB21B|TRK_E9C76BCDE1E1|TRK_FB045E9F7F61|TRK_B7FB75BB3E0A|TRK_4A05F6B9B509|TRK_1C8C798F44C5|TRK_8DC7FD5FF93A|TRK_7A91F5198B53|TRK_BEE1B756CA92,27170.0,502510.0,470860.0,True,True,False,False,"{""circular_bonus"": -1.1, ""distance_km"": 1.0, ""empty_km"": 0.85, ""fuel_inr"": 0.01, ""risk"": 12.0, ""time_min"": 0.35, ""toll_inr"": 0.01}",CST_48011250D4FB,SCN_BASELINE,g1,False,784,train,20260903,v0.1,hash_bucket
INS_DEFAF2C18FCB,cd768d929e979e80,CIRCULAR_VRP,small,LOC_5AA457C919DB,Ludhiana,PB,12,2,TRK_3F175C42FEAA|TRK_1785FA65C441,8350.0,33640.0,22530.0,True,True,False,True,"{""circular_bonus"": -1.1, ""distance_km"": 1.0, ""empty_km"": 0.85, ""fuel_inr"": 0.01, ""risk"": 12.0, ""time_min"": 0.35, ""toll_inr"": 0.01}",CST_48011250D4FB,SCN_BASELINE,g1,False,169,validation,20260903,v0.1,hash_bucket
INS_04A4C4E2B8BC,bf589fbafa954fd4,CIRCULAR_VRP,small,LOC_DD4D9C55D7BB,Fatehgarh Sahib,PB,10,4,TRK_017DA12B162E|TRK_A997FC00E0CF|TRK_8C037A0ADC54|TRK_EEB1DE456EE4,31250.0,126170.0,67200.0,True,True,False,True,"{""circular_bonus"": -1.1, ""distance_km"": 1.0, ""empty_km"": 0.85, ""fuel_inr"": 0.01, ""risk"": 12.0, ""time_min"": 0.35, ""toll_inr"": 0.01}",CST_48011250D4FB,SCN_BASELINE,g1,False,121,validation,20260903,v0.1,hash_bucket
INS_7D8988C55F6F,bc74d5afc7ad0905,PDP,small,LOC_2ECE587EC515,Hardoi,UP,12,4,TRK_017DA12B162E|TRK_A997FC00E0CF|TRK_8C037A0ADC54|TRK_EEB1DE456EE4,31250.0,126170.0,70030.0,True,False,True,True,"{""circular_bonus"": -1.1, ""distance_km"": 1.0, ""empty_km"": 0.85, ""fuel_inr"": 0.01, ""risk"": 12.0, ""time_min"": 0.35, ""toll_inr"": 0.01}",CST_48011250D4FB,SCN_BASELINE,g1,False,169,train,20260903,v0.1,hash_bucket
INS_D7E7C493C2D0,d6f0a09ab274fc02,PDP,large,LOC_D8FB48D6F894,Fatehabad,HR,33,5,TRK_017DA12B162E|TRK_A997FC00E0CF|TRK_8C037A0ADC54|TRK_EEB1DE456EE4|TRK_BCC966E673C0,30750.0,156920.0,110345.0,True,False,True,True,"{""circular_bonus"": -1.1, ""distance_km"": 1.0, ""empty_km"": 0.85, ""fuel_inr"": 0.01, ""risk"": 12.0, ""time_min"": 0.35, ""toll_inr"": 0.01}",CST_48011250D4FB,SCN_BASELINE,g1,False,1156,train,20260903,v0.1,hash_bucket
INS_F3347F2891E9,f0df61f7ff80f6b9,CIRCULAR_VRP,medium,LOC_FEFD9351973D,Bathinda,PB,15,6,TRK_017DA12B162E|TRK_A997FC00E0CF|TRK_8C037A0ADC54|TRK_EEB1DE456EE4|TRK_BCC966E673C0|TRK_B6CE07A71D80,30590.0,187510.0,149500.0,True,True,False,True,"{""circular_bonus"": -1.1, ""distance_km"": 1.0, ""empty_km"": 0.85, ""fuel_inr"": 0.01, ""risk"": 12.0, ""time_min"": 0.35, ""toll_inr"": 0.01}",CST_48011250D4FB,SCN_BASELINE,g1,False,256,test,20260903,v0.1,holdout_district
INS_2A7B4B5ECEFB,aa456ed873af4387,PDP,small,LOC_EC1D3E4138DF,Amritsar,PB,12,6,TRK_017DA12B162E|TRK_A997FC00E0CF|TRK_8C037A0ADC54|TRK_EEB1DE456EE4|TRK_BCC966E673C0|TRK_B6CE07A71D80,30590.0,187510.0,131100.0,True,True,True,True,"{""circular_bonus"": -1.1, ""distance_km"": 1.0, ""empty_km"": 0.85, ""fuel_inr"": 0.01, ""risk"": 12.0, ""time_min"": 0.35, ""toll_inr"": 0.01}",CST_48011250D4FB,SCN_BASELINE,g1,False,169,train,20260903,v0.1,hash_bucket
INS_C85C2AF72A0F,38d38f5708bf4652,CVRP,small,LOC_E96863625035,Shahdara,DL,8,9,TRK_017DA12B162E|TRK_A997FC00E0CF|TRK_8C037A0ADC54|TRK_EEB1DE456EE4|TRK_BCC966E673C0|TRK_B6CE07A71D80|TRK_5564246F7906|TRK_5136065E98CA|TRK_E260AFDFB21B,29400.0,277210.0,240000.0,True,False,False,False,"{""circular_bonus"": -1.1, ""distance_km"": 1.0, ""empty_km"": 0.85, ""fuel_inr"": 0.01, ""risk"": 12.0, ""time_min"": 0.35, ""toll_inr"": 0.01}",CST_48011250D4FB,SCN_BASELINE,g1,False,81,validation,20260903,v0.1,hash_bucket
INS_47F78974452F,87b612241b28e73d,CIRCULAR_VRP,large,LOC_58DEC063659A,Gorakhpur,UP,45,11,TRK_017DA12B162E|TRK_A997FC00E0CF|TRK_8C037A0ADC54|TRK_EEB1DE456EE4|TRK_BCC966E673C0|TRK_B6CE07A71D80|TRK_5564246F7906|TRK_5136065E98CA|TRK_E260AFDFB21B|TRK_E9C76BCDE1E1|TRK_FB045E9F7F61,28890.0,335050.0,281250.0,True,False,False,True,"{""circular_bonus"": -1.1, ""distance_km"": 1.0, ""empty_km"": 0.85, ""fuel_inr"": 0.01, ""risk"": 12.0, ""time_min"": 0.35, ""toll_inr"": 0.01}",CST_48011250D4FB,SCN_BASELINE,g1,False,2116,train,20260903,v0.1,hash_bucket
INS_523FD583D7F6,8039081d087612e7,PDP,medium,LOC_BC48412E6B15,Sambhal,UP,29,5,TRK_017DA12B162E|TRK_A997FC00E0CF|TRK_8C037A0ADC54|TRK_EEB1DE456EE4|TRK_BCC966E673C0,30750.0,156920.0,117820.0,True,False,True,True,"{""circular_bonus"": -1.1, ""distance_km"": 1.0, ""empty_km"": 0.85, ""fuel_inr"": 0.01, ""risk"": 12.0, ""time_min"": 0.35, ""toll_inr"": 0.01}",CST_48011250D4FB,SCN_BASELINE,g1,False,900,train,20260903,v0.1,hash_bucket
INS_A495D2836839,0ef6710c6db35e42,CIRCULAR_VRP,small,LOC_0B27B307A77E,Panipat,HR,12,7,TRK_017DA12B162E|TRK_A997FC00E0CF|TRK_8C037A0ADC54|TRK_EEB1DE456EE4|TRK_BCC966E673C0|TRK_B6CE07A71D80|TRK_5564246F7906,30530.0,218040.0,187300.0,True,True,False,True,"{""circular_bonus"": -1.1, ""distance_km"": 1.0, ""empty_km"": 0.85, ""fuel_inr"": 0.01, ""risk"": 12.0, ""time_min"": 0.35, ""toll_inr"": 0.01}",CST_48011250D4FB,SCN_BASELINE,g1,False,169,train,20260903,v0.1,hash_bucket
INS_91924EE3F70A,0a29ddb8a89822a8,PDP,medium,LOC_B01B9CC74597,Saharanpur,UP,23,6,TRK_017DA12B162E|TRK_A997FC00E0CF|TRK_8C037A0ADC54|TRK_EEB1DE456EE4|TRK_BCC966E673C0|TRK_B6CE07A71D80,30590.0,187510.0,134240.0,True,True,True,False,"{""circular_bonus"": -1.1, ""distance_km"": 1.0, ""empty_km"": 0.85, ""fuel_inr"": 0.01, ""risk"": 12.0, ""time_min"": 0.35, ""toll_inr"": 0.01}",CST_48011250D4FB,SCN_BASELINE,g1,False,576,train,20260903,v0.1,hash_bucket
INS_5784DFD05838,cd9d5222c533eb54,PDP,small,LOC_443EF0FB4E8C,Etawah,UP,13,6,TRK_B51DA48ACA2C|TRK_CCF8A8744231|TRK_A1CCB70BDA72|TRK_9143FC770BBE|TRK_9D1C16C6C6D2|TRK_153BCA0BA278,2650.0,37330.0,31530.0,True,False,True,False,"{""circular_bonus"": -1.1, ""distance_km"": 1.0, ""empty_km"": 0.85, ""fuel_inr"": 0.01, ""risk"": 12.0, ""time_min"": 0.35, ""toll_inr"": 0.01}",CST_48011250D4FB,SCN_BASELINE,g1,False,196,test,20260903,v0.1,hash_bucket
INS_02E3B1AE6D60,0245c464ac9548ed,CIRCULAR_VRP,medium,LOC_F1EE6A62E5AA,Mahendragarh,HR,15,5,TRK_017DA12B162E|TRK_A997FC00E0CF|TRK_8C037A0ADC54|TRK_EEB1DE456EE4|TRK_BCC966E673C0,30750.0,156920.0,116785.0,True,True,False,True,"{""circular_bonus"": -1.1, ""distance_km"": 1.0, ""empty_km"": 0.85, ""fuel_inr"": 0.01, ""risk"": 12.0, ""time_min"": 0.35, ""toll_inr"": 0.01}",CST_48011250D4FB,SCN_BASELINE,g1,False,256,train,20260903,v0.1,hash_bucket
INS_64C2C8B5889D,16eda3ae0ab620c1,VRPTW,medium,LOC_E71843C35AC6,Bijnor,UP,20,7,TRK_017DA12B162E|TRK_A997FC00E0CF|TRK_8C037A0ADC54|TRK_EEB1DE456EE4|TRK_BCC966E673C0|TRK_B6CE07A71D80|TRK_5564246F7906,30530.0,218040.0,174230.0,True,True,False,False,"{""circular_bonus"": -1.1, ""distance_km"": 1.0, ""empty_km"": 0.85, ""fuel_inr"": 0.01, ""risk"": 12.0, ""time_min"": 0.35, ""toll_inr"": 0.01}",CST_48011250D4FB,SCN_BASELINE,g1,False,441,train,20260903,v0.1,hash_bucket
INS_EA632ADA7FA8,412411710fea1494,CIRCULAR_VRP,medium,LOC_AFF866260256,Moradabad,UP,16,6,TRK_017DA12B162E|TRK_A997FC00E0CF|TRK_8C037A0ADC54|TRK_EEB1DE456EE4|TRK_BCC966E673C0|TRK_B6CE07A71D80,30590.0,187510.0,135870.0,True,False,False,True,"{""circular_bonus"": -1.1, ""distance_km"": 1.0, ""empty_km"": 0.85, ""fuel_inr"": 0.01, ""risk"": 12.0, ""time_min"": 0.35, ""toll_inr"": 0.01}",CST_48011250D4FB,SCN_BASELINE,g1,False,289,train,20260903,v0.1,hash_bucket
INS_832D1414D7EF,07b5169ddb5dbc48,VRPTW,medium,LOC_EC1D3E4138DF,Amritsar,PB,30,17,TRK_017DA12B162E|TRK_A997FC00E0CF|TRK_8C037A0ADC54|TRK_EEB1DE456EE4|TRK_BCC966E673C0|TRK_B6CE07A71D80|TRK_5564246F7906|TRK_5136065E98CA|TRK_E260AFDFB21B|TRK_E9C76BCDE1E1|TRK_FB045E9F7F61|TRK_B7FB75BB3E0A|TRK_4A05F6B9B509|TRK_1C8C798F44C5|TRK_8DC7FD5FF93A|TRK_7A91F5198B53|TRK_BEE1B756CA92,27170.0,502510.0,471670.0,True,True,False,False,"{""circular_bonus"": -1.1, ""distance_km"": 1.0, ""empty_km"": 0.85, ""fuel_inr"": 0.01, ""risk"": 12.0, ""time_min"": 0.35, ""toll_inr"": 0.01}",CST_48011250D4FB,SCN_BASELINE,g1,False,961,train,20260903,v0.1,hash_bucket
INS_8903360114CE,bb356c59677c441b,CVRP,small,LOC_2275B2D35F85,Palwal,HR,10,5,TRK_017DA12B162E|TRK_A997FC00E0CF|TRK_8C037A0ADC54|TRK_EEB1DE456EE4|TRK_BCC966E673C0,30750.0,156920.0,105890.0,True,False,False,False,"{""circular_bonus"": -1.1, ""distance_km"": 1.0, ""empty_km"": 0.85, ""fuel_inr"": 0.01, ""risk"": 12.0, ""time_min"": 0.35, ""toll_inr"": 0.01}",CST_48011250D4FB,SCN_BASELINE,g1,False,121,train,20260903,v0.1,hash_bucket
INS_25415971A951,f438dab4bc1868f5,CVRP,small,LOC_AD745A3946E4,Unnao,UP,12,4,TRK_017DA12B162E|TRK_A997FC00E0CF|TRK_8C037A0ADC54|TRK_EEB1DE456EE4,31250.0,126170.0,76470.0,True,False,False,False,"{""circular_bonus"": -1.1, ""distance_km"": 1.0, ""empty_km"": 0.85, ""fuel_inr"": 0.01, ""risk"": 12.0, ""time_min"": 0.35, ""toll_inr"": 0.01}",CST_48011250D4FB,SCN_BASELINE,g1,False,169,test,20260903,v0.1,hash_bucket
INS_4E21F4C64319,053c3baa24607a21,VRPTW,medium,LOC_CF209A6CE403,Hapur,UP,19,8,TRK_017DA12B162E|TRK_A997FC00E0CF|TRK_8C037A0ADC54|TRK_EEB1DE456EE4|TRK_BCC966E673C0|TRK_B6CE07A71D80|TRK_5564246F7906|TRK_5136065E98CA,29770.0,247810.0,188180.0,True,True,False,False,"{""circular_bonus"": -1.1, ""distance_km"": 1.0, ""empty_km"": 0.85, ""fuel_inr"": 0.01, ""risk"": 12.0, ""time_min"": 0.35, ""toll_inr"": 0.01}",CST_48011250D4FB,SCN_BASELINE,g1,False,400,train,20260903,v0.1,hash_bucket
INS_177C2FC5FA41,280de49d153dd050,PDP,medium,LOC_5775AEDC7A87,Kanpur Nagar,UP,15,9,TRK_017DA12B162E|TRK_A997FC00E0CF|TRK_8C037A0ADC54|TRK_EEB1DE456EE4|TRK_BCC966E673C0|TRK_B6CE07A71D80|TRK_5564246F7906|TRK_5136065E98CA|TRK_E260AFDFB21B,29400.0,277210.0,218760.0,True,False,True,True,"{""circular_bonus"": -1.1, ""distance_km"": 1.0, ""empty_km"": 0.85, ""fuel_inr"": 0.01, ""risk"": 12.0, ""time_min"": 0.35, ""toll_inr"": 0.01}",CST_48011250D4FB,SCN_BASELINE,g1,False,256,train,20260903,v0.1,hash_bucket
INS_A712C5659EE1,bad17122a1380758,VRPTW,medium,LOC_D2DDEA75080C,Pathankot,PB,23,10,TRK_017DA12B162E|TRK_A997FC00E0CF|TRK_8C037A0ADC54|TRK_EEB1DE456EE4|TRK_BCC966E673C0|TRK_B6CE07A71D80|TRK_5564246F7906|TRK_5136065E98CA|TRK_E260AFDFB21B|TRK_E9C76BCDE1E1,28950.0,306160.0,273990.0,True,True,False,False,"{""circular_bonus"": -1.1, ""distance_km"": 1.0, ""empty_km"": 0.85, ""fuel_inr"": 0.01, ""risk"": 12.0, ""time_min"": 0.35, ""toll_inr"": 0.01}",CST_48011250D4FB,SCN_BASELINE,g1,False,576,train,20260903,v0.1,hash_bucket
INS_481F0B766DEC,5aebdfba7739fae2,PDP,small,LOC_03F06DD41C28,Malerkotla,PB,9,7,TRK_017DA12B162E|TRK_A997FC00E0CF|TRK_8C037A0ADC54|TRK_EEB1DE456EE4|TRK_BCC966E673C0|TRK_B6CE07A71D80|TRK_5564246F7906,30530.0,218040.0,161970.0,True,False,True,True,"{""circular_bonus"": -1.1, ""distance_km"": 1.0, ""empty_km"": 0.85, ""fuel_inr"": 0.01, ""risk"": 12.0, ""time_min"": 0.35, ""toll_inr"": 0.01}",CST_48011250D4FB,SCN_BASELINE,g1,False,100,train,20260903,v0.1,hash_bucket
INS_9FB6A82E32E0,1ecccd51712b9194,VRPTW,large,LOC_AFF866260256,Moradabad,UP,60,21,TRK_017DA12B162E|TRK_A997FC00E0CF|TRK_8C037A0ADC54|TRK_EEB1DE456EE4|TRK_BCC966E673C0|TRK_B6CE07A71D80|TRK_5564246F7906|TRK_5136065E98CA|TRK_E260AFDFB21B|TRK_E9C76BCDE1E1|TRK_FB045E9F7F61|TRK_B7FB75BB3E0A|TRK_4A05F6B9B509|TRK_1C8C798F44C5|TRK_8DC7FD5FF93A|TRK_7A91F5198B53|TRK_BEE1B756CA92|TRK_0331FB7CD37E|TRK_EEA8DB00B33D|TRK_3A519CFB8F0F|TRK_8C842CC0A407,25970.0,607600.0,555630.0,True,True,False,False,"{""circular_bonus"": -1.1, ""distance_km"": 1.0, ""empty_km"": 0.85, ""fuel_inr"": 0.01, ""risk"": 12.0, ""time_min"": 0.35, ""toll_inr"": 0.01}",CST_48011250D4FB,SCN_BASELINE,g1,False,3721,test,20260903,v0.1,hash_bucket
INS_22F82BC151BB,32604c5d3cce5f60,CIRCULAR_VRP,small,LOC_8F3BDE96C1C3,Rampur,UP,14,6,TRK_017DA12B162E|TRK_A997FC00E0CF|TRK_8C037A0ADC54|TRK_EEB1DE456EE4|TRK_BCC966E673C0|TRK_B6CE07A71D80,30590.0,187510.0,145610.0,True,True,False,True,"{""circular_bonus"": -1.1, ""distance_km"": 1.0, ""empty_km"": 0.85, ""fuel_inr"": 0.01, ""risk"": 12.0, ""time_min"": 0.35, ""toll_inr"": 0.01}",CST_48011250D4FB,SCN_BASELINE,g1,False,225,train,20260903,v0.1,hash_bucket
INS_3A218D8CBEFA,2d3c13cef8834643,VRPTW,medium,LOC_D49CDCEB7AF7,Charkhi Dadri,HR,30,12,TRK_017DA12B162E|TRK_A997FC00E0CF|TRK_8C037A0ADC54|TRK_EEB1DE456EE4|TRK_BCC966E673C0|TRK_B6CE07A71D80|TRK_5564246F7906|TRK_5136065E98CA|TRK_E260AFDFB21B|TRK_E9C76BCDE1E1|TRK_FB045E9F7F61|TRK_B7FB75BB3E0A,28840.0,363890.0,312450.0,True,True,False,False,"{""circular_bonus"": -1.1, ""distance_km"": 1.0, ""empty_km"": 0.85, ""fuel_inr"": 0.01, ""risk"": 12.0, ""time_min"": 0.35, ""toll_inr"": 0.01}",CST_48011250D4FB,SCN_BASELINE,g1,False,961,train,20260903,v0.1,hash_bucket
INS_4B555BA006A2,bce7dfacfb54fdf2,CIRCULAR_VRP,medium,LOC_0B27B307A77E,Panipat,HR,24,13,TRK_017DA12B162E|TRK_A997FC00E0CF|TRK_8C037A0ADC54|TRK_EEB1DE456EE4|TRK_BCC966E673C0|TRK_B6CE07A71D80|TRK_5564246F7906|TRK_5136065E98CA|TRK_E260AFDFB21B|TRK_E9C76BCDE1E1|TRK_FB045E9F7F61|TRK_B7FB75BB3E0A|TRK_4A05F6B9B509,28580.0,392470.0,360590.0,True,True,False,True,"{""circular_bonus"": -1.1, ""distance_km"": 1.0, ""empty_km"": 0.85, ""fuel_inr"": 0.01, ""risk"": 12.0, ""time_min"": 0.35, ""toll_inr"": 0.01}",CST_48011250D4FB,SCN_BASELINE,g1,False,625,train,20260903,v0.1,hash_bucket
INS_B2D50F06D468,52ec67c1b35179e5,PDP,large,LOC_165F0D721F3E,Jalandhar,PB,43,18,TRK_017DA12B162E|TRK_A997FC00E0CF|TRK_8C037A0ADC54|TRK_EEB1DE456EE4|TRK_BCC966E673C0|TRK_B6CE07A71D80|TRK_5564246F7906|TRK_5136065E98CA|TRK_E260AFDFB21B|TRK_E9C76BCDE1E1|TRK_FB045E9F7F61|TRK_B7FB75BB3E0A|TRK_4A05F6B9B509|TRK_1C8C798F44C5|TRK_8DC7FD5FF93A|TRK_7A91F5198B53|TRK_BEE1B756CA92|TRK_0331FB7CD37E,26610.0,529120.0,492880.0,True,False,True,True,"{""circular_bonus"": -1.1, ""distance_km"": 1.0, ""empty_km"": 0.85, ""fuel_inr"": 0.01, ""risk"": 12.0, ""time_min"": 0.35, ""toll_inr"": 0.01}",CST_48011250D4FB,SCN_BASELINE,g1,False,1936,train,20260903,v0.1,hash_bucket
INS_A31BED16DDF4,cd2cd42c233e7c99,PDP,small,LOC_B6370F731EEC,Lucknow,UP,9,8,TRK_017DA12B162E|TRK_A997FC00E0CF|TRK_8C037A0ADC54|TRK_EEB1DE456EE4|TRK_BCC966E673C0|TRK_B6CE07A71D80|TRK_5564246F7906|TRK_5136065E98CA,29770.0,247810.0,201410.0,True,True,True,False,"{""circular_bonus"": -1.1, ""distance_km"": 1.0, ""empty_km"": 0.85, ""fuel_inr"": 0.01, ""risk"": 12.0, ""time_min"": 0.35, ""toll_inr"": 0.01}",CST_48011250D4FB,SCN_BASELINE,g1,False,100,validation,20260903,v0.1,hash_bucket
INS_BADBADEAF32B,afe2c4c232c457e1,CVRP,medium,LOC_0D7AAF851D69,Tarn Taran,PB,21,5,TRK_017DA12B162E|TRK_A997FC00E0CF|TRK_8C037A0ADC54|TRK_EEB1DE456EE4|TRK_BCC966E673C0,30750.0,156920.0,107910.0,True,False,False,False,"{""circular_bonus"": -1.1, ""distance_km"": 1.0, ""empty_km"": 0.85, ""fuel_inr"": 0.01, ""risk"": 12.0, ""time_min"": 0.35, ""toll_inr"": 0.01}",CST_48011250D4FB,SCN_BASELINE,g1,False,484,train,20260903,v0.1,hash_bucket
INS_43CC0DF59893,6e5ea1cee65cdd8e,CIRCULAR_VRP,medium,LOC_6C7E235EC96D,Nawanshahr,PB,22,9,TRK_017DA12B162E|TRK_A997FC00E0CF|TRK_8C037A0ADC54|TRK_EEB1DE456EE4|TRK_BCC966E673C0|TRK_B6CE07A71D80|TRK_5564246F7906|TRK_5136065E98CA|TRK_E260AFDFB21B,29400.0,277210.0,222810.0,True,True,False,True,"{""circular_bonus"": -1.1, ""distance_km"": 1.0, ""empty_km"": 0.85, ""fuel_inr"": 0.01, ""risk"": 12.0, ""time_min"": 0.35, ""toll_inr"": 0.01}",CST_48011250D4FB,SCN_BASELINE,g1,False,529,train,20260903,v0.1,hash_bucket
INS_96D1B097F4FD,5b769abb50cab5ab,VRPTW,medium,LOC_3B372919B752,Karnal,HR,30,12,TRK_017DA12B162E|TRK_A997FC00E0CF|TRK_8C037A0ADC54|TRK_EEB1DE456EE4|TRK_BCC966E673C0|TRK_B6CE07A71D80|TRK_5564246F7906|TRK_5136065E98CA|TRK_E260AFDFB21B|TRK_E9C76BCDE1E1|TRK_FB045E9F7F61|TRK_B7FB75BB3E0A,28840.0,363890.0,319760.0,True,True,False,False,"{""circular_bonus"": -1.1, ""distance_km"": 1.0, ""empty_km"": 0.85, ""fuel_inr"": 0.01, ""risk"": 12.0, ""time_min"": 0.35, ""toll_inr"": 0.01}",CST_48011250D4FB,SCN_BASELINE,g1,False,961,test,20260903,v0.1,holdout_district
INS_45D0FF05A313,348d4daa12a1f29c,PDP,medium,LOC_E71843C35AC6,Bijnor,UP,22,8,TRK_017DA12B162E|TRK_A997FC00E0CF|TRK_8C037A0ADC54|TRK_EEB1DE456EE4|TRK_BCC966E673C0|TRK_B6CE07A71D80|TRK_5564246F7906|TRK_5136065E98CA,29770.0,247810.0,204110.0,True,False,True,False,"{""circular_bonus"": -1.1, ""distance_km"": 1.0, ""empty_km"": 0.85, ""fuel_inr"": 0.01, ""risk"": 12.0, ""time_min"": 0.35, ""toll_inr"": 0.01}",CST_48011250D4FB,SCN_BASELINE,g1,False,529,train,20260903,v0.1,hash_bucket
INS_189DE44E64D8,3815b54deec1d279,CVRP,medium,LOC_BACB2642B5AD,Kurukshetra,HR,21,5,TRK_017DA12B162E|TRK_A997FC00E0CF|TRK_8C037A0ADC54|TRK_EEB1DE456EE4|TRK_BCC966E673C0,30750.0,156920.0,109330.0,True,False,False,False,"{""circular_bonus"": -1.1, ""distance_km"": 1.0, ""empty_km"": 0.85, ""fuel_inr"": 0.01, ""risk"": 12.0, ""time_min"": 0.35, ""toll_inr"": 0.01}",CST_48011250D4FB,SCN_BASELINE,g1,False,484,test,20260903,v0.1,hash_bucket
INS_ADD1629F0174,0a951cc17ce29474,CIRCULAR_VRP,small,LOC_8EAD4661AFB9,Jhajjar,HR,12,5,TRK_2A2A3F44FD68|TRK_DF02CF5283B1|TRK_6F9F028D03FA|TRK_16E5A4F3E8DF|TRK_536C1B2DE910,6340.0,52980.0,46590.0,True,False,False,True,"{""circular_bonus"": -1.1, ""distance_km"": 1.0, ""empty_km"": 0.85, ""fuel_inr"": 0.01, ""risk"": 12.0, ""time_min"": 0.35, ""toll_inr"": 0.01}",CST_48011250D4FB,SCN_BASELINE,g1,False,169,train,20260903,v0.1,hash_bucket
INS_A7600950D089,9be148919fd4ae03,CVRP,medium,LOC_D49CDCEB7AF7,Charkhi Dadri,HR,17,7,TRK_017DA12B162E|TRK_A997FC00E0CF|TRK_8C037A0ADC54|TRK_EEB1DE456EE4|TRK_BCC966E673C0|TRK_B6CE07A71D80|TRK_5564246F7906,30530.0,218040.0,163890.0,True,False,False,False,"{""circular_bonus"": -1.1, ""distance_km"": 1.0, ""empty_km"": 0.85, ""fuel_inr"": 0.01, ""risk"": 12.0, ""time_min"": 0.35, ""toll_inr"": 0.01}",CST_48011250D4FB,SCN_BASELINE,g1,False,324,train,20260903,v0.1,hash_bucket
INS_8D4E6D9F4596,7b6d609a6c44511c,CIRCULAR_VRP,medium,LOC_D49CDCEB7AF7,Charkhi Dadri,HR,29,11,TRK_017DA12B162E|TRK_A997FC00E0CF|TRK_8C037A0ADC54|TRK_EEB1DE456EE4|TRK_BCC966E673C0|TRK_B6CE07A71D80|TRK_5564246F7906|TRK_5136065E98CA|TRK_E260AFDFB21B|TRK_E9C76BCDE1E1|TRK_FB045E9F7F61,28890.0,335050.0,282160.0,True,True,False,True,"{""circular_bonus"": -1.1, ""distance_km"": 1.0, ""empty_km"": 0.85, ""fuel_inr"": 0.01, ""risk"": 12.0, ""time_min"": 0.35, ""toll_inr"": 0.01}",CST_48011250D4FB,SCN_BASELINE,g1,False,900,train,20260903,v0.1,hash_bucket
INS_8C5B51038D1B,190900ef2cb35b7c,VRPTW,medium,LOC_D8FB48D6F894,Fatehabad,HR,21,4,TRK_017DA12B162E|TRK_A997FC00E0CF|TRK_8C037A0ADC54|TRK_EEB1DE456EE4,31250.0,126170.0,73825.0,True,True,False,False,"{""circular_bonus"": -1.1, ""distance_km"": 1.0, ""empty_km"": 0.85, ""fuel_inr"": 0.01, ""risk"": 12.0, ""time_min"": 0.35, ""toll_inr"": 0.01}",CST_48011250D4FB,SCN_BASELINE,g1,False,484,train,20260903,v0.1,hash_bucket
INS_16DDD8CEF0FB,9c51b7d04e86fd88,VRPTW,medium,LOC_1FB47BF8FFEB,Bulandshahr,UP,17,7,TRK_017DA12B162E|TRK_A997FC00E0CF|TRK_8C037A0ADC54|TRK_EEB1DE456EE4|TRK_BCC966E673C0|TRK_B6CE07A71D80|TRK_5564246F7906,30530.0,218040.0,162770.0,True,True,False,False,"{""circular_bonus"": -1.1, ""distance_km"": 1.0, ""empty_km"": 0.85, ""fuel_inr"": 0.01, ""risk"": 12.0, ""time_min"": 0.35, ""toll_inr"": 0.01}",CST_48011250D4FB,SCN_BASELINE,g1,False,324,test,20260903,v0.1,holdout_district
INS_2AF2D44E5BF7,a83e868ff678f3b6,PDP,medium,LOC_CF065FE8EBAB,Gautam Buddha Nagar,UP,30,23,TRK_017DA12B162E|TRK_A997FC00E0CF|TRK_8C037A0ADC54|TRK_EEB1DE456EE4|TRK_BCC966E673C0|TRK_B6CE07A71D80|TRK_5564246F7906|TRK_5136065E98CA|TRK_E260AFDFB21B|TRK_E9C76BCDE1E1|TRK_FB045E9F7F61|TRK_B7FB75BB3E0A|TRK_4A05F6B9B509|TRK_1C8C798F44C5|TRK_8DC7FD5FF93A|TRK_7A91F5198B53|TRK_BEE1B756CA92|TRK_0331FB7CD37E|TRK_EEA8DB00B33D|TRK_3A519CFB8F0F|TRK_8C842CC0A407|TRK_1A09343A6FAC|TRK_3F175C42FEAA,25290.0,658660.0,629680.0,True,True,True,True,"{""circular_bonus"": -1.1, ""distance_km"": 1.0, ""empty_km"": 0.85, ""fuel_inr"": 0.01, ""risk"": 12.0, ""time_min"": 0.35, ""toll_inr"": 0.01}",CST_48011250D4FB,SCN_BASELINE,g1,False,961,train,20260903,v0.1,hash_bucket
INS_1A194EB4A028,6c26149d95058ea1,CIRCULAR_VRP,small,LOC_5775AEDC7A87,Kanpur Nagar,UP,14,6,TRK_017DA12B162E|TRK_A997FC00E0CF|TRK_8C037A0ADC54|TRK_EEB1DE456EE4|TRK_BCC966E673C0|TRK_B6CE07A71D80,30590.0,187510.0,150980.0,True,False,False,True,"{""circular_bonus"": -1.1, ""distance_km"": 1.0, ""empty_km"": 0.85, ""fuel_inr"": 0.01, ""risk"": 12.0, ""time_min"": 0.35, ""toll_inr"": 0.01}",CST_48011250D4FB,SCN_BASELINE,g1,False,225,validation,20260903,v0.1,hash_bucket
INS_E96908BFFFAC,d73c09ee755a2a9b,VRPTW,medium,LOC_BF1D141289ED,Hoshiarpur,PB,23,7,TRK_017DA12B162E|TRK_A997FC00E0CF|TRK_8C037A0ADC54|TRK_EEB1DE456EE4|TRK_BCC966E673C0|TRK_B6CE07A71D80|TRK_5564246F7906,30530.0,218040.0,171340.0,True,True,False,False,"{""circular_bonus"": -1.1, ""distance_km"": 1.0, ""empty_km"": 0.85, ""fuel_inr"": 0.01, ""risk"": 12.0, ""time_min"": 0.35, ""toll_inr"": 0.01}",CST_48011250D4FB,SCN_BASELINE,g1,False,576,validation,20260903,v0.1,hash_bucket
INS_10FC63DBE1AF,ebe72809009a5d5d,CVRP,small,LOC_BACB2642B5AD,Kurukshetra,HR,10,3,TRK_017DA12B162E|TRK_A997FC00E0CF|TRK_8C037A0ADC54,31430.0,94920.0,37400.0,True,False,False,False,"{""circular_bonus"": -1.1, ""distance_km"": 1.0, ""empty_km"": 0.85, ""fuel_inr"": 0.01, ""risk"": 12.0, ""time_min"": 0.35, ""toll_inr"": 0.01}",CST_48011250D4FB,SCN_BASELINE,g1,False,121,train,20260903,v0.1,hash_bucket
INS_814E61E6B22E,ac030c05854bec4d,CIRCULAR_VRP,small,LOC_8F3BDE96C1C3,Rampur,UP,13,4,TRK_017DA12B162E|TRK_A997FC00E0CF|TRK_8C037A0ADC54|TRK_EEB1DE456EE4,31250.0,126170.0,91850.0,True,False,False,True,"{""circular_bonus"": -1.1, ""distance_km"": 1.0, ""empty_km"": 0.85, ""fuel_inr"": 0.01, ""risk"": 12.0, ""time_min"": 0.35, ""toll_inr"": 0.01}",CST_48011250D4FB,SCN_BASELINE,g1,False,196,train,20260903,v0.1,hash_bucket
INS_E80BBEAD8C4C,4c0d2f3a60012cfa,PDP,medium,LOC_60C46A471111,Pilibhit,UP,16,6,TRK_017DA12B162E|TRK_A997FC00E0CF|TRK_8C037A0ADC54|TRK_EEB1DE456EE4|TRK_BCC966E673C0|TRK_B6CE07A71D80,30590.0,187510.0,138020.0,True,True,True,False,"{""circular_bonus"": -1.1, ""distance_km"": 1.0, ""empty_km"": 0.85, ""fuel_inr"": 0.01, ""risk"": 12.0, ""time_min"": 0.35, ""toll_inr"": 0.01}",CST_48011250D4FB,SCN_BASELINE,g1,False,289,validation,20260903,v0.1,hash_bucket
INS_F01524EE77A5,d5b73ce14b9fd2a6,CVRP,medium,LOC_DA9770705B86,South West Delhi,DL,15,14,TRK_017DA12B162E|TRK_A997FC00E0CF|TRK_8C037A0ADC54|TRK_EEB1DE456EE4|TRK_BCC966E673C0|TRK_B6CE07A71D80|TRK_5564246F7906|TRK_5136065E98CA|TRK_E260AFDFB21B|TRK_E9C76BCDE1E1|TRK_FB045E9F7F61|TRK_B7FB75BB3E0A|TRK_4A05F6B9B509|TRK_1C8C798F44C5,27990.0,420460.0,374010.0,True,False,False,False,"{""circular_bonus"": -1.1, ""distance_km"": 1.0, ""empty_km"": 0.85, ""fuel_inr"": 0.01, ""risk"": 12.0, ""time_min"": 0.35, ""toll_inr"": 0.01}",CST_48011250D4FB,SCN_BASELINE,g1,False,256,train,20260903,v0.1,hash_bucket
INS_6BE9831B75F6,5dd1daebbc2ca9d6,PDP,small,LOC_91BA4A3395D5,Sirsa,HR,13,5,TRK_017DA12B162E|TRK_A997FC00E0CF|TRK_8C037A0ADC54|TRK_EEB1DE456EE4|TRK_BCC966E673C0,30750.0,156920.0,118650.0,True,True,True,False,"{""circular_bonus"": -1.1, ""distance_km"": 1.0, ""empty_km"": 0.85, ""fuel_inr"": 0.01, ""risk"": 12.0, ""time_min"": 0.35, ""toll_inr"": 0.01}",CST_48011250D4FB,SCN_BASELINE,g1,False,196,train,20260903,v0.1,hash_bucket
INS_98CC275A1BE9,17b431b394a123a2,CVRP,large,LOC_60C46A471111,Pilibhit,UP,57,18,TRK_017DA12B162E|TRK_A997FC00E0CF|TRK_8C037A0ADC54|TRK_EEB1DE456EE4|TRK_BCC966E673C0|TRK_B6CE07A71D80|TRK_5564246F7906|TRK_5136065E98CA|TRK_E260AFDFB21B|TRK_E9C76BCDE1E1|TRK_FB045E9F7F61|TRK_B7FB75BB3E0A|TRK_4A05F6B9B509|TRK_1C8C798F44C5|TRK_8DC7FD5FF93A|TRK_7A91F5198B53|TRK_BEE1B756CA92|TRK_0331FB7CD37E,26610.0,529120.0,489870.0,True,False,False,False,"{""circular_bonus"": -1.1, ""distance_km"": 1.0, ""empty_km"": 0.85, ""fuel_inr"": 0.01, ""risk"": 12.0, ""time_min"": 0.35, ""toll_inr"": 0.01}",CST_48011250D4FB,SCN_BASELINE,g1,False,3364,train,20260903,v0.1,hash_bucket
INS_F202A5263149,392630015922cf34,CIRCULAR_VRP,small,LOC_E7B504BE8FE9,Patiala,PB,12,5,TRK_017DA12B162E|TRK_A997FC00E0CF|TRK_8C037A0ADC54|TRK_EEB1DE456EE4|TRK_BCC966E673C0,30750.0,156920.0,101885.0,True,True,False,True,"{""circular_bonus"": -1.1, ""distance_km"": 1.0, ""empty_km"": 0.85, ""fuel_inr"": 0.01, ""risk"": 12.0, ""time_min"": 0.35, ""toll_inr"": 0.01}",CST_48011250D4FB,SCN_BASELINE,g1,False,169,train,20260903,v0.1,hash_bucket
INS_C161CCEBFD46,833ca5d42d542635,PDP,small,LOC_58DEC063659A,Gorakhpur,UP,11,5,TRK_017DA12B162E|TRK_A997FC00E0CF|TRK_8C037A0ADC54|TRK_EEB1DE456EE4|TRK_BCC966E673C0,30750.0,156920.0,102310.0,True,True,True,False,"{""circular_bonus"": -1.1, ""distance_km"": 1.0, ""empty_km"": 0.85, ""fuel_inr"": 0.01, ""risk"": 12.0, ""time_min"": 0.35, ""toll_inr"": 0.01}",CST_48011250D4FB,SCN_BASELINE,g1,False,144,train,20260903,v0.1,hash_bucket
INS_90E79476843B,17d796707b55f396,PDP,small,LOC_F1EE6A62E5AA,Mahendragarh,HR,12,5,TRK_017DA12B162E|TRK_A997FC00E0CF|TRK_8C037A0ADC54|TRK_EEB1DE456EE4|TRK_BCC966E673C0,30750.0,156920.0,98210.0,True,False,True,False,"{""circular_bonus"": -1.1, ""distance_km"": 1.0, ""empty_km"": 0.85, ""fuel_inr"": 0.01, ""risk"": 12.0, ""time_min"": 0.35, ""toll_inr"": 0.01}",CST_48011250D4FB,SCN_BASELINE,g1,False,169,train,20260903,v0.1,hash_bucket
INS_9B85C551272E,f989807bfa8d6368,PDP,medium,LOC_2E423964E639,Agra,UP,29,16,TRK_017DA12B162E|TRK_A997FC00E0CF|TRK_8C037A0ADC54|TRK_EEB1DE456EE4|TRK_BCC966E673C0|TRK_B6CE07A71D80|TRK_5564246F7906|TRK_5136065E98CA|TRK_E260AFDFB21B|TRK_E9C76BCDE1E1|TRK_FB045E9F7F61|TRK_B7FB75BB3E0A|TRK_4A05F6B9B509|TRK_1C8C798F44C5|TRK_8DC7FD5FF93A|TRK_7A91F5198B53,27170.0,475340.0,434260.0,True,False,True,False,"{""circular_bonus"": -1.1, ""distance_km"": 1.0, ""empty_km"": 0.85, ""fuel_inr"": 0.01, ""risk"": 12.0, ""time_min"": 0.35, ""toll_inr"": 0.01}",CST_48011250D4FB,SCN_BASELINE,g1,False,900,train,20260903,v0.1,hash_bucket
INS_138F2D6FCF3F,e202d5be21bea86f,PDP,small,LOC_D2DDEA75080C,Pathankot,PB,8,5,TRK_017DA12B162E|TRK_A997FC00E0CF|TRK_8C037A0ADC54|TRK_EEB1DE456EE4|TRK_BCC966E673C0,30750.0,156920.0,106370.0,True,True,True,False,"{""circular_bonus"": -1.1, ""distance_km"": 1.0, ""empty_km"": 0.85, ""fuel_inr"": 0.01, ""risk"": 12.0, ""time_min"": 0.35, ""toll_inr"": 0.01}",CST_48011250D4FB,SCN_BASELINE,g1,False,81,train,20260903,v0.1,hash_bucket
INS_5A3BEDBCA605,8406bd51b434b5ad,CIRCULAR_VRP,small,LOC_C58F1767A842,Barnala,PB,12,3,TRK_017DA12B162E|TRK_A997FC00E0CF|TRK_8C037A0ADC54,31430.0,94920.0,50920.0,True,False,False,True,"{""circular_bonus"": -1.1, ""distance_km"": 1.0, ""empty_km"": 0.85, ""fuel_inr"": 0.01, ""risk"": 12.0, ""time_min"": 0.35, ""toll_inr"": 0.01}",CST_48011250D4FB,SCN_BASELINE,g1,False,169,train,20260903,v0.1,hash_bucket
INS_89C33F354148,c4f5f63f34767657,PDP,small,LOC_5B344A07BA57,Sangrur,PB,11,8,TRK_017DA12B162E|TRK_4A05F6B9B509|TRK_53CBDA158281|TRK_AA8BF80E5DEA|TRK_14DED19CFB57|TRK_28733333D0A6|TRK_D77AA299A22C|TRK_8169C8E8F13C,3870.0,122580.0,111410.0,True,True,True,False,"{""circular_bonus"": -1.1, ""distance_km"": 1.0, ""empty_km"": 0.85, ""fuel_inr"": 0.01, ""risk"": 12.0, ""time_min"": 0.35, ""toll_inr"": 0.01}",CST_48011250D4FB,SCN_BASELINE,g1,False,144,train,20260903,v0.1,hash_bucket
INS_1FF842F3874D,272d1d414f86b749,CIRCULAR_VRP,medium,LOC_B6370F731EEC,Lucknow,UP,30,23,TRK_017DA12B162E|TRK_A997FC00E0CF|TRK_8C037A0ADC54|TRK_EEB1DE456EE4|TRK_BCC966E673C0|TRK_B6CE07A71D80|TRK_5564246F7906|TRK_5136065E98CA|TRK_E260AFDFB21B|TRK_E9C76BCDE1E1|TRK_FB045E9F7F61|TRK_B7FB75BB3E0A|TRK_4A05F6B9B509|TRK_1C8C798F44C5|TRK_8DC7FD5FF93A|TRK_7A91F5198B53|TRK_BEE1B756CA92|TRK_0331FB7CD37E|TRK_EEA8DB00B33D|TRK_3A519CFB8F0F|TRK_8C842CC0A407|TRK_1A09343A6FAC|TRK_3F175C42FEAA,25290.0,658660.0,622370.0,True,True,False,True,"{""circular_bonus"": -1.1, ""distance_km"": 1.0, ""empty_km"": 0.85, ""fuel_inr"": 0.01, ""risk"": 12.0, ""time_min"": 0.35, ""toll_inr"": 0.01}",CST_48011250D4FB,SCN_BASELINE,g1,False,961,train,20260903,v0.1,hash_bucket
INS_1F3FCEA04D6E,65d523e870e0d776,PDP,medium,LOC_443EF0FB4E8C,Etawah,UP,29,5,TRK_017DA12B162E|TRK_A997FC00E0CF|TRK_8C037A0ADC54|TRK_EEB1DE456EE4|TRK_BCC966E673C0,30750.0,156920.0,104180.0,True,True,True,True,"{""circular_bonus"": -1.1, ""distance_km"": 1.0, ""empty_km"": 0.85, ""fuel_inr"": 0.01, ""risk"": 12.0, ""time_min"": 0.35, ""toll_inr"": 0.01}",CST_48011250D4FB,SCN_BASELINE,g1,False,900,train,20260903,v0.1,hash_bucket
INS_0EB165041BCE,cf22635b96fc8714,PDP,small,LOC_6042150B38E7,Rohtak,HR,10,7,TRK_017DA12B162E|TRK_A997FC00E0CF|TRK_8C037A0ADC54|TRK_EEB1DE456EE4|TRK_BCC966E673C0|TRK_B6CE07A71D80|TRK_5564246F7906,30530.0,218040.0,180050.0,True,False,True,True,"{""circular_bonus"": -1.1, ""distance_km"": 1.0, ""empty_km"": 0.85, ""fuel_inr"": 0.01, ""risk"": 12.0, ""time_min"": 0.35, ""toll_inr"": 0.01}",CST_48011250D4FB,SCN_BASELINE,g1,False,121,validation,20260903,v0.1,hash_bucket
INS_C5810082E902,9b7c94b3ff80f477,VRPTW,small,LOC_08710C80560B,Moga,PB,12,3,TRK_017DA12B162E|TRK_A997FC00E0CF|TRK_8C037A0ADC54,31430.0,94920.0,55490.0,True,True,False,False,"{""circular_bonus"": -1.1, ""distance_km"": 1.0, ""empty_km"": 0.85, ""fuel_inr"": 0.01, ""risk"": 12.0, ""time_min"": 0.35, ""toll_inr"": 0.01}",CST_48011250D4FB,SCN_BASELINE,g1,False,169,train,20260903,v0.1,hash_bucket
INS_9FCDCBC7BFF9,5b0c9d25fb1834fe,CIRCULAR_VRP,medium,LOC_B6370F731EEC,Lucknow,UP,27,21,TRK_017DA12B162E|TRK_A997FC00E0CF|TRK_8C037A0ADC54|TRK_EEB1DE456EE4|TRK_BCC966E673C0|TRK_B6CE07A71D80|TRK_5564246F7906|TRK_5136065E98CA|TRK_E260AFDFB21B|TRK_E9C76BCDE1E1|TRK_FB045E9F7F61|TRK_B7FB75BB3E0A|TRK_4A05F6B9B509|TRK_1C8C798F44C5|TRK_8DC7FD5FF93A|TRK_7A91F5198B53|TRK_BEE1B756CA92|TRK_0331FB7CD37E|TRK_EEA8DB00B33D|TRK_3A519CFB8F0F|TRK_8C842CC0A407,25970.0,607600.0,581460.0,True,False,False,True,"{""circular_bonus"": -1.1, ""distance_km"": 1.0, ""empty_km"": 0.85, ""fuel_inr"": 0.01, ""risk"": 12.0, ""time_min"": 0.35, ""toll_inr"": 0.01}",CST_48011250D4FB,SCN_BASELINE,g1,False,784,validation,20260903,v0.1,hash_bucket
INS_FB677F141B47,c65d9e553bcdc5d8,PDP,small,LOC_8E5593D8E476,Rupnagar,PB,9,6,TRK_017DA12B162E|TRK_A997FC00E0CF|TRK_8C037A0ADC54|TRK_EEB1DE456EE4|TRK_BCC966E673C0|TRK_B6CE07A71D80,30590.0,187510.0,152530.0,True,True,True,False,"{""circular_bonus"": -1.1, ""distance_km"": 1.0, ""empty_km"": 0.85, ""fuel_inr"": 0.01, ""risk"": 12.0, ""time_min"": 0.35, ""toll_inr"": 0.01}",CST_48011250D4FB,SCN_BASELINE,g1,False,100,train,20260903,v0.1,hash_bucket
INS_E8A0C501B1D0,dbfc232b0d2e6a66,CIRCULAR_VRP,small,LOC_2B9C182E1BB7,Panchkula,HR,9,5,TRK_8C037A0ADC54|TRK_53479DAD233A|TRK_62BE0015EC2D|TRK_2328CBC73B38|TRK_8B6AC1173403,2830.0,68570.0,61030.0,True,True,False,True,"{""circular_bonus"": -1.1, ""distance_km"": 1.0, ""empty_km"": 0.85, ""fuel_inr"": 0.01, ""risk"": 12.0, ""time_min"": 0.35, ""toll_inr"": 0.01}",CST_48011250D4FB,SCN_BASELINE,g1,False,100,train,20260903,v0.1,hash_bucket
INS_7C294567B8A5,1adbbdd47f1845ba,CIRCULAR_VRP,small,LOC_5B344A07BA57,Sangrur,PB,11,7,TRK_017DA12B162E|TRK_A997FC00E0CF|TRK_8C037A0ADC54|TRK_EEB1DE456EE4|TRK_BCC966E673C0|TRK_B6CE07A71D80|TRK_5564246F7906,30530.0,218040.0,186540.0,True,True,False,True,"{""circular_bonus"": -1.1, ""distance_km"": 1.0, ""empty_km"": 0.85, ""fuel_inr"": 0.01, ""risk"": 12.0, ""time_min"": 0.35, ""toll_inr"": 0.01}",CST_48011250D4FB,SCN_BASELINE,g1,False,144,train,20260903,v0.1,hash_bucket
INS_2D1D3664A99B,2218d69936c0032d,CIRCULAR_VRP,medium,LOC_45C74FBD7B6F,Mansa,PB,15,5,TRK_017DA12B162E|TRK_A997FC00E0CF|TRK_8C037A0ADC54|TRK_EEB1DE456EE4|TRK_BCC966E673C0,30750.0,156920.0,99260.0,True,True,False,True,"{""circular_bonus"": -1.1, ""distance_km"": 1.0, ""empty_km"": 0.85, ""fuel_inr"": 0.01, ""risk"": 12.0, ""time_min"": 0.35, ""toll_inr"": 0.01}",CST_48011250D4FB,SCN_BASELINE,g1,False,256,train,20260903,v0.1,hash_bucket
INS_D658E42FBE1B,982f0e104fb64556,PDP,small,LOC_3B372919B752,Karnal,HR,10,6,TRK_017DA12B162E|TRK_A997FC00E0CF|TRK_8C037A0ADC54|TRK_EEB1DE456EE4|TRK_BCC966E673C0|TRK_B6CE07A71D80,30590.0,187510.0,144190.0,True,False,True,False,"{""circular_bonus"": -1.1, ""distance_km"": 1.0, ""empty_km"": 0.85, ""fuel_inr"": 0.01, ""risk"": 12.0, ""time_min"": 0.35, ""toll_inr"": 0.01}",CST_48011250D4FB,SCN_BASELINE,g1,False,121,test,20260903,v0.1,holdout_district
INS_28E9887FA734,d287f6b2cdad4c32,CIRCULAR_VRP,small,LOC_165F0D721F3E,Jalandhar,PB,14,8,TRK_017DA12B162E|TRK_A997FC00E0CF|TRK_8C037A0ADC54|TRK_EEB1DE456EE4|TRK_BCC966E673C0|TRK_B6CE07A71D80|TRK_5564246F7906|TRK_5136065E98CA,29770.0,247810.0,203495.0,True,True,False,True,"{""circular_bonus"": -1.1, ""distance_km"": 1.0, ""empty_km"": 0.85, ""fuel_inr"": 0.01, ""risk"": 12.0, ""time_min"": 0.35, ""toll_inr"": 0.01}",CST_48011250D4FB,SCN_BASELINE,g1,False,225,train,20260903,v0.1,hash_bucket
INS_5AC3BE60A144,3ddf4a883973b1d4,CIRCULAR_VRP,small,LOC_AA53E75D54A9,Etah,UP,12,3,TRK_017DA12B162E|TRK_A997FC00E0CF|TRK_8C037A0ADC54,31430.0,94920.0,54000.0,True,True,False,True,"{""circular_bonus"": -1.1, ""distance_km"": 1.0, ""empty_km"": 0.85, ""fuel_inr"": 0.01, ""risk"": 12.0, ""time_min"": 0.35, ""toll_inr"": 0.01}",CST_48011250D4FB,SCN_BASELINE,g1,False,169,train,20260903,v0.1,hash_bucket
INS_DACCC21B5A44,1e20a09663d13118,VRPTW,small,LOC_11A4C40B0A4F,Yamunanagar,HR,8,5,TRK_FB045E9F7F61|TRK_AE0F77F9CECE|TRK_B0DF2497C19C|TRK_14D982C0383D|TRK_B84D3F394315,3490.0,55910.0,47960.0,True,True,False,False,"{""circular_bonus"": -1.1, ""distance_km"": 1.0, ""empty_km"": 0.85, ""fuel_inr"": 0.01, ""risk"": 12.0, ""time_min"": 0.35, ""toll_inr"": 0.01}",CST_48011250D4FB,SCN_BASELINE,g1,False,81,train,20260903,v0.1,hash_bucket
INS_21AAC60B1917,cbff33a37a1be456,VRPTW,small,LOC_841795218E67,Ghaziabad,UP,9,9,TRK_BF4524860146|TRK_E0816312C500|TRK_ABC633A3D528|TRK_7CACB8009A8C|TRK_F0C91B5B2FC0|TRK_1A728EEE2A9E|TRK_FC69327D528A|TRK_8BB9FA95D4D9|TRK_95E9B951FE4B,3090.0,120610.0,112810.0,True,True,False,False,"{""circular_bonus"": -1.1, ""distance_km"": 1.0, ""empty_km"": 0.85, ""fuel_inr"": 0.01, ""risk"": 12.0, ""time_min"": 0.35, ""toll_inr"": 0.01}",CST_48011250D4FB,SCN_BASELINE,g1,False,100,validation,20260903,v0.1,hash_bucket
INS_A860109922C5,131ef31e5c8014b4,CVRP,medium,LOC_190E748F376B,Barabanki,UP,28,6,TRK_017DA12B162E|TRK_A997FC00E0CF|TRK_8C037A0ADC54|TRK_EEB1DE456EE4|TRK_BCC966E673C0|TRK_B6CE07A71D80,30590.0,187510.0,155750.0,True,False,False,False,"{""circular_bonus"": -1.1, ""distance_km"": 1.0, ""empty_km"": 0.85, ""fuel_inr"": 0.01, ""risk"": 12.0, ""time_min"": 0.35, ""toll_inr"": 0.01}",CST_48011250D4FB,SCN_BASELINE,g1,False,841,test,20260903,v0.1,hash_bucket
INS_E55402B259C8,f21e2703758f2a96,PDP,medium,LOC_AC684A297AD1,Bareilly,UP,27,8,TRK_017DA12B162E|TRK_A997FC00E0CF|TRK_8C037A0ADC54|TRK_EEB1DE456EE4|TRK_BCC966E673C0|TRK_B6CE07A71D80|TRK_5564246F7906|TRK_5136065E98CA,29770.0,247810.0,215180.0,True,True,True,False,"{""circular_bonus"": -1.1, ""distance_km"": 1.0, ""empty_km"": 0.85, ""fuel_inr"": 0.01, ""risk"": 12.0, ""time_min"": 0.35, ""toll_inr"": 0.01}",CST_48011250D4FB,SCN_BASELINE,g1,False,784,train,20260903,v0.1,hash_bucket
INS_AE1B4954BAC0,12479f53e3a31571,VRPTW,large,LOC_08710C80560B,Moga,PB,49,15,TRK_017DA12B162E|TRK_A997FC00E0CF|TRK_8C037A0ADC54|TRK_EEB1DE456EE4|TRK_BCC966E673C0|TRK_B6CE07A71D80|TRK_5564246F7906|TRK_5136065E98CA|TRK_E260AFDFB21B|TRK_E9C76BCDE1E1|TRK_FB045E9F7F61|TRK_B7FB75BB3E0A|TRK_4A05F6B9B509|TRK_1C8C798F44C5|TRK_8DC7FD5FF93A,27710.0,448170.0,410130.0,True,True,False,False,"{""circular_bonus"": -1.1, ""distance_km"": 1.0, ""empty_km"": 0.85, ""fuel_inr"": 0.01, ""risk"": 12.0, ""time_min"": 0.35, ""toll_inr"": 0.01}",CST_48011250D4FB,SCN_BASELINE,g1,False,2500,train,20260903,v0.1,hash_bucket
INS_688F3EB42065,34538522028ed403,VRPTW,small,LOC_08E25919DCC7,Kanpur Dehat,UP,14,4,TRK_017DA12B162E|TRK_A997FC00E0CF|TRK_8C037A0ADC54|TRK_EEB1DE456EE4,31250.0,126170.0,89280.0,True,True,False,False,"{""circular_bonus"": -1.1, ""distance_km"": 1.0, ""empty_km"": 0.85, ""fuel_inr"": 0.01, ""risk"": 12.0, ""time_min"": 0.35, ""toll_inr"": 0.01}",CST_48011250D4FB,SCN_BASELINE,g1,False,225,train,20260903,v0.1,hash_bucket
INS_70B176EF1FF0,614155dd15369c78,PDP,small,LOC_AD745A3946E4,Unnao,UP,13,6,TRK_017DA12B162E|TRK_A997FC00E0CF|TRK_8C037A0ADC54|TRK_EEB1DE456EE4|TRK_BCC966E673C0|TRK_B6CE07A71D80,30590.0,187510.0,138570.0,True,True,True,False,"{""circular_bonus"": -1.1, ""distance_km"": 1.0, ""empty_km"": 0.85, ""fuel_inr"": 0.01, ""risk"": 12.0, ""time_min"": 0.35, ""toll_inr"": 0.01}",CST_48011250D4FB,SCN_BASELINE,g1,False,196,train,20260903,v0.1,hash_bucket
INS_4B200F56427E,77f3a1ec9acc47f1,PDP,medium,LOC_8F3BDE96C1C3,Rampur,UP,30,9,TRK_017DA12B162E|TRK_A997FC00E0CF|TRK_8C037A0ADC54|TRK_EEB1DE456EE4|TRK_BCC966E673C0|TRK_B6CE07A71D80|TRK_5564246F7906|TRK_5136065E98CA|TRK_E260AFDFB21B,29400.0,277210.0,234960.0,True,False,True,True,"{""circular_bonus"": -1.1, ""distance_km"": 1.0, ""empty_km"": 0.85, ""fuel_inr"": 0.01, ""risk"": 12.0, ""time_min"": 0.35, ""toll_inr"": 0.01}",CST_48011250D4FB,SCN_BASELINE,g1,False,961,test,20260903,v0.1,hash_bucket
INS_751A6F4ABB01,c78b00a3e7ad4fd8,VRPTW,medium,LOC_27273A6A3299,Shamli,UP,26,11,TRK_017DA12B162E|TRK_A997FC00E0CF|TRK_8C037A0ADC54|TRK_EEB1DE456EE4|TRK_BCC966E673C0|TRK_B6CE07A71D80|TRK_5564246F7906|TRK_5136065E98CA|TRK_E260AFDFB21B|TRK_E9C76BCDE1E1|TRK_FB045E9F7F61,28890.0,335050.0,297490.0,True,True,False,False,"{""circular_bonus"": -1.1, ""distance_km"": 1.0, ""empty_km"": 0.85, ""fuel_inr"": 0.01, ""risk"": 12.0, ""time_min"": 0.35, ""toll_inr"": 0.01}",CST_48011250D4FB,SCN_BASELINE,g1,False,729,validation,20260903,v0.1,hash_bucket
INS_4CFD5C50D7D3,86e88171827d27f3,CIRCULAR_VRP,large,LOC_B56ABDBA32E2,Aligarh,UP,57,21,TRK_017DA12B162E|TRK_A997FC00E0CF|TRK_8C037A0ADC54|TRK_EEB1DE456EE4|TRK_BCC966E673C0|TRK_B6CE07A71D80|TRK_5564246F7906|TRK_5136065E98CA|TRK_E260AFDFB21B|TRK_E9C76BCDE1E1|TRK_FB045E9F7F61|TRK_B7FB75BB3E0A|TRK_4A05F6B9B509|TRK_1C8C798F44C5|TRK_8DC7FD5FF93A|TRK_7A91F5198B53|TRK_BEE1B756CA92|TRK_0331FB7CD37E|TRK_EEA8DB00B33D|TRK_3A519CFB8F0F|TRK_8C842CC0A407,25970.0,607600.0,564785.0,True,True,False,True,"{""circular_bonus"": -1.1, ""distance_km"": 1.0, ""empty_km"": 0.85, ""fuel_inr"": 0.01, ""risk"": 12.0, ""time_min"": 0.35, ""toll_inr"": 0.01}",CST_48011250D4FB,SCN_BASELINE,g1,False,3364,train,20260903,v0.1,hash_bucket
INS_A773C90D3820,d7893fd9912b63f7,CIRCULAR_VRP,small,LOC_C58F1767A842,Barnala,PB,11,4,TRK_017DA12B162E|TRK_A997FC00E0CF|TRK_8C037A0ADC54|TRK_EEB1DE456EE4,31250.0,126170.0,86550.0,True,False,False,True,"{""circular_bonus"": -1.1, ""distance_km"": 1.0, ""empty_km"": 0.85, ""fuel_inr"": 0.01, ""risk"": 12.0, ""time_min"": 0.35, ""toll_inr"": 0.01}",CST_48011250D4FB,SCN_BASELINE,g1,False,144,train,20260903,v0.1,hash_bucket
INS_499E6B901ED5,009f7c28d1bde571,CVRP,small,LOC_E9EE964E8CFE,South Delhi,DL,8,9,TRK_017DA12B162E|TRK_A997FC00E0CF|TRK_8C037A0ADC54|TRK_EEB1DE456EE4|TRK_BCC966E673C0|TRK_B6CE07A71D80|TRK_5564246F7906|TRK_5136065E98CA|TRK_E260AFDFB21B,29400.0,277210.0,240000.0,True,False,False,False,"{""circular_bonus"": -1.1, ""distance_km"": 1.0, ""empty_km"": 0.85, ""fuel_inr"": 0.01, ""risk"": 12.0, ""time_min"": 0.35, ""toll_inr"": 0.01}",CST_48011250D4FB,SCN_BASELINE,g1,False,81,train,20260903,v0.1,hash_bucket
INS_20C6B220B9CD,df3d3f70335fdda8,CIRCULAR_VRP,medium,LOC_DA9770705B86,South West Delhi,DL,18,16,TRK_017DA12B162E|TRK_A997FC00E0CF|TRK_8C037A0ADC54|TRK_EEB1DE456EE4|TRK_BCC966E673C0|TRK_B6CE07A71D80|TRK_5564246F7906|TRK_5136065E98CA|TRK_E260AFDFB21B|TRK_E9C76BCDE1E1|TRK_FB045E9F7F61|TRK_B7FB75BB3E0A|TRK_4A05F6B9B509|TRK_1C8C798F44C5|TRK_8DC7FD5FF93A|TRK_7A91F5198B53,27170.0,475340.0,432240.0,True,True,False,True,"{""circular_bonus"": -1.1, ""distance_km"": 1.0, ""empty_km"": 0.85, ""fuel_inr"": 0.01, ""risk"": 12.0, ""time_min"": 0.35, ""toll_inr"": 0.01}",CST_48011250D4FB,SCN_BASELINE,g1,False,361,validation,20260903,v0.1,hash_bucket
INS_90974B25F4A5,b3bab3ae642967b0,CIRCULAR_VRP,medium,LOC_E71843C35AC6,Bijnor,UP,28,12,TRK_017DA12B162E|TRK_A997FC00E0CF|TRK_8C037A0ADC54|TRK_EEB1DE456EE4|TRK_BCC966E673C0|TRK_B6CE07A71D80|TRK_5564246F7906|TRK_5136065E98CA|TRK_E260AFDFB21B|TRK_E9C76BCDE1E1|TRK_FB045E9F7F61|TRK_B7FB75BB3E0A,28840.0,363890.0,320190.0,True,True,False,True,"{""circular_bonus"": -1.1, ""distance_km"": 1.0, ""empty_km"": 0.85, ""fuel_inr"": 0.01, ""risk"": 12.0, ""time_min"": 0.35, ""toll_inr"": 0.01}",CST_48011250D4FB,SCN_BASELINE,g1,False,841,train,20260903,v0.1,hash_bucket
INS_9E20A0F9BBEF,ff4f522678ca00e1,PDP,large,LOC_E7B504BE8FE9,Patiala,PB,52,20,TRK_017DA12B162E|TRK_A997FC00E0CF|TRK_8C037A0ADC54|TRK_EEB1DE456EE4|TRK_BCC966E673C0|TRK_B6CE07A71D80|TRK_5564246F7906|TRK_5136065E98CA|TRK_E260AFDFB21B|TRK_E9C76BCDE1E1|TRK_FB045E9F7F61|TRK_B7FB75BB3E0A|TRK_4A05F6B9B509|TRK_1C8C798F44C5|TRK_8DC7FD5FF93A|TRK_7A91F5198B53|TRK_BEE1B756CA92|TRK_0331FB7CD37E|TRK_EEA8DB00B33D|TRK_3A519CFB8F0F,26230.0,581630.0,551290.0,True,True,True,True,"{""circular_bonus"": -1.1, ""distance_km"": 1.0, ""empty_km"": 0.85, ""fuel_inr"": 0.01, ""risk"": 12.0, ""time_min"": 0.35, ""toll_inr"": 0.01}",CST_48011250D4FB,SCN_BASELINE,g1,False,2809,train,20260903,v0.1,hash_bucket
INS_F8FE7F50320D,cd8eebf33f3ab3ff,PDP,large,LOC_165F0D721F3E,Jalandhar,PB,31,16,TRK_017DA12B162E|TRK_A997FC00E0CF|TRK_8C037A0ADC54|TRK_EEB1DE456EE4|TRK_BCC966E673C0|TRK_B6CE07A71D80|TRK_5564246F7906|TRK_5136065E98CA|TRK_E260AFDFB21B|TRK_E9C76BCDE1E1|TRK_FB045E9F7F61|TRK_B7FB75BB3E0A|TRK_4A05F6B9B509|TRK_1C8C798F44C5|TRK_8DC7FD5FF93A|TRK_7A91F5198B53,27170.0,475340.0,443425.0,True,True,True,False,"{""circular_bonus"": -1.1, ""distance_km"": 1.0, ""empty_km"": 0.85, ""fuel_inr"": 0.01, ""risk"": 12.0, ""time_min"": 0.35, ""toll_inr"": 0.01}",CST_48011250D4FB,SCN_BASELINE,g1,False,1024,validation,20260903,v0.1,hash_bucket
INS_E1B09CD88AB6,329b9b3d5f7bc274,VRPTW,medium,LOC_5B344A07BA57,Sangrur,PB,15,6,TRK_017DA12B162E|TRK_A997FC00E0CF|TRK_8C037A0ADC54|TRK_EEB1DE456EE4|TRK_BCC966E673C0|TRK_B6CE07A71D80,30590.0,187510.0,134930.0,True,True,False,False,"{""circular_bonus"": -1.1, ""distance_km"": 1.0, ""empty_km"": 0.85, ""fuel_inr"": 0.01, ""risk"": 12.0, ""time_min"": 0.35, ""toll_inr"": 0.01}",CST_48011250D4FB,SCN_BASELINE,g1,False,256,test,20260903,v0.1,hash_bucket
INS_D1C5EA7049EE,be8f4f843c524dc2,VRPTW,small,LOC_2ADFB4EFDB06,Kaithal,HR,10,3,TRK_017DA12B162E|TRK_A997FC00E0CF|TRK_8C037A0ADC54,31430.0,94920.0,51680.0,True,True,False,False,"{""circular_bonus"": -1.1, ""distance_km"": 1.0, ""empty_km"": 0.85, ""fuel_inr"": 0.01, ""risk"": 12.0, ""time_min"": 0.35, ""toll_inr"": 0.01}",CST_48011250D4FB,SCN_BASELINE,g1,False,121,train,20260903,v0.1,hash_bucket
INS_9D32E782386A,28d72d367804662d,VRPTW,small,LOC_B01B9CC74597,Saharanpur,UP,8,3,TRK_017DA12B162E|TRK_A997FC00E0CF|TRK_8C037A0ADC54,31430.0,94920.0,55550.0,True,True,False,False,"{""circular_bonus"": -1.1, ""distance_km"": 1.0, ""empty_km"": 0.85, ""fuel_inr"": 0.01, ""risk"": 12.0, ""time_min"": 0.35, ""toll_inr"": 0.01}",CST_48011250D4FB,SCN_BASELINE,g1,False,81,train,20260903,v0.1,hash_bucket
INS_45B7F17F4D74,7e5d488558e19cf7,CVRP,small,LOC_6042150B38E7,Rohtak,HR,8,6,TRK_017DA12B162E|TRK_A997FC00E0CF|TRK_8C037A0ADC54|TRK_EEB1DE456EE4|TRK_BCC966E673C0|TRK_B6CE07A71D80,30590.0,187510.0,137740.0,True,False,False,False,"{""circular_bonus"": -1.1, ""distance_km"": 1.0, ""empty_km"": 0.85, ""fuel_inr"": 0.01, ""risk"": 12.0, ""time_min"": 0.35, ""toll_inr"": 0.01}",CST_48011250D4FB,SCN_BASELINE,g1,False,81,train,20260903,v0.1,hash_bucket
INS_1D9A7FC5E389,78c7813b2be524e5,CIRCULAR_VRP,large,LOC_E71843C35AC6,Bijnor,UP,42,11,TRK_017DA12B162E|TRK_A997FC00E0CF|TRK_8C037A0ADC54|TRK_EEB1DE456EE4|TRK_BCC966E673C0|TRK_B6CE07A71D80|TRK_5564246F7906|TRK_5136065E98CA|TRK_E260AFDFB21B|TRK_E9C76BCDE1E1|TRK_FB045E9F7F61,28890.0,335050.0,291860.0,True,False,False,True,"{""circular_bonus"": -1.1, ""distance_km"": 1.0, ""empty_km"": 0.85, ""fuel_inr"": 0.01, ""risk"": 12.0, ""time_min"": 0.35, ""toll_inr"": 0.01}",CST_48011250D4FB,SCN_BASELINE,g1,False,1849,train,20260903,v0.1,hash_bucket
INS_D8E1F6C52A78,f62a32dda64599f5,VRPTW,medium,LOC_DA9770705B86,South West Delhi,DL,16,14,TRK_017DA12B162E|TRK_A997FC00E0CF|TRK_8C037A0ADC54|TRK_EEB1DE456EE4|TRK_BCC966E673C0|TRK_B6CE07A71D80|TRK_5564246F7906|TRK_5136065E98CA|TRK_E260AFDFB21B|TRK_E9C76BCDE1E1|TRK_FB045E9F7F61|TRK_B7FB75BB3E0A|TRK_4A05F6B9B509|TRK_1C8C798F44C5,27990.0,420460.0,386540.0,True,True,False,False,"{""circular_bonus"": -1.1, ""distance_km"": 1.0, ""empty_km"": 0.85, ""fuel_inr"": 0.01, ""risk"": 12.0, ""time_min"": 0.35, ""toll_inr"": 0.01}",CST_48011250D4FB,SCN_BASELINE,g1,False,289,test,20260903,v0.1,hash_bucket
INS_28B87271DDA6,009f7c28d1bde571,CVRP,small,LOC_E9EE964E8CFE,South Delhi,DL,8,9,TRK_017DA12B162E|TRK_A997FC00E0CF|TRK_8C037A0ADC54|TRK_EEB1DE456EE4|TRK_BCC966E673C0|TRK_B6CE07A71D80|TRK_5564246F7906|TRK_5136065E98CA|TRK_E260AFDFB21B,29400.0,277210.0,240000.0,True,False,False,False,"{""circular_bonus"": -1.1, ""distance_km"": 1.0, ""empty_km"": 0.85, ""fuel_inr"": 0.01, ""risk"": 12.0, ""time_min"": 0.35, ""toll_inr"": 0.01}",CST_48011250D4FB,SCN_BASELINE,g1,False,81,train,20260903,v0.1,hash_bucket
INS_C552C5E2C400,22031b8f005e2aaa,CVRP,small,LOC_B9CDAEAD5C72,Mainpuri,UP,14,6,TRK_017DA12B162E|TRK_A997FC00E0CF|TRK_8C037A0ADC54|TRK_EEB1DE456EE4|TRK_BCC966E673C0|TRK_B6CE07A71D80,30590.0,187510.0,138630.0,True,False,False,False,"{""circular_bonus"": -1.1, ""distance_km"": 1.0, ""empty_km"": 0.85, ""fuel_inr"": 0.01, ""risk"": 12.0, ""time_min"": 0.35, ""toll_inr"": 0.01}",CST_48011250D4FB,SCN_BASELINE,g1,False,225,train,20260903,v0.1,hash_bucket
INS_23DEB17B2616,e9b326b52941de25,PDP,small,LOC_03F06DD41C28,Malerkotla,PB,9,5,TRK_017DA12B162E|TRK_A997FC00E0CF|TRK_8C037A0ADC54|TRK_EEB1DE456EE4|TRK_BCC966E673C0,30750.0,156920.0,103610.0,True,False,True,False,"{""circular_bonus"": -1.1, ""distance_km"": 1.0, ""empty_km"": 0.85, ""fuel_inr"": 0.01, ""risk"": 12.0, ""time_min"": 0.35, ""toll_inr"": 0.01}",CST_48011250D4FB,SCN_BASELINE,g1,False,100,train,20260903,v0.1,hash_bucket
INS_1900EF1C42F5,f6573073b39705b9,CIRCULAR_VRP,medium,LOC_C90487F88BAC,Muktsar,PB,24,10,TRK_017DA12B162E|TRK_A997FC00E0CF|TRK_8C037A0ADC54|TRK_EEB1DE456EE4|TRK_BCC966E673C0|TRK_B6CE07A71D80|TRK_5564246F7906|TRK_5136065E98CA|TRK_E260AFDFB21B|TRK_E9C76BCDE1E1,28950.0,306160.0,248360.0,True,True,False,True,"{""circular_bonus"": -1.1, ""distance_km"": 1.0, ""empty_km"": 0.85, ""fuel_inr"": 0.01, ""risk"": 12.0, ""time_min"": 0.35, ""toll_inr"": 0.01}",CST_48011250D4FB,SCN_BASELINE,g1,False,625,train,20260903,v0.1,hash_bucket
INS_7452AABAA42B,33e4837ca01798c1,PDP,small,LOC_B0D713DFA81B,Ferozepur,PB,11,3,TRK_13B28E209BDB|TRK_499061CF26CB|TRK_9EAC6D0ABBEA,3150.0,29860.0,19350.0,True,False,True,False,"{""circular_bonus"": -1.1, ""distance_km"": 1.0, ""empty_km"": 0.85, ""fuel_inr"": 0.01, ""risk"": 12.0, ""time_min"": 0.35, ""toll_inr"": 0.01}",CST_48011250D4FB,SCN_BASELINE,g1,False,144,train,20260903,v0.1,hash_bucket
INS_3A5F97E1551D,39bb809e5075294d,PDP,small,LOC_4E618897659A,Hathras,UP,10,5,TRK_017DA12B162E|TRK_A997FC00E0CF|TRK_8C037A0ADC54|TRK_EEB1DE456EE4|TRK_BCC966E673C0,30750.0,156920.0,107490.0,True,True,True,True,"{""circular_bonus"": -1.1, ""distance_km"": 1.0, ""empty_km"": 0.85, ""fuel_inr"": 0.01, ""risk"": 12.0, ""time_min"": 0.35, ""toll_inr"": 0.01}",CST_48011250D4FB,SCN_BASELINE,g1,False,121,train,20260903,v0.1,hash_bucket
INS_59F281EE96B1,b7e96770e49ad719,CIRCULAR_VRP,small,LOC_FF96333A5510,North West Delhi,DL,11,10,TRK_017DA12B162E|TRK_A997FC00E0CF|TRK_8C037A0ADC54|TRK_EEB1DE456EE4|TRK_BCC966E673C0|TRK_B6CE07A71D80|TRK_5564246F7906|TRK_5136065E98CA|TRK_E260AFDFB21B|TRK_E9C76BCDE1E1,28950.0,306160.0,261150.0,True,True,False,True,"{""circular_bonus"": -1.1, ""distance_km"": 1.0, ""empty_km"": 0.85, ""fuel_inr"": 0.01, ""risk"": 12.0, ""time_min"": 0.35, ""toll_inr"": 0.01}",CST_48011250D4FB,SCN_BASELINE,g1,False,144,validation,20260903,v0.1,hash_bucket
INS_2A7F74522DB5,70f560d36f0a8274,VRPTW,small,LOC_8F3BDE96C1C3,Rampur,UP,13,4,TRK_017DA12B162E|TRK_A997FC00E0CF|TRK_8C037A0ADC54|TRK_EEB1DE456EE4,31250.0,126170.0,87510.0,True,True,False,False,"{""circular_bonus"": -1.1, ""distance_km"": 1.0, ""empty_km"": 0.85, ""fuel_inr"": 0.01, ""risk"": 12.0, ""time_min"": 0.35, ""toll_inr"": 0.01}",CST_48011250D4FB,SCN_BASELINE,g1,False,196,train,20260903,v0.1,hash_bucket
INS_7850A9662DE5,0095de47d404bf4c,PDP,small,LOC_F1EE6A62E5AA,Mahendragarh,HR,13,4,TRK_017DA12B162E|TRK_A997FC00E0CF|TRK_8C037A0ADC54|TRK_EEB1DE456EE4,31250.0,126170.0,91000.0,True,True,True,False,"{""circular_bonus"": -1.1, ""distance_km"": 1.0, ""empty_km"": 0.85, ""fuel_inr"": 0.01, ""risk"": 12.0, ""time_min"": 0.35, ""toll_inr"": 0.01}",CST_48011250D4FB,SCN_BASELINE,g1,False,196,train,20260903,v0.1,hash_bucket
INS_6A2637D54CD7,474a4ed470e10831,PDP,medium,LOC_F86E62177015,Muzaffarnagar,UP,26,11,TRK_017DA12B162E|TRK_A997FC00E0CF|TRK_8C037A0ADC54|TRK_EEB1DE456EE4|TRK_BCC966E673C0|TRK_B6CE07A71D80|TRK_5564246F7906|TRK_5136065E98CA|TRK_E260AFDFB21B|TRK_E9C76BCDE1E1|TRK_FB045E9F7F61,28890.0,335050.0,294315.0,True,False,True,True,"{""circular_bonus"": -1.1, ""distance_km"": 1.0, ""empty_km"": 0.85, ""fuel_inr"": 0.01, ""risk"": 12.0, ""time_min"": 0.35, ""toll_inr"": 0.01}",CST_48011250D4FB,SCN_BASELINE,g1,False,729,train,20260903,v0.1,hash_bucket
INS_9644A2A354BD,bd71a5fa8cb4e021,CIRCULAR_VRP,small,LOC_6042150B38E7,Rohtak,HR,11,9,TRK_017DA12B162E|TRK_A997FC00E0CF|TRK_8C037A0ADC54|TRK_EEB1DE456EE4|TRK_BCC966E673C0|TRK_B6CE07A71D80|TRK_5564246F7906|TRK_5136065E98CA|TRK_E260AFDFB21B,29400.0,277210.0,237520.0,True,False,False,True,"{""circular_bonus"": -1.1, ""distance_km"": 1.0, ""empty_km"": 0.85, ""fuel_inr"": 0.01, ""risk"": 12.0, ""time_min"": 0.35, ""toll_inr"": 0.01}",CST_48011250D4FB,SCN_BASELINE,g1,False,144,train,20260903,v0.1,hash_bucket
INS_362DDA1F88A6,009f7c28d1bde571,CIRCULAR_VRP,small,LOC_E9EE964E8CFE,South Delhi,DL,8,9,TRK_017DA12B162E|TRK_A997FC00E0CF|TRK_8C037A0ADC54|TRK_EEB1DE456EE4|TRK_BCC966E673C0|TRK_B6CE07A71D80|TRK_5564246F7906|TRK_5136065E98CA|TRK_E260AFDFB21B,29400.0,277210.0,240000.0,True,False,False,True,"{""circular_bonus"": -1.1, ""distance_km"": 1.0, ""empty_km"": 0.85, ""fuel_inr"": 0.01, ""risk"": 12.0, ""time_min"": 0.35, ""toll_inr"": 0.01}",CST_48011250D4FB,SCN_BASELINE,g1,False,81,train,20260903,v0.1,hash_bucket
INS_2A783CDF11D2,9fb83df5185dec29,PDP,medium,LOC_8E24E29DF84B,Hisar,HR,19,8,TRK_017DA12B162E|TRK_A997FC00E0CF|TRK_8C037A0ADC54|TRK_EEB1DE456EE4|TRK_BCC966E673C0|TRK_B6CE07A71D80|TRK_5564246F7906|TRK_5136065E98CA,29770.0,247810.0,211340.0,True,True,True,False,"{""circular_bonus"": -1.1, ""distance_km"": 1.0, ""empty_km"": 0.85, ""fuel_inr"": 0.01, ""risk"": 12.0, ""time_min"": 0.35, ""toll_inr"": 0.01}",CST_48011250D4FB,SCN_BASELINE,g1,False,400,train,20260903,v0.1,hash_bucket
INS_6F254747F099,42421162026477fa,CIRCULAR_VRP,small,LOC_D24D73F16033,Meerut,UP,9,6,TRK_017DA12B162E|TRK_A997FC00E0CF|TRK_8C037A0ADC54|TRK_EEB1DE456EE4|TRK_BCC966E673C0|TRK_B6CE07A71D80,30590.0,187510.0,136870.0,True,False,False,True,"{""circular_bonus"": -1.1, ""distance_km"": 1.0, ""empty_km"": 0.85, ""fuel_inr"": 0.01, ""risk"": 12.0, ""time_min"": 0.35, ""toll_inr"": 0.01}",CST_48011250D4FB,SCN_BASELINE,g1,False,100,train,20260903,v0.1,hash_bucket
INS_312C1AA99E54,47aadf5981c4bb42,PDP,large,LOC_DD4D9C55D7BB,Fatehgarh Sahib,PB,49,16,TRK_017DA12B162E|TRK_A997FC00E0CF|TRK_8C037A0ADC54|TRK_EEB1DE456EE4|TRK_BCC966E673C0|TRK_B6CE07A71D80|TRK_5564246F7906|TRK_5136065E98CA|TRK_E260AFDFB21B|TRK_E9C76BCDE1E1|TRK_FB045E9F7F61|TRK_B7FB75BB3E0A|TRK_4A05F6B9B509|TRK_1C8C798F44C5|TRK_8DC7FD5FF93A|TRK_7A91F5198B53,27170.0,475340.0,441400.0,True,True,True,True,"{""circular_bonus"": -1.1, ""distance_km"": 1.0, ""empty_km"": 0.85, ""fuel_inr"": 0.01, ""risk"": 12.0, ""time_min"": 0.35, ""toll_inr"": 0.01}",CST_48011250D4FB,SCN_BASELINE,g1,False,2500,train,20260903,v0.1,hash_bucket
INS_A243164DBAE5,c8ea1a50e50f5f0a,PDP,small,LOC_EE8F1CF00ECF,Bhiwani,HR,9,3,TRK_017DA12B162E|TRK_A997FC00E0CF|TRK_8C037A0ADC54,31430.0,94920.0,57460.0,True,True,True,False,"{""circular_bonus"": -1.1, ""distance_km"": 1.0, ""empty_km"": 0.85, ""fuel_inr"": 0.01, ""risk"": 12.0, ""time_min"": 0.35, ""toll_inr"": 0.01}",CST_48011250D4FB,SCN_BASELINE,g1,False,100,train,20260903,v0.1,hash_bucket
INS_161A6C520DBD,e979da55cba86e48,VRPTW,medium,LOC_08710C80560B,Moga,PB,30,9,TRK_017DA12B162E|TRK_A997FC00E0CF|TRK_8C037A0ADC54|TRK_EEB1DE456EE4|TRK_BCC966E673C0|TRK_B6CE07A71D80|TRK_5564246F7906|TRK_5136065E98CA|TRK_E260AFDFB21B,29400.0,277210.0,221370.0,True,True,False,False,"{""circular_bonus"": -1.1, ""distance_km"": 1.0, ""empty_km"": 0.85, ""fuel_inr"": 0.01, ""risk"": 12.0, ""time_min"": 0.35, ""toll_inr"": 0.01}",CST_48011250D4FB,SCN_BASELINE,g1,False,961,train,20260903,v0.1,hash_bucket
INS_84D662D3AE07,193fbd3eb7eabc76,CIRCULAR_VRP,large,LOC_B56ABDBA32E2,Aligarh,UP,31,9,TRK_017DA12B162E|TRK_A997FC00E0CF|TRK_8C037A0ADC54|TRK_EEB1DE456EE4|TRK_BCC966E673C0|TRK_B6CE07A71D80|TRK_5564246F7906|TRK_5136065E98CA|TRK_E260AFDFB21B,29400.0,277210.0,228085.0,True,False,False,True,"{""circular_bonus"": -1.1, ""distance_km"": 1.0, ""empty_km"": 0.85, ""fuel_inr"": 0.01, ""risk"": 12.0, ""time_min"": 0.35, ""toll_inr"": 0.01}",CST_48011250D4FB,SCN_BASELINE,g1,False,1024,train,20260903,v0.1,hash_bucket
INS_68E1FD52910C,19556384065f3580,CIRCULAR_VRP,small,LOC_AA53E75D54A9,Etah,UP,8,6,TRK_017DA12B162E|TRK_A997FC00E0CF|TRK_8C037A0ADC54|TRK_EEB1DE456EE4|TRK_BCC966E673C0|TRK_B6CE07A71D80,30590.0,187510.0,145250.0,True,True,False,True,"{""circular_bonus"": -1.1, ""distance_km"": 1.0, ""empty_km"": 0.85, ""fuel_inr"": 0.01, ""risk"": 12.0, ""time_min"": 0.35, ""toll_inr"": 0.01}",CST_48011250D4FB,SCN_BASELINE,g1,False,81,train,20260903,v0.1,hash_bucket
INS_461899A3855E,32393e4e53225091,PDP,small,LOC_FEFD9351973D,Bathinda,PB,12,6,TRK_340016F2B945|TRK_0C5E1B5422FA|TRK_B7BA04A0793B|TRK_3AAFDA8C31B2|TRK_2C29A4F9D289|TRK_7C939A3C75A8,10860.0,89860.0,71220.0,True,True,True,True,"{""circular_bonus"": -1.1, ""distance_km"": 1.0, ""empty_km"": 0.85, ""fuel_inr"": 0.01, ""risk"": 12.0, ""time_min"": 0.35, ""toll_inr"": 0.01}",CST_48011250D4FB,SCN_BASELINE,g1,False,169,test,20260903,v0.1,holdout_district
INS_FD8E2FA10AF1,e1ce113ac784e80f,VRPTW,medium,LOC_443EF0FB4E8C,Etawah,UP,17,6,TRK_017DA12B162E|TRK_A997FC00E0CF|TRK_8C037A0ADC54|TRK_EEB1DE456EE4|TRK_BCC966E673C0|TRK_B6CE07A71D80,30590.0,187510.0,146930.0,True,True,False,False,"{""circular_bonus"": -1.1, ""distance_km"": 1.0, ""empty_km"": 0.85, ""fuel_inr"": 0.01, ""risk"": 12.0, ""time_min"": 0.35, ""toll_inr"": 0.01}",CST_48011250D4FB,SCN_BASELINE,g1,False,324,test,20260903,v0.1,hash_bucket
INS_86C858820184,ff3c2b3658dcef0e,CVRP,medium,LOC_D49CDCEB7AF7,Charkhi Dadri,HR,30,15,TRK_017DA12B162E|TRK_A997FC00E0CF|TRK_8C037A0ADC54|TRK_EEB1DE456EE4|TRK_BCC966E673C0|TRK_B6CE07A71D80|TRK_5564246F7906|TRK_5136065E98CA|TRK_E260AFDFB21B|TRK_E9C76BCDE1E1|TRK_FB045E9F7F61|TRK_B7FB75BB3E0A|TRK_4A05F6B9B509|TRK_1C8C798F44C5|TRK_8DC7FD5FF93A,27710.0,448170.0,401830.0,True,False,False,False,"{""circular_bonus"": -1.1, ""distance_km"": 1.0, ""empty_km"": 0.85, ""fuel_inr"": 0.01, ""risk"": 12.0, ""time_min"": 0.35, ""toll_inr"": 0.01}",CST_48011250D4FB,SCN_BASELINE,g1,False,961,validation,20260903,v0.1,hash_bucket
INS_7D50BD06A269,70113fdc019ea064,PDP,small,LOC_796345940EEC,Budaun,UP,9,3,TRK_017DA12B162E|TRK_A997FC00E0CF|TRK_8C037A0ADC54,31430.0,94920.0,55200.0,True,False,True,True,"{""circular_bonus"": -1.1, ""distance_km"": 1.0, ""empty_km"": 0.85, ""fuel_inr"": 0.01, ""risk"": 12.0, ""time_min"": 0.35, ""toll_inr"": 0.01}",CST_48011250D4FB,SCN_BASELINE,g1,False,100,train,20260903,v0.1,hash_bucket
INS_DF69A38B8B61,a404a0154a4b8a1d,VRPTW,medium,LOC_60C46A471111,Pilibhit,UP,27,8,TRK_017DA12B162E|TRK_A997FC00E0CF|TRK_8C037A0ADC54|TRK_EEB1DE456EE4|TRK_BCC966E673C0|TRK_B6CE07A71D80|TRK_5564246F7906|TRK_5136065E98CA,29770.0,247810.0,217750.0,True,True,False,False,"{""circular_bonus"": -1.1, ""distance_km"": 1.0, ""empty_km"": 0.85, ""fuel_inr"": 0.01, ""risk"": 12.0, ""time_min"": 0.35, ""toll_inr"": 0.01}",CST_48011250D4FB,SCN_BASELINE,g1,False,784,train,20260903,v0.1,hash_bucket
INS_2DF684F2125A,c808ad5030e2ec8e,PDP,small,LOC_FF96333A5510,North West Delhi,DL,9,9,TRK_017DA12B162E|TRK_A997FC00E0CF|TRK_8C037A0ADC54|TRK_EEB1DE456EE4|TRK_BCC966E673C0|TRK_B6CE07A71D80|TRK_5564246F7906|TRK_5136065E98CA|TRK_E260AFDFB21B,29400.0,277210.0,231510.0,True,True,True,False,"{""circular_bonus"": -1.1, ""distance_km"": 1.0, ""empty_km"": 0.85, ""fuel_inr"": 0.01, ""risk"": 12.0, ""time_min"": 0.35, ""toll_inr"": 0.01}",CST_48011250D4FB,SCN_BASELINE,g1,False,100,train,20260903,v0.1,hash_bucket
INS_93D29D907CB8,79f9d5bb896c33e5,PDP,small,LOC_2B9C182E1BB7,Panchkula,HR,12,7,TRK_017DA12B162E|TRK_A997FC00E0CF|TRK_8C037A0ADC54|TRK_EEB1DE456EE4|TRK_BCC966E673C0|TRK_B6CE07A71D80|TRK_5564246F7906,30530.0,218040.0,171730.0,True,True,True,True,"{""circular_bonus"": -1.1, ""distance_km"": 1.0, ""empty_km"": 0.85, ""fuel_inr"": 0.01, ""risk"": 12.0, ""time_min"": 0.35, ""toll_inr"": 0.01}",CST_48011250D4FB,SCN_BASELINE,g1,False,169,train,20260903,v0.1,hash_bucket
INS_D1C94551D5EC,3f83a3b4018aa486,CIRCULAR_VRP,large,LOC_27273A6A3299,Shamli,UP,43,13,TRK_017DA12B162E|TRK_A997FC00E0CF|TRK_8C037A0ADC54|TRK_EEB1DE456EE4|TRK_BCC966E673C0|TRK_B6CE07A71D80|TRK_5564246F7906|TRK_5136065E98CA|TRK_E260AFDFB21B|TRK_E9C76BCDE1E1|TRK_FB045E9F7F61|TRK_B7FB75BB3E0A|TRK_4A05F6B9B509,28580.0,392470.0,344385.0,True,True,False,True,"{""circular_bonus"": -1.1, ""distance_km"": 1.0, ""empty_km"": 0.85, ""fuel_inr"": 0.01, ""risk"": 12.0, ""time_min"": 0.35, ""toll_inr"": 0.01}",CST_48011250D4FB,SCN_BASELINE,g1,False,1936,train,20260903,v0.1,hash_bucket
INS_E184A29B244A,a6e6331c9d185631,CIRCULAR_VRP,small,LOC_BC83DA386B0E,Baghpat,UP,13,2,TRK_017DA12B162E|TRK_A997FC00E0CF,31510.0,63490.0,26900.0,True,True,False,True,"{""circular_bonus"": -1.1, ""distance_km"": 1.0, ""empty_km"": 0.85, ""fuel_inr"": 0.01, ""risk"": 12.0, ""time_min"": 0.35, ""toll_inr"": 0.01}",CST_48011250D4FB,SCN_BASELINE,g1,False,196,train,20260903,v0.1,hash_bucket
INS_E7900FAFE2B8,682a03f46bf164d7,CIRCULAR_VRP,medium,LOC_36B5B5F31C8D,Varanasi,UP,18,10,TRK_017DA12B162E|TRK_A997FC00E0CF|TRK_8C037A0ADC54|TRK_EEB1DE456EE4|TRK_BCC966E673C0|TRK_B6CE07A71D80|TRK_5564246F7906|TRK_5136065E98CA|TRK_E260AFDFB21B|TRK_E9C76BCDE1E1,28950.0,306160.0,257110.0,True,True,False,True,"{""circular_bonus"": -1.1, ""distance_km"": 1.0, ""empty_km"": 0.85, ""fuel_inr"": 0.01, ""risk"": 12.0, ""time_min"": 0.35, ""toll_inr"": 0.01}",CST_48011250D4FB,SCN_BASELINE,g1,False,361,test,20260903,v0.1,hash_bucket
INS_3B69EB89424C,9f3761ac207327b1,CVRP,small,LOC_6C7E235EC96D,Nawanshahr,PB,11,5,TRK_017DA12B162E|TRK_A997FC00E0CF|TRK_8C037A0ADC54|TRK_EEB1DE456EE4|TRK_BCC966E673C0,30750.0,156920.0,104430.0,True,False,False,False,"{""circular_bonus"": -1.1, ""distance_km"": 1.0, ""empty_km"": 0.85, ""fuel_inr"": 0.01, ""risk"": 12.0, ""time_min"": 0.35, ""toll_inr"": 0.01}",CST_48011250D4FB,SCN_BASELINE,g1,False,144,test,20260903,v0.1,hash_bucket
INS_1EDAED3483E1,5c74039785cbb698,CIRCULAR_VRP,small,LOC_2E9E391564C2,Sonipat,HR,13,6,TRK_017DA12B162E|TRK_A997FC00E0CF|TRK_8C037A0ADC54|TRK_EEB1DE456EE4|TRK_BCC966E673C0|TRK_B6CE07A71D80,30590.0,187510.0,136140.0,True,True,False,True,"{""circular_bonus"": -1.1, ""distance_km"": 1.0, ""empty_km"": 0.85, ""fuel_inr"": 0.01, ""risk"": 12.0, ""time_min"": 0.35, ""toll_inr"": 0.01}",CST_48011250D4FB,SCN_BASELINE,g1,False,196,train,20260903,v0.1,hash_bucket
INS_7355E63DEA23,70a77d857c6512df,PDP,medium,LOC_AA53E75D54A9,Etah,UP,16,5,TRK_017DA12B162E|TRK_A997FC00E0CF|TRK_8C037A0ADC54|TRK_EEB1DE456EE4|TRK_BCC966E673C0,30750.0,156920.0,101610.0,True,False,True,False,"{""circular_bonus"": -1.1, ""distance_km"": 1.0, ""empty_km"": 0.85, ""fuel_inr"": 0.01, ""risk"": 12.0, ""time_min"": 0.35, ""toll_inr"": 0.01}",CST_48011250D4FB,SCN_BASELINE,g1,False,289,train,20260903,v0.1,hash_bucket
INS_9DD865CB0B12,ba35897ebdea3ab4,PDP,small,LOC_F86E62177015,Muzaffarnagar,UP,10,3,TRK_017DA12B162E|TRK_A997FC00E0CF|TRK_8C037A0ADC54,31430.0,94920.0,40580.0,True,True,True,True,"{""circular_bonus"": -1.1, ""distance_km"": 1.0, ""empty_km"": 0.85, ""fuel_inr"": 0.01, ""risk"": 12.0, ""time_min"": 0.35, ""toll_inr"": 0.01}",CST_48011250D4FB,SCN_BASELINE,g1,False,121,train,20260903,v0.1,hash_bucket
INS_78D6781C7FC2,7e88c8ca104cc485,CIRCULAR_VRP,small,LOC_2E9E391564C2,Sonipat,HR,9,3,TRK_017DA12B162E|TRK_A997FC00E0CF|TRK_8C037A0ADC54,31430.0,94920.0,45360.0,True,True,False,True,"{""circular_bonus"": -1.1, ""distance_km"": 1.0, ""empty_km"": 0.85, ""fuel_inr"": 0.01, ""risk"": 12.0, ""time_min"": 0.35, ""toll_inr"": 0.01}",CST_48011250D4FB,SCN_BASELINE,g1,False,100,train,20260903,v0.1,hash_bucket
INS_1D2ECFCA6D9B,2de25ad9c2bbd9b8,VRPTW,small,LOC_AC684A297AD1,Bareilly,UP,8,6,TRK_017DA12B162E|TRK_A997FC00E0CF|TRK_8C037A0ADC54|TRK_EEB1DE456EE4|TRK_BCC966E673C0|TRK_B6CE07A71D80,30590.0,187510.0,156550.0,True,True,False,False,"{""circular_bonus"": -1.1, ""distance_km"": 1.0, ""empty_km"": 0.85, ""fuel_inr"": 0.01, ""risk"": 12.0, ""time_min"": 0.35, ""toll_inr"": 0.01}",CST_48011250D4FB,SCN_BASELINE,g1,False,81,train,20260903,v0.1,hash_bucket
INS_4C8FA4775F92,16d2dd4f0c39b675,PDP,medium,LOC_FEFD9351973D,Bathinda,PB,17,7,TRK_017DA12B162E|TRK_A997FC00E0CF|TRK_8C037A0ADC54|TRK_EEB1DE456EE4|TRK_BCC966E673C0|TRK_B6CE07A71D80|TRK_5564246F7906,30530.0,218040.0,186130.0,True,True,True,True,"{""circular_bonus"": -1.1, ""distance_km"": 1.0, ""empty_km"": 0.85, ""fuel_inr"": 0.01, ""risk"": 12.0, ""time_min"": 0.35, ""toll_inr"": 0.01}",CST_48011250D4FB,SCN_BASELINE,g1,False,324,test,20260903,v0.1,holdout_district
INS_61A7BE5744E0,11582d6b8f546364,PDP,small,LOC_F1EE6A62E5AA,Mahendragarh,HR,14,4,TRK_017DA12B162E|TRK_A997FC00E0CF|TRK_8C037A0ADC54|TRK_EEB1DE456EE4,31250.0,126170.0,93220.0,True,True,True,False,"{""circular_bonus"": -1.1, ""distance_km"": 1.0, ""empty_km"": 0.85, ""fuel_inr"": 0.01, ""risk"": 12.0, ""time_min"": 0.35, ""toll_inr"": 0.01}",CST_48011250D4FB,SCN_BASELINE,g1,False,225,validation,20260903,v0.1,hash_bucket
INS_EFF69BC83E64,1833e7b4eb46a67c,PDP,medium,LOC_6042150B38E7,Rohtak,HR,18,9,TRK_017DA12B162E|TRK_A997FC00E0CF|TRK_8C037A0ADC54|TRK_EEB1DE456EE4|TRK_BCC966E673C0|TRK_B6CE07A71D80|TRK_5564246F7906|TRK_5136065E98CA|TRK_E260AFDFB21B,29400.0,277210.0,240900.0,True,True,True,False,"{""circular_bonus"": -1.1, ""distance_km"": 1.0, ""empty_km"": 0.85, ""fuel_inr"": 0.01, ""risk"": 12.0, ""time_min"": 0.35, ""toll_inr"": 0.01}",CST_48011250D4FB,SCN_BASELINE,g1,False,361,train,20260903,v0.1,hash_bucket
INS_9428AE2F319A,492749b97af0f6f7,PDP,small,LOC_165F0D721F3E,Jalandhar,PB,11,7,TRK_017DA12B162E|TRK_A997FC00E0CF|TRK_8C037A0ADC54|TRK_EEB1DE456EE4|TRK_BCC966E673C0|TRK_B6CE07A71D80|TRK_5564246F7906,30530.0,218040.0,183260.0,True,False,True,False,"{""circular_bonus"": -1.1, ""distance_km"": 1.0, ""empty_km"": 0.85, ""fuel_inr"": 0.01, ""risk"": 12.0, ""time_min"": 0.35, ""toll_inr"": 0.01}",CST_48011250D4FB,SCN_BASELINE,g1,False,144,train,20260903,v0.1,hash_bucket
INS_DED3A35F9D8C,baeb1efe0806f295,CVRP,large,LOC_D2DDEA75080C,Pathankot,PB,44,24,TRK_017DA12B162E|TRK_A997FC00E0CF|TRK_8C037A0ADC54|TRK_EEB1DE456EE4|TRK_BCC966E673C0|TRK_B6CE07A71D80|TRK_5564246F7906|TRK_5136065E98CA|TRK_E260AFDFB21B|TRK_E9C76BCDE1E1|TRK_FB045E9F7F61|TRK_B7FB75BB3E0A|TRK_4A05F6B9B509|TRK_1C8C798F44C5|TRK_8DC7FD5FF93A|TRK_7A91F5198B53|TRK_BEE1B756CA92|TRK_0331FB7CD37E|TRK_EEA8DB00B33D|TRK_3A519CFB8F0F|TRK_8C842CC0A407|TRK_1A09343A6FAC|TRK_3F175C42FEAA|TRK_2EC9632BD23F,25040.0,683700.0,635880.0,True,False,False,False,"{""circular_bonus"": -1.1, ""distance_km"": 1.0, ""empty_km"": 0.85, ""fuel_inr"": 0.01, ""risk"": 12.0, ""time_min"": 0.35, ""toll_inr"": 0.01}",CST_48011250D4FB,SCN_BASELINE,g1,False,2025,train,20260903,v0.1,hash_bucket
INS_360B8D9D67A2,9e3883a449fcf1e5,PDP,small,LOC_BACB2642B5AD,Kurukshetra,HR,8,4,TRK_017DA12B162E|TRK_A997FC00E0CF|TRK_8C037A0ADC54|TRK_EEB1DE456EE4,31250.0,126170.0,77670.0,True,False,True,True,"{""circular_bonus"": -1.1, ""distance_km"": 1.0, ""empty_km"": 0.85, ""fuel_inr"": 0.01, ""risk"": 12.0, ""time_min"": 0.35, ""toll_inr"": 0.01}",CST_48011250D4FB,SCN_BASELINE,g1,False,81,train,20260903,v0.1,hash_bucket
INS_BE71888315ED,5c0f28ecb42ece2e,PDP,medium,LOC_DA9770705B86,South West Delhi,DL,15,13,TRK_017DA12B162E|TRK_A997FC00E0CF|TRK_8C037A0ADC54|TRK_EEB1DE456EE4|TRK_BCC966E673C0|TRK_B6CE07A71D80|TRK_5564246F7906|TRK_5136065E98CA|TRK_E260AFDFB21B|TRK_E9C76BCDE1E1|TRK_FB045E9F7F61|TRK_B7FB75BB3E0A|TRK_4A05F6B9B509,28580.0,392470.0,345180.0,True,False,True,False,"{""circular_bonus"": -1.1, ""distance_km"": 1.0, ""empty_km"": 0.85, ""fuel_inr"": 0.01, ""risk"": 12.0, ""time_min"": 0.35, ""toll_inr"": 0.01}",CST_48011250D4FB,SCN_BASELINE,g1,False,256,train,20260903,v0.1,hash_bucket
INS_4F5F91216BEF,229c302ac343f1c7,CVRP,medium,LOC_8E24E29DF84B,Hisar,HR,30,15,TRK_017DA12B162E|TRK_A997FC00E0CF|TRK_8C037A0ADC54|TRK_EEB1DE456EE4|TRK_BCC966E673C0|TRK_B6CE07A71D80|TRK_5564246F7906|TRK_5136065E98CA|TRK_E260AFDFB21B|TRK_E9C76BCDE1E1|TRK_FB045E9F7F61|TRK_B7FB75BB3E0A|TRK_4A05F6B9B509|TRK_1C8C798F44C5|TRK_8DC7FD5FF93A,27710.0,448170.0,393430.0,True,False,False,False,"{""circular_bonus"": -1.1, ""distance_km"": 1.0, ""empty_km"": 0.85, ""fuel_inr"": 0.01, ""risk"": 12.0, ""time_min"": 0.35, ""toll_inr"": 0.01}",CST_48011250D4FB,SCN_BASELINE,g1,False,961,validation,20260903,v0.1,hash_bucket
INS_2BDA5EC06ED4,d06a5539a06076ea,CVRP,small,LOC_AC684A297AD1,Bareilly,UP,14,4,TRK_017DA12B162E|TRK_A997FC00E0CF|TRK_8C037A0ADC54|TRK_EEB1DE456EE4,31250.0,126170.0,73000.0,True,False,False,False,"{""circular_bonus"": -1.1, ""distance_km"": 1.0, ""empty_km"": 0.85, ""fuel_inr"": 0.01, ""risk"": 12.0, ""time_min"": 0.35, ""toll_inr"": 0.01}",CST_48011250D4FB,SCN_BASELINE,g1,False,225,validation,20260903,v0.1,hash_bucket
INS_0B3CC5677D4B,542292b80d247f07,PDP,large,LOC_EBC017604691,Mathura,UP,50,16,TRK_017DA12B162E|TRK_A997FC00E0CF|TRK_8C037A0ADC54|TRK_EEB1DE456EE4|TRK_BCC966E673C0|TRK_B6CE07A71D80|TRK_5564246F7906|TRK_5136065E98CA|TRK_E260AFDFB21B|TRK_E9C76BCDE1E1|TRK_FB045E9F7F61|TRK_B7FB75BB3E0A|TRK_4A05F6B9B509|TRK_1C8C798F44C5|TRK_8DC7FD5FF93A|TRK_7A91F5198B53,27170.0,475340.0,439970.0,True,True,True,True,"{""circular_bonus"": -1.1, ""distance_km"": 1.0, ""empty_km"": 0.85, ""fuel_inr"": 0.01, ""risk"": 12.0, ""time_min"": 0.35, ""toll_inr"": 0.01}",CST_48011250D4FB,SCN_BASELINE,g1,False,2601,test,20260903,v0.1,hash_bucket
INS_1657AB007299,cdabe10b902e5c61,CVRP,small,LOC_5242BE7C01CE,Rewari,HR,12,6,TRK_017DA12B162E|TRK_A997FC00E0CF|TRK_8C037A0ADC54|TRK_EEB1DE456EE4|TRK_BCC966E673C0|TRK_B6CE07A71D80,30590.0,187510.0,126870.0,True,False,False,False,"{""circular_bonus"": -1.1, ""distance_km"": 1.0, ""empty_km"": 0.85, ""fuel_inr"": 0.01, ""risk"": 12.0, ""time_min"": 0.35, ""toll_inr"": 0.01}",CST_48011250D4FB,SCN_BASELINE,g1,False,169,train,20260903,v0.1,hash_bucket
INS_D1CD3726DBEA,99693cce9ce42063,CIRCULAR_VRP,large,LOC_B56ABDBA32E2,Aligarh,UP,57,19,TRK_017DA12B162E|TRK_A997FC00E0CF|TRK_8C037A0ADC54|TRK_EEB1DE456EE4|TRK_BCC966E673C0|TRK_B6CE07A71D80|TRK_5564246F7906|TRK_5136065E98CA|TRK_E260AFDFB21B|TRK_E9C76BCDE1E1|TRK_FB045E9F7F61|TRK_B7FB75BB3E0A|TRK_4A05F6B9B509|TRK_1C8C798F44C5|TRK_8DC7FD5FF93A|TRK_7A91F5198B53|TRK_BEE1B756CA92|TRK_0331FB7CD37E|TRK_EEA8DB00B33D,26280.0,555400.0,509575.0,True,False,False,True,"{""circular_bonus"": -1.1, ""distance_km"": 1.0, ""empty_km"": 0.85, ""fuel_inr"": 0.01, ""risk"": 12.0, ""time_min"": 0.35, ""toll_inr"": 0.01}",CST_48011250D4FB,SCN_BASELINE,g1,False,3364,train,20260903,v0.1,hash_bucket
INS_F7AAAC280F27,271dcd218a74faab,CVRP,small,LOC_6B9FA168B682,Firozabad,UP,8,3,TRK_017DA12B162E|TRK_A997FC00E0CF|TRK_8C037A0ADC54,31430.0,94920.0,55910.0,True,False,False,False,"{""circular_bonus"": -1.1, ""distance_km"": 1.0, ""empty_km"": 0.85, ""fuel_inr"": 0.01, ""risk"": 12.0, ""time_min"": 0.35, ""toll_inr"": 0.01}",CST_48011250D4FB,SCN_BASELINE,g1,False,81,test,20260903,v0.1,hash_bucket
INS_45CA52EDB0F0,c81b2cbcdfda2cdc,PDP,small,LOC_B01B9CC74597,Saharanpur,UP,9,3,TRK_017DA12B162E|TRK_A997FC00E0CF|TRK_8C037A0ADC54,31430.0,94920.0,57000.0,True,False,True,False,"{""circular_bonus"": -1.1, ""distance_km"": 1.0, ""empty_km"": 0.85, ""fuel_inr"": 0.01, ""risk"": 12.0, ""time_min"": 0.35, ""toll_inr"": 0.01}",CST_48011250D4FB,SCN_BASELINE,g1,False,100,validation,20260903,v0.1,hash_bucket
INS_CFED6857C9A8,1b85c9282da5fb4f,PDP,large,LOC_2E423964E639,Agra,UP,45,15,TRK_017DA12B162E|TRK_A997FC00E0CF|TRK_8C037A0ADC54|TRK_EEB1DE456EE4|TRK_BCC966E673C0|TRK_B6CE07A71D80|TRK_5564246F7906|TRK_5136065E98CA|TRK_E260AFDFB21B|TRK_E9C76BCDE1E1|TRK_FB045E9F7F61|TRK_B7FB75BB3E0A|TRK_4A05F6B9B509|TRK_1C8C798F44C5|TRK_8DC7FD5FF93A,27710.0,448170.0,413740.0,True,False,True,False,"{""circular_bonus"": -1.1, ""distance_km"": 1.0, ""empty_km"": 0.85, ""fuel_inr"": 0.01, ""risk"": 12.0, ""time_min"": 0.35, ""toll_inr"": 0.01}",CST_48011250D4FB,SCN_BASELINE,g1,False,2116,train,20260903,v0.1,hash_bucket
INS_8C59A271D10B,58ee49d108e53920,PDP,small,LOC_E7B504BE8FE9,Patiala,PB,13,5,TRK_017DA12B162E|TRK_A997FC00E0CF|TRK_8C037A0ADC54|TRK_EEB1DE456EE4|TRK_BCC966E673C0,30750.0,156920.0,105790.0,True,True,True,False,"{""circular_bonus"": -1.1, ""distance_km"": 1.0, ""empty_km"": 0.85, ""fuel_inr"": 0.01, ""risk"": 12.0, ""time_min"": 0.35, ""toll_inr"": 0.01}",CST_48011250D4FB,SCN_BASELINE,g1,False,196,test,20260903,v0.1,hash_bucket
INS_BAC6DB2DC12F,2cbb565c34c3039c,VRPTW,small,LOC_AA53E75D54A9,Etah,UP,8,4,TRK_017DA12B162E|TRK_A997FC00E0CF|TRK_8C037A0ADC54|TRK_EEB1DE456EE4,31250.0,126170.0,77470.0,True,True,False,False,"{""circular_bonus"": -1.1, ""distance_km"": 1.0, ""empty_km"": 0.85, ""fuel_inr"": 0.01, ""risk"": 12.0, ""time_min"": 0.35, ""toll_inr"": 0.01}",CST_48011250D4FB,SCN_BASELINE,g1,False,81,train,20260903,v0.1,hash_bucket
INS_6392B5B9CED4,28526b95f7806828,CIRCULAR_VRP,medium,LOC_D24D73F16033,Meerut,UP,15,8,TRK_017DA12B162E|TRK_A997FC00E0CF|TRK_8C037A0ADC54|TRK_EEB1DE456EE4|TRK_BCC966E673C0|TRK_B6CE07A71D80|TRK_5564246F7906|TRK_5136065E98CA,29770.0,247810.0,195970.0,True,False,False,True,"{""circular_bonus"": -1.1, ""distance_km"": 1.0, ""empty_km"": 0.85, ""fuel_inr"": 0.01, ""risk"": 12.0, ""time_min"": 0.35, ""toll_inr"": 0.01}",CST_48011250D4FB,SCN_BASELINE,g1,False,256,test,20260903,v0.1,hash_bucket
INS_9A99C65C179E,833caecb10a5d8e9,PDP,medium,LOC_8E24E29DF84B,Hisar,HR,26,9,TRK_017DA12B162E|TRK_A997FC00E0CF|TRK_8C037A0ADC54|TRK_EEB1DE456EE4|TRK_BCC966E673C0|TRK_B6CE07A71D80|TRK_5564246F7906|TRK_5136065E98CA|TRK_E260AFDFB21B,29400.0,277210.0,237800.0,True,True,True,False,"{""circular_bonus"": -1.1, ""distance_km"": 1.0, ""empty_km"": 0.85, ""fuel_inr"": 0.01, ""risk"": 12.0, ""time_min"": 0.35, ""toll_inr"": 0.01}",CST_48011250D4FB,SCN_BASELINE,g1,False,729,test,20260903,v0.1,hash_bucket
INS_A333AC6449DB,38a5700ad139be69,PDP,small,LOC_FEFD9351973D,Bathinda,PB,12,7,TRK_017DA12B162E|TRK_A997FC00E0CF|TRK_8C037A0ADC54|TRK_EEB1DE456EE4|TRK_BCC966E673C0|TRK_B6CE07A71D80|TRK_5564246F7906,30530.0,218040.0,166700.0,True,True,True,True,"{""circular_bonus"": -1.1, ""distance_km"": 1.0, ""empty_km"": 0.85, ""fuel_inr"": 0.01, ""risk"": 12.0, ""time_min"": 0.35, ""toll_inr"": 0.01}",CST_48011250D4FB,SCN_BASELINE,g1,False,169,test,20260903,v0.1,holdout_district
INS_8BB7311AD899,3c89a3318d26f7dc,VRPTW,medium,LOC_EBC017604691,Mathura,UP,30,13,TRK_017DA12B162E|TRK_A997FC00E0CF|TRK_8C037A0ADC54|TRK_EEB1DE456EE4|TRK_BCC966E673C0|TRK_B6CE07A71D80|TRK_5564246F7906|TRK_5136065E98CA|TRK_E260AFDFB21B|TRK_E9C76BCDE1E1|TRK_FB045E9F7F61|TRK_B7FB75BB3E0A|TRK_4A05F6B9B509,28580.0,392470.0,344540.0,True,True,False,False,"{""circular_bonus"": -1.1, ""distance_km"": 1.0, ""empty_km"": 0.85, ""fuel_inr"": 0.01, ""risk"": 12.0, ""time_min"": 0.35, ""toll_inr"": 0.01}",CST_48011250D4FB,SCN_BASELINE,g1,False,961,train,20260903,v0.1,hash_bucket
INS_7639466D666E,c8fe791d1885bc42,VRPTW,medium,LOC_EBC017604691,Mathura,UP,18,6,TRK_017DA12B162E|TRK_A997FC00E0CF|TRK_8C037A0ADC54|TRK_EEB1DE456EE4|TRK_BCC966E673C0|TRK_B6CE07A71D80,30590.0,187510.0,153000.0,True,True,False,False,"{""circular_bonus"": -1.1, ""distance_km"": 1.0, ""empty_km"": 0.85, ""fuel_inr"": 0.01, ""risk"": 12.0, ""time_min"": 0.35, ""toll_inr"": 0.01}",CST_48011250D4FB,SCN_BASELINE,g1,False,361,train,20260903,v0.1,hash_bucket
INS_F836E83B775F,15dd0a372f7625de,PDP,large,LOC_0D7AAF851D69,Tarn Taran,PB,37,10,TRK_017DA12B162E|TRK_A997FC00E0CF|TRK_8C037A0ADC54|TRK_EEB1DE456EE4|TRK_BCC966E673C0|TRK_B6CE07A71D80|TRK_5564246F7906|TRK_5136065E98CA|TRK_E260AFDFB21B|TRK_E9C76BCDE1E1,28950.0,306160.0,265080.0,True,True,True,False,"{""circular_bonus"": -1.1, ""distance_km"": 1.0, ""empty_km"": 0.85, ""fuel_inr"": 0.01, ""risk"": 12.0, ""time_min"": 0.35, ""toll_inr"": 0.01}",CST_48011250D4FB,SCN_BASELINE,g1,False,1444,train,20260903,v0.1,hash_bucket
INS_27FC01E14EC4,0f0a4217ffb3a9e3,PDP,small,LOC_165F0D721F3E,Jalandhar,PB,9,6,TRK_017DA12B162E|TRK_A997FC00E0CF|TRK_8C037A0ADC54|TRK_EEB1DE456EE4|TRK_BCC966E673C0|TRK_B6CE07A71D80,30590.0,187510.0,131140.0,True,True,True,False,"{""circular_bonus"": -1.1, ""distance_km"": 1.0, ""empty_km"": 0.85, ""fuel_inr"": 0.01, ""risk"": 12.0, ""time_min"": 0.35, ""toll_inr"": 0.01}",CST_48011250D4FB,SCN_BASELINE,g1,False,100,train,20260903,v0.1,hash_bucket
INS_5BE26EC87B74,f2041eb254bb8df5,CVRP,small,LOC_61BECDCA1350,Central Delhi,DL,4,3,TRK_0331FB7CD37E|TRK_5116501BE0D5|TRK_05D6F43C6DC3,6010.0,45860.0,39620.0,True,False,False,False,"{""circular_bonus"": -1.1, ""distance_km"": 1.0, ""empty_km"": 0.85, ""fuel_inr"": 0.01, ""risk"": 12.0, ""time_min"": 0.35, ""toll_inr"": 0.01}",CST_48011250D4FB,SCN_BASELINE,g1,False,25,validation,20260903,v0.1,hash_bucket
INS_12FA4469F056,f13a0f7f4694dbe7,CIRCULAR_VRP,medium,LOC_B9CDAEAD5C72,Mainpuri,UP,19,6,TRK_017DA12B162E|TRK_A997FC00E0CF|TRK_8C037A0ADC54|TRK_EEB1DE456EE4|TRK_BCC966E673C0|TRK_B6CE07A71D80,30590.0,187510.0,135925.0,True,True,False,True,"{""circular_bonus"": -1.1, ""distance_km"": 1.0, ""empty_km"": 0.85, ""fuel_inr"": 0.01, ""risk"": 12.0, ""time_min"": 0.35, ""toll_inr"": 0.01}",CST_48011250D4FB,SCN_BASELINE,g1,False,400,train,20260903,v0.1,hash_bucket
INS_C8138C610F4A,8f21252d6c42ea78,VRPTW,large,LOC_EBC017604691,Mathura,UP,35,7,TRK_017DA12B162E|TRK_A997FC00E0CF|TRK_8C037A0ADC54|TRK_EEB1DE456EE4|TRK_BCC966E673C0|TRK_B6CE07A71D80|TRK_5564246F7906,30530.0,218040.0,185120.0,True,True,False,False,"{""circular_bonus"": -1.1, ""distance_km"": 1.0, ""empty_km"": 0.85, ""fuel_inr"": 0.01, ""risk"": 12.0, ""time_min"": 0.35, ""toll_inr"": 0.01}",CST_48011250D4FB,SCN_BASELINE,g1,False,1296,test,20260903,v0.1,hash_bucket
INS_00A8FE8FD3E6,f2cdceb80be66f73,VRPTW,medium,LOC_8EAD4661AFB9,Jhajjar,HR,17,6,TRK_017DA12B162E|TRK_A997FC00E0CF|TRK_8C037A0ADC54|TRK_EEB1DE456EE4|TRK_BCC966E673C0|TRK_B6CE07A71D80,30590.0,187510.0,153000.0,True,True,False,False,"{""circular_bonus"": -1.1, ""distance_km"": 1.0, ""empty_km"": 0.85, ""fuel_inr"": 0.01, ""risk"": 12.0, ""time_min"": 0.35, ""toll_inr"": 0.01}",CST_48011250D4FB,SCN_BASELINE,g1,False,324,train,20260903,v0.1,hash_bucket
INS_DAE22EF7312C,d70162d10213dac3,PDP,medium,LOC_165F0D721F3E,Jalandhar,PB,27,10,TRK_017DA12B162E|TRK_A997FC00E0CF|TRK_8C037A0ADC54|TRK_EEB1DE456EE4|TRK_BCC966E673C0|TRK_B6CE07A71D80|TRK_5564246F7906|TRK_5136065E98CA|TRK_E260AFDFB21B|TRK_E9C76BCDE1E1,28950.0,306160.0,257700.0,True,False,True,False,"{""circular_bonus"": -1.1, ""distance_km"": 1.0, ""empty_km"": 0.85, ""fuel_inr"": 0.01, ""risk"": 12.0, ""time_min"": 0.35, ""toll_inr"": 0.01}",CST_48011250D4FB,SCN_BASELINE,g1,False,784,train,20260903,v0.1,hash_bucket
INS_738B114BD89E,cdd1610370cc1377,CIRCULAR_VRP,large,LOC_11A4C40B0A4F,Yamunanagar,HR,60,25,TRK_017DA12B162E|TRK_A997FC00E0CF|TRK_8C037A0ADC54|TRK_EEB1DE456EE4|TRK_BCC966E673C0|TRK_B6CE07A71D80|TRK_5564246F7906|TRK_5136065E98CA|TRK_E260AFDFB21B|TRK_E9C76BCDE1E1|TRK_FB045E9F7F61|TRK_B7FB75BB3E0A|TRK_4A05F6B9B509|TRK_1C8C798F44C5|TRK_8DC7FD5FF93A|TRK_7A91F5198B53|TRK_BEE1B756CA92|TRK_0331FB7CD37E|TRK_EEA8DB00B33D|TRK_3A519CFB8F0F|TRK_8C842CC0A407|TRK_1A09343A6FAC|TRK_3F175C42FEAA|TRK_2EC9632BD23F|TRK_EA0BF86B0239,24700.0,708400.0,683390.0,True,False,False,True,"{""circular_bonus"": -1.1, ""distance_km"": 1.0, ""empty_km"": 0.85, ""fuel_inr"": 0.01, ""risk"": 12.0, ""time_min"": 0.35, ""toll_inr"": 0.01}",CST_48011250D4FB,SCN_BASELINE,g1,False,3721,train,20260903,v0.1,hash_bucket
INS_3FF22B9AE9FD,a6076407f32c44df,PDP,medium,LOC_B6370F731EEC,Lucknow,UP,15,12,TRK_017DA12B162E|TRK_A997FC00E0CF|TRK_8C037A0ADC54|TRK_EEB1DE456EE4|TRK_BCC966E673C0|TRK_B6CE07A71D80|TRK_5564246F7906|TRK_5136065E98CA|TRK_E260AFDFB21B|TRK_E9C76BCDE1E1|TRK_FB045E9F7F61|TRK_B7FB75BB3E0A,28840.0,363890.0,331640.0,True,True,True,False,"{""circular_bonus"": -1.1, ""distance_km"": 1.0, ""empty_km"": 0.85, ""fuel_inr"": 0.01, ""risk"": 12.0, ""time_min"": 0.35, ""toll_inr"": 0.01}",CST_48011250D4FB,SCN_BASELINE,g1,False,256,train,20260903,v0.1,hash_bucket
INS_E0BFAB5E79BE,42cb325a124026c4,CIRCULAR_VRP,large,LOC_0B27B307A77E,Panipat,HR,41,15,TRK_017DA12B162E|TRK_A997FC00E0CF|TRK_8C037A0ADC54|TRK_EEB1DE456EE4|TRK_BCC966E673C0|TRK_B6CE07A71D80|TRK_5564246F7906|TRK_5136065E98CA|TRK_E260AFDFB21B|TRK_E9C76BCDE1E1|TRK_FB045E9F7F61|TRK_B7FB75BB3E0A|TRK_4A05F6B9B509|TRK_1C8C798F44C5|TRK_8DC7FD5FF93A,27710.0,448170.0,413160.0,True,True,False,True,"{""circular_bonus"": -1.1, ""distance_km"": 1.0, ""empty_km"": 0.85, ""fuel_inr"": 0.01, ""risk"": 12.0, ""time_min"": 0.35, ""toll_inr"": 0.01}",CST_48011250D4FB,SCN_BASELINE,g1,False,1764,validation,20260903,v0.1,hash_bucket
INS_CC3FA30F1367,0939a9075259b1e1,CIRCULAR_VRP,small,LOC_8E24E29DF84B,Hisar,HR,13,7,TRK_017DA12B162E|TRK_A997FC00E0CF|TRK_8C037A0ADC54|TRK_EEB1DE456EE4|TRK_BCC966E673C0|TRK_B6CE07A71D80|TRK_5564246F7906,30530.0,218040.0,174510.0,True,True,False,True,"{""circular_bonus"": -1.1, ""distance_km"": 1.0, ""empty_km"": 0.85, ""fuel_inr"": 0.01, ""risk"": 12.0, ""time_min"": 0.35, ""toll_inr"": 0.01}",CST_48011250D4FB,SCN_BASELINE,g1,False,196,train,20260903,v0.1,hash_bucket
INS_2F32AF45BF44,09b99ead5da956cf,PDP,small,LOC_7CE3D43FF63F,Ambala,HR,8,5,TRK_017DA12B162E|TRK_A997FC00E0CF|TRK_8C037A0ADC54|TRK_EEB1DE456EE4|TRK_BCC966E673C0,30750.0,156920.0,104140.0,True,True,True,True,"{""circular_bonus"": -1.1, ""distance_km"": 1.0, ""empty_km"": 0.85, ""fuel_inr"": 0.01, ""risk"": 12.0, ""time_min"": 0.35, ""toll_inr"": 0.01}",CST_48011250D4FB,SCN_BASELINE,g1,False,81,train,20260903,v0.1,hash_bucket
INS_D37A8B3D9ABC,c0e5761c5e723401,CIRCULAR_VRP,medium,LOC_2E9E391564C2,Sonipat,HR,22,9,TRK_017DA12B162E|TRK_A997FC00E0CF|TRK_8C037A0ADC54|TRK_EEB1DE456EE4|TRK_BCC966E673C0|TRK_B6CE07A71D80|TRK_5564246F7906|TRK_5136065E98CA|TRK_E260AFDFB21B,29400.0,277210.0,247500.0,True,False,False,True,"{""circular_bonus"": -1.1, ""distance_km"": 1.0, ""empty_km"": 0.85, ""fuel_inr"": 0.01, ""risk"": 12.0, ""time_min"": 0.35, ""toll_inr"": 0.01}",CST_48011250D4FB,SCN_BASELINE,g1,False,529,train,20260903,v0.1,hash_bucket
INS_52467D98E64C,eaafbf177c452dfa,CIRCULAR_VRP,small,LOC_E71843C35AC6,Bijnor,UP,9,3,TRK_017DA12B162E|TRK_A997FC00E0CF|TRK_8C037A0ADC54,31430.0,94920.0,51020.0,True,True,False,True,"{""circular_bonus"": -1.1, ""distance_km"": 1.0, ""empty_km"": 0.85, ""fuel_inr"": 0.01, ""risk"": 12.0, ""time_min"": 0.35, ""toll_inr"": 0.01}",CST_48011250D4FB,SCN_BASELINE,g1,False,100,train,20260903,v0.1,hash_bucket
INS_BC64B790D965,2067bcd6be924500,VRPTW,medium,LOC_8E5593D8E476,Rupnagar,PB,17,8,TRK_017DA12B162E|TRK_A997FC00E0CF|TRK_8C037A0ADC54|TRK_EEB1DE456EE4|TRK_BCC966E673C0|TRK_B6CE07A71D80|TRK_5564246F7906|TRK_5136065E98CA,29770.0,247810.0,215170.0,True,True,False,False,"{""circular_bonus"": -1.1, ""distance_km"": 1.0, ""empty_km"": 0.85, ""fuel_inr"": 0.01, ""risk"": 12.0, ""time_min"": 0.35, ""toll_inr"": 0.01}",CST_48011250D4FB,SCN_BASELINE,g1,False,324,train,20260903,v0.1,hash_bucket
INS_E090FD075F68,5aa4d7ff89998fec,PDP,small,LOC_2011BC2FE7BD,Fazilka,PB,14,6,TRK_017DA12B162E|TRK_A997FC00E0CF|TRK_8C037A0ADC54|TRK_EEB1DE456EE4|TRK_BCC966E673C0|TRK_B6CE07A71D80,30590.0,187510.0,142650.0,True,False,True,True,"{""circular_bonus"": -1.1, ""distance_km"": 1.0, ""empty_km"": 0.85, ""fuel_inr"": 0.01, ""risk"": 12.0, ""time_min"": 0.35, ""toll_inr"": 0.01}",CST_48011250D4FB,SCN_BASELINE,g1,False,225,validation,20260903,v0.1,hash_bucket
INS_AF1C4208C250,f35cfe9bf7fa95bb,VRPTW,small,LOC_60C46A471111,Pilibhit,UP,13,5,TRK_017DA12B162E|TRK_A997FC00E0CF|TRK_8C037A0ADC54|TRK_EEB1DE456EE4|TRK_BCC966E673C0,30750.0,156920.0,97920.0,True,True,False,False,"{""circular_bonus"": -1.1, ""distance_km"": 1.0, ""empty_km"": 0.85, ""fuel_inr"": 0.01, ""risk"": 12.0, ""time_min"": 0.35, ""toll_inr"": 0.01}",CST_48011250D4FB,SCN_BASELINE,g1,False,196,train,20260903,v0.1,hash_bucket
INS_7087916473C4,6faa0e1849664967,CVRP,medium,LOC_B56ABDBA32E2,Aligarh,UP,26,9,TRK_017DA12B162E|TRK_A997FC00E0CF|TRK_8C037A0ADC54|TRK_EEB1DE456EE4|TRK_BCC966E673C0|TRK_B6CE07A71D80|TRK_5564246F7906|TRK_5136065E98CA|TRK_E260AFDFB21B,29400.0,277210.0,243640.0,True,False,False,False,"{""circular_bonus"": -1.1, ""distance_km"": 1.0, ""empty_km"": 0.85, ""fuel_inr"": 0.01, ""risk"": 12.0, ""time_min"": 0.35, ""toll_inr"": 0.01}",CST_48011250D4FB,SCN_BASELINE,g1,False,729,train,20260903,v0.1,hash_bucket
INS_010D2F85DBBF,10f1cc2daa5ec6d1,CIRCULAR_VRP,small,LOC_796345940EEC,Budaun,UP,10,4,TRK_017DA12B162E|TRK_A997FC00E0CF|TRK_8C037A0ADC54|TRK_EEB1DE456EE4,31250.0,126170.0,93440.0,True,True,False,True,"{""circular_bonus"": -1.1, ""distance_km"": 1.0, ""empty_km"": 0.85, ""fuel_inr"": 0.01, ""risk"": 12.0, ""time_min"": 0.35, ""toll_inr"": 0.01}",CST_48011250D4FB,SCN_BASELINE,g1,False,121,train,20260903,v0.1,hash_bucket
INS_AA2A7CEDB0B9,d603484f8aea6c36,CIRCULAR_VRP,medium,LOC_1FB47BF8FFEB,Bulandshahr,UP,16,5,TRK_017DA12B162E|TRK_A997FC00E0CF|TRK_8C037A0ADC54|TRK_EEB1DE456EE4|TRK_BCC966E673C0,30750.0,156920.0,110320.0,True,True,False,True,"{""circular_bonus"": -1.1, ""distance_km"": 1.0, ""empty_km"": 0.85, ""fuel_inr"": 0.01, ""risk"": 12.0, ""time_min"": 0.35, ""toll_inr"": 0.01}",CST_48011250D4FB,SCN_BASELINE,g1,False,289,test,20260903,v0.1,holdout_district
INS_90BA930FE31B,ea9d55ba9a05e008,VRPTW,small,LOC_EE8F1CF00ECF,Bhiwani,HR,9,4,TRK_017DA12B162E|TRK_A997FC00E0CF|TRK_8C037A0ADC54|TRK_EEB1DE456EE4,31250.0,126170.0,76150.0,True,True,False,False,"{""circular_bonus"": -1.1, ""distance_km"": 1.0, ""empty_km"": 0.85, ""fuel_inr"": 0.01, ""risk"": 12.0, ""time_min"": 0.35, ""toll_inr"": 0.01}",CST_48011250D4FB,SCN_BASELINE,g1,False,100,test,20260903,v0.1,hash_bucket
INS_5456B8DC1D3C,0878294619f785ca,PDP,large,LOC_8F3BDE96C1C3,Rampur,UP,57,16,TRK_017DA12B162E|TRK_A997FC00E0CF|TRK_8C037A0ADC54|TRK_EEB1DE456EE4|TRK_BCC966E673C0|TRK_B6CE07A71D80|TRK_5564246F7906|TRK_5136065E98CA|TRK_E260AFDFB21B|TRK_E9C76BCDE1E1|TRK_FB045E9F7F61|TRK_B7FB75BB3E0A|TRK_4A05F6B9B509|TRK_1C8C798F44C5|TRK_8DC7FD5FF93A|TRK_7A91F5198B53,27170.0,475340.0,430680.0,True,True,True,True,"{""circular_bonus"": -1.1, ""distance_km"": 1.0, ""empty_km"": 0.85, ""fuel_inr"": 0.01, ""risk"": 12.0, ""time_min"": 0.35, ""toll_inr"": 0.01}",CST_48011250D4FB,SCN_BASELINE,g1,False,3364,train,20260903,v0.1,hash_bucket
INS_4E3BD6B35D30,1402e694b9c0f4c3,CIRCULAR_VRP,small,LOC_F1EE6A62E5AA,Mahendragarh,HR,12,4,TRK_017DA12B162E|TRK_A997FC00E0CF|TRK_8C037A0ADC54|TRK_EEB1DE456EE4,31250.0,126170.0,70370.0,True,False,False,True,"{""circular_bonus"": -1.1, ""distance_km"": 1.0, ""empty_km"": 0.85, ""fuel_inr"": 0.01, ""risk"": 12.0, ""time_min"": 0.35, ""toll_inr"": 0.01}",CST_48011250D4FB,SCN_BASELINE,g1,False,169,train,20260903,v0.1,hash_bucket
INS_35A1F3A9DFDA,b935d305101775d7,VRPTW,medium,LOC_BACB2642B5AD,Kurukshetra,HR,18,4,TRK_017DA12B162E|TRK_A997FC00E0CF|TRK_8C037A0ADC54|TRK_EEB1DE456EE4,31250.0,126170.0,80950.0,True,True,False,False,"{""circular_bonus"": -1.1, ""distance_km"": 1.0, ""empty_km"": 0.85, ""fuel_inr"": 0.01, ""risk"": 12.0, ""time_min"": 0.35, ""toll_inr"": 0.01}",CST_48011250D4FB,SCN_BASELINE,g1,False,361,train,20260903,v0.1,hash_bucket
INS_6FC61C5AB9B6,0dc2f3957ffc95ab,PDP,medium,LOC_8E5593D8E476,Rupnagar,PB,28,11,TRK_017DA12B162E|TRK_A997FC00E0CF|TRK_8C037A0ADC54|TRK_EEB1DE456EE4|TRK_BCC966E673C0|TRK_B6CE07A71D80|TRK_5564246F7906|TRK_5136065E98CA|TRK_E260AFDFB21B|TRK_E9C76BCDE1E1|TRK_FB045E9F7F61,28890.0,335050.0,277990.0,True,True,True,True,"{""circular_bonus"": -1.1, ""distance_km"": 1.0, ""empty_km"": 0.85, ""fuel_inr"": 0.01, ""risk"": 12.0, ""time_min"": 0.35, ""toll_inr"": 0.01}",CST_48011250D4FB,SCN_BASELINE,g1,False,841,train,20260903,v0.1,hash_bucket
INS_2DB797204DD0,51a2cc0d8a74093b,CIRCULAR_VRP,small,LOC_443EF0FB4E8C,Etawah,UP,11,4,TRK_017DA12B162E|TRK_A997FC00E0CF|TRK_8C037A0ADC54|TRK_EEB1DE456EE4,31250.0,126170.0,81165.0,True,True,False,True,"{""circular_bonus"": -1.1, ""distance_km"": 1.0, ""empty_km"": 0.85, ""fuel_inr"": 0.01, ""risk"": 12.0, ""time_min"": 0.35, ""toll_inr"": 0.01}",CST_48011250D4FB,SCN_BASELINE,g1,False,144,test,20260903,v0.1,hash_bucket
INS_A1555C7344E2,3d991c6382823cb2,VRPTW,small,LOC_2B9C182E1BB7,Panchkula,HR,10,5,TRK_017DA12B162E|TRK_A997FC00E0CF|TRK_8C037A0ADC54|TRK_EEB1DE456EE4|TRK_BCC966E673C0,30750.0,156920.0,102940.0,True,True,False,False,"{""circular_bonus"": -1.1, ""distance_km"": 1.0, ""empty_km"": 0.85, ""fuel_inr"": 0.01, ""risk"": 12.0, ""time_min"": 0.35, ""toll_inr"": 0.01}",CST_48011250D4FB,SCN_BASELINE,g1,False,121,test,20260903,v0.1,hash_bucket
INS_88B02EDF955B,1c45a4f00c94aac5,VRPTW,medium,LOC_B26FC239E19A,North Delhi,DL,20,18,TRK_017DA12B162E|TRK_A997FC00E0CF|TRK_8C037A0ADC54|TRK_EEB1DE456EE4|TRK_BCC966E673C0|TRK_B6CE07A71D80|TRK_5564246F7906|TRK_5136065E98CA|TRK_E260AFDFB21B|TRK_E9C76BCDE1E1|TRK_FB045E9F7F61|TRK_B7FB75BB3E0A|TRK_4A05F6B9B509|TRK_1C8C798F44C5|TRK_8DC7FD5FF93A|TRK_7A91F5198B53|TRK_BEE1B756CA92|TRK_0331FB7CD37E,26610.0,529120.0,493010.0,True,True,False,False,"{""circular_bonus"": -1.1, ""distance_km"": 1.0, ""empty_km"": 0.85, ""fuel_inr"": 0.01, ""risk"": 12.0, ""time_min"": 0.35, ""toll_inr"": 0.01}",CST_48011250D4FB,SCN_BASELINE,g1,False,441,train,20260903,v0.1,hash_bucket
INS_DEB7F5F0C5E3,fddc47771bdff4bb,VRPTW,medium,LOC_21F591BF08EC,West Delhi,DL,4,8,TRK_D5734C94CA97|TRK_0DB792D95BC8|TRK_CE161697CB0F|TRK_B4E942FB3E8F|TRK_547C0929AFCE|TRK_3D378E8843DC|TRK_57C748EE92F0|TRK_38CCD92D5770,6550.0,95530.0,83560.0,True,True,False,False,"{""circular_bonus"": -1.1, ""distance_km"": 1.0, ""empty_km"": 0.85, ""fuel_inr"": 0.01, ""risk"": 12.0, ""time_min"": 0.35, ""toll_inr"": 0.01}",CST_48011250D4FB,SCN_BASELINE,g1,False,25,train,20260903,v0.1,hash_bucket
INS_D03EBFD65984,fddc47771bdff4bb,CIRCULAR_VRP,medium,LOC_21F591BF08EC,West Delhi,DL,4,8,TRK_D5734C94CA97|TRK_0DB792D95BC8|TRK_CE161697CB0F|TRK_B4E942FB3E8F|TRK_547C0929AFCE|TRK_3D378E8843DC|TRK_57C748EE92F0|TRK_38CCD92D5770,6550.0,95530.0,83560.0,True,False,False,True,"{""circular_bonus"": -1.1, ""distance_km"": 1.0, ""empty_km"": 0.85, ""fuel_inr"": 0.01, ""risk"": 12.0, ""time_min"": 0.35, ""toll_inr"": 0.01}",CST_48011250D4FB,SCN_BASELINE,g1,False,25,train,20260903,v0.1,hash_bucket
INS_6D9E8E62604D,68c1cb587603b507,CVRP,small,LOC_1FB47BF8FFEB,Bulandshahr,UP,14,13,TRK_FC4EFBC1E225|TRK_4927520C533F|TRK_D5A8DC42C947|TRK_49EE98E2F33C|TRK_15A4E86B7E18|TRK_F8096EB4BC10|TRK_06A40E83B39B|TRK_C73CD385496C|TRK_899C46DBA1D5|TRK_4AA6580E3788|TRK_5CCBD1015034|TRK_2FC72D6C75D1|TRK_2A518021377B,2950.0,98650.0,96800.0,True,False,False,False,"{""circular_bonus"": -1.1, ""distance_km"": 1.0, ""empty_km"": 0.85, ""fuel_inr"": 0.01, ""risk"": 12.0, ""time_min"": 0.35, ""toll_inr"": 0.01}",CST_48011250D4FB,SCN_BASELINE,g1,False,225,test,20260903,v0.1,holdout_district
INS_5AA95E4FAF3F,53bb332c24a37eb2,PDP,small,LOC_5775AEDC7A87,Kanpur Nagar,UP,14,10,TRK_8B0A48041C1C|TRK_4F95BDB0BA5A|TRK_CBC644EAB81E|TRK_A2930A44E92E|TRK_8F17F47DF021|TRK_7E9A026D4494|TRK_2913902A2DEE|TRK_4F6C0189023F|TRK_1529727AD926|TRK_BACD7124FE62,3320.0,88170.0,84770.0,True,False,True,False,"{""circular_bonus"": -1.1, ""distance_km"": 1.0, ""empty_km"": 0.85, ""fuel_inr"": 0.01, ""risk"": 12.0, ""time_min"": 0.35, ""toll_inr"": 0.01}",CST_48011250D4FB,SCN_BASELINE,g1,False,225,train,20260903,v0.1,hash_bucket
INS_02F60585B54B,46733bb36f013969,CIRCULAR_VRP,small,LOC_B9CDAEAD5C72,Mainpuri,UP,10,5,TRK_017DA12B162E|TRK_A997FC00E0CF|TRK_8C037A0ADC54|TRK_EEB1DE456EE4|TRK_BCC966E673C0,30750.0,156920.0,107630.0,True,False,False,True,"{""circular_bonus"": -1.1, ""distance_km"": 1.0, ""empty_km"": 0.85, ""fuel_inr"": 0.01, ""risk"": 12.0, ""time_min"": 0.35, ""toll_inr"": 0.01}",CST_48011250D4FB,SCN_BASELINE,g1,False,121,validation,20260903,v0.1,hash_bucket
INS_95CE3BE939B6,1c1ba3998eeec55c,CVRP,medium,LOC_EC1D3E4138DF,Amritsar,PB,27,17,TRK_017DA12B162E|TRK_A997FC00E0CF|TRK_8C037A0ADC54|TRK_EEB1DE456EE4|TRK_BCC966E673C0|TRK_B6CE07A71D80|TRK_5564246F7906|TRK_5136065E98CA|TRK_E260AFDFB21B|TRK_E9C76BCDE1E1|TRK_FB045E9F7F61|TRK_B7FB75BB3E0A|TRK_4A05F6B9B509|TRK_1C8C798F44C5|TRK_8DC7FD5FF93A|TRK_7A91F5198B53|TRK_BEE1B756CA92,27170.0,502510.0,451470.0,True,False,False,False,"{""circular_bonus"": -1.1, ""distance_km"": 1.0, ""empty_km"": 0.85, ""fuel_inr"": 0.01, ""risk"": 12.0, ""time_min"": 0.35, ""toll_inr"": 0.01}",CST_48011250D4FB,SCN_BASELINE,g1,False,784,train,20260903,v0.1,hash_bucket
INS_3650DDC79C76,3753f852ff7fe672,CVRP,small,LOC_27273A6A3299,Shamli,UP,12,7,TRK_017DA12B162E|TRK_A997FC00E0CF|TRK_8C037A0ADC54|TRK_EEB1DE456EE4|TRK_BCC966E673C0|TRK_B6CE07A71D80|TRK_5564246F7906,30530.0,218040.0,167080.0,True,False,False,False,"{""circular_bonus"": -1.1, ""distance_km"": 1.0, ""empty_km"": 0.85, ""fuel_inr"": 0.01, ""risk"": 12.0, ""time_min"": 0.35, ""toll_inr"": 0.01}",CST_48011250D4FB,SCN_BASELINE,g1,False,169,validation,20260903,v0.1,hash_bucket
INS_208C86449744,37ddaffa6eefb175,PDP,medium,LOC_BC83DA386B0E,Baghpat,UP,24,5,TRK_017DA12B162E|TRK_A997FC00E0CF|TRK_8C037A0ADC54|TRK_EEB1DE456EE4|TRK_BCC966E673C0,30750.0,156920.0,109170.0,True,True,True,True,"{""circular_bonus"": -1.1, ""distance_km"": 1.0, ""empty_km"": 0.85, ""fuel_inr"": 0.01, ""risk"": 12.0, ""time_min"": 0.35, ""toll_inr"": 0.01}",CST_48011250D4FB,SCN_BASELINE,g1,False,625,test,20260903,v0.1,hash_bucket
INS_78D2500E7E15,4ddbed2af165c9eb,VRPTW,small,LOC_DD4D9C55D7BB,Fatehgarh Sahib,PB,11,4,TRK_017DA12B162E|TRK_A997FC00E0CF|TRK_8C037A0ADC54|TRK_EEB1DE456EE4,31250.0,126170.0,75900.0,True,True,False,False,"{""circular_bonus"": -1.1, ""distance_km"": 1.0, ""empty_km"": 0.85, ""fuel_inr"": 0.01, ""risk"": 12.0, ""time_min"": 0.35, ""toll_inr"": 0.01}",CST_48011250D4FB,SCN_BASELINE,g1,False,144,test,20260903,v0.1,hash_bucket
INS_6620A5C7FF2F,65b4dcb08b4aae6a,VRPTW,small,LOC_ED9C60D04FC0,SAS Nagar,PB,10,5,TRK_7A91F5198B53|TRK_BEE1B756CA92|TRK_866E87497CC2|TRK_7404AB9A5D0C|TRK_CC5E9F699FD3,10450.0,91050.0,75310.0,True,True,False,False,"{""circular_bonus"": -1.1, ""distance_km"": 1.0, ""empty_km"": 0.85, ""fuel_inr"": 0.01, ""risk"": 12.0, ""time_min"": 0.35, ""toll_inr"": 0.01}",CST_48011250D4FB,SCN_BASELINE,g1,False,121,test,20260903,v0.1,hash_bucket
INS_A66CDB9BF22F,e274b3419669e60c,VRPTW,medium,LOC_C6AB43142BDB,Faridkot,PB,28,10,TRK_017DA12B162E|TRK_A997FC00E0CF|TRK_8C037A0ADC54|TRK_EEB1DE456EE4|TRK_BCC966E673C0|TRK_B6CE07A71D80|TRK_5564246F7906|TRK_5136065E98CA|TRK_E260AFDFB21B|TRK_E9C76BCDE1E1,28950.0,306160.0,269180.0,True,True,False,False,"{""circular_bonus"": -1.1, ""distance_km"": 1.0, ""empty_km"": 0.85, ""fuel_inr"": 0.01, ""risk"": 12.0, ""time_min"": 0.35, ""toll_inr"": 0.01}",CST_48011250D4FB,SCN_BASELINE,g1,False,841,train,20260903,v0.1,hash_bucket
INS_09CE7608366D,4b6d2891d195b222,VRPTW,large,LOC_AA53E75D54A9,Etah,UP,52,22,TRK_017DA12B162E|TRK_A997FC00E0CF|TRK_8C037A0ADC54|TRK_EEB1DE456EE4|TRK_BCC966E673C0|TRK_B6CE07A71D80|TRK_5564246F7906|TRK_5136065E98CA|TRK_E260AFDFB21B|TRK_E9C76BCDE1E1|TRK_FB045E9F7F61|TRK_B7FB75BB3E0A|TRK_4A05F6B9B509|TRK_1C8C798F44C5|TRK_8DC7FD5FF93A|TRK_7A91F5198B53|TRK_BEE1B756CA92|TRK_0331FB7CD37E|TRK_EEA8DB00B33D|TRK_3A519CFB8F0F|TRK_8C842CC0A407|TRK_1A09343A6FAC,25770.0,633370.0,587900.0,True,True,False,False,"{""circular_bonus"": -1.1, ""distance_km"": 1.0, ""empty_km"": 0.85, ""fuel_inr"": 0.01, ""risk"": 12.0, ""time_min"": 0.35, ""toll_inr"": 0.01}",CST_48011250D4FB,SCN_BASELINE,g1,False,2809,train,20260903,v0.1,hash_bucket
INS_3C30994A305A,dd3d637923f7ecac,PDP,large,LOC_B0D713DFA81B,Ferozepur,PB,55,17,TRK_017DA12B162E|TRK_A997FC00E0CF|TRK_8C037A0ADC54|TRK_EEB1DE456EE4|TRK_BCC966E673C0|TRK_B6CE07A71D80|TRK_5564246F7906|TRK_5136065E98CA|TRK_E260AFDFB21B|TRK_E9C76BCDE1E1|TRK_FB045E9F7F61|TRK_B7FB75BB3E0A|TRK_4A05F6B9B509|TRK_1C8C798F44C5|TRK_8DC7FD5FF93A|TRK_7A91F5198B53|TRK_BEE1B756CA92,27170.0,502510.0,463200.0,True,True,True,False,"{""circular_bonus"": -1.1, ""distance_km"": 1.0, ""empty_km"": 0.85, ""fuel_inr"": 0.01, ""risk"": 12.0, ""time_min"": 0.35, ""toll_inr"": 0.01}",CST_48011250D4FB,SCN_BASELINE,g1,False,3136,train,20260903,v0.1,hash_bucket
INS_EAFE4BB2A3F6,7ea0760cef296239,CIRCULAR_VRP,small,LOC_2ADFB4EFDB06,Kaithal,HR,14,3,TRK_017DA12B162E|TRK_A997FC00E0CF|TRK_8C037A0ADC54,31430.0,94920.0,39060.0,True,True,False,True,"{""circular_bonus"": -1.1, ""distance_km"": 1.0, ""empty_km"": 0.85, ""fuel_inr"": 0.01, ""risk"": 12.0, ""time_min"": 0.35, ""toll_inr"": 0.01}",CST_48011250D4FB,SCN_BASELINE,g1,False,225,train,20260903,v0.1,hash_bucket
INS_6B24508D25F2,f4a7a7a25ff6d4d8,PDP,small,LOC_B39E76DCD93F,Nuh,HR,8,4,TRK_017DA12B162E|TRK_A997FC00E0CF|TRK_8C037A0ADC54|TRK_EEB1DE456EE4,31250.0,126170.0,64610.0,True,False,True,True,"{""circular_bonus"": -1.1, ""distance_km"": 1.0, ""empty_km"": 0.85, ""fuel_inr"": 0.01, ""risk"": 12.0, ""time_min"": 0.35, ""toll_inr"": 0.01}",CST_48011250D4FB,SCN_BASELINE,g1,False,81,test,20260903,v0.1,hash_bucket
INS_2C4EA8DD6B76,c2bf61d394df05a9,PDP,large,LOC_45C74FBD7B6F,Mansa,PB,39,8,TRK_017DA12B162E|TRK_A997FC00E0CF|TRK_8C037A0ADC54|TRK_EEB1DE456EE4|TRK_BCC966E673C0|TRK_B6CE07A71D80|TRK_5564246F7906|TRK_5136065E98CA,29770.0,247810.0,192470.0,True,True,True,False,"{""circular_bonus"": -1.1, ""distance_km"": 1.0, ""empty_km"": 0.85, ""fuel_inr"": 0.01, ""risk"": 12.0, ""time_min"": 0.35, ""toll_inr"": 0.01}",CST_48011250D4FB,SCN_BASELINE,g1,False,1600,validation,20260903,v0.1,hash_bucket
INS_51AEEF39BB99,79ccf75333e0ede8,CIRCULAR_VRP,small,LOC_2B9C182E1BB7,Panchkula,HR,14,7,TRK_017DA12B162E|TRK_A997FC00E0CF|TRK_8C037A0ADC54|TRK_EEB1DE456EE4|TRK_BCC966E673C0|TRK_B6CE07A71D80|TRK_5564246F7906,30530.0,218040.0,183120.0,True,True,False,True,"{""circular_bonus"": -1.1, ""distance_km"": 1.0, ""empty_km"": 0.85, ""fuel_inr"": 0.01, ""risk"": 12.0, ""time_min"": 0.35, ""toll_inr"": 0.01}",CST_48011250D4FB,SCN_BASELINE,g1,False,225,train,20260903,v0.1,hash_bucket
INS_C8B0FB21B64A,b746d7a36a87fe4a,VRPTW,medium,LOC_C90487F88BAC,Muktsar,PB,28,14,TRK_017DA12B162E|TRK_A997FC00E0CF|TRK_8C037A0ADC54|TRK_EEB1DE456EE4|TRK_BCC966E673C0|TRK_B6CE07A71D80|TRK_5564246F7906|TRK_5136065E98CA|TRK_E260AFDFB21B|TRK_E9C76BCDE1E1|TRK_FB045E9F7F61|TRK_B7FB75BB3E0A|TRK_4A05F6B9B509|TRK_1C8C798F44C5,27990.0,420460.0,374410.0,True,True,False,False,"{""circular_bonus"": -1.1, ""distance_km"": 1.0, ""empty_km"": 0.85, ""fuel_inr"": 0.01, ""risk"": 12.0, ""time_min"": 0.35, ""toll_inr"": 0.01}",CST_48011250D4FB,SCN_BASELINE,g1,False,841,train,20260903,v0.1,hash_bucket
INS_1133F5200B40,f7aea713732959ce,CIRCULAR_VRP,small,LOC_2E423964E639,Agra,UP,8,3,TRK_017DA12B162E|TRK_A997FC00E0CF|TRK_8C037A0ADC54,31430.0,94920.0,51090.0,True,True,False,True,"{""circular_bonus"": -1.1, ""distance_km"": 1.0, ""empty_km"": 0.85, ""fuel_inr"": 0.01, ""risk"": 12.0, ""time_min"": 0.35, ""toll_inr"": 0.01}",CST_48011250D4FB,SCN_BASELINE,g1,False,81,train,20260903,v0.1,hash_bucket
INS_A3A6B42199AB,e481722cd0db270a,PDP,small,LOC_EC1D3E4138DF,Amritsar,PB,8,5,TRK_017DA12B162E|TRK_A997FC00E0CF|TRK_8C037A0ADC54|TRK_EEB1DE456EE4|TRK_BCC966E673C0,30750.0,156920.0,124770.0,True,False,True,False,"{""circular_bonus"": -1.1, ""distance_km"": 1.0, ""empty_km"": 0.85, ""fuel_inr"": 0.01, ""risk"": 12.0, ""time_min"": 0.35, ""toll_inr"": 0.01}",CST_48011250D4FB,SCN_BASELINE,g1,False,81,train,20260903,v0.1,hash_bucket
INS_08B9128B0123,499f4f40cc32dd91,PDP,medium,LOC_5775AEDC7A87,Kanpur Nagar,UP,16,6,TRK_017DA12B162E|TRK_A997FC00E0CF|TRK_8C037A0ADC54|TRK_EEB1DE456EE4|TRK_BCC966E673C0|TRK_B6CE07A71D80,30590.0,187510.0,147250.0,True,True,True,False,"{""circular_bonus"": -1.1, ""distance_km"": 1.0, ""empty_km"": 0.85, ""fuel_inr"": 0.01, ""risk"": 12.0, ""time_min"": 0.35, ""toll_inr"": 0.01}",CST_48011250D4FB,SCN_BASELINE,g1,False,289,train,20260903,v0.1,hash_bucket
INS_64E7440356AE,6340d1142884af4d,CIRCULAR_VRP,large,LOC_5D316714188F,Faridabad,HR,38,25,TRK_017DA12B162E|TRK_A997FC00E0CF|TRK_8C037A0ADC54|TRK_EEB1DE456EE4|TRK_BCC966E673C0|TRK_B6CE07A71D80|TRK_5564246F7906|TRK_5136065E98CA|TRK_E260AFDFB21B|TRK_E9C76BCDE1E1|TRK_FB045E9F7F61|TRK_B7FB75BB3E0A|TRK_4A05F6B9B509|TRK_1C8C798F44C5|TRK_8DC7FD5FF93A|TRK_7A91F5198B53|TRK_BEE1B756CA92|TRK_0331FB7CD37E|TRK_EEA8DB00B33D|TRK_3A519CFB8F0F|TRK_8C842CC0A407|TRK_1A09343A6FAC|TRK_3F175C42FEAA|TRK_2EC9632BD23F|TRK_EA0BF86B0239,24700.0,708400.0,715220.0,False,True,False,True,"{""circular_bonus"": -1.1, ""distance_km"": 1.0, ""empty_km"": 0.85, ""fuel_inr"": 0.01, ""risk"": 12.0, ""time_min"": 0.35, ""toll_inr"": 0.01}",CST_48011250D4FB,SCN_BASELINE,g1,False,1521,train,20260903,v0.1,hash_bucket
INS_5867EBEA1C10,9307ebb492924156,CVRP,large,LOC_58DEC063659A,Gorakhpur,UP,54,15,TRK_017DA12B162E|TRK_A997FC00E0CF|TRK_8C037A0ADC54|TRK_EEB1DE456EE4|TRK_BCC966E673C0|TRK_B6CE07A71D80|TRK_5564246F7906|TRK_5136065E98CA|TRK_E260AFDFB21B|TRK_E9C76BCDE1E1|TRK_FB045E9F7F61|TRK_B7FB75BB3E0A|TRK_4A05F6B9B509|TRK_1C8C798F44C5|TRK_8DC7FD5FF93A,27710.0,448170.0,411460.0,True,False,False,False,"{""circular_bonus"": -1.1, ""distance_km"": 1.0, ""empty_km"": 0.85, ""fuel_inr"": 0.01, ""risk"": 12.0, ""time_min"": 0.35, ""toll_inr"": 0.01}",CST_48011250D4FB,SCN_BASELINE,g1,False,3025,test,20260903,v0.1,hash_bucket
INS_109ECA68E25E,fe6e0d471e0a209f,VRPTW,medium,LOC_2E9E391564C2,Sonipat,HR,28,11,TRK_017DA12B162E|TRK_A997FC00E0CF|TRK_8C037A0ADC54|TRK_EEB1DE456EE4|TRK_BCC966E673C0|TRK_B6CE07A71D80|TRK_5564246F7906|TRK_5136065E98CA|TRK_E260AFDFB21B|TRK_E9C76BCDE1E1|TRK_FB045E9F7F61,28890.0,335050.0,294200.0,True,True,False,False,"{""circular_bonus"": -1.1, ""distance_km"": 1.0, ""empty_km"": 0.85, ""fuel_inr"": 0.01, ""risk"": 12.0, ""time_min"": 0.35, ""toll_inr"": 0.01}",CST_48011250D4FB,SCN_BASELINE,g1,False,841,train,20260903,v0.1,hash_bucket
INS_B63EB26A8481,2db9203005ce610b,PDP,medium,LOC_27273A6A3299,Shamli,UP,22,6,TRK_017DA12B162E|TRK_A997FC00E0CF|TRK_8C037A0ADC54|TRK_EEB1DE456EE4|TRK_BCC966E673C0|TRK_B6CE07A71D80,30590.0,187510.0,150515.0,True,False,True,False,"{""circular_bonus"": -1.1, ""distance_km"": 1.0, ""empty_km"": 0.85, ""fuel_inr"": 0.01, ""risk"": 12.0, ""time_min"": 0.35, ""toll_inr"": 0.01}",CST_48011250D4FB,SCN_BASELINE,g1,False,529,test,20260903,v0.1,hash_bucket
INS_080BA825648E,fe05434f35434b75,PDP,small,LOC_08710C80560B,Moga,PB,13,2,TRK_017DA12B162E|TRK_A997FC00E0CF,31510.0,63490.0,31240.0,True,True,True,False,"{""circular_bonus"": -1.1, ""distance_km"": 1.0, ""empty_km"": 0.85, ""fuel_inr"": 0.01, ""risk"": 12.0, ""time_min"": 0.35, ""toll_inr"": 0.01}",CST_48011250D4FB,SCN_BASELINE,g1,False,196,train,20260903,v0.1,hash_bucket
INS_BE1A6B47AF13,cd461b49fc698227,PDP,medium,LOC_2ADFB4EFDB06,Kaithal,HR,27,4,TRK_017DA12B162E|TRK_A997FC00E0CF|TRK_8C037A0ADC54|TRK_EEB1DE456EE4,31250.0,126170.0,80940.0,True,True,True,False,"{""circular_bonus"": -1.1, ""distance_km"": 1.0, ""empty_km"": 0.85, ""fuel_inr"": 0.01, ""risk"": 12.0, ""time_min"": 0.35, ""toll_inr"": 0.01}",CST_48011250D4FB,SCN_BASELINE,g1,False,784,train,20260903,v0.1,hash_bucket
INS_C346A2E42B3A,1b2defd772692de0,PDP,large,LOC_B0D713DFA81B,Ferozepur,PB,48,19,TRK_017DA12B162E|TRK_A997FC00E0CF|TRK_8C037A0ADC54|TRK_EEB1DE456EE4|TRK_BCC966E673C0|TRK_B6CE07A71D80|TRK_5564246F7906|TRK_5136065E98CA|TRK_E260AFDFB21B|TRK_E9C76BCDE1E1|TRK_FB045E9F7F61|TRK_B7FB75BB3E0A|TRK_4A05F6B9B509|TRK_1C8C798F44C5|TRK_8DC7FD5FF93A|TRK_7A91F5198B53|TRK_BEE1B756CA92|TRK_0331FB7CD37E|TRK_EEA8DB00B33D,26280.0,555400.0,514080.0,True,True,True,True,"{""circular_bonus"": -1.1, ""distance_km"": 1.0, ""empty_km"": 0.85, ""fuel_inr"": 0.01, ""risk"": 12.0, ""time_min"": 0.35, ""toll_inr"": 0.01}",CST_48011250D4FB,SCN_BASELINE,g1,False,2401,train,20260903,v0.1,hash_bucket
INS_A7D53334369E,d72794595ff8ac4a,CVRP,small,LOC_58DEC063659A,Gorakhpur,UP,9,2,TRK_017DA12B162E|TRK_A997FC00E0CF,31510.0,63490.0,30010.0,True,False,False,False,"{""circular_bonus"": -1.1, ""distance_km"": 1.0, ""empty_km"": 0.85, ""fuel_inr"": 0.01, ""risk"": 12.0, ""time_min"": 0.35, ""toll_inr"": 0.01}",CST_48011250D4FB,SCN_BASELINE,g1,False,100,train,20260903,v0.1,hash_bucket
INS_4170EF6A950A,b92e8c1dcdc3b217,VRPTW,small,LOC_C90487F88BAC,Muktsar,PB,12,6,TRK_017DA12B162E|TRK_A997FC00E0CF|TRK_8C037A0ADC54|TRK_EEB1DE456EE4|TRK_BCC966E673C0|TRK_B6CE07A71D80,30590.0,187510.0,141600.0,True,True,False,False,"{""circular_bonus"": -1.1, ""distance_km"": 1.0, ""empty_km"": 0.85, ""fuel_inr"": 0.01, ""risk"": 12.0, ""time_min"": 0.35, ""toll_inr"": 0.01}",CST_48011250D4FB,SCN_BASELINE,g1,False,169,train,20260903,v0.1,hash_bucket
INS_ADEF77BFDB2D,cd5f8b7cae750b29,CIRCULAR_VRP,large,LOC_11A4C40B0A4F,Yamunanagar,HR,48,20,TRK_017DA12B162E|TRK_A997FC00E0CF|TRK_8C037A0ADC54|TRK_EEB1DE456EE4|TRK_BCC966E673C0|TRK_B6CE07A71D80|TRK_5564246F7906|TRK_5136065E98CA|TRK_E260AFDFB21B|TRK_E9C76BCDE1E1|TRK_FB045E9F7F61|TRK_B7FB75BB3E0A|TRK_4A05F6B9B509|TRK_1C8C798F44C5|TRK_8DC7FD5FF93A|TRK_7A91F5198B53|TRK_BEE1B756CA92|TRK_0331FB7CD37E|TRK_EEA8DB00B33D|TRK_3A519CFB8F0F,26230.0,581630.0,533380.0,True,False,False,True,"{""circular_bonus"": -1.1, ""distance_km"": 1.0, ""empty_km"": 0.85, ""fuel_inr"": 0.01, ""risk"": 12.0, ""time_min"": 0.35, ""toll_inr"": 0.01}",CST_48011250D4FB,SCN_BASELINE,g1,False,2401,train,20260903,v0.1,hash_bucket
INS_9125E7DC026C,2d25dd818380692d,PDP,large,LOC_C58F1767A842,Barnala,PB,40,8,TRK_017DA12B162E|TRK_A997FC00E0CF|TRK_8C037A0ADC54|TRK_EEB1DE456EE4|TRK_BCC966E673C0|TRK_B6CE07A71D80|TRK_5564246F7906|TRK_5136065E98CA,29770.0,247810.0,199475.0,True,False,True,True,"{""circular_bonus"": -1.1, ""distance_km"": 1.0, ""empty_km"": 0.85, ""fuel_inr"": 0.01, ""risk"": 12.0, ""time_min"": 0.35, ""toll_inr"": 0.01}",CST_48011250D4FB,SCN_BASELINE,g1,False,1681,train,20260903,v0.1,hash_bucket
INS_17DA1F779A5B,1660982472be40eb,CIRCULAR_VRP,large,LOC_2ADFB4EFDB06,Kaithal,HR,44,8,TRK_017DA12B162E|TRK_A997FC00E0CF|TRK_8C037A0ADC54|TRK_EEB1DE456EE4|TRK_BCC966E673C0|TRK_B6CE07A71D80|TRK_5564246F7906|TRK_5136065E98CA,29770.0,247810.0,204390.0,True,False,False,True,"{""circular_bonus"": -1.1, ""distance_km"": 1.0, ""empty_km"": 0.85, ""fuel_inr"": 0.01, ""risk"": 12.0, ""time_min"": 0.35, ""toll_inr"": 0.01}",CST_48011250D4FB,SCN_BASELINE,g1,False,2025,train,20260903,v0.1,hash_bucket
INS_774A890FB4BE,6e9173c27422b5cd,CIRCULAR_VRP,small,LOC_DA9770705B86,South West Delhi,DL,12,11,TRK_017DA12B162E|TRK_A997FC00E0CF|TRK_8C037A0ADC54|TRK_EEB1DE456EE4|TRK_BCC966E673C0|TRK_B6CE07A71D80|TRK_5564246F7906|TRK_5136065E98CA|TRK_E260AFDFB21B|TRK_E9C76BCDE1E1|TRK_FB045E9F7F61,28890.0,335050.0,292420.0,True,False,False,True,"{""circular_bonus"": -1.1, ""distance_km"": 1.0, ""empty_km"": 0.85, ""fuel_inr"": 0.01, ""risk"": 12.0, ""time_min"": 0.35, ""toll_inr"": 0.01}",CST_48011250D4FB,SCN_BASELINE,g1,False,169,validation,20260903,v0.1,hash_bucket
INS_17C1FAF2F60E,8d3d1cd87ead8efa,PDP,medium,LOC_D8FB48D6F894,Fatehabad,HR,23,4,TRK_017DA12B162E|TRK_A997FC00E0CF|TRK_8C037A0ADC54|TRK_EEB1DE456EE4,31250.0,126170.0,72300.0,True,False,True,True,"{""circular_bonus"": -1.1, ""distance_km"": 1.0, ""empty_km"": 0.85, ""fuel_inr"": 0.01, ""risk"": 12.0, ""time_min"": 0.35, ""toll_inr"": 0.01}",CST_48011250D4FB,SCN_BASELINE,g1,False,576,train,20260903,v0.1,hash_bucket
INS_AF72D564EC1B,031799aa1338fe6c,CVRP,medium,LOC_03F06DD41C28,Malerkotla,PB,26,12,TRK_017DA12B162E|TRK_A997FC00E0CF|TRK_8C037A0ADC54|TRK_EEB1DE456EE4|TRK_BCC966E673C0|TRK_B6CE07A71D80|TRK_5564246F7906|TRK_5136065E98CA|TRK_E260AFDFB21B|TRK_E9C76BCDE1E1|TRK_FB045E9F7F61|TRK_B7FB75BB3E0A,28840.0,363890.0,314040.0,True,False,False,False,"{""circular_bonus"": -1.1, ""distance_km"": 1.0, ""empty_km"": 0.85, ""fuel_inr"": 0.01, ""risk"": 12.0, ""time_min"": 0.35, ""toll_inr"": 0.01}",CST_48011250D4FB,SCN_BASELINE,g1,False,729,validation,20260903,v0.1,hash_bucket
INS_0C7E7F6E8CD3,e6674371ca900aed,CIRCULAR_VRP,small,LOC_E7B504BE8FE9,Patiala,PB,14,5,TRK_017DA12B162E|TRK_A997FC00E0CF|TRK_8C037A0ADC54|TRK_EEB1DE456EE4|TRK_BCC966E673C0,30750.0,156920.0,113910.0,True,False,False,True,"{""circular_bonus"": -1.1, ""distance_km"": 1.0, ""empty_km"": 0.85, ""fuel_inr"": 0.01, ""risk"": 12.0, ""time_min"": 0.35, ""toll_inr"": 0.01}",CST_48011250D4FB,SCN_BASELINE,g1,False,225,train,20260903,v0.1,hash_bucket
INS_7B6E344CEFC4,b73df23fdd6b47f5,VRPTW,small,LOC_B9CDAEAD5C72,Mainpuri,UP,11,4,TRK_017DA12B162E|TRK_A997FC00E0CF|TRK_8C037A0ADC54|TRK_EEB1DE456EE4,31250.0,126170.0,91655.0,True,True,False,False,"{""circular_bonus"": -1.1, ""distance_km"": 1.0, ""empty_km"": 0.85, ""fuel_inr"": 0.01, ""risk"": 12.0, ""time_min"": 0.35, ""toll_inr"": 0.01}",CST_48011250D4FB,SCN_BASELINE,g1,False,144,train,20260903,v0.1,hash_bucket
INS_4A96EBDC0BA3,bb607d2e873677f2,VRPTW,medium,LOC_D24D73F16033,Meerut,UP,27,16,TRK_017DA12B162E|TRK_A997FC00E0CF|TRK_8C037A0ADC54|TRK_EEB1DE456EE4|TRK_BCC966E673C0|TRK_B6CE07A71D80|TRK_5564246F7906|TRK_5136065E98CA|TRK_E260AFDFB21B|TRK_E9C76BCDE1E1|TRK_FB045E9F7F61|TRK_B7FB75BB3E0A|TRK_4A05F6B9B509|TRK_1C8C798F44C5|TRK_8DC7FD5FF93A|TRK_7A91F5198B53,27170.0,475340.0,447950.0,True,True,False,False,"{""circular_bonus"": -1.1, ""distance_km"": 1.0, ""empty_km"": 0.85, ""fuel_inr"": 0.01, ""risk"": 12.0, ""time_min"": 0.35, ""toll_inr"": 0.01}",CST_48011250D4FB,SCN_BASELINE,g1,False,784,train,20260903,v0.1,hash_bucket
INS_DA619F8CFBC4,7a72794361d86a9e,VRPTW,small,LOC_03F06DD41C28,Malerkotla,PB,9,4,TRK_FFF0E16B86EA|TRK_4F30A739ED08|TRK_07C89818BEEF|TRK_82D080DA4394,1380.0,46770.0,42530.0,True,True,False,False,"{""circular_bonus"": -1.1, ""distance_km"": 1.0, ""empty_km"": 0.85, ""fuel_inr"": 0.01, ""risk"": 12.0, ""time_min"": 0.35, ""toll_inr"": 0.01}",CST_48011250D4FB,SCN_BASELINE,g1,False,100,train,20260903,v0.1,hash_bucket
INS_99AC5B98D44B,f848b9369c6bd537,PDP,small,LOC_443EF0FB4E8C,Etawah,UP,9,5,TRK_B51DA48ACA2C|TRK_CCF8A8744231|TRK_A1CCB70BDA72|TRK_9143FC770BBE|TRK_9D1C16C6C6D2,3480.0,34680.0,29200.0,True,True,True,False,"{""circular_bonus"": -1.1, ""distance_km"": 1.0, ""empty_km"": 0.85, ""fuel_inr"": 0.01, ""risk"": 12.0, ""time_min"": 0.35, ""toll_inr"": 0.01}",CST_48011250D4FB,SCN_BASELINE,g1,False,100,train,20260903,v0.1,hash_bucket
INS_8727492D581C,f30473ca167b87ce,VRPTW,medium,LOC_165F0D721F3E,Jalandhar,PB,28,12,TRK_017DA12B162E|TRK_A997FC00E0CF|TRK_8C037A0ADC54|TRK_EEB1DE456EE4|TRK_BCC966E673C0|TRK_B6CE07A71D80|TRK_5564246F7906|TRK_5136065E98CA|TRK_E260AFDFB21B|TRK_E9C76BCDE1E1|TRK_FB045E9F7F61|TRK_B7FB75BB3E0A,28840.0,363890.0,308410.0,True,True,False,False,"{""circular_bonus"": -1.1, ""distance_km"": 1.0, ""empty_km"": 0.85, ""fuel_inr"": 0.01, ""risk"": 12.0, ""time_min"": 0.35, ""toll_inr"": 0.01}",CST_48011250D4FB,SCN_BASELINE,g1,False,841,train,20260903,v0.1,hash_bucket
INS_9E1DB0741431,98dc33379206c004,CVRP,medium,LOC_B6370F731EEC,Lucknow,UP,27,24,TRK_017DA12B162E|TRK_A997FC00E0CF|TRK_8C037A0ADC54|TRK_EEB1DE456EE4|TRK_BCC966E673C0|TRK_B6CE07A71D80|TRK_5564246F7906|TRK_5136065E98CA|TRK_E260AFDFB21B|TRK_E9C76BCDE1E1|TRK_FB045E9F7F61|TRK_B7FB75BB3E0A|TRK_4A05F6B9B509|TRK_1C8C798F44C5|TRK_8DC7FD5FF93A|TRK_7A91F5198B53|TRK_BEE1B756CA92|TRK_0331FB7CD37E|TRK_EEA8DB00B33D|TRK_3A519CFB8F0F|TRK_8C842CC0A407|TRK_1A09343A6FAC|TRK_3F175C42FEAA|TRK_2EC9632BD23F,25040.0,683700.0,655170.0,True,False,False,False,"{""circular_bonus"": -1.1, ""distance_km"": 1.0, ""empty_km"": 0.85, ""fuel_inr"": 0.01, ""risk"": 12.0, ""time_min"": 0.35, ""toll_inr"": 0.01}",CST_48011250D4FB,SCN_BASELINE,g1,False,784,train,20260903,v0.1,hash_bucket
INS_2ED9FC516F58,d7d1134cb0734bc5,PDP,medium,LOC_FF96333A5510,North West Delhi,DL,22,21,TRK_017DA12B162E|TRK_A997FC00E0CF|TRK_8C037A0ADC54|TRK_EEB1DE456EE4|TRK_BCC966E673C0|TRK_B6CE07A71D80|TRK_5564246F7906|TRK_5136065E98CA|TRK_E260AFDFB21B|TRK_E9C76BCDE1E1|TRK_FB045E9F7F61|TRK_B7FB75BB3E0A|TRK_4A05F6B9B509|TRK_1C8C798F44C5|TRK_8DC7FD5FF93A|TRK_7A91F5198B53|TRK_BEE1B756CA92|TRK_0331FB7CD37E|TRK_EEA8DB00B33D|TRK_3A519CFB8F0F|TRK_8C842CC0A407,25970.0,607600.0,559680.0,True,True,True,True,"{""circular_bonus"": -1.1, ""distance_km"": 1.0, ""empty_km"": 0.85, ""fuel_inr"": 0.01, ""risk"": 12.0, ""time_min"": 0.35, ""toll_inr"": 0.01}",CST_48011250D4FB,SCN_BASELINE,g1,False,529,train,20260903,v0.1,hash_bucket
INS_620EA519DAD1,f813d28a00e97d33,PDP,small,LOC_B6370F731EEC,Lucknow,UP,12,8,TRK_017DA12B162E|TRK_A997FC00E0CF|TRK_8C037A0ADC54|TRK_EEB1DE456EE4|TRK_BCC966E673C0|TRK_B6CE07A71D80|TRK_5564246F7906|TRK_5136065E98CA,29770.0,247810.0,194650.0,True,True,True,True,"{""circular_bonus"": -1.1, ""distance_km"": 1.0, ""empty_km"": 0.85, ""fuel_inr"": 0.01, ""risk"": 12.0, ""time_min"": 0.35, ""toll_inr"": 0.01}",CST_48011250D4FB,SCN_BASELINE,g1,False,169,test,20260903,v0.1,hash_bucket
INS_8F08A8D432C4,a7d3bba2d31d09f3,PDP,small,LOC_58DEC063659A,Gorakhpur,UP,12,4,TRK_017DA12B162E|TRK_A997FC00E0CF|TRK_8C037A0ADC54|TRK_EEB1DE456EE4,31250.0,126170.0,77470.0,True,True,True,False,"{""circular_bonus"": -1.1, ""distance_km"": 1.0, ""empty_km"": 0.85, ""fuel_inr"": 0.01, ""risk"": 12.0, ""time_min"": 0.35, ""toll_inr"": 0.01}",CST_48011250D4FB,SCN_BASELINE,g1,False,169,train,20260903,v0.1,hash_bucket
INS_D94964AFAB91,c026de70e1929e22,PDP,medium,LOC_AC684A297AD1,Bareilly,UP,24,7,TRK_017DA12B162E|TRK_A997FC00E0CF|TRK_8C037A0ADC54|TRK_EEB1DE456EE4|TRK_BCC966E673C0|TRK_B6CE07A71D80|TRK_5564246F7906,30530.0,218040.0,176000.0,True,True,True,False,"{""circular_bonus"": -1.1, ""distance_km"": 1.0, ""empty_km"": 0.85, ""fuel_inr"": 0.01, ""risk"": 12.0, ""time_min"": 0.35, ""toll_inr"": 0.01}",CST_48011250D4FB,SCN_BASELINE,g1,False,625,train,20260903,v0.1,hash_bucket
INS_7F39E61508D5,7c41824b99051d9f,CIRCULAR_VRP,small,LOC_E7B504BE8FE9,Patiala,PB,11,7,TRK_017DA12B162E|TRK_A997FC00E0CF|TRK_8C037A0ADC54|TRK_EEB1DE456EE4|TRK_BCC966E673C0|TRK_B6CE07A71D80|TRK_5564246F7906,30530.0,218040.0,158300.0,True,False,False,True,"{""circular_bonus"": -1.1, ""distance_km"": 1.0, ""empty_km"": 0.85, ""fuel_inr"": 0.01, ""risk"": 12.0, ""time_min"": 0.35, ""toll_inr"": 0.01}",CST_48011250D4FB,SCN_BASELINE,g1,False,144,train,20260903,v0.1,hash_bucket
INS_0F03095230E5,bc5166394cb38b3a,VRPTW,small,LOC_BF1D141289ED,Hoshiarpur,PB,12,6,TRK_017DA12B162E|TRK_A997FC00E0CF|TRK_8C037A0ADC54|TRK_EEB1DE456EE4|TRK_BCC966E673C0|TRK_B6CE07A71D80,30590.0,187510.0,127160.0,True,True,False,False,"{""circular_bonus"": -1.1, ""distance_km"": 1.0, ""empty_km"": 0.85, ""fuel_inr"": 0.01, ""risk"": 12.0, ""time_min"": 0.35, ""toll_inr"": 0.01}",CST_48011250D4FB,SCN_BASELINE,g1,False,169,train,20260903,v0.1,hash_bucket
INS_76BEFDD582FD,94855171567907f7,PDP,small,LOC_60C46A471111,Pilibhit,UP,10,3,TRK_017DA12B162E|TRK_A997FC00E0CF|TRK_8C037A0ADC54,31430.0,94920.0,59390.0,True,True,True,False,"{""circular_bonus"": -1.1, ""distance_km"": 1.0, ""empty_km"": 0.85, ""fuel_inr"": 0.01, ""risk"": 12.0, ""time_min"": 0.35, ""toll_inr"": 0.01}",CST_48011250D4FB,SCN_BASELINE,g1,False,121,train,20260903,v0.1,hash_bucket
INS_C7E38E7AD5BA,d10d62e1815c8da5,CVRP,small,LOC_B26FC239E19A,North Delhi,DL,12,11,TRK_017DA12B162E|TRK_A997FC00E0CF|TRK_8C037A0ADC54|TRK_EEB1DE456EE4|TRK_BCC966E673C0|TRK_B6CE07A71D80|TRK_5564246F7906|TRK_5136065E98CA|TRK_E260AFDFB21B|TRK_E9C76BCDE1E1|TRK_FB045E9F7F61,28890.0,335050.0,295850.0,True,False,False,False,"{""circular_bonus"": -1.1, ""distance_km"": 1.0, ""empty_km"": 0.85, ""fuel_inr"": 0.01, ""risk"": 12.0, ""time_min"": 0.35, ""toll_inr"": 0.01}",CST_48011250D4FB,SCN_BASELINE,g1,False,169,train,20260903,v0.1,hash_bucket
INS_48BB058BD992,996ea0dccc6c055c,PDP,medium,LOC_BF1D141289ED,Hoshiarpur,PB,16,6,TRK_017DA12B162E|TRK_A997FC00E0CF|TRK_8C037A0ADC54|TRK_EEB1DE456EE4|TRK_BCC966E673C0|TRK_B6CE07A71D80,30590.0,187510.0,144000.0,True,True,True,False,"{""circular_bonus"": -1.1, ""distance_km"": 1.0, ""empty_km"": 0.85, ""fuel_inr"": 0.01, ""risk"": 12.0, ""time_min"": 0.35, ""toll_inr"": 0.01}",CST_48011250D4FB,SCN_BASELINE,g1,False,289,train,20260903,v0.1,hash_bucket
INS_8560EC1B0D24,ba38326ecdabfc16,CVRP,medium,LOC_ED9C60D04FC0,SAS Nagar,PB,18,9,TRK_017DA12B162E|TRK_A997FC00E0CF|TRK_8C037A0ADC54|TRK_EEB1DE456EE4|TRK_BCC966E673C0|TRK_B6CE07A71D80|TRK_5564246F7906|TRK_5136065E98CA|TRK_E260AFDFB21B,29400.0,277210.0,242230.0,True,False,False,False,"{""circular_bonus"": -1.1, ""distance_km"": 1.0, ""empty_km"": 0.85, ""fuel_inr"": 0.01, ""risk"": 12.0, ""time_min"": 0.35, ""toll_inr"": 0.01}",CST_48011250D4FB,SCN_BASELINE,g1,False,361,train,20260903,v0.1,hash_bucket
INS_16345AD7545B,33743e054a2d7142,VRPTW,small,LOC_AD745A3946E4,Unnao,UP,14,4,TRK_017DA12B162E|TRK_A997FC00E0CF|TRK_8C037A0ADC54|TRK_EEB1DE456EE4,31250.0,126170.0,63630.0,True,True,False,False,"{""circular_bonus"": -1.1, ""distance_km"": 1.0, ""empty_km"": 0.85, ""fuel_inr"": 0.01, ""risk"": 12.0, ""time_min"": 0.35, ""toll_inr"": 0.01}",CST_48011250D4FB,SCN_BASELINE,g1,False,225,train,20260903,v0.1,hash_bucket
INS_5091CD4A0BE0,562f976587e13da3,CIRCULAR_VRP,medium,LOC_B01B9CC74597,Saharanpur,UP,18,5,TRK_017DA12B162E|TRK_A997FC00E0CF|TRK_8C037A0ADC54|TRK_EEB1DE456EE4|TRK_BCC966E673C0,30750.0,156920.0,121200.0,True,False,False,True,"{""circular_bonus"": -1.1, ""distance_km"": 1.0, ""empty_km"": 0.85, ""fuel_inr"": 0.01, ""risk"": 12.0, ""time_min"": 0.35, ""toll_inr"": 0.01}",CST_48011250D4FB,SCN_BASELINE,g1,False,361,train,20260903,v0.1,hash_bucket
INS_F5B989F83CE2,61d2838f1e3d997c,PDP,medium,LOC_CF065FE8EBAB,Gautam Buddha Nagar,UP,25,19,TRK_017DA12B162E|TRK_A997FC00E0CF|TRK_8C037A0ADC54|TRK_EEB1DE456EE4|TRK_BCC966E673C0|TRK_B6CE07A71D80|TRK_5564246F7906|TRK_5136065E98CA|TRK_E260AFDFB21B|TRK_E9C76BCDE1E1|TRK_FB045E9F7F61|TRK_B7FB75BB3E0A|TRK_4A05F6B9B509|TRK_1C8C798F44C5|TRK_8DC7FD5FF93A|TRK_7A91F5198B53|TRK_BEE1B756CA92|TRK_0331FB7CD37E|TRK_EEA8DB00B33D,26280.0,555400.0,514570.0,True,False,True,True,"{""circular_bonus"": -1.1, ""distance_km"": 1.0, ""empty_km"": 0.85, ""fuel_inr"": 0.01, ""risk"": 12.0, ""time_min"": 0.35, ""toll_inr"": 0.01}",CST_48011250D4FB,SCN_BASELINE,g1,False,676,train,20260903,v0.1,hash_bucket
INS_B4EA8C365060,5e004dd7fbb621bb,VRPTW,medium,LOC_5775AEDC7A87,Kanpur Nagar,UP,27,11,TRK_017DA12B162E|TRK_A997FC00E0CF|TRK_8C037A0ADC54|TRK_EEB1DE456EE4|TRK_BCC966E673C0|TRK_B6CE07A71D80|TRK_5564246F7906|TRK_5136065E98CA|TRK_E260AFDFB21B|TRK_E9C76BCDE1E1|TRK_FB045E9F7F61,28890.0,335050.0,282600.0,True,True,False,False,"{""circular_bonus"": -1.1, ""distance_km"": 1.0, ""empty_km"": 0.85, ""fuel_inr"": 0.01, ""risk"": 12.0, ""time_min"": 0.35, ""toll_inr"": 0.01}",CST_48011250D4FB,SCN_BASELINE,g1,False,784,test,20260903,v0.1,hash_bucket
INS_4A4996D56256,c06c711d6c5d7f8a,PDP,medium,LOC_C58F1767A842,Barnala,PB,16,6,TRK_017DA12B162E|TRK_A997FC00E0CF|TRK_8C037A0ADC54|TRK_EEB1DE456EE4|TRK_BCC966E673C0|TRK_B6CE07A71D80,30590.0,187510.0,130710.0,True,True,True,False,"{""circular_bonus"": -1.1, ""distance_km"": 1.0, ""empty_km"": 0.85, ""fuel_inr"": 0.01, ""risk"": 12.0, ""time_min"": 0.35, ""toll_inr"": 0.01}",CST_48011250D4FB,SCN_BASELINE,g1,False,289,train,20260903,v0.1,hash_bucket
INS_1DEFDBFAF36B,febb39ff443b045c,PDP,medium,LOC_63A998834201,North East Delhi,DL,11,8,TRK_017DA12B162E|TRK_A997FC00E0CF|TRK_8C037A0ADC54|TRK_EEB1DE456EE4|TRK_BCC966E673C0|TRK_B6CE07A71D80|TRK_5564246F7906|TRK_5136065E98CA,29770.0,247810.0,190980.0,True,False,True,True,"{""circular_bonus"": -1.1, ""distance_km"": 1.0, ""empty_km"": 0.85, ""fuel_inr"": 0.01, ""risk"": 12.0, ""time_min"": 0.35, ""toll_inr"": 0.01}",CST_48011250D4FB,SCN_BASELINE,g1,False,144,validation,20260903,v0.1,hash_bucket
INS_409D1D79733B,6a135d15bb4b5b24,CIRCULAR_VRP,small,LOC_165F0D721F3E,Jalandhar,PB,14,6,TRK_017DA12B162E|TRK_A997FC00E0CF|TRK_8C037A0ADC54|TRK_EEB1DE456EE4|TRK_BCC966E673C0|TRK_B6CE07A71D80,30590.0,187510.0,135460.0,True,True,False,True,"{""circular_bonus"": -1.1, ""distance_km"": 1.0, ""empty_km"": 0.85, ""fuel_inr"": 0.01, ""risk"": 12.0, ""time_min"": 0.35, ""toll_inr"": 0.01}",CST_48011250D4FB,SCN_BASELINE,g1,False,225,test,20260903,v0.1,hash_bucket
INS_541AF8DF6DC0,d5f12442a3d9268f,CIRCULAR_VRP,small,LOC_5D316714188F,Faridabad,HR,12,9,TRK_017DA12B162E|TRK_A997FC00E0CF|TRK_8C037A0ADC54|TRK_EEB1DE456EE4|TRK_BCC966E673C0|TRK_B6CE07A71D80|TRK_5564246F7906|TRK_5136065E98CA|TRK_E260AFDFB21B,29400.0,277210.0,226410.0,True,False,False,True,"{""circular_bonus"": -1.1, ""distance_km"": 1.0, ""empty_km"": 0.85, ""fuel_inr"": 0.01, ""risk"": 12.0, ""time_min"": 0.35, ""toll_inr"": 0.01}",CST_48011250D4FB,SCN_BASELINE,g1,False,169,test,20260903,v0.1,hash_bucket
INS_D8DBAEE3CD4F,eceb1a960f5b476f,VRPTW,small,LOC_B890897F9CCC,Kapurthala,PB,8,4,TRK_845EA1F8ABE4|TRK_C1FC4B86476D|TRK_176FE1AE1FEE|TRK_D0BC1C0C07BE,14960.0,63570.0,45550.0,True,True,False,False,"{""circular_bonus"": -1.1, ""distance_km"": 1.0, ""empty_km"": 0.85, ""fuel_inr"": 0.01, ""risk"": 12.0, ""time_min"": 0.35, ""toll_inr"": 0.01}",CST_48011250D4FB,SCN_BASELINE,g1,False,81,train,20260903,v0.1,hash_bucket
INS_51E025DD9844,85b42864576c3abe,CIRCULAR_VRP,medium,LOC_BC48412E6B15,Sambhal,UP,16,5,TRK_017DA12B162E|TRK_A997FC00E0CF|TRK_8C037A0ADC54|TRK_EEB1DE456EE4|TRK_BCC966E673C0,30750.0,156920.0,117460.0,True,True,False,True,"{""circular_bonus"": -1.1, ""distance_km"": 1.0, ""empty_km"": 0.85, ""fuel_inr"": 0.01, ""risk"": 12.0, ""time_min"": 0.35, ""toll_inr"": 0.01}",CST_48011250D4FB,SCN_BASELINE,g1,False,289,train,20260903,v0.1,hash_bucket
INS_4935C92F3CED,a3c2e300a24057d7,CIRCULAR_VRP,medium,LOC_27273A6A3299,Shamli,UP,20,8,TRK_017DA12B162E|TRK_A997FC00E0CF|TRK_8C037A0ADC54|TRK_EEB1DE456EE4|TRK_BCC966E673C0|TRK_B6CE07A71D80|TRK_5564246F7906|TRK_5136065E98CA,29770.0,247810.0,203650.0,True,True,False,True,"{""circular_bonus"": -1.1, ""distance_km"": 1.0, ""empty_km"": 0.85, ""fuel_inr"": 0.01, ""risk"": 12.0, ""time_min"": 0.35, ""toll_inr"": 0.01}",CST_48011250D4FB,SCN_BASELINE,g1,False,441,train,20260903,v0.1,hash_bucket
INS_3E3E4BD86A0E,ee7ba08ff255558a,VRPTW,small,LOC_FEFD9351973D,Bathinda,PB,8,4,TRK_340016F2B945|TRK_0C5E1B5422FA|TRK_B7BA04A0793B|TRK_3AAFDA8C31B2,14390.0,68020.0,48880.0,True,True,False,False,"{""circular_bonus"": -1.1, ""distance_km"": 1.0, ""empty_km"": 0.85, ""fuel_inr"": 0.01, ""risk"": 12.0, ""time_min"": 0.35, ""toll_inr"": 0.01}",CST_48011250D4FB,SCN_BASELINE,g1,False,81,test,20260903,v0.1,holdout_district
INS_8CBB420ADE09,4ebed46cdc6c2f51,CVRP,medium,LOC_45C74FBD7B6F,Mansa,PB,21,5,TRK_017DA12B162E|TRK_A997FC00E0CF|TRK_8C037A0ADC54|TRK_EEB1DE456EE4|TRK_BCC966E673C0,30750.0,156920.0,118070.0,True,False,False,False,"{""circular_bonus"": -1.1, ""distance_km"": 1.0, ""empty_km"": 0.85, ""fuel_inr"": 0.01, ""risk"": 12.0, ""time_min"": 0.35, ""toll_inr"": 0.01}",CST_48011250D4FB,SCN_BASELINE,g1,False,484,validation,20260903,v0.1,hash_bucket
INS_02639B12DD5A,20e6a14a5b169bb9,PDP,medium,LOC_C58F1767A842,Barnala,PB,25,8,TRK_017DA12B162E|TRK_A997FC00E0CF|TRK_8C037A0ADC54|TRK_EEB1DE456EE4|TRK_BCC966E673C0|TRK_B6CE07A71D80|TRK_5564246F7906|TRK_5136065E98CA,29770.0,247810.0,216530.0,True,True,True,True,"{""circular_bonus"": -1.1, ""distance_km"": 1.0, ""empty_km"": 0.85, ""fuel_inr"": 0.01, ""risk"": 12.0, ""time_min"": 0.35, ""toll_inr"": 0.01}",CST_48011250D4FB,SCN_BASELINE,g1,False,676,train,20260903,v0.1,hash_bucket
INS_AF05552B43C4,4661cf2bdc54ba2d,PDP,medium,LOC_C58F1767A842,Barnala,PB,28,5,TRK_017DA12B162E|TRK_A997FC00E0CF|TRK_8C037A0ADC54|TRK_EEB1DE456EE4|TRK_BCC966E673C0,30750.0,156920.0,121145.0,True,True,True,False,"{""circular_bonus"": -1.1, ""distance_km"": 1.0, ""empty_km"": 0.85, ""fuel_inr"": 0.01, ""risk"": 12.0, ""time_min"": 0.35, ""toll_inr"": 0.01}",CST_48011250D4FB,SCN_BASELINE,g1,False,841,train,20260903,v0.1,hash_bucket
INS_85629A49FCC0,f20fb9b2a081edce,CIRCULAR_VRP,small,LOC_B39E76DCD93F,Nuh,HR,10,5,TRK_017DA12B162E|TRK_A997FC00E0CF|TRK_8C037A0ADC54|TRK_EEB1DE456EE4|TRK_BCC966E673C0,30750.0,156920.0,114990.0,True,True,False,True,"{""circular_bonus"": -1.1, ""distance_km"": 1.0, ""empty_km"": 0.85, ""fuel_inr"": 0.01, ""risk"": 12.0, ""time_min"": 0.35, ""toll_inr"": 0.01}",CST_48011250D4FB,SCN_BASELINE,g1,False,121,train,20260903,v0.1,hash_bucket
INS_2338F0F9FC16,118962fa1fcf2c03,PDP,small,LOC_1FB47BF8FFEB,Bulandshahr,UP,11,11,TRK_FC4EFBC1E225|TRK_4927520C533F|TRK_D5A8DC42C947|TRK_49EE98E2F33C|TRK_15A4E86B7E18|TRK_F8096EB4BC10|TRK_06A40E83B39B|TRK_C73CD385496C|TRK_899C46DBA1D5|TRK_4AA6580E3788|TRK_5CCBD1015034,3650.0,92520.0,86030.0,True,False,True,False,"{""circular_bonus"": -1.1, ""distance_km"": 1.0, ""empty_km"": 0.85, ""fuel_inr"": 0.01, ""risk"": 12.0, ""time_min"": 0.35, ""toll_inr"": 0.01}",CST_48011250D4FB,SCN_BASELINE,g1,False,144,test,20260903,v0.1,holdout_district
INS_8A592A1C77AF,ae3b0d181ad1cbe0,VRPTW,medium,LOC_4A5F46E3AFB5,Sitapur,UP,16,8,TRK_017DA12B162E|TRK_A997FC00E0CF|TRK_8C037A0ADC54|TRK_EEB1DE456EE4|TRK_BCC966E673C0|TRK_B6CE07A71D80|TRK_5564246F7906|TRK_5136065E98CA,29770.0,247810.0,193580.0,True,True,False,False,"{""circular_bonus"": -1.1, ""distance_km"": 1.0, ""empty_km"": 0.85, ""fuel_inr"": 0.01, ""risk"": 12.0, ""time_min"": 0.35, ""toll_inr"": 0.01}",CST_48011250D4FB,SCN_BASELINE,g1,False,289,train,20260903,v0.1,hash_bucket
INS_CDF7590E7A77,dd28a7f2bc24450b,VRPTW,medium,LOC_AC684A297AD1,Bareilly,UP,28,9,TRK_017DA12B162E|TRK_A997FC00E0CF|TRK_8C037A0ADC54|TRK_EEB1DE456EE4|TRK_BCC966E673C0|TRK_B6CE07A71D80|TRK_5564246F7906|TRK_5136065E98CA|TRK_E260AFDFB21B,29400.0,277210.0,240120.0,True,True,False,False,"{""circular_bonus"": -1.1, ""distance_km"": 1.0, ""empty_km"": 0.85, ""fuel_inr"": 0.01, ""risk"": 12.0, ""time_min"": 0.35, ""toll_inr"": 0.01}",CST_48011250D4FB,SCN_BASELINE,g1,False,841,train,20260903,v0.1,hash_bucket
INS_6DF7CB510EA4,6b0990173f47d56c,PDP,small,LOC_0D7AAF851D69,Tarn Taran,PB,14,4,TRK_017DA12B162E|TRK_A997FC00E0CF|TRK_8C037A0ADC54|TRK_EEB1DE456EE4,31250.0,126170.0,68760.0,True,False,True,False,"{""circular_bonus"": -1.1, ""distance_km"": 1.0, ""empty_km"": 0.85, ""fuel_inr"": 0.01, ""risk"": 12.0, ""time_min"": 0.35, ""toll_inr"": 0.01}",CST_48011250D4FB,SCN_BASELINE,g1,False,225,train,20260903,v0.1,hash_bucket
INS_D076F6438A22,3a269fd11f6b0f6a,CIRCULAR_VRP,small,LOC_08710C80560B,Moga,PB,13,4,TRK_017DA12B162E|TRK_A997FC00E0CF|TRK_8C037A0ADC54|TRK_EEB1DE456EE4,31250.0,126170.0,80520.0,True,True,False,True,"{""circular_bonus"": -1.1, ""distance_km"": 1.0, ""empty_km"": 0.85, ""fuel_inr"": 0.01, ""risk"": 12.0, ""time_min"": 0.35, ""toll_inr"": 0.01}",CST_48011250D4FB,SCN_BASELINE,g1,False,196,train,20260903,v0.1,hash_bucket
INS_E4C4EA45CC8A,95e107e7ec970318,CIRCULAR_VRP,small,LOC_B56ABDBA32E2,Aligarh,UP,13,5,TRK_017DA12B162E|TRK_A997FC00E0CF|TRK_8C037A0ADC54|TRK_EEB1DE456EE4|TRK_BCC966E673C0,30750.0,156920.0,123495.0,True,True,False,True,"{""circular_bonus"": -1.1, ""distance_km"": 1.0, ""empty_km"": 0.85, ""fuel_inr"": 0.01, ""risk"": 12.0, ""time_min"": 0.35, ""toll_inr"": 0.01}",CST_48011250D4FB,SCN_BASELINE,g1,False,196,test,20260903,v0.1,hash_bucket
INS_EDC7E4ED7849,029e752f478a496d,CVRP,medium,LOC_8F3BDE96C1C3,Rampur,UP,15,4,TRK_017DA12B162E|TRK_A997FC00E0CF|TRK_8C037A0ADC54|TRK_EEB1DE456EE4,31250.0,126170.0,72360.0,True,False,False,False,"{""circular_bonus"": -1.1, ""distance_km"": 1.0, ""empty_km"": 0.85, ""fuel_inr"": 0.01, ""risk"": 12.0, ""time_min"": 0.35, ""toll_inr"": 0.01}",CST_48011250D4FB,SCN_BASELINE,g1,False,256,train,20260903,v0.1,hash_bucket
INS_E59CC69A5F72,f2041eb254bb8df5,CIRCULAR_VRP,large,LOC_61BECDCA1350,Central Delhi,DL,4,3,TRK_0331FB7CD37E|TRK_5116501BE0D5|TRK_05D6F43C6DC3,6010.0,45860.0,39620.0,True,False,False,True,"{""circular_bonus"": -1.1, ""distance_km"": 1.0, ""empty_km"": 0.85, ""fuel_inr"": 0.01, ""risk"": 12.0, ""time_min"": 0.35, ""toll_inr"": 0.01}",CST_48011250D4FB,SCN_BASELINE,g1,False,25,validation,20260903,v0.1,hash_bucket
INS_39343EFAF86E,51e7eebc52755c8b,PDP,medium,LOC_EC1D3E4138DF,Amritsar,PB,16,10,TRK_017DA12B162E|TRK_A997FC00E0CF|TRK_8C037A0ADC54|TRK_EEB1DE456EE4|TRK_BCC966E673C0|TRK_B6CE07A71D80|TRK_5564246F7906|TRK_5136065E98CA|TRK_E260AFDFB21B|TRK_E9C76BCDE1E1,28950.0,306160.0,253390.0,True,False,True,False,"{""circular_bonus"": -1.1, ""distance_km"": 1.0, ""empty_km"": 0.85, ""fuel_inr"": 0.01, ""risk"": 12.0, ""time_min"": 0.35, ""toll_inr"": 0.01}",CST_48011250D4FB,SCN_BASELINE,g1,False,289,train,20260903,v0.1,hash_bucket
INS_36DDF07E4AFA,1c7435dae23d972e,CIRCULAR_VRP,small,LOC_AA53E75D54A9,Etah,UP,12,5,TRK_017DA12B162E|TRK_A997FC00E0CF|TRK_8C037A0ADC54|TRK_EEB1DE456EE4|TRK_BCC966E673C0,30750.0,156920.0,110970.0,True,False,False,True,"{""circular_bonus"": -1.1, ""distance_km"": 1.0, ""empty_km"": 0.85, ""fuel_inr"": 0.01, ""risk"": 12.0, ""time_min"": 0.35, ""toll_inr"": 0.01}",CST_48011250D4FB,SCN_BASELINE,g1,False,169,train,20260903,v0.1,hash_bucket
INS_10192323EC3D,b4fb6c56c9824430,VRPTW,small,LOC_BF1D141289ED,Hoshiarpur,PB,14,5,TRK_017DA12B162E|TRK_A997FC00E0CF|TRK_8C037A0ADC54|TRK_EEB1DE456EE4|TRK_BCC966E673C0,30750.0,156920.0,107160.0,True,True,False,False,"{""circular_bonus"": -1.1, ""distance_km"": 1.0, ""empty_km"": 0.85, ""fuel_inr"": 0.01, ""risk"": 12.0, ""time_min"": 0.35, ""toll_inr"": 0.01}",CST_48011250D4FB,SCN_BASELINE,g1,False,225,train,20260903,v0.1,hash_bucket
INS_E66C161E9532,d71a42128e5f8617,VRPTW,large,LOC_FF96333A5510,North West Delhi,DL,23,22,TRK_017DA12B162E|TRK_A997FC00E0CF|TRK_8C037A0ADC54|TRK_EEB1DE456EE4|TRK_BCC966E673C0|TRK_B6CE07A71D80|TRK_5564246F7906|TRK_5136065E98CA|TRK_E260AFDFB21B|TRK_E9C76BCDE1E1|TRK_FB045E9F7F61|TRK_B7FB75BB3E0A|TRK_4A05F6B9B509|TRK_1C8C798F44C5|TRK_8DC7FD5FF93A|TRK_7A91F5198B53|TRK_BEE1B756CA92|TRK_0331FB7CD37E|TRK_EEA8DB00B33D|TRK_3A519CFB8F0F|TRK_8C842CC0A407|TRK_1A09343A6FAC,25770.0,633370.0,589680.0,True,True,False,False,"{""circular_bonus"": -1.1, ""distance_km"": 1.0, ""empty_km"": 0.85, ""fuel_inr"": 0.01, ""risk"": 12.0, ""time_min"": 0.35, ""toll_inr"": 0.01}",CST_48011250D4FB,SCN_BASELINE,g1,False,576,train,20260903,v0.1,hash_bucket
INS_120CBBEF7696,0bbc6c173ec97c27,VRPTW,medium,LOC_6C7E235EC96D,Nawanshahr,PB,21,10,TRK_017DA12B162E|TRK_A997FC00E0CF|TRK_8C037A0ADC54|TRK_EEB1DE456EE4|TRK_BCC966E673C0|TRK_B6CE07A71D80|TRK_5564246F7906|TRK_5136065E98CA|TRK_E260AFDFB21B|TRK_E9C76BCDE1E1,28950.0,306160.0,254010.0,True,True,False,False,"{""circular_bonus"": -1.1, ""distance_km"": 1.0, ""empty_km"": 0.85, ""fuel_inr"": 0.01, ""risk"": 12.0, ""time_min"": 0.35, ""toll_inr"": 0.01}",CST_48011250D4FB,SCN_BASELINE,g1,False,484,train,20260903,v0.1,hash_bucket
INS_0B520A1DBAC2,aa6cba58c7d63ed1,CVRP,small,LOC_B26DA7992E56,Prayagraj,UP,13,5,TRK_017DA12B162E|TRK_A997FC00E0CF|TRK_8C037A0ADC54|TRK_EEB1DE456EE4|TRK_BCC966E673C0,30750.0,156920.0,120230.0,True,False,False,False,"{""circular_bonus"": -1.1, ""distance_km"": 1.0, ""empty_km"": 0.85, ""fuel_inr"": 0.01, ""risk"": 12.0, ""time_min"": 0.35, ""toll_inr"": 0.01}",CST_48011250D4FB,SCN_BASELINE,g1,False,196,test,20260903,v0.1,hash_bucket
INS_BCFCD8AED44B,492ae99311cbb36c,CVRP,small,LOC_443EF0FB4E8C,Etawah,UP,8,4,TRK_017DA12B162E|TRK_A997FC00E0CF|TRK_8C037A0ADC54|TRK_EEB1DE456EE4,31250.0,126170.0,76720.0,True,False,False,False,"{""circular_bonus"": -1.1, ""distance_km"": 1.0, ""empty_km"": 0.85, ""fuel_inr"": 0.01, ""risk"": 12.0, ""time_min"": 0.35, ""toll_inr"": 0.01}",CST_48011250D4FB,SCN_BASELINE,g1,False,81,train,20260903,v0.1,hash_bucket
INS_FD2C9E0D8BBA,da95c793b9119f9e,CVRP,medium,LOC_FF96333A5510,North West Delhi,DL,19,17,TRK_017DA12B162E|TRK_A997FC00E0CF|TRK_8C037A0ADC54|TRK_EEB1DE456EE4|TRK_BCC966E673C0|TRK_B6CE07A71D80|TRK_5564246F7906|TRK_5136065E98CA|TRK_E260AFDFB21B|TRK_E9C76BCDE1E1|TRK_FB045E9F7F61|TRK_B7FB75BB3E0A|TRK_4A05F6B9B509|TRK_1C8C798F44C5|TRK_8DC7FD5FF93A|TRK_7A91F5198B53|TRK_BEE1B756CA92,27170.0,502510.0,469680.0,True,False,False,False,"{""circular_bonus"": -1.1, ""distance_km"": 1.0, ""empty_km"": 0.85, ""fuel_inr"": 0.01, ""risk"": 12.0, ""time_min"": 0.35, ""toll_inr"": 0.01}",CST_48011250D4FB,SCN_BASELINE,g1,False,400,train,20260903,v0.1,hash_bucket
INS_8AE169B6051F,cb7639e2eee582d2,VRPTW,medium,LOC_FEFD9351973D,Bathinda,PB,28,8,TRK_017DA12B162E|TRK_A997FC00E0CF|TRK_8C037A0ADC54|TRK_EEB1DE456EE4|TRK_BCC966E673C0|TRK_B6CE07A71D80|TRK_5564246F7906|TRK_5136065E98CA,29770.0,247810.0,200530.0,True,True,False,False,"{""circular_bonus"": -1.1, ""distance_km"": 1.0, ""empty_km"": 0.85, ""fuel_inr"": 0.01, ""risk"": 12.0, ""time_min"": 0.35, ""toll_inr"": 0.01}",CST_48011250D4FB,SCN_BASELINE,g1,False,841,test,20260903,v0.1,holdout_district
INS_F8D15F8C7A7B,d32c6afade419b60,VRPTW,small,LOC_CF209A6CE403,Hapur,UP,12,6,TRK_017DA12B162E|TRK_A997FC00E0CF|TRK_8C037A0ADC54|TRK_EEB1DE456EE4|TRK_BCC966E673C0|TRK_B6CE07A71D80,30590.0,187510.0,150990.0,True,True,False,False,"{""circular_bonus"": -1.1, ""distance_km"": 1.0, ""empty_km"": 0.85, ""fuel_inr"": 0.01, ""risk"": 12.0, ""time_min"": 0.35, ""toll_inr"": 0.01}",CST_48011250D4FB,SCN_BASELINE,g1,False,169,train,20260903,v0.1,hash_bucket
INS_9AE62FD218B6,eae072db94535220,CIRCULAR_VRP,medium,LOC_8E5593D8E476,Rupnagar,PB,26,13,TRK_017DA12B162E|TRK_A997FC00E0CF|TRK_8C037A0ADC54|TRK_EEB1DE456EE4|TRK_BCC966E673C0|TRK_B6CE07A71D80|TRK_5564246F7906|TRK_5136065E98CA|TRK_E260AFDFB21B|TRK_E9C76BCDE1E1|TRK_FB045E9F7F61|TRK_B7FB75BB3E0A|TRK_4A05F6B9B509,28580.0,392470.0,346730.0,True,True,False,True,"{""circular_bonus"": -1.1, ""distance_km"": 1.0, ""empty_km"": 0.85, ""fuel_inr"": 0.01, ""risk"": 12.0, ""time_min"": 0.35, ""toll_inr"": 0.01}",CST_48011250D4FB,SCN_BASELINE,g1,False,729,train,20260903,v0.1,hash_bucket
INS_830FE9A6991D,7774bf9f4294e2c5,PDP,small,LOC_2E9E391564C2,Sonipat,HR,10,4,TRK_017DA12B162E|TRK_A997FC00E0CF|TRK_8C037A0ADC54|TRK_EEB1DE456EE4,31250.0,126170.0,85230.0,True,True,True,True,"{""circular_bonus"": -1.1, ""distance_km"": 1.0, ""empty_km"": 0.85, ""fuel_inr"": 0.01, ""risk"": 12.0, ""time_min"": 0.35, ""toll_inr"": 0.01}",CST_48011250D4FB,SCN_BASELINE,g1,False,121,validation,20260903,v0.1,hash_bucket
INS_AC6B29FFAE0B,7fe1ed3efaae404b,PDP,medium,LOC_C6AB43142BDB,Faridkot,PB,30,10,TRK_017DA12B162E|TRK_A997FC00E0CF|TRK_8C037A0ADC54|TRK_EEB1DE456EE4|TRK_BCC966E673C0|TRK_B6CE07A71D80|TRK_5564246F7906|TRK_5136065E98CA|TRK_E260AFDFB21B|TRK_E9C76BCDE1E1,28950.0,306160.0,273420.0,True,True,True,False,"{""circular_bonus"": -1.1, ""distance_km"": 1.0, ""empty_km"": 0.85, ""fuel_inr"": 0.01, ""risk"": 12.0, ""time_min"": 0.35, ""toll_inr"": 0.01}",CST_48011250D4FB,SCN_BASELINE,g1,False,961,test,20260903,v0.1,hash_bucket
INS_8F7189CFCBC9,db057a2079e69aa2,CIRCULAR_VRP,medium,LOC_E7B504BE8FE9,Patiala,PB,30,10,TRK_017DA12B162E|TRK_A997FC00E0CF|TRK_8C037A0ADC54|TRK_EEB1DE456EE4|TRK_BCC966E673C0|TRK_B6CE07A71D80|TRK_5564246F7906|TRK_5136065E98CA|TRK_E260AFDFB21B|TRK_E9C76BCDE1E1,28950.0,306160.0,251530.0,True,True,False,True,"{""circular_bonus"": -1.1, ""distance_km"": 1.0, ""empty_km"": 0.85, ""fuel_inr"": 0.01, ""risk"": 12.0, ""time_min"": 0.35, ""toll_inr"": 0.01}",CST_48011250D4FB,SCN_BASELINE,g1,False,961,train,20260903,v0.1,hash_bucket
INS_0EE9668B34C3,21979ace2249e947,VRPTW,small,LOC_CF209A6CE403,Hapur,UP,14,7,TRK_017DA12B162E|TRK_A997FC00E0CF|TRK_8C037A0ADC54|TRK_EEB1DE456EE4|TRK_BCC966E673C0|TRK_B6CE07A71D80|TRK_5564246F7906,30530.0,218040.0,164400.0,True,True,False,False,"{""circular_bonus"": -1.1, ""distance_km"": 1.0, ""empty_km"": 0.85, ""fuel_inr"": 0.01, ""risk"": 12.0, ""time_min"": 0.35, ""toll_inr"": 0.01}",CST_48011250D4FB,SCN_BASELINE,g1,False,225,train,20260903,v0.1,hash_bucket
INS_22889754EA48,8995738c3c8c3d4a,VRPTW,small,LOC_B6370F731EEC,Lucknow,UP,11,7,TRK_017DA12B162E|TRK_A997FC00E0CF|TRK_8C037A0ADC54|TRK_EEB1DE456EE4|TRK_BCC966E673C0|TRK_B6CE07A71D80|TRK_5564246F7906,30530.0,218040.0,187040.0,True,True,False,False,"{""circular_bonus"": -1.1, ""distance_km"": 1.0, ""empty_km"": 0.85, ""fuel_inr"": 0.01, ""risk"": 12.0, ""time_min"": 0.35, ""toll_inr"": 0.01}",CST_48011250D4FB,SCN_BASELINE,g1,False,144,validation,20260903,v0.1,hash_bucket
INS_E0330AC29A3C,d9ceabeff6ed9cb2,CIRCULAR_VRP,large,LOC_4E618897659A,Hathras,UP,43,18,TRK_017DA12B162E|TRK_A997FC00E0CF|TRK_8C037A0ADC54|TRK_EEB1DE456EE4|TRK_BCC966E673C0|TRK_B6CE07A71D80|TRK_5564246F7906|TRK_5136065E98CA|TRK_E260AFDFB21B|TRK_E9C76BCDE1E1|TRK_FB045E9F7F61|TRK_B7FB75BB3E0A|TRK_4A05F6B9B509|TRK_1C8C798F44C5|TRK_8DC7FD5FF93A|TRK_7A91F5198B53|TRK_BEE1B756CA92|TRK_0331FB7CD37E,26610.0,529120.0,496755.0,True,True,False,True,"{""circular_bonus"": -1.1, ""distance_km"": 1.0, ""empty_km"": 0.85, ""fuel_inr"": 0.01, ""risk"": 12.0, ""time_min"": 0.35, ""toll_inr"": 0.01}",CST_48011250D4FB,SCN_BASELINE,g1,False,1936,train,20260903,v0.1,hash_bucket
INS_A45F94985025,212c38656170bbf3,VRPTW,small,LOC_7CE3D43FF63F,Ambala,HR,10,4,TRK_017DA12B162E|TRK_A997FC00E0CF|TRK_8C037A0ADC54|TRK_EEB1DE456EE4,31250.0,126170.0,67050.0,True,True,False,False,"{""circular_bonus"": -1.1, ""distance_km"": 1.0, ""empty_km"": 0.85, ""fuel_inr"": 0.01, ""risk"": 12.0, ""time_min"": 0.35, ""toll_inr"": 0.01}",CST_48011250D4FB,SCN_BASELINE,g1,False,121,train,20260903,v0.1,hash_bucket
INS_51559FC16D56,e181dd6ea28af24e,PDP,medium,LOC_8E24E29DF84B,Hisar,HR,21,10,TRK_017DA12B162E|TRK_A997FC00E0CF|TRK_8C037A0ADC54|TRK_EEB1DE456EE4|TRK_BCC966E673C0|TRK_B6CE07A71D80|TRK_5564246F7906|TRK_5136065E98CA|TRK_E260AFDFB21B|TRK_E9C76BCDE1E1,28950.0,306160.0,257220.0,True,False,True,False,"{""circular_bonus"": -1.1, ""distance_km"": 1.0, ""empty_km"": 0.85, ""fuel_inr"": 0.01, ""risk"": 12.0, ""time_min"": 0.35, ""toll_inr"": 0.01}",CST_48011250D4FB,SCN_BASELINE,g1,False,484,train,20260903,v0.1,hash_bucket
INS_EDB0DE1C8596,41aec509aa28aef1,PDP,large,LOC_5AA457C919DB,Ludhiana,PB,32,8,TRK_017DA12B162E|TRK_A997FC00E0CF|TRK_8C037A0ADC54|TRK_EEB1DE456EE4|TRK_BCC966E673C0|TRK_B6CE07A71D80|TRK_5564246F7906|TRK_5136065E98CA,29770.0,247810.0,216290.0,True,True,True,False,"{""circular_bonus"": -1.1, ""distance_km"": 1.0, ""empty_km"": 0.85, ""fuel_inr"": 0.01, ""risk"": 12.0, ""time_min"": 0.35, ""toll_inr"": 0.01}",CST_48011250D4FB,SCN_BASELINE,g1,False,1089,train,20260903,v0.1,hash_bucket
INS_8D876578356D,c9b3290e07145b4c,CVRP,small,LOC_CF209A6CE403,Hapur,UP,10,3,TRK_017DA12B162E|TRK_A997FC00E0CF|TRK_8C037A0ADC54,31430.0,94920.0,63490.0,True,False,False,False,"{""circular_bonus"": -1.1, ""distance_km"": 1.0, ""empty_km"": 0.85, ""fuel_inr"": 0.01, ""risk"": 12.0, ""time_min"": 0.35, ""toll_inr"": 0.01}",CST_48011250D4FB,SCN_BASELINE,g1,False,121,validation,20260903,v0.1,hash_bucket
INS_A5367D9CE8A5,bc036aab9a474112,PDP,medium,LOC_2E9E391564C2,Sonipat,HR,15,6,TRK_017DA12B162E|TRK_A997FC00E0CF|TRK_8C037A0ADC54|TRK_EEB1DE456EE4|TRK_BCC966E673C0|TRK_B6CE07A71D80,30590.0,187510.0,141590.0,True,True,True,False,"{""circular_bonus"": -1.1, ""distance_km"": 1.0, ""empty_km"": 0.85, ""fuel_inr"": 0.01, ""risk"": 12.0, ""time_min"": 0.35, ""toll_inr"": 0.01}",CST_48011250D4FB,SCN_BASELINE,g1,False,256,test,20260903,v0.1,hash_bucket
INS_73925E2C0BEF,423a284d76d8b78f,PDP,medium,LOC_5B344A07BA57,Sangrur,PB,16,9,TRK_017DA12B162E|TRK_4A05F6B9B509|TRK_53CBDA158281|TRK_AA8BF80E5DEA|TRK_14DED19CFB57|TRK_28733333D0A6|TRK_D77AA299A22C|TRK_8169C8E8F13C|TRK_C33EC1A45F69,2870.0,125450.0,121465.0,True,True,True,False,"{""circular_bonus"": -1.1, ""distance_km"": 1.0, ""empty_km"": 0.85, ""fuel_inr"": 0.01, ""risk"": 12.0, ""time_min"": 0.35, ""toll_inr"": 0.01}",CST_48011250D4FB,SCN_BASELINE,g1,False,289,validation,20260903,v0.1,hash_bucket
INS_830BA9F834C0,9c7c8f31292b11c7,PDP,small,LOC_D2DDEA75080C,Pathankot,PB,14,7,TRK_017DA12B162E|TRK_A997FC00E0CF|TRK_8C037A0ADC54|TRK_EEB1DE456EE4|TRK_BCC966E673C0|TRK_B6CE07A71D80|TRK_5564246F7906,30530.0,218040.0,175890.0,True,True,True,True,"{""circular_bonus"": -1.1, ""distance_km"": 1.0, ""empty_km"": 0.85, ""fuel_inr"": 0.01, ""risk"": 12.0, ""time_min"": 0.35, ""toll_inr"": 0.01}",CST_48011250D4FB,SCN_BASELINE,g1,False,225,validation,20260903,v0.1,hash_bucket
INS_ED35C6724C6E,7c8bc9d8a574dd00,CIRCULAR_VRP,small,LOC_27273A6A3299,Shamli,UP,10,6,TRK_017DA12B162E|TRK_A997FC00E0CF|TRK_8C037A0ADC54|TRK_EEB1DE456EE4|TRK_BCC966E673C0|TRK_B6CE07A71D80,30590.0,187510.0,132350.0,True,True,False,True,"{""circular_bonus"": -1.1, ""distance_km"": 1.0, ""empty_km"": 0.85, ""fuel_inr"": 0.01, ""risk"": 12.0, ""time_min"": 0.35, ""toll_inr"": 0.01}",CST_48011250D4FB,SCN_BASELINE,g1,False,121,train,20260903,v0.1,hash_bucket
INS_BF1A8495D2DC,79fabe267db7b2fb,PDP,small,LOC_F20DB0F2A327,Gurugram,HR,9,5,TRK_017DA12B162E|TRK_A997FC00E0CF|TRK_8C037A0ADC54|TRK_EEB1DE456EE4|TRK_BCC966E673C0,30750.0,156920.0,121080.0,True,False,True,False,"{""circular_bonus"": -1.1, ""distance_km"": 1.0, ""empty_km"": 0.85, ""fuel_inr"": 0.01, ""risk"": 12.0, ""time_min"": 0.35, ""toll_inr"": 0.01}",CST_48011250D4FB,SCN_BASELINE,g1,False,100,train,20260903,v0.1,hash_bucket
INS_D6550B1C651C,6b315b680f27b749,CIRCULAR_VRP,small,LOC_487C12AA952A,Jind,HR,12,5,TRK_017DA12B162E|TRK_A997FC00E0CF|TRK_8C037A0ADC54|TRK_EEB1DE456EE4|TRK_BCC966E673C0,30750.0,156920.0,118310.0,True,False,False,True,"{""circular_bonus"": -1.1, ""distance_km"": 1.0, ""empty_km"": 0.85, ""fuel_inr"": 0.01, ""risk"": 12.0, ""time_min"": 0.35, ""toll_inr"": 0.01}",CST_48011250D4FB,SCN_BASELINE,g1,False,169,train,20260903,v0.1,hash_bucket
INS_7E1733F00303,b1b6b16f424f7da8,PDP,medium,LOC_BACB2642B5AD,Kurukshetra,HR,23,6,TRK_017DA12B162E|TRK_A997FC00E0CF|TRK_8C037A0ADC54|TRK_EEB1DE456EE4|TRK_BCC966E673C0|TRK_B6CE07A71D80,30590.0,187510.0,128460.0,True,True,True,True,"{""circular_bonus"": -1.1, ""distance_km"": 1.0, ""empty_km"": 0.85, ""fuel_inr"": 0.01, ""risk"": 12.0, ""time_min"": 0.35, ""toll_inr"": 0.01}",CST_48011250D4FB,SCN_BASELINE,g1,False,576,train,20260903,v0.1,hash_bucket
INS_E346DFFF7660,500f0c54d6f9d3bd,PDP,medium,LOC_C6AB43142BDB,Faridkot,PB,15,6,TRK_017DA12B162E|TRK_A997FC00E0CF|TRK_8C037A0ADC54|TRK_EEB1DE456EE4|TRK_BCC966E673C0|TRK_B6CE07A71D80,30590.0,187510.0,144460.0,True,True,True,False,"{""circular_bonus"": -1.1, ""distance_km"": 1.0, ""empty_km"": 0.85, ""fuel_inr"": 0.01, ""risk"": 12.0, ""time_min"": 0.35, ""toll_inr"": 0.01}",CST_48011250D4FB,SCN_BASELINE,g1,False,256,train,20260903,v0.1,hash_bucket
INS_5AC47038B03D,312283dea9b648a9,VRPTW,large,LOC_796345940EEC,Budaun,UP,38,12,TRK_017DA12B162E|TRK_A997FC00E0CF|TRK_8C037A0ADC54|TRK_EEB1DE456EE4|TRK_BCC966E673C0|TRK_B6CE07A71D80|TRK_5564246F7906|TRK_5136065E98CA|TRK_E260AFDFB21B|TRK_E9C76BCDE1E1|TRK_FB045E9F7F61|TRK_B7FB75BB3E0A,28840.0,363890.0,306170.0,True,True,False,False,"{""circular_bonus"": -1.1, ""distance_km"": 1.0, ""empty_km"": 0.85, ""fuel_inr"": 0.01, ""risk"": 12.0, ""time_min"": 0.35, ""toll_inr"": 0.01}",CST_48011250D4FB,SCN_BASELINE,g1,False,1521,train,20260903,v0.1,hash_bucket
INS_702A9003B5FC,4f424f69eb012cc6,PDP,small,LOC_B39E76DCD93F,Nuh,HR,14,6,TRK_017DA12B162E|TRK_A997FC00E0CF|TRK_8C037A0ADC54|TRK_EEB1DE456EE4|TRK_BCC966E673C0|TRK_B6CE07A71D80,30590.0,187510.0,137020.0,True,True,True,False,"{""circular_bonus"": -1.1, ""distance_km"": 1.0, ""empty_km"": 0.85, ""fuel_inr"": 0.01, ""risk"": 12.0, ""time_min"": 0.35, ""toll_inr"": 0.01}",CST_48011250D4FB,SCN_BASELINE,g1,False,225,train,20260903,v0.1,hash_bucket
INS_B328DB971E69,c443ccec8af8285a,CIRCULAR_VRP,small,LOC_190E748F376B,Barabanki,UP,9,4,TRK_A28CD824B27B|TRK_057940469E3F|TRK_65F855C2D6B0|TRK_E3F66E4B0894,2980.0,49420.0,43330.0,True,True,False,True,"{""circular_bonus"": -1.1, ""distance_km"": 1.0, ""empty_km"": 0.85, ""fuel_inr"": 0.01, ""risk"": 12.0, ""time_min"": 0.35, ""toll_inr"": 0.01}",CST_48011250D4FB,SCN_BASELINE,g1,False,100,train,20260903,v0.1,hash_bucket
INS_31EAE82A3EB4,ebd6f34a64ff2deb,CVRP,large,LOC_08710C80560B,Moga,PB,60,16,TRK_017DA12B162E|TRK_A997FC00E0CF|TRK_8C037A0ADC54|TRK_EEB1DE456EE4|TRK_BCC966E673C0|TRK_B6CE07A71D80|TRK_5564246F7906|TRK_5136065E98CA|TRK_E260AFDFB21B|TRK_E9C76BCDE1E1|TRK_FB045E9F7F61|TRK_B7FB75BB3E0A|TRK_4A05F6B9B509|TRK_1C8C798F44C5|TRK_8DC7FD5FF93A|TRK_7A91F5198B53,27170.0,475340.0,447290.0,True,False,False,False,"{""circular_bonus"": -1.1, ""distance_km"": 1.0, ""empty_km"": 0.85, ""fuel_inr"": 0.01, ""risk"": 12.0, ""time_min"": 0.35, ""toll_inr"": 0.01}",CST_48011250D4FB,SCN_BASELINE,g1,False,3721,train,20260903,v0.1,hash_bucket
INS_D43E934F328F,6884da00fd551838,VRPTW,medium,LOC_2011BC2FE7BD,Fazilka,PB,20,8,TRK_017DA12B162E|TRK_A997FC00E0CF|TRK_8C037A0ADC54|TRK_EEB1DE456EE4|TRK_BCC966E673C0|TRK_B6CE07A71D80|TRK_5564246F7906|TRK_5136065E98CA,29770.0,247810.0,191410.0,True,True,False,False,"{""circular_bonus"": -1.1, ""distance_km"": 1.0, ""empty_km"": 0.85, ""fuel_inr"": 0.01, ""risk"": 12.0, ""time_min"": 0.35, ""toll_inr"": 0.01}",CST_48011250D4FB,SCN_BASELINE,g1,False,441,train,20260903,v0.1,hash_bucket
INS_33EBA15642E2,150abca258ef1936,PDP,medium,LOC_C58F1767A842,Barnala,PB,22,7,TRK_017DA12B162E|TRK_A997FC00E0CF|TRK_8C037A0ADC54|TRK_EEB1DE456EE4|TRK_BCC966E673C0|TRK_B6CE07A71D80|TRK_5564246F7906,30530.0,218040.0,171710.0,True,False,True,False,"{""circular_bonus"": -1.1, ""distance_km"": 1.0, ""empty_km"": 0.85, ""fuel_inr"": 0.01, ""risk"": 12.0, ""time_min"": 0.35, ""toll_inr"": 0.01}",CST_48011250D4FB,SCN_BASELINE,g1,False,529,validation,20260903,v0.1,hash_bucket
INS_C54872B5B961,0d065c49cf0e39d7,CVRP,medium,LOC_5B344A07BA57,Sangrur,PB,25,12,TRK_017DA12B162E|TRK_A997FC00E0CF|TRK_8C037A0ADC54|TRK_EEB1DE456EE4|TRK_BCC966E673C0|TRK_B6CE07A71D80|TRK_5564246F7906|TRK_5136065E98CA|TRK_E260AFDFB21B|TRK_E9C76BCDE1E1|TRK_FB045E9F7F61|TRK_B7FB75BB3E0A,28840.0,363890.0,308580.0,True,False,False,False,"{""circular_bonus"": -1.1, ""distance_km"": 1.0, ""empty_km"": 0.85, ""fuel_inr"": 0.01, ""risk"": 12.0, ""time_min"": 0.35, ""toll_inr"": 0.01}",CST_48011250D4FB,SCN_BASELINE,g1,False,676,train,20260903,v0.1,hash_bucket
INS_3391B89E95AD,2910a70c22871d08,PDP,small,LOC_0D7AAF851D69,Tarn Taran,PB,8,3,TRK_017DA12B162E|TRK_A997FC00E0CF|TRK_8C037A0ADC54,31430.0,94920.0,51830.0,True,True,True,False,"{""circular_bonus"": -1.1, ""distance_km"": 1.0, ""empty_km"": 0.85, ""fuel_inr"": 0.01, ""risk"": 12.0, ""time_min"": 0.35, ""toll_inr"": 0.01}",CST_48011250D4FB,SCN_BASELINE,g1,False,81,train,20260903,v0.1,hash_bucket
INS_740B04A31013,3f87b8b787bb41f7,CVRP,medium,LOC_165F0D721F3E,Jalandhar,PB,29,15,TRK_017DA12B162E|TRK_A997FC00E0CF|TRK_8C037A0ADC54|TRK_EEB1DE456EE4|TRK_BCC966E673C0|TRK_B6CE07A71D80|TRK_5564246F7906|TRK_5136065E98CA|TRK_E260AFDFB21B|TRK_E9C76BCDE1E1|TRK_FB045E9F7F61|TRK_B7FB75BB3E0A|TRK_4A05F6B9B509|TRK_1C8C798F44C5|TRK_8DC7FD5FF93A,27710.0,448170.0,399410.0,True,False,False,False,"{""circular_bonus"": -1.1, ""distance_km"": 1.0, ""empty_km"": 0.85, ""fuel_inr"": 0.01, ""risk"": 12.0, ""time_min"": 0.35, ""toll_inr"": 0.01}",CST_48011250D4FB,SCN_BASELINE,g1,False,900,test,20260903,v0.1,hash_bucket
INS_A0D2FD54F016,7642ab6b952983a8,VRPTW,medium,LOC_BF1D141289ED,Hoshiarpur,PB,24,8,TRK_017DA12B162E|TRK_A997FC00E0CF|TRK_8C037A0ADC54|TRK_EEB1DE456EE4|TRK_BCC966E673C0|TRK_B6CE07A71D80|TRK_5564246F7906|TRK_5136065E98CA,29770.0,247810.0,194650.0,True,True,False,False,"{""circular_bonus"": -1.1, ""distance_km"": 1.0, ""empty_km"": 0.85, ""fuel_inr"": 0.01, ""risk"": 12.0, ""time_min"": 0.35, ""toll_inr"": 0.01}",CST_48011250D4FB,SCN_BASELINE,g1,False,625,train,20260903,v0.1,hash_bucket
INS_AD6F0B608FA0,24257fb099ddc1ca,CVRP,medium,LOC_E7B504BE8FE9,Patiala,PB,22,9,TRK_017DA12B162E|TRK_A997FC00E0CF|TRK_8C037A0ADC54|TRK_EEB1DE456EE4|TRK_BCC966E673C0|TRK_B6CE07A71D80|TRK_5564246F7906|TRK_5136065E98CA|TRK_E260AFDFB21B,29400.0,277210.0,234700.0,True,False,False,False,"{""circular_bonus"": -1.1, ""distance_km"": 1.0, ""empty_km"": 0.85, ""fuel_inr"": 0.01, ""risk"": 12.0, ""time_min"": 0.35, ""toll_inr"": 0.01}",CST_48011250D4FB,SCN_BASELINE,g1,False,529,test,20260903,v0.1,hash_bucket
INS_44F3737F8A31,91dd8e8ae61d3169,VRPTW,large,LOC_AD745A3946E4,Unnao,UP,33,8,TRK_017DA12B162E|TRK_A997FC00E0CF|TRK_8C037A0ADC54|TRK_EEB1DE456EE4|TRK_BCC966E673C0|TRK_B6CE07A71D80|TRK_5564246F7906|TRK_5136065E98CA,29770.0,247810.0,211630.0,True,True,False,False,"{""circular_bonus"": -1.1, ""distance_km"": 1.0, ""empty_km"": 0.85, ""fuel_inr"": 0.01, ""risk"": 12.0, ""time_min"": 0.35, ""toll_inr"": 0.01}",CST_48011250D4FB,SCN_BASELINE,g1,False,1156,train,20260903,v0.1,hash_bucket
INS_5D041895222B,9bcf6dbb37e7cf6b,PDP,large,LOC_AB3DB4CE53FF,Gurdaspur,PB,32,11,TRK_017DA12B162E|TRK_A997FC00E0CF|TRK_8C037A0ADC54|TRK_EEB1DE456EE4|TRK_BCC966E673C0|TRK_B6CE07A71D80|TRK_5564246F7906|TRK_5136065E98CA|TRK_E260AFDFB21B|TRK_E9C76BCDE1E1|TRK_FB045E9F7F61,28890.0,335050.0,288820.0,True,True,True,True,"{""circular_bonus"": -1.1, ""distance_km"": 1.0, ""empty_km"": 0.85, ""fuel_inr"": 0.01, ""risk"": 12.0, ""time_min"": 0.35, ""toll_inr"": 0.01}",CST_48011250D4FB,SCN_BASELINE,g1,False,1089,validation,20260903,v0.1,hash_bucket
INS_600CB4625918,df3d3f70335fdda8,CVRP,large,LOC_DA9770705B86,South West Delhi,DL,18,16,TRK_017DA12B162E|TRK_A997FC00E0CF|TRK_8C037A0ADC54|TRK_EEB1DE456EE4|TRK_BCC966E673C0|TRK_B6CE07A71D80|TRK_5564246F7906|TRK_5136065E98CA|TRK_E260AFDFB21B|TRK_E9C76BCDE1E1|TRK_FB045E9F7F61|TRK_B7FB75BB3E0A|TRK_4A05F6B9B509|TRK_1C8C798F44C5|TRK_8DC7FD5FF93A|TRK_7A91F5198B53,27170.0,475340.0,432240.0,True,False,False,False,"{""circular_bonus"": -1.1, ""distance_km"": 1.0, ""empty_km"": 0.85, ""fuel_inr"": 0.01, ""risk"": 12.0, ""time_min"": 0.35, ""toll_inr"": 0.01}",CST_48011250D4FB,SCN_BASELINE,g1,False,361,validation,20260903,v0.1,hash_bucket
INS_760096177CF8,0f88bda03ce7568b,CIRCULAR_VRP,medium,LOC_BC48412E6B15,Sambhal,UP,23,9,TRK_017DA12B162E|TRK_A997FC00E0CF|TRK_8C037A0ADC54|TRK_EEB1DE456EE4|TRK_BCC966E673C0|TRK_B6CE07A71D80|TRK_5564246F7906|TRK_5136065E98CA|TRK_E260AFDFB21B,29400.0,277210.0,244030.0,True,True,False,True,"{""circular_bonus"": -1.1, ""distance_km"": 1.0, ""empty_km"": 0.85, ""fuel_inr"": 0.01, ""risk"": 12.0, ""time_min"": 0.35, ""toll_inr"": 0.01}",CST_48011250D4FB,SCN_BASELINE,g1,False,576,train,20260903,v0.1,hash_bucket
INS_DCB7171291BC,c6fa497ea34dd34a,CVRP,small,LOC_5D316714188F,Faridabad,HR,14,9,TRK_017DA12B162E|TRK_A997FC00E0CF|TRK_8C037A0ADC54|TRK_EEB1DE456EE4|TRK_BCC966E673C0|TRK_B6CE07A71D80|TRK_5564246F7906|TRK_5136065E98CA|TRK_E260AFDFB21B,29400.0,277210.0,226580.0,True,False,False,False,"{""circular_bonus"": -1.1, ""distance_km"": 1.0, ""empty_km"": 0.85, ""fuel_inr"": 0.01, ""risk"": 12.0, ""time_min"": 0.35, ""toll_inr"": 0.01}",CST_48011250D4FB,SCN_BASELINE,g1,False,225,train,20260903,v0.1,hash_bucket
INS_36C5EF8CC4BD,a660da3089402ff8,VRPTW,small,LOC_91BA4A3395D5,Sirsa,HR,8,2,TRK_017DA12B162E|TRK_A997FC00E0CF,31510.0,63490.0,24560.0,True,True,False,False,"{""circular_bonus"": -1.1, ""distance_km"": 1.0, ""empty_km"": 0.85, ""fuel_inr"": 0.01, ""risk"": 12.0, ""time_min"": 0.35, ""toll_inr"": 0.01}",CST_48011250D4FB,SCN_BASELINE,g1,False,81,train,20260903,v0.1,hash_bucket
INS_0960527B54D7,8e1849200645996b,VRPTW,large,LOC_4E618897659A,Hathras,UP,53,16,TRK_017DA12B162E|TRK_A997FC00E0CF|TRK_8C037A0ADC54|TRK_EEB1DE456EE4|TRK_BCC966E673C0|TRK_B6CE07A71D80|TRK_5564246F7906|TRK_5136065E98CA|TRK_E260AFDFB21B|TRK_E9C76BCDE1E1|TRK_FB045E9F7F61|TRK_B7FB75BB3E0A|TRK_4A05F6B9B509|TRK_1C8C798F44C5|TRK_8DC7FD5FF93A|TRK_7A91F5198B53,27170.0,475340.0,422200.0,True,True,False,False,"{""circular_bonus"": -1.1, ""distance_km"": 1.0, ""empty_km"": 0.85, ""fuel_inr"": 0.01, ""risk"": 12.0, ""time_min"": 0.35, ""toll_inr"": 0.01}",CST_48011250D4FB,SCN_BASELINE,g1,False,2916,train,20260903,v0.1,hash_bucket
INS_CAD9ABBEB2E8,38caeb741adc8b42,CVRP,medium,LOC_B01B9CC74597,Saharanpur,UP,28,7,TRK_017DA12B162E|TRK_A997FC00E0CF|TRK_8C037A0ADC54|TRK_EEB1DE456EE4|TRK_BCC966E673C0|TRK_B6CE07A71D80|TRK_5564246F7906,30530.0,218040.0,184115.0,True,False,False,False,"{""circular_bonus"": -1.1, ""distance_km"": 1.0, ""empty_km"": 0.85, ""fuel_inr"": 0.01, ""risk"": 12.0, ""time_min"": 0.35, ""toll_inr"": 0.01}",CST_48011250D4FB,SCN_BASELINE,g1,False,841,validation,20260903,v0.1,hash_bucket
INS_1E41DEFE2A83,4f1b7636303af1f8,CIRCULAR_VRP,small,LOC_6042150B38E7,Rohtak,HR,13,8,TRK_017DA12B162E|TRK_A997FC00E0CF|TRK_8C037A0ADC54|TRK_EEB1DE456EE4|TRK_BCC966E673C0|TRK_B6CE07A71D80|TRK_5564246F7906|TRK_5136065E98CA,29770.0,247810.0,200750.0,True,True,False,True,"{""circular_bonus"": -1.1, ""distance_km"": 1.0, ""empty_km"": 0.85, ""fuel_inr"": 0.01, ""risk"": 12.0, ""time_min"": 0.35, ""toll_inr"": 0.01}",CST_48011250D4FB,SCN_BASELINE,g1,False,196,train,20260903,v0.1,hash_bucket
INS_7377898DA29E,5f8c5f3cdfcf8d55,PDP,medium,LOC_AA53E75D54A9,Etah,UP,21,8,TRK_017DA12B162E|TRK_A997FC00E0CF|TRK_8C037A0ADC54|TRK_EEB1DE456EE4|TRK_BCC966E673C0|TRK_B6CE07A71D80|TRK_5564246F7906|TRK_5136065E98CA,29770.0,247810.0,217105.0,True,True,True,True,"{""circular_bonus"": -1.1, ""distance_km"": 1.0, ""empty_km"": 0.85, ""fuel_inr"": 0.01, ""risk"": 12.0, ""time_min"": 0.35, ""toll_inr"": 0.01}",CST_48011250D4FB,SCN_BASELINE,g1,False,484,validation,20260903,v0.1,hash_bucket
INS_1FD60F42E2EE,382d78d828a52a24,CVRP,medium,LOC_08710C80560B,Moga,PB,25,7,TRK_017DA12B162E|TRK_A997FC00E0CF|TRK_8C037A0ADC54|TRK_EEB1DE456EE4|TRK_BCC966E673C0|TRK_B6CE07A71D80|TRK_5564246F7906,30530.0,218040.0,163040.0,True,False,False,False,"{""circular_bonus"": -1.1, ""distance_km"": 1.0, ""empty_km"": 0.85, ""fuel_inr"": 0.01, ""risk"": 12.0, ""time_min"": 0.35, ""toll_inr"": 0.01}",CST_48011250D4FB,SCN_BASELINE,g1,False,676,validation,20260903,v0.1,hash_bucket
INS_02BD10FF5AF1,befc0c1ea436997c,CVRP,medium,LOC_4A5F46E3AFB5,Sitapur,UP,18,6,TRK_017DA12B162E|TRK_A997FC00E0CF|TRK_8C037A0ADC54|TRK_EEB1DE456EE4|TRK_BCC966E673C0|TRK_B6CE07A71D80,30590.0,187510.0,150415.0,True,False,False,False,"{""circular_bonus"": -1.1, ""distance_km"": 1.0, ""empty_km"": 0.85, ""fuel_inr"": 0.01, ""risk"": 12.0, ""time_min"": 0.35, ""toll_inr"": 0.01}",CST_48011250D4FB,SCN_BASELINE,g1,False,361,train,20260903,v0.1,hash_bucket
INS_D8C5E27DC820,f036e85c44052452,CIRCULAR_VRP,small,LOC_DD4D9C55D7BB,Fatehgarh Sahib,PB,9,5,TRK_017DA12B162E|TRK_A997FC00E0CF|TRK_8C037A0ADC54|TRK_EEB1DE456EE4|TRK_BCC966E673C0,30750.0,156920.0,101870.0,True,False,False,True,"{""circular_bonus"": -1.1, ""distance_km"": 1.0, ""empty_km"": 0.85, ""fuel_inr"": 0.01, ""risk"": 12.0, ""time_min"": 0.35, ""toll_inr"": 0.01}",CST_48011250D4FB,SCN_BASELINE,g1,False,100,test,20260903,v0.1,hash_bucket
INS_F0E7AFB8D58D,f65222666753093a,VRPTW,medium,LOC_7CE3D43FF63F,Ambala,HR,25,9,TRK_017DA12B162E|TRK_A997FC00E0CF|TRK_8C037A0ADC54|TRK_EEB1DE456EE4|TRK_BCC966E673C0|TRK_B6CE07A71D80|TRK_5564246F7906|TRK_5136065E98CA|TRK_E260AFDFB21B,29400.0,277210.0,228580.0,True,True,False,False,"{""circular_bonus"": -1.1, ""distance_km"": 1.0, ""empty_km"": 0.85, ""fuel_inr"": 0.01, ""risk"": 12.0, ""time_min"": 0.35, ""toll_inr"": 0.01}",CST_48011250D4FB,SCN_BASELINE,g1,False,676,validation,20260903,v0.1,hash_bucket
INS_433742E87CB6,2394b000e41ef712,CIRCULAR_VRP,large,LOC_5AA457C919DB,Ludhiana,PB,51,14,TRK_017DA12B162E|TRK_A997FC00E0CF|TRK_8C037A0ADC54|TRK_EEB1DE456EE4|TRK_BCC966E673C0|TRK_B6CE07A71D80|TRK_5564246F7906|TRK_5136065E98CA|TRK_E260AFDFB21B|TRK_E9C76BCDE1E1|TRK_FB045E9F7F61|TRK_B7FB75BB3E0A|TRK_4A05F6B9B509|TRK_1C8C798F44C5,27990.0,420460.0,367085.0,True,True,False,True,"{""circular_bonus"": -1.1, ""distance_km"": 1.0, ""empty_km"": 0.85, ""fuel_inr"": 0.01, ""risk"": 12.0, ""time_min"": 0.35, ""toll_inr"": 0.01}",CST_48011250D4FB,SCN_BASELINE,g1,False,2704,train,20260903,v0.1,hash_bucket
INS_9341E9E32413,646de075fd9197e7,CIRCULAR_VRP,medium,LOC_AD745A3946E4,Unnao,UP,17,4,TRK_017DA12B162E|TRK_A997FC00E0CF|TRK_8C037A0ADC54|TRK_EEB1DE456EE4,31250.0,126170.0,88580.0,True,True,False,True,"{""circular_bonus"": -1.1, ""distance_km"": 1.0, ""empty_km"": 0.85, ""fuel_inr"": 0.01, ""risk"": 12.0, ""time_min"": 0.35, ""toll_inr"": 0.01}",CST_48011250D4FB,SCN_BASELINE,g1,False,324,train,20260903,v0.1,hash_bucket
INS_751779F033A3,adc23634e32e87c5,VRPTW,medium,LOC_D2DDEA75080C,Pathankot,PB,19,6,TRK_017DA12B162E|TRK_A997FC00E0CF|TRK_8C037A0ADC54|TRK_EEB1DE456EE4|TRK_BCC966E673C0|TRK_B6CE07A71D80,30590.0,187510.0,153420.0,True,True,False,False,"{""circular_bonus"": -1.1, ""distance_km"": 1.0, ""empty_km"": 0.85, ""fuel_inr"": 0.01, ""risk"": 12.0, ""time_min"": 0.35, ""toll_inr"": 0.01}",CST_48011250D4FB,SCN_BASELINE,g1,False,400,train,20260903,v0.1,hash_bucket
INS_F9886E794468,8ebea11c219efc0d,CVRP,medium,LOC_60C46A471111,Pilibhit,UP,22,7,TRK_017DA12B162E|TRK_A997FC00E0CF|TRK_8C037A0ADC54|TRK_EEB1DE456EE4|TRK_BCC966E673C0|TRK_B6CE07A71D80|TRK_5564246F7906,30530.0,218040.0,164650.0,True,False,False,False,"{""circular_bonus"": -1.1, ""distance_km"": 1.0, ""empty_km"": 0.85, ""fuel_inr"": 0.01, ""risk"": 12.0, ""time_min"": 0.35, ""toll_inr"": 0.01}",CST_48011250D4FB,SCN_BASELINE,g1,False,529,train,20260903,v0.1,hash_bucket
INS_C62A287814A0,cbd0242e3ccb5a76,VRPTW,medium,LOC_D8FB48D6F894,Fatehabad,HR,29,5,TRK_017DA12B162E|TRK_A997FC00E0CF|TRK_8C037A0ADC54|TRK_EEB1DE456EE4|TRK_BCC966E673C0,30750.0,156920.0,108920.0,True,True,False,False,"{""circular_bonus"": -1.1, ""distance_km"": 1.0, ""empty_km"": 0.85, ""fuel_inr"": 0.01, ""risk"": 12.0, ""time_min"": 0.35, ""toll_inr"": 0.01}",CST_48011250D4FB,SCN_BASELINE,g1,False,900,test,20260903,v0.1,hash_bucket
INS_E082D6ED494F,65e34d0139155401,VRPTW,medium,LOC_2ECE587EC515,Hardoi,UP,30,10,TRK_017DA12B162E|TRK_A997FC00E0CF|TRK_8C037A0ADC54|TRK_EEB1DE456EE4|TRK_BCC966E673C0|TRK_B6CE07A71D80|TRK_5564246F7906|TRK_5136065E98CA|TRK_E260AFDFB21B|TRK_E9C76BCDE1E1,28950.0,306160.0,247990.0,True,True,False,False,"{""circular_bonus"": -1.1, ""distance_km"": 1.0, ""empty_km"": 0.85, ""fuel_inr"": 0.01, ""risk"": 12.0, ""time_min"": 0.35, ""toll_inr"": 0.01}",CST_48011250D4FB,SCN_BASELINE,g1,False,961,train,20260903,v0.1,hash_bucket
INS_D874EE8C0D95,7e1d806a27ab57b1,CIRCULAR_VRP,large,LOC_D24D73F16033,Meerut,UP,59,25,TRK_017DA12B162E|TRK_A997FC00E0CF|TRK_8C037A0ADC54|TRK_EEB1DE456EE4|TRK_BCC966E673C0|TRK_B6CE07A71D80|TRK_5564246F7906|TRK_5136065E98CA|TRK_E260AFDFB21B|TRK_E9C76BCDE1E1|TRK_FB045E9F7F61|TRK_B7FB75BB3E0A|TRK_4A05F6B9B509|TRK_1C8C798F44C5|TRK_8DC7FD5FF93A|TRK_7A91F5198B53|TRK_BEE1B756CA92|TRK_0331FB7CD37E|TRK_EEA8DB00B33D|TRK_3A519CFB8F0F|TRK_8C842CC0A407|TRK_1A09343A6FAC|TRK_3F175C42FEAA|TRK_2EC9632BD23F|TRK_EA0BF86B0239,24700.0,708400.0,848890.0,False,False,False,True,"{""circular_bonus"": -1.1, ""distance_km"": 1.0, ""empty_km"": 0.85, ""fuel_inr"": 0.01, ""risk"": 12.0, ""time_min"": 0.35, ""toll_inr"": 0.01}",CST_48011250D4FB,SCN_BASELINE,g1,False,3600,train,20260903,v0.1,hash_bucket
INS_CBB739FC0373,d44095ffa29e500c,CIRCULAR_VRP,small,LOC_9F3A877025DA,Shahjahanpur,UP,14,3,TRK_017DA12B162E|TRK_A997FC00E0CF|TRK_8C037A0ADC54,31430.0,94920.0,42370.0,True,True,False,True,"{""circular_bonus"": -1.1, ""distance_km"": 1.0, ""empty_km"": 0.85, ""fuel_inr"": 0.01, ""risk"": 12.0, ""time_min"": 0.35, ""toll_inr"": 0.01}",CST_48011250D4FB,SCN_BASELINE,g1,False,225,train,20260903,v0.1,hash_bucket
INS_1E77636B1614,3a96202c0f458418,VRPTW,small,LOC_11A4C40B0A4F,Yamunanagar,HR,8,6,TRK_FB045E9F7F61|TRK_AE0F77F9CECE|TRK_B0DF2497C19C|TRK_14D982C0383D|TRK_B84D3F394315|TRK_CABB0843638E,1990.0,57900.0,53190.0,True,True,False,False,"{""circular_bonus"": -1.1, ""distance_km"": 1.0, ""empty_km"": 0.85, ""fuel_inr"": 0.01, ""risk"": 12.0, ""time_min"": 0.35, ""toll_inr"": 0.01}",CST_48011250D4FB,SCN_BASELINE,g1,False,81,train,20260903,v0.1,hash_bucket
INS_F8DFF8567DBE,5957c0f4d0c5815d,CIRCULAR_VRP,small,LOC_4A5F46E3AFB5,Sitapur,UP,9,4,TRK_017DA12B162E|TRK_A997FC00E0CF|TRK_8C037A0ADC54|TRK_EEB1DE456EE4,31250.0,126170.0,84025.0,True,False,False,True,"{""circular_bonus"": -1.1, ""distance_km"": 1.0, ""empty_km"": 0.85, ""fuel_inr"": 0.01, ""risk"": 12.0, ""time_min"": 0.35, ""toll_inr"": 0.01}",CST_48011250D4FB,SCN_BASELINE,g1,False,100,train,20260903,v0.1,hash_bucket
INS_ABC97FD4987C,2f742af2f434092e,PDP,small,LOC_45C74FBD7B6F,Mansa,PB,12,5,TRK_017DA12B162E|TRK_A997FC00E0CF|TRK_8C037A0ADC54|TRK_EEB1DE456EE4|TRK_BCC966E673C0,30750.0,156920.0,119850.0,True,True,True,False,"{""circular_bonus"": -1.1, ""distance_km"": 1.0, ""empty_km"": 0.85, ""fuel_inr"": 0.01, ""risk"": 12.0, ""time_min"": 0.35, ""toll_inr"": 0.01}",CST_48011250D4FB,SCN_BASELINE,g1,False,169,train,20260903,v0.1,hash_bucket
INS_35BB3F640E2E,c674a754d9eba62b,PDP,medium,LOC_D24D73F16033,Meerut,UP,19,9,TRK_017DA12B162E|TRK_A997FC00E0CF|TRK_8C037A0ADC54|TRK_EEB1DE456EE4|TRK_BCC966E673C0|TRK_B6CE07A71D80|TRK_5564246F7906|TRK_5136065E98CA|TRK_E260AFDFB21B,29400.0,277210.0,231290.0,True,True,True,True,"{""circular_bonus"": -1.1, ""distance_km"": 1.0, ""empty_km"": 0.85, ""fuel_inr"": 0.01, ""risk"": 12.0, ""time_min"": 0.35, ""toll_inr"": 0.01}",CST_48011250D4FB,SCN_BASELINE,g1,False,400,validation,20260903,v0.1,hash_bucket
INS_662248DAEDF6,abe61c90ba125c14,PDP,small,LOC_CF209A6CE403,Hapur,UP,12,6,TRK_017DA12B162E|TRK_A997FC00E0CF|TRK_8C037A0ADC54|TRK_EEB1DE456EE4|TRK_BCC966E673C0|TRK_B6CE07A71D80,30590.0,187510.0,130095.0,True,True,True,True,"{""circular_bonus"": -1.1, ""distance_km"": 1.0, ""empty_km"": 0.85, ""fuel_inr"": 0.01, ""risk"": 12.0, ""time_min"": 0.35, ""toll_inr"": 0.01}",CST_48011250D4FB,SCN_BASELINE,g1,False,169,test,20260903,v0.1,hash_bucket
INS_3563A74AA642,d0cf737d15b1e3e9,VRPTW,small,LOC_63A998834201,North East Delhi,DL,9,7,TRK_017DA12B162E|TRK_A997FC00E0CF|TRK_8C037A0ADC54|TRK_EEB1DE456EE4|TRK_BCC966E673C0|TRK_B6CE07A71D80|TRK_5564246F7906,30530.0,218040.0,172280.0,True,True,False,False,"{""circular_bonus"": -1.1, ""distance_km"": 1.0, ""empty_km"": 0.85, ""fuel_inr"": 0.01, ""risk"": 12.0, ""time_min"": 0.35, ""toll_inr"": 0.01}",CST_48011250D4FB,SCN_BASELINE,g1,False,100,train,20260903,v0.1,hash_bucket
INS_1A525B5BE468,0c951c764f8534d6,PDP,large,LOC_B26DA7992E56,Prayagraj,UP,48,17,TRK_017DA12B162E|TRK_A997FC00E0CF|TRK_8C037A0ADC54|TRK_EEB1DE456EE4|TRK_BCC966E673C0|TRK_B6CE07A71D80|TRK_5564246F7906|TRK_5136065E98CA|TRK_E260AFDFB21B|TRK_E9C76BCDE1E1|TRK_FB045E9F7F61|TRK_B7FB75BB3E0A|TRK_4A05F6B9B509|TRK_1C8C798F44C5|TRK_8DC7FD5FF93A|TRK_7A91F5198B53|TRK_BEE1B756CA92,27170.0,502510.0,448740.0,True,True,True,True,"{""circular_bonus"": -1.1, ""distance_km"": 1.0, ""empty_km"": 0.85, ""fuel_inr"": 0.01, ""risk"": 12.0, ""time_min"": 0.35, ""toll_inr"": 0.01}",CST_48011250D4FB,SCN_BASELINE,g1,False,2401,validation,20260903,v0.1,hash_bucket
INS_80A3C430C9E9,3d5ea95106e81144,CVRP,medium,LOC_C90487F88BAC,Muktsar,PB,17,4,TRK_017DA12B162E|TRK_A997FC00E0CF|TRK_8C037A0ADC54|TRK_EEB1DE456EE4,31250.0,126170.0,93840.0,True,False,False,False,"{""circular_bonus"": -1.1, ""distance_km"": 1.0, ""empty_km"": 0.85, ""fuel_inr"": 0.01, ""risk"": 12.0, ""time_min"": 0.35, ""toll_inr"": 0.01}",CST_48011250D4FB,SCN_BASELINE,g1,False,324,train,20260903,v0.1,hash_bucket
INS_AFD5F034D4A8,90f6bbeea9e916cd,CIRCULAR_VRP,medium,LOC_D8FB48D6F894,Fatehabad,HR,16,4,TRK_017DA12B162E|TRK_A997FC00E0CF|TRK_8C037A0ADC54|TRK_EEB1DE456EE4,31250.0,126170.0,73470.0,True,False,False,True,"{""circular_bonus"": -1.1, ""distance_km"": 1.0, ""empty_km"": 0.85, ""fuel_inr"": 0.01, ""risk"": 12.0, ""time_min"": 0.35, ""toll_inr"": 0.01}",CST_48011250D4FB,SCN_BASELINE,g1,False,289,train,20260903,v0.1,hash_bucket
INS_CCD31FD384AD,dc4f2041c8e64d04,CIRCULAR_VRP,small,LOC_B0D713DFA81B,Ferozepur,PB,10,7,TRK_017DA12B162E|TRK_A997FC00E0CF|TRK_8C037A0ADC54|TRK_EEB1DE456EE4|TRK_BCC966E673C0|TRK_B6CE07A71D80|TRK_5564246F7906,30530.0,218040.0,183290.0,True,True,False,True,"{""circular_bonus"": -1.1, ""distance_km"": 1.0, ""empty_km"": 0.85, ""fuel_inr"": 0.01, ""risk"": 12.0, ""time_min"": 0.35, ""toll_inr"": 0.01}",CST_48011250D4FB,SCN_BASELINE,g1,False,121,validation,20260903,v0.1,hash_bucket
INS_BD1BC7523037,052c0f62a87abf93,VRPTW,small,LOC_F86E62177015,Muzaffarnagar,UP,10,3,TRK_017DA12B162E|TRK_A997FC00E0CF|TRK_8C037A0ADC54,31430.0,94920.0,54960.0,True,True,False,False,"{""circular_bonus"": -1.1, ""distance_km"": 1.0, ""empty_km"": 0.85, ""fuel_inr"": 0.01, ""risk"": 12.0, ""time_min"": 0.35, ""toll_inr"": 0.01}",CST_48011250D4FB,SCN_BASELINE,g1,False,121,train,20260903,v0.1,hash_bucket
INS_BBB4C8764E10,9fa27138c7fd0024,VRPTW,small,LOC_1FB47BF8FFEB,Bulandshahr,UP,8,4,TRK_FC4EFBC1E225|TRK_4927520C533F|TRK_D5A8DC42C947|TRK_49EE98E2F33C,9820.0,51750.0,41340.0,True,True,False,False,"{""circular_bonus"": -1.1, ""distance_km"": 1.0, ""empty_km"": 0.85, ""fuel_inr"": 0.01, ""risk"": 12.0, ""time_min"": 0.35, ""toll_inr"": 0.01}",CST_48011250D4FB,SCN_BASELINE,g1,False,81,test,20260903,v0.1,holdout_district
INS_746623BBA699,009f7c28d1bde571,PDP,small,LOC_E9EE964E8CFE,South Delhi,DL,8,9,TRK_017DA12B162E|TRK_A997FC00E0CF|TRK_8C037A0ADC54|TRK_EEB1DE456EE4|TRK_BCC966E673C0|TRK_B6CE07A71D80|TRK_5564246F7906|TRK_5136065E98CA|TRK_E260AFDFB21B,29400.0,277210.0,240000.0,True,True,True,False,"{""circular_bonus"": -1.1, ""distance_km"": 1.0, ""empty_km"": 0.85, ""fuel_inr"": 0.01, ""risk"": 12.0, ""time_min"": 0.35, ""toll_inr"": 0.01}",CST_48011250D4FB,SCN_BASELINE,g1,False,81,train,20260903,v0.1,hash_bucket
INS_53BDD686E4DA,affdbe190e8120e5,VRPTW,medium,LOC_B01B9CC74597,Saharanpur,UP,24,3,TRK_017DA12B162E|TRK_A997FC00E0CF|TRK_8C037A0ADC54,31430.0,94920.0,61700.0,True,True,False,False,"{""circular_bonus"": -1.1, ""distance_km"": 1.0, ""empty_km"": 0.85, ""fuel_inr"": 0.01, ""risk"": 12.0, ""time_min"": 0.35, ""toll_inr"": 0.01}",CST_48011250D4FB,SCN_BASELINE,g1,False,625,train,20260903,v0.1,hash_bucket
INS_7BBB687B8A84,61036678e8888d51,PDP,small,LOC_3B372919B752,Karnal,HR,11,3,TRK_017DA12B162E|TRK_A997FC00E0CF|TRK_8C037A0ADC54,31430.0,94920.0,44980.0,True,True,True,False,"{""circular_bonus"": -1.1, ""distance_km"": 1.0, ""empty_km"": 0.85, ""fuel_inr"": 0.01, ""risk"": 12.0, ""time_min"": 0.35, ""toll_inr"": 0.01}",CST_48011250D4FB,SCN_BASELINE,g1,False,144,test,20260903,v0.1,holdout_district
INS_462203D6B45F,52a6c1913b42ebc0,CVRP,medium,LOC_11A4C40B0A4F,Yamunanagar,HR,15,8,TRK_017DA12B162E|TRK_A997FC00E0CF|TRK_8C037A0ADC54|TRK_EEB1DE456EE4|TRK_BCC966E673C0|TRK_B6CE07A71D80|TRK_5564246F7906|TRK_5136065E98CA,29770.0,247810.0,214880.0,True,False,False,False,"{""circular_bonus"": -1.1, ""distance_km"": 1.0, ""empty_km"": 0.85, ""fuel_inr"": 0.01, ""risk"": 12.0, ""time_min"": 0.35, ""toll_inr"": 0.01}",CST_48011250D4FB,SCN_BASELINE,g1,False,256,train,20260903,v0.1,hash_bucket
INS_A30D14FADAFE,cab508d0c56865aa,CIRCULAR_VRP,medium,LOC_AB3DB4CE53FF,Gurdaspur,PB,20,6,TRK_017DA12B162E|TRK_A997FC00E0CF|TRK_8C037A0ADC54|TRK_EEB1DE456EE4|TRK_BCC966E673C0|TRK_B6CE07A71D80,30590.0,187510.0,154460.0,True,True,False,True,"{""circular_bonus"": -1.1, ""distance_km"": 1.0, ""empty_km"": 0.85, ""fuel_inr"": 0.01, ""risk"": 12.0, ""time_min"": 0.35, ""toll_inr"": 0.01}",CST_48011250D4FB,SCN_BASELINE,g1,False,441,train,20260903,v0.1,hash_bucket
INS_D38C8EB83981,457d31f66fbcc263,CVRP,small,LOC_8E5593D8E476,Rupnagar,PB,11,6,TRK_017DA12B162E|TRK_A997FC00E0CF|TRK_8C037A0ADC54|TRK_EEB1DE456EE4|TRK_BCC966E673C0|TRK_B6CE07A71D80,30590.0,187510.0,144830.0,True,False,False,False,"{""circular_bonus"": -1.1, ""distance_km"": 1.0, ""empty_km"": 0.85, ""fuel_inr"": 0.01, ""risk"": 12.0, ""time_min"": 0.35, ""toll_inr"": 0.01}",CST_48011250D4FB,SCN_BASELINE,g1,False,144,train,20260903,v0.1,hash_bucket
INS_B41F933A40FA,f66629910dc12cd1,CVRP,small,LOC_B890897F9CCC,Kapurthala,PB,13,5,TRK_017DA12B162E|TRK_A997FC00E0CF|TRK_8C037A0ADC54|TRK_EEB1DE456EE4|TRK_BCC966E673C0,30750.0,156920.0,108790.0,True,False,False,False,"{""circular_bonus"": -1.1, ""distance_km"": 1.0, ""empty_km"": 0.85, ""fuel_inr"": 0.01, ""risk"": 12.0, ""time_min"": 0.35, ""toll_inr"": 0.01}",CST_48011250D4FB,SCN_BASELINE,g1,False,196,train,20260903,v0.1,hash_bucket
INS_FA8282932659,542f1c6c3a79e1c7,PDP,small,LOC_FF96333A5510,North West Delhi,DL,9,9,TRK_017DA12B162E|TRK_A997FC00E0CF|TRK_8C037A0ADC54|TRK_EEB1DE456EE4|TRK_BCC966E673C0|TRK_B6CE07A71D80|TRK_5564246F7906|TRK_5136065E98CA|TRK_E260AFDFB21B,29400.0,277210.0,245240.0,True,True,True,True,"{""circular_bonus"": -1.1, ""distance_km"": 1.0, ""empty_km"": 0.85, ""fuel_inr"": 0.01, ""risk"": 12.0, ""time_min"": 0.35, ""toll_inr"": 0.01}",CST_48011250D4FB,SCN_BASELINE,g1,False,100,train,20260903,v0.1,hash_bucket
INS_68158AC9D91A,d21268eac816a097,CIRCULAR_VRP,medium,LOC_6B9FA168B682,Firozabad,UP,28,15,TRK_017DA12B162E|TRK_A997FC00E0CF|TRK_8C037A0ADC54|TRK_EEB1DE456EE4|TRK_BCC966E673C0|TRK_B6CE07A71D80|TRK_5564246F7906|TRK_5136065E98CA|TRK_E260AFDFB21B|TRK_E9C76BCDE1E1|TRK_FB045E9F7F61|TRK_B7FB75BB3E0A|TRK_4A05F6B9B509|TRK_1C8C798F44C5|TRK_8DC7FD5FF93A,27710.0,448170.0,404955.0,True,False,False,True,"{""circular_bonus"": -1.1, ""distance_km"": 1.0, ""empty_km"": 0.85, ""fuel_inr"": 0.01, ""risk"": 12.0, ""time_min"": 0.35, ""toll_inr"": 0.01}",CST_48011250D4FB,SCN_BASELINE,g1,False,841,train,20260903,v0.1,hash_bucket
INS_229163CF55C2,192ac353aae708fc,PDP,small,LOC_2ADFB4EFDB06,Kaithal,HR,12,4,TRK_017DA12B162E|TRK_A997FC00E0CF|TRK_8C037A0ADC54|TRK_EEB1DE456EE4,31250.0,126170.0,72775.0,True,False,True,False,"{""circular_bonus"": -1.1, ""distance_km"": 1.0, ""empty_km"": 0.85, ""fuel_inr"": 0.01, ""risk"": 12.0, ""time_min"": 0.35, ""toll_inr"": 0.01}",CST_48011250D4FB,SCN_BASELINE,g1,False,169,test,20260903,v0.1,hash_bucket
INS_459D2B951F66,9f662c5d4f16d8d0,CIRCULAR_VRP,small,LOC_E7B504BE8FE9,Patiala,PB,14,6,TRK_017DA12B162E|TRK_A997FC00E0CF|TRK_8C037A0ADC54|TRK_EEB1DE456EE4|TRK_BCC966E673C0|TRK_B6CE07A71D80,30590.0,187510.0,148620.0,True,False,False,True,"{""circular_bonus"": -1.1, ""distance_km"": 1.0, ""empty_km"": 0.85, ""fuel_inr"": 0.01, ""risk"": 12.0, ""time_min"": 0.35, ""toll_inr"": 0.01}",CST_48011250D4FB,SCN_BASELINE,g1,False,225,train,20260903,v0.1,hash_bucket
INS_811A1D56AD0F,f8cfa34bfd374b75,PDP,medium,LOC_0D7AAF851D69,Tarn Taran,PB,27,10,TRK_017DA12B162E|TRK_A997FC00E0CF|TRK_8C037A0ADC54|TRK_EEB1DE456EE4|TRK_BCC966E673C0|TRK_B6CE07A71D80|TRK_5564246F7906|TRK_5136065E98CA|TRK_E260AFDFB21B|TRK_E9C76BCDE1E1,28950.0,306160.0,273820.0,True,False,True,False,"{""circular_bonus"": -1.1, ""distance_km"": 1.0, ""empty_km"": 0.85, ""fuel_inr"": 0.01, ""risk"": 12.0, ""time_min"": 0.35, ""toll_inr"": 0.01}",CST_48011250D4FB,SCN_BASELINE,g1,False,784,train,20260903,v0.1,hash_bucket
INS_3367DD1CD0DA,3470241b5e93982e,PDP,medium,LOC_D8FB48D6F894,Fatehabad,HR,19,4,TRK_017DA12B162E|TRK_A997FC00E0CF|TRK_8C037A0ADC54|TRK_EEB1DE456EE4,31250.0,126170.0,74575.0,True,True,True,False,"{""circular_bonus"": -1.1, ""distance_km"": 1.0, ""empty_km"": 0.85, ""fuel_inr"": 0.01, ""risk"": 12.0, ""time_min"": 0.35, ""toll_inr"": 0.01}",CST_48011250D4FB,SCN_BASELINE,g1,False,400,train,20260903,v0.1,hash_bucket
INS_1687514EE064,a179de654a7d7898,CVRP,medium,LOC_5AA457C919DB,Ludhiana,PB,28,9,TRK_017DA12B162E|TRK_A997FC00E0CF|TRK_8C037A0ADC54|TRK_EEB1DE456EE4|TRK_BCC966E673C0|TRK_B6CE07A71D80|TRK_5564246F7906|TRK_5136065E98CA|TRK_E260AFDFB21B,29400.0,277210.0,231235.0,True,False,False,False,"{""circular_bonus"": -1.1, ""distance_km"": 1.0, ""empty_km"": 0.85, ""fuel_inr"": 0.01, ""risk"": 12.0, ""time_min"": 0.35, ""toll_inr"": 0.01}",CST_48011250D4FB,SCN_BASELINE,g1,False,841,train,20260903,v0.1,hash_bucket
INS_5AFBB95CCDB9,ee03b3a491b8d4ca,PDP,medium,LOC_6C7E235EC96D,Nawanshahr,PB,15,5,TRK_017DA12B162E|TRK_A997FC00E0CF|TRK_8C037A0ADC54|TRK_EEB1DE456EE4|TRK_BCC966E673C0,30750.0,156920.0,104845.0,True,False,True,False,"{""circular_bonus"": -1.1, ""distance_km"": 1.0, ""empty_km"": 0.85, ""fuel_inr"": 0.01, ""risk"": 12.0, ""time_min"": 0.35, ""toll_inr"": 0.01}",CST_48011250D4FB,SCN_BASELINE,g1,False,256,train,20260903,v0.1,hash_bucket
INS_16D74111478E,46f114379033633a,PDP,large,LOC_487C12AA952A,Jind,HR,53,18,TRK_017DA12B162E|TRK_A997FC00E0CF|TRK_8C037A0ADC54|TRK_EEB1DE456EE4|TRK_BCC966E673C0|TRK_B6CE07A71D80|TRK_5564246F7906|TRK_5136065E98CA|TRK_E260AFDFB21B|TRK_E9C76BCDE1E1|TRK_FB045E9F7F61|TRK_B7FB75BB3E0A|TRK_4A05F6B9B509|TRK_1C8C798F44C5|TRK_8DC7FD5FF93A|TRK_7A91F5198B53|TRK_BEE1B756CA92|TRK_0331FB7CD37E,26610.0,529120.0,496310.0,True,False,True,False,"{""circular_bonus"": -1.1, ""distance_km"": 1.0, ""empty_km"": 0.85, ""fuel_inr"": 0.01, ""risk"": 12.0, ""time_min"": 0.35, ""toll_inr"": 0.01}",CST_48011250D4FB,SCN_BASELINE,g1,False,2916,train,20260903,v0.1,hash_bucket
INS_4412D32E1FF8,685fb193acf437b5,PDP,small,LOC_0F3D188854D6,Amroha,UP,11,3,TRK_017DA12B162E|TRK_A997FC00E0CF|TRK_8C037A0ADC54,31430.0,94920.0,45950.0,True,True,True,False,"{""circular_bonus"": -1.1, ""distance_km"": 1.0, ""empty_km"": 0.85, ""fuel_inr"": 0.01, ""risk"": 12.0, ""time_min"": 0.35, ""toll_inr"": 0.01}",CST_48011250D4FB,SCN_BASELINE,g1,False,144,train,20260903,v0.1,hash_bucket
INS_E5FE98D89346,b09b24585a26f581,PDP,small,LOC_796345940EEC,Budaun,UP,14,4,TRK_017DA12B162E|TRK_A997FC00E0CF|TRK_8C037A0ADC54|TRK_EEB1DE456EE4,31250.0,126170.0,91220.0,True,True,True,False,"{""circular_bonus"": -1.1, ""distance_km"": 1.0, ""empty_km"": 0.85, ""fuel_inr"": 0.01, ""risk"": 12.0, ""time_min"": 0.35, ""toll_inr"": 0.01}",CST_48011250D4FB,SCN_BASELINE,g1,False,225,train,20260903,v0.1,hash_bucket
INS_453AB80A936D,34ad04bb05d27ce5,PDP,large,LOC_487C12AA952A,Jind,HR,32,10,TRK_017DA12B162E|TRK_A997FC00E0CF|TRK_8C037A0ADC54|TRK_EEB1DE456EE4|TRK_BCC966E673C0|TRK_B6CE07A71D80|TRK_5564246F7906|TRK_5136065E98CA|TRK_E260AFDFB21B|TRK_E9C76BCDE1E1,28950.0,306160.0,262990.0,True,True,True,False,"{""circular_bonus"": -1.1, ""distance_km"": 1.0, ""empty_km"": 0.85, ""fuel_inr"": 0.01, ""risk"": 12.0, ""time_min"": 0.35, ""toll_inr"": 0.01}",CST_48011250D4FB,SCN_BASELINE,g1,False,1089,test,20260903,v0.1,hash_bucket
INS_B43DD909538E,c717bafa73d2ed5b,CIRCULAR_VRP,small,LOC_B0D713DFA81B,Ferozepur,PB,14,4,TRK_017DA12B162E|TRK_A997FC00E0CF|TRK_8C037A0ADC54|TRK_EEB1DE456EE4,31250.0,126170.0,87830.0,True,True,False,True,"{""circular_bonus"": -1.1, ""distance_km"": 1.0, ""empty_km"": 0.85, ""fuel_inr"": 0.01, ""risk"": 12.0, ""time_min"": 0.35, ""toll_inr"": 0.01}",CST_48011250D4FB,SCN_BASELINE,g1,False,225,train,20260903,v0.1,hash_bucket
INS_F65358643987,be60fdee148a9baf,VRPTW,large,LOC_B39E76DCD93F,Nuh,HR,42,14,TRK_017DA12B162E|TRK_A997FC00E0CF|TRK_8C037A0ADC54|TRK_EEB1DE456EE4|TRK_BCC966E673C0|TRK_B6CE07A71D80|TRK_5564246F7906|TRK_5136065E98CA|TRK_E260AFDFB21B|TRK_E9C76BCDE1E1|TRK_FB045E9F7F61|TRK_B7FB75BB3E0A|TRK_4A05F6B9B509|TRK_1C8C798F44C5,27990.0,420460.0,364430.0,True,True,False,False,"{""circular_bonus"": -1.1, ""distance_km"": 1.0, ""empty_km"": 0.85, ""fuel_inr"": 0.01, ""risk"": 12.0, ""time_min"": 0.35, ""toll_inr"": 0.01}",CST_48011250D4FB,SCN_BASELINE,g1,False,1849,test,20260903,v0.1,hash_bucket
INS_72B96D9469EA,3051f855d0919b34,VRPTW,medium,LOC_0D7AAF851D69,Tarn Taran,PB,18,4,TRK_017DA12B162E|TRK_A997FC00E0CF|TRK_8C037A0ADC54|TRK_EEB1DE456EE4,31250.0,126170.0,92740.0,True,True,False,False,"{""circular_bonus"": -1.1, ""distance_km"": 1.0, ""empty_km"": 0.85, ""fuel_inr"": 0.01, ""risk"": 12.0, ""time_min"": 0.35, ""toll_inr"": 0.01}",CST_48011250D4FB,SCN_BASELINE,g1,False,361,train,20260903,v0.1,hash_bucket
INS_7856BB1CA471,fddc47771bdff4bb,PDP,small,LOC_21F591BF08EC,West Delhi,DL,4,8,TRK_D5734C94CA97|TRK_0DB792D95BC8|TRK_CE161697CB0F|TRK_B4E942FB3E8F|TRK_547C0929AFCE|TRK_3D378E8843DC|TRK_57C748EE92F0|TRK_38CCD92D5770,6550.0,95530.0,83560.0,True,True,True,True,"{""circular_bonus"": -1.1, ""distance_km"": 1.0, ""empty_km"": 0.85, ""fuel_inr"": 0.01, ""risk"": 12.0, ""time_min"": 0.35, ""toll_inr"": 0.01}",CST_48011250D4FB,SCN_BASELINE,g1,False,25,train,20260903,v0.1,hash_bucket
INS_CE230659B85D,38d38f5708bf4652,PDP,small,LOC_E96863625035,Shahdara,DL,8,9,TRK_017DA12B162E|TRK_A997FC00E0CF|TRK_8C037A0ADC54|TRK_EEB1DE456EE4|TRK_BCC966E673C0|TRK_B6CE07A71D80|TRK_5564246F7906|TRK_5136065E98CA|TRK_E260AFDFB21B,29400.0,277210.0,240000.0,True,False,True,True,"{""circular_bonus"": -1.1, ""distance_km"": 1.0, ""empty_km"": 0.85, ""fuel_inr"": 0.01, ""risk"": 12.0, ""time_min"": 0.35, ""toll_inr"": 0.01}",CST_48011250D4FB,SCN_BASELINE,g1,False,81,validation,20260903,v0.1,hash_bucket
INS_CEBB5DD04EC3,19d74d81be8ac384,VRPTW,small,LOC_8EAD4661AFB9,Jhajjar,HR,11,5,TRK_2A2A3F44FD68|TRK_DF02CF5283B1|TRK_6F9F028D03FA|TRK_16E5A4F3E8DF|TRK_536C1B2DE910,6340.0,52980.0,45210.0,True,True,False,False,"{""circular_bonus"": -1.1, ""distance_km"": 1.0, ""empty_km"": 0.85, ""fuel_inr"": 0.01, ""risk"": 12.0, ""time_min"": 0.35, ""toll_inr"": 0.01}",CST_48011250D4FB,SCN_BASELINE,g1,False,144,train,20260903,v0.1,hash_bucket
INS_F9EA9DD990BE,7bf77cd7da4237b3,PDP,small,LOC_BF1D141289ED,Hoshiarpur,PB,9,4,TRK_017DA12B162E|TRK_A997FC00E0CF|TRK_8C037A0ADC54|TRK_EEB1DE456EE4,31250.0,126170.0,89540.0,True,True,True,False,"{""circular_bonus"": -1.1, ""distance_km"": 1.0, ""empty_km"": 0.85, ""fuel_inr"": 0.01, ""risk"": 12.0, ""time_min"": 0.35, ""toll_inr"": 0.01}",CST_48011250D4FB,SCN_BASELINE,g1,False,100,train,20260903,v0.1,hash_bucket
INS_816950B82920,9854c85b00db4556,CVRP,large,LOC_AB3DB4CE53FF,Gurdaspur,PB,54,16,TRK_017DA12B162E|TRK_A997FC00E0CF|TRK_8C037A0ADC54|TRK_EEB1DE456EE4|TRK_BCC966E673C0|TRK_B6CE07A71D80|TRK_5564246F7906|TRK_5136065E98CA|TRK_E260AFDFB21B|TRK_E9C76BCDE1E1|TRK_FB045E9F7F61|TRK_B7FB75BB3E0A|TRK_4A05F6B9B509|TRK_1C8C798F44C5|TRK_8DC7FD5FF93A|TRK_7A91F5198B53,27170.0,475340.0,437555.0,True,False,False,False,"{""circular_bonus"": -1.1, ""distance_km"": 1.0, ""empty_km"": 0.85, ""fuel_inr"": 0.01, ""risk"": 12.0, ""time_min"": 0.35, ""toll_inr"": 0.01}",CST_48011250D4FB,SCN_BASELINE,g1,False,3025,train,20260903,v0.1,hash_bucket
INS_9D079F787575,615a6167c96d73ee,CIRCULAR_VRP,small,LOC_3B372919B752,Karnal,HR,8,3,TRK_017DA12B162E|TRK_A997FC00E0CF|TRK_8C037A0ADC54,31430.0,94920.0,47130.0,True,True,False,True,"{""circular_bonus"": -1.1, ""distance_km"": 1.0, ""empty_km"": 0.85, ""fuel_inr"": 0.01, ""risk"": 12.0, ""time_min"": 0.35, ""toll_inr"": 0.01}",CST_48011250D4FB,SCN_BASELINE,g1,False,81,test,20260903,v0.1,holdout_district
INS_A1F602B45031,e03bf28e4f07e02c,CIRCULAR_VRP,small,LOC_0B27B307A77E,Panipat,HR,8,4,TRK_8C842CC0A407|TRK_644943417ABA|TRK_3DD0E9D4177C|TRK_529B47FB0E0C,16060.0,83430.0,53180.0,True,True,False,True,"{""circular_bonus"": -1.1, ""distance_km"": 1.0, ""empty_km"": 0.85, ""fuel_inr"": 0.01, ""risk"": 12.0, ""time_min"": 0.35, ""toll_inr"": 0.01}",CST_48011250D4FB,SCN_BASELINE,g1,False,81,validation,20260903,v0.1,hash_bucket
INS_2C7D9800FDBD,71503957c5be8233,CIRCULAR_VRP,large,LOC_5D316714188F,Faridabad,HR,43,25,TRK_017DA12B162E|TRK_A997FC00E0CF|TRK_8C037A0ADC54|TRK_EEB1DE456EE4|TRK_BCC966E673C0|TRK_B6CE07A71D80|TRK_5564246F7906|TRK_5136065E98CA|TRK_E260AFDFB21B|TRK_E9C76BCDE1E1|TRK_FB045E9F7F61|TRK_B7FB75BB3E0A|TRK_4A05F6B9B509|TRK_1C8C798F44C5|TRK_8DC7FD5FF93A|TRK_7A91F5198B53|TRK_BEE1B756CA92|TRK_0331FB7CD37E|TRK_EEA8DB00B33D|TRK_3A519CFB8F0F|TRK_8C842CC0A407|TRK_1A09343A6FAC|TRK_3F175C42FEAA|TRK_2EC9632BD23F|TRK_EA0BF86B0239,24700.0,708400.0,702170.0,True,False,False,True,"{""circular_bonus"": -1.1, ""distance_km"": 1.0, ""empty_km"": 0.85, ""fuel_inr"": 0.01, ""risk"": 12.0, ""time_min"": 0.35, ""toll_inr"": 0.01}",CST_48011250D4FB,SCN_BASELINE,g1,False,1936,train,20260903,v0.1,hash_bucket
INS_F9988DEF1304,3ce85db3e681d990,PDP,small,LOC_796345940EEC,Budaun,UP,11,6,TRK_017DA12B162E|TRK_A997FC00E0CF|TRK_8C037A0ADC54|TRK_EEB1DE456EE4|TRK_BCC966E673C0|TRK_B6CE07A71D80,30590.0,187510.0,144825.0,True,False,True,False,"{""circular_bonus"": -1.1, ""distance_km"": 1.0, ""empty_km"": 0.85, ""fuel_inr"": 0.01, ""risk"": 12.0, ""time_min"": 0.35, ""toll_inr"": 0.01}",CST_48011250D4FB,SCN_BASELINE,g1,False,144,train,20260903,v0.1,hash_bucket
INS_D87F2E1E8957,5500b3a79a853351,CIRCULAR_VRP,large,LOC_36B5B5F31C8D,Varanasi,UP,36,14,TRK_017DA12B162E|TRK_A997FC00E0CF|TRK_8C037A0ADC54|TRK_EEB1DE456EE4|TRK_BCC966E673C0|TRK_B6CE07A71D80|TRK_5564246F7906|TRK_5136065E98CA|TRK_E260AFDFB21B|TRK_E9C76BCDE1E1|TRK_FB045E9F7F61|TRK_B7FB75BB3E0A|TRK_4A05F6B9B509|TRK_1C8C798F44C5,27990.0,420460.0,377700.0,True,True,False,True,"{""circular_bonus"": -1.1, ""distance_km"": 1.0, ""empty_km"": 0.85, ""fuel_inr"": 0.01, ""risk"": 12.0, ""time_min"": 0.35, ""toll_inr"": 0.01}",CST_48011250D4FB,SCN_BASELINE,g1,False,1369,train,20260903,v0.1,hash_bucket
INS_268C2C42BAE4,0bfd85fb3cdf5476,PDP,medium,LOC_08E25919DCC7,Kanpur Dehat,UP,28,6,TRK_017DA12B162E|TRK_A997FC00E0CF|TRK_8C037A0ADC54|TRK_EEB1DE456EE4|TRK_BCC966E673C0|TRK_B6CE07A71D80,30590.0,187510.0,140330.0,True,False,True,False,"{""circular_bonus"": -1.1, ""distance_km"": 1.0, ""empty_km"": 0.85, ""fuel_inr"": 0.01, ""risk"": 12.0, ""time_min"": 0.35, ""toll_inr"": 0.01}",CST_48011250D4FB,SCN_BASELINE,g1,False,841,train,20260903,v0.1,hash_bucket
INS_5B87B35EA9E7,8ab7173b35e82fb5,PDP,small,LOC_91BA4A3395D5,Sirsa,HR,10,2,TRK_017DA12B162E|TRK_A997FC00E0CF,31510.0,63490.0,16090.0,True,False,True,False,"{""circular_bonus"": -1.1, ""distance_km"": 1.0, ""empty_km"": 0.85, ""fuel_inr"": 0.01, ""risk"": 12.0, ""time_min"": 0.35, ""toll_inr"": 0.01}",CST_48011250D4FB,SCN_BASELINE,g1,False,121,test,20260903,v0.1,hash_bucket
INS_07F479E9A75D,17150696238585f0,CIRCULAR_VRP,medium,LOC_D8FB48D6F894,Fatehabad,HR,24,6,TRK_017DA12B162E|TRK_A997FC00E0CF|TRK_8C037A0ADC54|TRK_EEB1DE456EE4|TRK_BCC966E673C0|TRK_B6CE07A71D80,30590.0,187510.0,129060.0,True,False,False,True,"{""circular_bonus"": -1.1, ""distance_km"": 1.0, ""empty_km"": 0.85, ""fuel_inr"": 0.01, ""risk"": 12.0, ""time_min"": 0.35, ""toll_inr"": 0.01}",CST_48011250D4FB,SCN_BASELINE,g1,False,625,train,20260903,v0.1,hash_bucket
INS_21EB057CE205,b01e999ad21dad43,CIRCULAR_VRP,small,LOC_EC1D3E4138DF,Amritsar,PB,11,5,TRK_017DA12B162E|TRK_A997FC00E0CF|TRK_8C037A0ADC54|TRK_EEB1DE456EE4|TRK_BCC966E673C0,30750.0,156920.0,109000.0,True,True,False,True,"{""circular_bonus"": -1.1, ""distance_km"": 1.0, ""empty_km"": 0.85, ""fuel_inr"": 0.01, ""risk"": 12.0, ""time_min"": 0.35, ""toll_inr"": 0.01}",CST_48011250D4FB,SCN_BASELINE,g1,False,144,train,20260903,v0.1,hash_bucket
INS_58891561739A,b8aef83e83696d56,VRPTW,small,LOC_6C7E235EC96D,Nawanshahr,PB,12,5,TRK_017DA12B162E|TRK_A997FC00E0CF|TRK_8C037A0ADC54|TRK_EEB1DE456EE4|TRK_BCC966E673C0,30750.0,156920.0,97040.0,True,True,False,False,"{""circular_bonus"": -1.1, ""distance_km"": 1.0, ""empty_km"": 0.85, ""fuel_inr"": 0.01, ""risk"": 12.0, ""time_min"": 0.35, ""toll_inr"": 0.01}",CST_48011250D4FB,SCN_BASELINE,g1,False,169,test,20260903,v0.1,hash_bucket
INS_6B4158611D66,d9feb81dc0af6a99,PDP,small,LOC_4E618897659A,Hathras,UP,10,4,TRK_017DA12B162E|TRK_A997FC00E0CF|TRK_8C037A0ADC54|TRK_EEB1DE456EE4,31250.0,126170.0,64890.0,True,True,True,False,"{""circular_bonus"": -1.1, ""distance_km"": 1.0, ""empty_km"": 0.85, ""fuel_inr"": 0.01, ""risk"": 12.0, ""time_min"": 0.35, ""toll_inr"": 0.01}",CST_48011250D4FB,SCN_BASELINE,g1,False,121,test,20260903,v0.1,hash_bucket
INS_FF07CEBD7673,8d5567dadfdce79a,CIRCULAR_VRP,medium,LOC_443EF0FB4E8C,Etawah,UP,25,8,TRK_017DA12B162E|TRK_A997FC00E0CF|TRK_8C037A0ADC54|TRK_EEB1DE456EE4|TRK_BCC966E673C0|TRK_B6CE07A71D80|TRK_5564246F7906|TRK_5136065E98CA,29770.0,247810.0,203110.0,True,True,False,True,"{""circular_bonus"": -1.1, ""distance_km"": 1.0, ""empty_km"": 0.85, ""fuel_inr"": 0.01, ""risk"": 12.0, ""time_min"": 0.35, ""toll_inr"": 0.01}",CST_48011250D4FB,SCN_BASELINE,g1,False,676,validation,20260903,v0.1,hash_bucket
INS_961B38B4F42D,9405791b5602f4d5,CVRP,small,LOC_B6370F731EEC,Lucknow,UP,14,9,TRK_017DA12B162E|TRK_A997FC00E0CF|TRK_8C037A0ADC54|TRK_EEB1DE456EE4|TRK_BCC966E673C0|TRK_B6CE07A71D80|TRK_5564246F7906|TRK_5136065E98CA|TRK_E260AFDFB21B,29400.0,277210.0,222980.0,True,False,False,False,"{""circular_bonus"": -1.1, ""distance_km"": 1.0, ""empty_km"": 0.85, ""fuel_inr"": 0.01, ""risk"": 12.0, ""time_min"": 0.35, ""toll_inr"": 0.01}",CST_48011250D4FB,SCN_BASELINE,g1,False,225,train,20260903,v0.1,hash_bucket
INS_E4664ED5373C,1114ac9399536ad7,CIRCULAR_VRP,small,LOC_27273A6A3299,Shamli,UP,12,3,TRK_017DA12B162E|TRK_A997FC00E0CF|TRK_8C037A0ADC54,31430.0,94920.0,62510.0,True,True,False,True,"{""circular_bonus"": -1.1, ""distance_km"": 1.0, ""empty_km"": 0.85, ""fuel_inr"": 0.01, ""risk"": 12.0, ""time_min"": 0.35, ""toll_inr"": 0.01}",CST_48011250D4FB,SCN_BASELINE,g1,False,169,validation,20260903,v0.1,hash_bucket
INS_DC3D13395405,6995805fd64d53ac,CIRCULAR_VRP,large,LOC_2275B2D35F85,Palwal,HR,51,12,TRK_017DA12B162E|TRK_A997FC00E0CF|TRK_8C037A0ADC54|TRK_EEB1DE456EE4|TRK_BCC966E673C0|TRK_B6CE07A71D80|TRK_5564246F7906|TRK_5136065E98CA|TRK_E260AFDFB21B|TRK_E9C76BCDE1E1|TRK_FB045E9F7F61|TRK_B7FB75BB3E0A,28840.0,363890.0,328530.0,True,True,False,True,"{""circular_bonus"": -1.1, ""distance_km"": 1.0, ""empty_km"": 0.85, ""fuel_inr"": 0.01, ""risk"": 12.0, ""time_min"": 0.35, ""toll_inr"": 0.01}",CST_48011250D4FB,SCN_BASELINE,g1,False,2704,train,20260903,v0.1,hash_bucket
INS_A01A3C7D814A,8276c3a5b16c887c,CVRP,large,LOC_D8FB48D6F894,Fatehabad,HR,38,6,TRK_017DA12B162E|TRK_A997FC00E0CF|TRK_8C037A0ADC54|TRK_EEB1DE456EE4|TRK_BCC966E673C0|TRK_B6CE07A71D80,30590.0,187510.0,131770.0,True,False,False,False,"{""circular_bonus"": -1.1, ""distance_km"": 1.0, ""empty_km"": 0.85, ""fuel_inr"": 0.01, ""risk"": 12.0, ""time_min"": 0.35, ""toll_inr"": 0.01}",CST_48011250D4FB,SCN_BASELINE,g1,False,1521,train,20260903,v0.1,hash_bucket
INS_C14494817EF2,1b9eae46bb9b1fb9,PDP,medium,LOC_2011BC2FE7BD,Fazilka,PB,15,5,TRK_017DA12B162E|TRK_A997FC00E0CF|TRK_8C037A0ADC54|TRK_EEB1DE456EE4|TRK_BCC966E673C0,30750.0,156920.0,113070.0,True,True,True,False,"{""circular_bonus"": -1.1, ""distance_km"": 1.0, ""empty_km"": 0.85, ""fuel_inr"": 0.01, ""risk"": 12.0, ""time_min"": 0.35, ""toll_inr"": 0.01}",CST_48011250D4FB,SCN_BASELINE,g1,False,256,validation,20260903,v0.1,hash_bucket
INS_3DCA91FD6A79,ed0733234dba6e69,PDP,small,LOC_6B9FA168B682,Firozabad,UP,14,5,TRK_017DA12B162E|TRK_A997FC00E0CF|TRK_8C037A0ADC54|TRK_EEB1DE456EE4|TRK_BCC966E673C0,30750.0,156920.0,99250.0,True,False,True,False,"{""circular_bonus"": -1.1, ""distance_km"": 1.0, ""empty_km"": 0.85, ""fuel_inr"": 0.01, ""risk"": 12.0, ""time_min"": 0.35, ""toll_inr"": 0.01}",CST_48011250D4FB,SCN_BASELINE,g1,False,225,train,20260903,v0.1,hash_bucket
INS_4830FA4DD86B,7e0b714847cba5cc,PDP,small,LOC_1FB47BF8FFEB,Bulandshahr,UP,10,5,TRK_FC4EFBC1E225|TRK_4927520C533F|TRK_D5A8DC42C947|TRK_49EE98E2F33C|TRK_15A4E86B7E18,9210.0,60960.0,45530.0,True,True,True,True,"{""circular_bonus"": -1.1, ""distance_km"": 1.0, ""empty_km"": 0.85, ""fuel_inr"": 0.01, ""risk"": 12.0, ""time_min"": 0.35, ""toll_inr"": 0.01}",CST_48011250D4FB,SCN_BASELINE,g1,False,121,test,20260903,v0.1,holdout_district
INS_CA8CC3DF2ABC,1b94d6c9838e0ca5,PDP,medium,LOC_AA53E75D54A9,Etah,UP,24,6,TRK_017DA12B162E|TRK_A997FC00E0CF|TRK_8C037A0ADC54|TRK_EEB1DE456EE4|TRK_BCC966E673C0|TRK_B6CE07A71D80,30590.0,187510.0,154520.0,True,True,True,True,"{""circular_bonus"": -1.1, ""distance_km"": 1.0, ""empty_km"": 0.85, ""fuel_inr"": 0.01, ""risk"": 12.0, ""time_min"": 0.35, ""toll_inr"": 0.01}",CST_48011250D4FB,SCN_BASELINE,g1,False,625,test,20260903,v0.1,hash_bucket
INS_A4800159203D,8c11f89d62c31723,VRPTW,small,LOC_BACB2642B5AD,Kurukshetra,HR,14,3,TRK_017DA12B162E|TRK_A997FC00E0CF|TRK_8C037A0ADC54,31430.0,94920.0,34450.0,True,True,False,False,"{""circular_bonus"": -1.1, ""distance_km"": 1.0, ""empty_km"": 0.85, ""fuel_inr"": 0.01, ""risk"": 12.0, ""time_min"": 0.35, ""toll_inr"": 0.01}",CST_48011250D4FB,SCN_BASELINE,g1,False,225,train,20260903,v0.1,hash_bucket
INS_CB0B6EA047F3,8d6bf591e949cbf1,VRPTW,small,LOC_165F0D721F3E,Jalandhar,PB,8,6,TRK_017DA12B162E|TRK_A997FC00E0CF|TRK_8C037A0ADC54|TRK_EEB1DE456EE4|TRK_BCC966E673C0|TRK_B6CE07A71D80,30590.0,187510.0,131220.0,True,True,False,False,"{""circular_bonus"": -1.1, ""distance_km"": 1.0, ""empty_km"": 0.85, ""fuel_inr"": 0.01, ""risk"": 12.0, ""time_min"": 0.35, ""toll_inr"": 0.01}",CST_48011250D4FB,SCN_BASELINE,g1,False,81,train,20260903,v0.1,hash_bucket
INS_96944852A04D,434931c1a6f76efd,VRPTW,small,LOC_B26FC239E19A,North Delhi,DL,13,12,TRK_017DA12B162E|TRK_A997FC00E0CF|TRK_8C037A0ADC54|TRK_EEB1DE456EE4|TRK_BCC966E673C0|TRK_B6CE07A71D80|TRK_5564246F7906|TRK_5136065E98CA|TRK_E260AFDFB21B|TRK_E9C76BCDE1E1|TRK_FB045E9F7F61|TRK_B7FB75BB3E0A,28840.0,363890.0,306630.0,True,True,False,False,"{""circular_bonus"": -1.1, ""distance_km"": 1.0, ""empty_km"": 0.85, ""fuel_inr"": 0.01, ""risk"": 12.0, ""time_min"": 0.35, ""toll_inr"": 0.01}",CST_48011250D4FB,SCN_BASELINE,g1,False,196,train,20260903,v0.1,hash_bucket
INS_A98CA442CC26,747d3e25d82755ef,CVRP,medium,LOC_B01B9CC74597,Saharanpur,UP,16,6,TRK_017DA12B162E|TRK_A997FC00E0CF|TRK_8C037A0ADC54|TRK_EEB1DE456EE4|TRK_BCC966E673C0|TRK_B6CE07A71D80,30590.0,187510.0,133560.0,True,False,False,False,"{""circular_bonus"": -1.1, ""distance_km"": 1.0, ""empty_km"": 0.85, ""fuel_inr"": 0.01, ""risk"": 12.0, ""time_min"": 0.35, ""toll_inr"": 0.01}",CST_48011250D4FB,SCN_BASELINE,g1,False,289,train,20260903,v0.1,hash_bucket
