shop_id,location_id,shop_category,capacity_tonnes,daily_demand_kg,loading_service_min,vehicle_access,road_access_quality,anchor_village_location_id,is_synthetic,generation_method,source_id,seed,dataset_version
SHP_1EAA5B6C57A6,LOC_6C3EDDFA7826,sanitary,20.9,595.0,31,2-axle,0.599,LOC_689CBCC7CFB6,True,demand_surface_anchored_v1,SRC_VB_SYNTHETIC,20260903,v0.1
SHP_0BD01455FD97,LOC_0F4A1D83929A,paint,28.9,1030.0,15,LCV,0.431,LOC_109E57D81710,True,demand_surface_anchored_v1,SRC_VB_SYNTHETIC,20260903,v0.1
SHP_AD88E2370BB3,LOC_39D61582008E,hardware,56.6,2400.0,23,2-axle,0.542,LOC_DAA98AD50040,True,demand_surface_anchored_v1,SRC_VB_SYNTHETIC,20260903,v0.1
SHP_E04F4D83B324,LOC_5B0AD2EA361F,sanitary,27.5,1200.0,36,LCV,0.324,LOC_44050292A817,True,demand_surface_anchored_v1,SRC_VB_SYNTHETIC,20260903,v0.1
SHP_00B2B9AD9523,LOC_D62F636FBD0D,cement,180.3,6355.0,49,3-axle,0.894,LOC_7CEE39F92E74,True,demand_surface_anchored_v1,SRC_VB_SYNTHETIC,20260903,v0.1
SHP_6EE5D538A12D,LOC_6493A4B39798,brick,179.2,3878.0,62,3-axle,0.548,LOC_60B637690FFA,True,demand_surface_anchored_v1,SRC_VB_SYNTHETIC,20260903,v0.1
SHP_DEA3346BCDA5,LOC_86AC88CBAB30,cement,175.7,8519.0,55,3-axle,0.396,LOC_6C56AEB615D5,True,demand_surface_anchored_v1,SRC_VB_SYNTHETIC,20260903,v0.1
SHP_E4AFC34BC4E9,LOC_349419B63349,tile,70.4,2067.0,50,LCV,0.569,LOC_C80E0A42FAFC,True,demand_surface_anchored_v1,SRC_VB_SYNTHETIC,20260903,v0.1
SHP_766FEEFA4059,LOC_18C1FEB371A5,paint,39.7,1073.0,15,LCV,0.536,LOC_724ECC51838D,True,demand_surface_anchored_v1,SRC_VB_SYNTHETIC,20260903,v0.1
SHP_304735BEF519,LOC_FFCB7EA5D158,hardware,20.7,832.0,24,3-axle,0.806,LOC_8544EFAE4BB1,True,demand_surface_anchored_v1,SRC_VB_SYNTHETIC,20260903,v0.1
SHP_6480101C4D13,LOC_98C206F58E61,multi,85.8,1260.0,46,2-axle,0.559,LOC_909BD119C596,True,demand_surface_anchored_v1,SRC_VB_SYNTHETIC,20260903,v0.1
SHP_EFF596D47C6C,LOC_19095059A792,cement,186.0,9192.0,51,3-axle,0.549,LOC_8C1E73C799EC,True,demand_surface_anchored_v1,SRC_VB_SYNTHETIC,20260903,v0.1
SHP_3181F880BF84,LOC_48F69B62C8A6,brick,467.9,26427.0,65,heavy,0.524,LOC_4C8C55F8EA2F,True,demand_surface_anchored_v1,SRC_VB_SYNTHETIC,20260903,v0.1
SHP_1968FA216B3C,LOC_519EADE1E3D2,tmt,118.6,3505.0,53,LCV,0.419,LOC_AD2FE08C0825,True,demand_surface_anchored_v1,SRC_VB_SYNTHETIC,20260903,v0.1
SHP_BD10FAC340F0,LOC_5458C85C8F6F,pipe,50.3,961.0,41,LCV,0.342,LOC_241DA091A28B,True,demand_surface_anchored_v1,SRC_VB_SYNTHETIC,20260903,v0.1
SHP_17258C562B6B,LOC_962564E85858,multi,154.1,5013.0,42,2-axle,0.456,LOC_F3B33DE4E9A5,True,demand_surface_anchored_v1,SRC_VB_SYNTHETIC,20260903,v0.1
SHP_0A5E2B43372D,LOC_D5A12FEF9CE5,hardware,32.3,1307.0,31,LCV,0.484,LOC_82002516DA32,True,demand_surface_anchored_v1,SRC_VB_SYNTHETIC,20260903,v0.1
SHP_5EA6164D7B38,LOC_E11CA455D7F7,paint,34.1,965.0,28,LCV,0.556,LOC_35A4159E3694,True,demand_surface_anchored_v1,SRC_VB_SYNTHETIC,20260903,v0.1
SHP_0BA830753DA3,LOC_9237F3DE4379,hardware,56.0,2389.0,19,LCV,0.678,LOC_7EF62433DDF6,True,demand_surface_anchored_v1,SRC_VB_SYNTHETIC,20260903,v0.1
SHP_CC732B73F8D8,LOC_138C8AF750E9,brick,496.4,19173.0,67,3-axle,0.425,LOC_D4201B854D92,True,demand_surface_anchored_v1,SRC_VB_SYNTHETIC,20260903,v0.1
SHP_8387CE8E52E3,LOC_A6CEF194D4D3,multi,179.1,6447.0,47,2-axle,0.469,LOC_755E69FE5840,True,demand_surface_anchored_v1,SRC_VB_SYNTHETIC,20260903,v0.1
SHP_FB20FBB11168,LOC_1B4EFA0211F7,tmt,128.3,2961.0,69,2-axle,0.537,LOC_9D1F99D631F7,True,demand_surface_anchored_v1,SRC_VB_SYNTHETIC,20260903,v0.1
SHP_4C05628FB154,LOC_101CD8FD2473,hardware,50.6,1805.0,35,LCV,0.621,LOC_BC729B3423C4,True,demand_surface_anchored_v1,SRC_VB_SYNTHETIC,20260903,v0.1
SHP_5C9A8D59F4F7,LOC_722DB270E261,brick,155.1,5179.0,74,2-axle,0.532,LOC_D49BC588944C,True,demand_surface_anchored_v1,SRC_VB_SYNTHETIC,20260903,v0.1
SHP_0135E25CFB05,LOC_850AA3439E4E,pipe,33.0,785.0,38,3-axle,0.98,LOC_2A3F3F75F892,True,demand_surface_anchored_v1,SRC_VB_SYNTHETIC,20260903,v0.1
SHP_C0FA232A3F15,LOC_9B5379FF0623,electrical,19.7,698.0,20,LCV,0.554,LOC_52329AB40C61,True,demand_surface_anchored_v1,SRC_VB_SYNTHETIC,20260903,v0.1
SHP_A33D33ADFD0D,LOC_ECBB99844550,sanitary,50.9,1483.0,32,LCV,0.475,LOC_57DE305C58DE,True,demand_surface_anchored_v1,SRC_VB_SYNTHETIC,20260903,v0.1
SHP_0800D3794C12,LOC_845275A0CC62,brick,307.1,5610.0,73,3-axle,0.542,LOC_C1F143496F3E,True,demand_surface_anchored_v1,SRC_VB_SYNTHETIC,20260903,v0.1
SHP_B2326278C3B1,LOC_F55986BCAB0E,multi,160.2,6231.0,49,3-axle,0.592,LOC_816929A67EB2,True,demand_surface_anchored_v1,SRC_VB_SYNTHETIC,20260903,v0.1
SHP_CB3FFD9611B6,LOC_046855E00C8A,hardware,54.9,2212.0,18,2-axle,0.59,LOC_83AF496708C5,True,demand_surface_anchored_v1,SRC_VB_SYNTHETIC,20260903,v0.1
SHP_ED34997D6ECA,LOC_E179A6501FC2,multi,142.6,3682.0,50,3-axle,0.585,LOC_D1E55A5DB01A,True,demand_surface_anchored_v1,SRC_VB_SYNTHETIC,20260903,v0.1
SHP_209F1882FCDA,LOC_52E26C4E3E54,hardware,29.9,617.0,28,LCV,0.54,LOC_FC3077E14A4F,True,demand_surface_anchored_v1,SRC_VB_SYNTHETIC,20260903,v0.1
SHP_49499019BC0E,LOC_BD9AEB83AD1B,pipe,67.3,1168.0,38,LCV,0.51,LOC_E59A6C7ADE6A,True,demand_surface_anchored_v1,SRC_VB_SYNTHETIC,20260903,v0.1
SHP_69C98EC6841E,LOC_17D06FE2203E,hardware,37.8,690.0,30,LCV,0.124,LOC_D83F43FB0BF6,True,demand_surface_anchored_v1,SRC_VB_SYNTHETIC,20260903,v0.1
SHP_C5034ABDD9AB,LOC_C61DDD858A1D,hardware,29.2,1622.0,28,3-axle,0.631,LOC_C60CB9C5A001,True,demand_surface_anchored_v1,SRC_VB_SYNTHETIC,20260903,v0.1
SHP_D4D27093937D,LOC_DE063CAA2038,cement,196.8,6383.0,53,3-axle,0.52,LOC_12E2CEAA35E2,True,demand_surface_anchored_v1,SRC_VB_SYNTHETIC,20260903,v0.1
SHP_08AD39EEB200,LOC_EE2B8698DBB9,brick,250.6,5844.0,63,3-axle,0.357,LOC_644A2942E98C,True,demand_surface_anchored_v1,SRC_VB_SYNTHETIC,20260903,v0.1
SHP_3D7D05BAD95F,LOC_C8B4237BD90A,hardware,24.8,635.0,28,LCV,0.472,LOC_3FF7AAD78447,True,demand_surface_anchored_v1,SRC_VB_SYNTHETIC,20260903,v0.1
SHP_9D49A6A242D7,LOC_86C9A3318096,cement,161.5,9582.0,45,3-axle,0.662,LOC_A0745C64A1E1,True,demand_surface_anchored_v1,SRC_VB_SYNTHETIC,20260903,v0.1
SHP_AAC5DA2535AE,LOC_78D044EF4226,brick,485.7,21295.0,78,heavy,0.694,LOC_E9E991D04B95,True,demand_surface_anchored_v1,SRC_VB_SYNTHETIC,20260903,v0.1
SHP_FE59B070183F,LOC_7BE2821FFC57,multi,136.6,2516.0,43,2-axle,0.238,LOC_278B1176611D,True,demand_surface_anchored_v1,SRC_VB_SYNTHETIC,20260903,v0.1
SHP_FE2AB19D23C2,LOC_9A3B3882E6FF,hardware,60.0,1339.0,18,LCV,0.275,LOC_D66F2DA048CB,True,demand_surface_anchored_v1,SRC_VB_SYNTHETIC,20260903,v0.1
SHP_0BB6C6E9443D,LOC_D6C288D38B61,multi,75.0,2037.0,51,LCV,0.454,LOC_3A3110E545BB,True,demand_surface_anchored_v1,SRC_VB_SYNTHETIC,20260903,v0.1
SHP_37F77169222F,LOC_146C42DB1690,paint,11.8,924.0,19,3-axle,0.708,LOC_3075C7EE322A,True,demand_surface_anchored_v1,SRC_VB_SYNTHETIC,20260903,v0.1
SHP_7A1559697580,LOC_B5860675002A,multi,141.5,2581.0,43,2-axle,0.504,LOC_B10D887F4A14,True,demand_surface_anchored_v1,SRC_VB_SYNTHETIC,20260903,v0.1
SHP_94F20255549B,LOC_13F7C7F8BE89,multi,135.0,4601.0,61,2-axle,0.652,LOC_0B0FACBEA317,True,demand_surface_anchored_v1,SRC_VB_SYNTHETIC,20260903,v0.1
SHP_079ED53ECF90,LOC_423C264EF934,multi,128.0,3278.0,48,2-axle,0.634,LOC_057CE7A9FA8E,True,demand_surface_anchored_v1,SRC_VB_SYNTHETIC,20260903,v0.1
SHP_9D1EBF4A27BC,LOC_E0548291DD50,cement,64.2,929.0,40,2-axle,0.366,LOC_DD6C3D8ADB09,True,demand_surface_anchored_v1,SRC_VB_SYNTHETIC,20260903,v0.1
SHP_B24AFBF878F8,LOC_9D2201ECB849,multi,114.5,2589.0,53,2-axle,0.268,LOC_61E69982F6D6,True,demand_surface_anchored_v1,SRC_VB_SYNTHETIC,20260903,v0.1
SHP_441B2A68221C,LOC_7EBACA4B3FCE,tmt,195.5,8355.0,62,3-axle,0.642,LOC_6A489233F6A1,True,demand_surface_anchored_v1,SRC_VB_SYNTHETIC,20260903,v0.1
SHP_2734B022E683,LOC_A50FAD832F4F,brick,499.7,30538.0,80,heavy,0.617,LOC_5913A06E0734,True,demand_surface_anchored_v1,SRC_VB_SYNTHETIC,20260903,v0.1
SHP_5AD438B21BAD,LOC_627C3B35005F,paint,23.2,354.0,15,LCV,0.286,LOC_C50371EAA253,True,demand_surface_anchored_v1,SRC_VB_SYNTHETIC,20260903,v0.1
SHP_842233989B84,LOC_3F1C9AD89E31,multi,176.9,6990.0,42,2-axle,0.522,LOC_65CACA742B86,True,demand_surface_anchored_v1,SRC_VB_SYNTHETIC,20260903,v0.1
SHP_41BB3489D1F9,LOC_8E777E3C6BF1,multi,118.0,4066.0,49,2-axle,0.31,LOC_97D7E7646A07,True,demand_surface_anchored_v1,SRC_VB_SYNTHETIC,20260903,v0.1
SHP_057B21448F2E,LOC_E305402C8D18,brick,194.7,6242.0,76,2-axle,0.508,LOC_5A11905A806D,True,demand_surface_anchored_v1,SRC_VB_SYNTHETIC,20260903,v0.1
SHP_6B07D95BA3DD,LOC_B3ED54832E70,hardware,53.9,814.0,31,LCV,0.44,LOC_AD00C6CF3909,True,demand_surface_anchored_v1,SRC_VB_SYNTHETIC,20260903,v0.1
SHP_E8C48A10C5E3,LOC_AE54402C70CD,multi,66.6,1359.0,44,2-axle,0.7,LOC_4129287BD17A,True,demand_surface_anchored_v1,SRC_VB_SYNTHETIC,20260903,v0.1
SHP_B089C183C3DD,LOC_1F922610D49A,paint,31.1,698.0,27,LCV,0.468,LOC_4A19E3CBF101,True,demand_surface_anchored_v1,SRC_VB_SYNTHETIC,20260903,v0.1
SHP_3C0E53748215,LOC_92874BC9CF28,brick,401.2,11453.0,73,3-axle,0.266,LOC_25838EE28B05,True,demand_surface_anchored_v1,SRC_VB_SYNTHETIC,20260903,v0.1
SHP_4D083AB26164,LOC_69F2237B2C24,brick,499.7,17455.0,64,3-axle,0.579,LOC_D52E06A74607,True,demand_surface_anchored_v1,SRC_VB_SYNTHETIC,20260903,v0.1
SHP_44ABCD3CF11F,LOC_403FF66E6D3E,cement,221.8,7939.0,44,3-axle,0.734,LOC_18F81F1890DA,True,demand_surface_anchored_v1,SRC_VB_SYNTHETIC,20260903,v0.1
SHP_592DED897C3A,LOC_1426FD9C4F3E,multi,108.8,3285.0,48,2-axle,0.436,LOC_586F6E2C032D,True,demand_surface_anchored_v1,SRC_VB_SYNTHETIC,20260903,v0.1
SHP_B958A2C223A0,LOC_649196742C10,hardware,44.1,1419.0,24,LCV,0.518,LOC_4D876D470038,True,demand_surface_anchored_v1,SRC_VB_SYNTHETIC,20260903,v0.1
SHP_8437026AE79E,LOC_ED1764EE7355,paint,26.3,896.0,26,LCV,0.436,LOC_6F7A144A24EB,True,demand_surface_anchored_v1,SRC_VB_SYNTHETIC,20260903,v0.1
SHP_920F15B031CB,LOC_44D5DF9F664A,tmt,135.0,3513.0,69,2-axle,0.682,LOC_E1B6D6D863B7,True,demand_surface_anchored_v1,SRC_VB_SYNTHETIC,20260903,v0.1
SHP_711B0DDC34D6,LOC_C1DA36AE48D0,brick,253.1,7679.0,78,3-axle,0.257,LOC_CA1A7FDDF361,True,demand_surface_anchored_v1,SRC_VB_SYNTHETIC,20260903,v0.1
SHP_7BBE1D54FEDF,LOC_476A09F7BD67,multi,66.1,2673.0,55,LCV,0.605,LOC_1C4A4354CA3C,True,demand_surface_anchored_v1,SRC_VB_SYNTHETIC,20260903,v0.1
SHP_71568A916FFD,LOC_9B34AAADE026,cement,210.6,8743.0,42,2-axle,0.351,LOC_12E27AF2509B,True,demand_surface_anchored_v1,SRC_VB_SYNTHETIC,20260903,v0.1
SHP_5A3D433ECAB4,LOC_324B2C081073,multi,126.9,2419.0,50,2-axle,0.469,LOC_3FF9E1A58965,True,demand_surface_anchored_v1,SRC_VB_SYNTHETIC,20260903,v0.1
SHP_D942080DCB94,LOC_A43CE755E73F,electrical,27.0,1251.0,21,2-axle,0.476,LOC_2CC45F0ECE76,True,demand_surface_anchored_v1,SRC_VB_SYNTHETIC,20260903,v0.1
SHP_39CE416BEA26,LOC_90EEB9C8CFDC,brick,311.3,13660.0,72,heavy,0.607,LOC_BA55EE2CA23A,True,demand_surface_anchored_v1,SRC_VB_SYNTHETIC,20260903,v0.1
SHP_8BEDF6E2DA3C,LOC_48753A2C222D,multi,167.2,3586.0,44,3-axle,0.632,LOC_05243DBF789E,True,demand_surface_anchored_v1,SRC_VB_SYNTHETIC,20260903,v0.1
SHP_E0C4526F5B6C,LOC_4759FF475FF8,multi,189.7,2527.0,44,3-axle,0.37,LOC_EE852409FCEC,True,demand_surface_anchored_v1,SRC_VB_SYNTHETIC,20260903,v0.1
SHP_9E465170B603,LOC_7511997CBA10,multi,169.2,7978.0,44,3-axle,0.492,LOC_721BD81C0600,True,demand_surface_anchored_v1,SRC_VB_SYNTHETIC,20260903,v0.1
SHP_52449CE2D8CD,LOC_556DAA16FCD7,paint,12.8,509.0,21,LCV,0.595,LOC_3D86C96973B6,True,demand_surface_anchored_v1,SRC_VB_SYNTHETIC,20260903,v0.1
SHP_B7B16B886FEC,LOC_D9A2510432FB,brick,332.6,10747.0,64,3-axle,0.611,LOC_D04EEE25B7D7,True,demand_surface_anchored_v1,SRC_VB_SYNTHETIC,20260903,v0.1
SHP_93ADB0E0FC9A,LOC_941CF5679C5E,tile,67.4,2615.0,45,LCV,0.623,LOC_A0E963362548,True,demand_surface_anchored_v1,SRC_VB_SYNTHETIC,20260903,v0.1
SHP_45EBCA1C4773,LOC_16C5B767D083,electrical,32.0,1779.0,27,2-axle,0.723,LOC_461A2F2D8F27,True,demand_surface_anchored_v1,SRC_VB_SYNTHETIC,20260903,v0.1
SHP_61F288CC3A8F,LOC_F9EDEB0869A0,multi,164.7,4741.0,55,3-axle,0.506,LOC_E5ADDF3672A0,True,demand_surface_anchored_v1,SRC_VB_SYNTHETIC,20260903,v0.1
SHP_3DF3223CCC79,LOC_D6D22B09F97A,pipe,20.6,375.0,22,2-axle,0.533,LOC_15A337821940,True,demand_surface_anchored_v1,SRC_VB_SYNTHETIC,20260903,v0.1
SHP_8F1ADBE2B980,LOC_DD781A84E96B,paint,21.5,784.0,22,LCV,0.568,LOC_617B73983AE6,True,demand_surface_anchored_v1,SRC_VB_SYNTHETIC,20260903,v0.1
SHP_3C1CF16F27A6,LOC_6D46AB7862E5,brick,169.3,8056.0,76,heavy,0.729,LOC_DCF8B8421843,True,demand_surface_anchored_v1,SRC_VB_SYNTHETIC,20260903,v0.1
SHP_CD79584F5963,LOC_624F44F39ED7,tile,76.5,1756.0,44,2-axle,0.636,LOC_9A58B9D504D3,True,demand_surface_anchored_v1,SRC_VB_SYNTHETIC,20260903,v0.1
SHP_48B6EF003A85,LOC_DC5505A8CE74,tmt,192.0,9287.0,59,3-axle,0.387,LOC_EE4D0FFFBABF,True,demand_surface_anchored_v1,SRC_VB_SYNTHETIC,20260903,v0.1
SHP_EDFD084EFEEE,LOC_9126E873F39D,cement,161.0,4093.0,52,2-axle,0.492,LOC_7B7D2DCAFD7D,True,demand_surface_anchored_v1,SRC_VB_SYNTHETIC,20260903,v0.1
SHP_F62ADB6BEFFB,LOC_81FDC4BE1E67,cement,120.0,6119.0,56,3-axle,0.859,LOC_28C6D8B13DBF,True,demand_surface_anchored_v1,SRC_VB_SYNTHETIC,20260903,v0.1
SHP_8EB411D201B4,LOC_15D842E8C704,brick,369.6,7952.0,74,heavy,0.577,LOC_E35296DB1966,True,demand_surface_anchored_v1,SRC_VB_SYNTHETIC,20260903,v0.1
SHP_2DFCC084094F,LOC_AD003ACA2FAF,cement,70.9,3625.0,46,2-axle,0.664,LOC_A6232DB6ED9D,True,demand_surface_anchored_v1,SRC_VB_SYNTHETIC,20260903,v0.1
SHP_8EFDE8F32777,LOC_EBB91BECC8E3,multi,150.3,5635.0,50,2-axle,0.643,LOC_A0B5E2329197,True,demand_surface_anchored_v1,SRC_VB_SYNTHETIC,20260903,v0.1
SHP_DC2670E370DA,LOC_03C5C4292875,electrical,38.1,508.0,13,LCV,0.471,LOC_5B535D3DF88E,True,demand_surface_anchored_v1,SRC_VB_SYNTHETIC,20260903,v0.1
SHP_41C681DD16FF,LOC_9C57DAABBE35,multi,74.7,986.0,47,LCV,0.451,LOC_4E0F69B25F38,True,demand_surface_anchored_v1,SRC_VB_SYNTHETIC,20260903,v0.1
SHP_CEB3B4625AF2,LOC_6D33D479392F,hardware,45.8,1646.0,27,LCV,0.582,LOC_7B7D2DCAFD7D,True,demand_surface_anchored_v1,SRC_VB_SYNTHETIC,20260903,v0.1
SHP_C4CF94E23603,LOC_05AB0238AEDE,multi,61.4,1263.0,60,LCV,0.53,LOC_836C2533BCF7,True,demand_surface_anchored_v1,SRC_VB_SYNTHETIC,20260903,v0.1
SHP_9FDB79007014,LOC_E59447620E1B,multi,118.6,2677.0,43,2-axle,0.587,LOC_67795D4D4D29,True,demand_surface_anchored_v1,SRC_VB_SYNTHETIC,20260903,v0.1
SHP_396C36CC24C1,LOC_67943F864957,hardware,21.3,357.0,36,LCV,0.522,LOC_A98DECCF2B8C,True,demand_surface_anchored_v1,SRC_VB_SYNTHETIC,20260903,v0.1
SHP_93D40E67CF9B,LOC_49C0615D7808,multi,132.5,5209.0,55,2-axle,0.447,LOC_82F53723FA20,True,demand_surface_anchored_v1,SRC_VB_SYNTHETIC,20260903,v0.1
SHP_C070608EEEE7,LOC_3E070336F009,brick,429.3,9044.0,79,3-axle,0.443,LOC_1CCA19C35616,True,demand_surface_anchored_v1,SRC_VB_SYNTHETIC,20260903,v0.1
SHP_36DBDD4AAB9E,LOC_B72049EA426A,cement,124.1,5798.0,47,2-axle,0.696,LOC_DB4194114CBE,True,demand_surface_anchored_v1,SRC_VB_SYNTHETIC,20260903,v0.1
SHP_15FFB97F2CFA,LOC_59938612B9E8,brick,334.5,13784.0,80,3-axle,0.447,LOC_78A46033D360,True,demand_surface_anchored_v1,SRC_VB_SYNTHETIC,20260903,v0.1
SHP_487FBF3FDAD1,LOC_9F4B4A228EC0,multi,104.5,1557.0,45,2-axle,0.433,LOC_AAB754A2B63F,True,demand_surface_anchored_v1,SRC_VB_SYNTHETIC,20260903,v0.1
SHP_271F50B10CBA,LOC_51D3A965607E,cement,98.5,2226.0,45,2-axle,0.545,LOC_ABFB551967CE,True,demand_surface_anchored_v1,SRC_VB_SYNTHETIC,20260903,v0.1
SHP_E2FF9B83437C,LOC_6C04F50114EC,cement,215.6,5171.0,50,3-axle,0.49,LOC_18DAB0C77789,True,demand_surface_anchored_v1,SRC_VB_SYNTHETIC,20260903,v0.1
SHP_B0F7692DF7EF,LOC_22947746A141,cement,132.9,2693.0,56,2-axle,0.645,LOC_9A17E769B2DD,True,demand_surface_anchored_v1,SRC_VB_SYNTHETIC,20260903,v0.1
SHP_53D2A28E38C0,LOC_D95E700BB604,multi,96.9,3129.0,50,LCV,0.539,LOC_37842E2F6BC8,True,demand_surface_anchored_v1,SRC_VB_SYNTHETIC,20260903,v0.1
SHP_8FE09EAA5A75,LOC_75DFA4C733F5,multi,80.1,3127.0,61,2-axle,0.493,LOC_A0745C64A1E1,True,demand_surface_anchored_v1,SRC_VB_SYNTHETIC,20260903,v0.1
SHP_461234119812,LOC_1781CBF035CE,paint,15.6,663.0,26,LCV,0.447,LOC_5C90EEB0FCEA,True,demand_surface_anchored_v1,SRC_VB_SYNTHETIC,20260903,v0.1
SHP_19D7D6CCAF88,LOC_D8558E9B8784,multi,130.3,1803.0,50,2-axle,0.368,LOC_755E69FE5840,True,demand_surface_anchored_v1,SRC_VB_SYNTHETIC,20260903,v0.1
SHP_761F4B126270,LOC_A27137822819,multi,116.5,2973.0,45,2-axle,0.328,LOC_442F1B5F07DA,True,demand_surface_anchored_v1,SRC_VB_SYNTHETIC,20260903,v0.1
SHP_06E57F9F2F40,LOC_5034F20B302A,tmt,154.8,4485.0,52,2-axle,0.421,LOC_616479F5D72D,True,demand_surface_anchored_v1,SRC_VB_SYNTHETIC,20260903,v0.1
SHP_4A8280C4485C,LOC_95E25A3F7339,tile,87.3,5005.0,50,2-axle,0.498,LOC_9E1938CF5B20,True,demand_surface_anchored_v1,SRC_VB_SYNTHETIC,20260903,v0.1
SHP_7365BAD52FFC,LOC_04B8AB50F579,cement,194.6,3724.0,54,2-axle,0.48,LOC_D40D340DA03E,True,demand_surface_anchored_v1,SRC_VB_SYNTHETIC,20260903,v0.1
SHP_F136C2298DA6,LOC_5B253B1A49D8,pipe,23.4,634.0,31,LCV,0.285,LOC_DF1B395264F0,True,demand_surface_anchored_v1,SRC_VB_SYNTHETIC,20260903,v0.1
SHP_FE5E767F7797,LOC_C0643706BCB2,paint,26.5,913.0,27,LCV,0.586,LOC_DE76EB799D8D,True,demand_surface_anchored_v1,SRC_VB_SYNTHETIC,20260903,v0.1
SHP_9ABB80A0A8C9,LOC_550654DE827F,cement,145.4,5870.0,47,2-axle,0.559,LOC_C91136F7DA2D,True,demand_surface_anchored_v1,SRC_VB_SYNTHETIC,20260903,v0.1
SHP_041B100BF05D,LOC_F4847214BCF2,tile,85.1,3657.0,40,3-axle,0.737,LOC_54FE2FD8755A,True,demand_surface_anchored_v1,SRC_VB_SYNTHETIC,20260903,v0.1
SHP_717BEF91E1EE,LOC_A825DE4283FD,cement,175.3,9381.0,37,3-axle,0.618,LOC_E9E991D04B95,True,demand_surface_anchored_v1,SRC_VB_SYNTHETIC,20260903,v0.1
SHP_9DAD2421D59E,LOC_FF655288F259,tmt,82.2,1144.0,54,LCV,0.539,LOC_538D5DA1DDA7,True,demand_surface_anchored_v1,SRC_VB_SYNTHETIC,20260903,v0.1
SHP_B35501BCF522,LOC_A5B4007C3295,multi,172.3,2383.0,52,2-axle,0.518,LOC_EAEBBDC2E7E0,True,demand_surface_anchored_v1,SRC_VB_SYNTHETIC,20260903,v0.1
SHP_50B7760C6DA9,LOC_DE07B3CCE50F,multi,141.2,7622.0,51,3-axle,0.477,LOC_6FE76B0ACB56,True,demand_surface_anchored_v1,SRC_VB_SYNTHETIC,20260903,v0.1
SHP_E7925F621018,LOC_D8BA428C0772,multi,67.1,3515.0,61,3-axle,0.661,LOC_B4F1E9CE8D31,True,demand_surface_anchored_v1,SRC_VB_SYNTHETIC,20260903,v0.1
SHP_27069B164944,LOC_9B4828D28B1C,cement,110.6,2914.0,56,2-axle,0.546,LOC_33C6C128254B,True,demand_surface_anchored_v1,SRC_VB_SYNTHETIC,20260903,v0.1
SHP_5C153863D83B,LOC_F256E42AAC1A,multi,102.5,3391.0,49,2-axle,0.849,LOC_53A0839750C8,True,demand_surface_anchored_v1,SRC_VB_SYNTHETIC,20260903,v0.1
SHP_FFBA975C2D64,LOC_1C185F6C3D64,hardware,19.2,952.0,24,LCV,0.397,LOC_AB7C9714CAAE,True,demand_surface_anchored_v1,SRC_VB_SYNTHETIC,20260903,v0.1
SHP_25B8336FB5DE,LOC_9FCAF7F84065,brick,283.7,7823.0,77,heavy,0.773,LOC_87100B3B0525,True,demand_surface_anchored_v1,SRC_VB_SYNTHETIC,20260903,v0.1
SHP_0C80F2CE4E7E,LOC_4305AD60447F,tmt,190.8,12328.0,60,heavy,0.663,LOC_37368744CAC8,True,demand_surface_anchored_v1,SRC_VB_SYNTHETIC,20260903,v0.1
SHP_8F2C03C477F1,LOC_4ADAB865CAAB,multi,95.2,5340.0,60,2-axle,0.764,LOC_12A79FA4AD5A,True,demand_surface_anchored_v1,SRC_VB_SYNTHETIC,20260903,v0.1
SHP_FECF349DC3BC,LOC_8701F938608F,hardware,30.4,1251.0,30,2-axle,0.545,LOC_B52C5A1209E7,True,demand_surface_anchored_v1,SRC_VB_SYNTHETIC,20260903,v0.1
SHP_3554FB834BD3,LOC_6D28DCB75789,tmt,164.6,5060.0,56,2-axle,0.333,LOC_CB4DC5D8B868,True,demand_surface_anchored_v1,SRC_VB_SYNTHETIC,20260903,v0.1
SHP_3F5E86432C20,LOC_099BF6551AFD,paint,22.1,410.0,17,LCV,0.355,LOC_5E017854FF56,True,demand_surface_anchored_v1,SRC_VB_SYNTHETIC,20260903,v0.1
SHP_2B2D6C073579,LOC_EF05B98BAF0F,hardware,47.4,2252.0,28,LCV,0.622,LOC_426BDD4B66BD,True,demand_surface_anchored_v1,SRC_VB_SYNTHETIC,20260903,v0.1
SHP_6D34285EF427,LOC_C8CE62173EAD,paint,40.9,640.0,16,LCV,0.297,LOC_4E0F69B25F38,True,demand_surface_anchored_v1,SRC_VB_SYNTHETIC,20260903,v0.1
SHP_13C12586A551,LOC_89360346D8B3,sanitary,42.8,1088.0,34,LCV,0.262,LOC_57DF03471978,True,demand_surface_anchored_v1,SRC_VB_SYNTHETIC,20260903,v0.1
SHP_EBDDD36FCE70,LOC_53A32BA182F9,cement,169.8,5406.0,39,2-axle,0.743,LOC_A819A1872169,True,demand_surface_anchored_v1,SRC_VB_SYNTHETIC,20260903,v0.1
SHP_58EB841FB570,LOC_AF4636B79F35,cement,112.3,2949.0,51,2-axle,0.499,LOC_86F3408F1C5D,True,demand_surface_anchored_v1,SRC_VB_SYNTHETIC,20260903,v0.1
SHP_8DFF72502AFB,LOC_A9AB72F496F8,multi,83.0,2877.0,49,2-axle,0.47,LOC_45297F477DF7,True,demand_surface_anchored_v1,SRC_VB_SYNTHETIC,20260903,v0.1
SHP_8E5607B312F5,LOC_080901AA9FDC,hardware,21.6,584.0,23,LCV,0.658,LOC_B49CB8319323,True,demand_surface_anchored_v1,SRC_VB_SYNTHETIC,20260903,v0.1
SHP_302816D1B7B4,LOC_E366E0715A91,electrical,8.4,246.0,16,LCV,0.603,LOC_B08B6CB2D3E2,True,demand_surface_anchored_v1,SRC_VB_SYNTHETIC,20260903,v0.1
SHP_1F4D5DD5AA05,LOC_BA305A3E883A,multi,68.2,1502.0,58,2-axle,0.637,LOC_A24F0E7649A6,True,demand_surface_anchored_v1,SRC_VB_SYNTHETIC,20260903,v0.1
SHP_DCB5F45CB13D,LOC_7154C591F2A4,cement,90.0,2807.0,52,LCV,0.588,LOC_05B0782F1F1F,True,demand_surface_anchored_v1,SRC_VB_SYNTHETIC,20260903,v0.1
SHP_FACDFEC77631,LOC_C83A481CFDF2,hardware,49.1,2276.0,31,2-axle,0.584,LOC_5B7F6F5AABE1,True,demand_surface_anchored_v1,SRC_VB_SYNTHETIC,20260903,v0.1
SHP_E560D5636FB1,LOC_824CD41D5354,multi,56.5,1579.0,52,2-axle,0.493,LOC_369319F1FB64,True,demand_surface_anchored_v1,SRC_VB_SYNTHETIC,20260903,v0.1
SHP_C24BEC0C21E7,LOC_01BFB93A3011,multi,160.3,5122.0,55,2-axle,0.468,LOC_99235E34344C,True,demand_surface_anchored_v1,SRC_VB_SYNTHETIC,20260903,v0.1
SHP_A58CEEF5BBDA,LOC_890435231C4D,paint,16.1,577.0,12,LCV,0.483,LOC_D9E386766B93,True,demand_surface_anchored_v1,SRC_VB_SYNTHETIC,20260903,v0.1
SHP_0E7A4E080701,LOC_A7639DB1BFCD,tile,109.1,3422.0,46,2-axle,0.432,LOC_CE8D08564AC7,True,demand_surface_anchored_v1,SRC_VB_SYNTHETIC,20260903,v0.1
SHP_B671C0D2B025,LOC_A67A50F18F4F,hardware,57.0,1978.0,26,LCV,0.51,LOC_011D3FFD0D7A,True,demand_surface_anchored_v1,SRC_VB_SYNTHETIC,20260903,v0.1
SHP_7FDF3BE9BFD5,LOC_28536A56F4A9,tmt,141.2,6600.0,69,2-axle,0.613,LOC_D6314FDD6F9E,True,demand_surface_anchored_v1,SRC_VB_SYNTHETIC,20260903,v0.1
SHP_33368A74506D,LOC_776DFFF8AE52,hardware,50.6,2382.0,24,LCV,0.565,LOC_9A58B9D504D3,True,demand_surface_anchored_v1,SRC_VB_SYNTHETIC,20260903,v0.1
SHP_2CAAEE0914B1,LOC_5FBFB1B1D70B,cement,227.3,2672.0,43,2-axle,0.413,LOC_3C30CF9FFE4F,True,demand_surface_anchored_v1,SRC_VB_SYNTHETIC,20260903,v0.1
SHP_AEC81819FEEA,LOC_A2A5CB7830E1,pipe,49.1,3694.0,23,3-axle,0.506,LOC_E68E72128707,True,demand_surface_anchored_v1,SRC_VB_SYNTHETIC,20260903,v0.1
SHP_7DB31C41C904,LOC_67259FEB5528,hardware,45.8,2252.0,30,LCV,0.576,LOC_BA55EE2CA23A,True,demand_surface_anchored_v1,SRC_VB_SYNTHETIC,20260903,v0.1
SHP_8B4BA68CBA52,LOC_4CBAEE581E04,hardware,30.4,540.0,33,LCV,0.434,LOC_FC4D90459970,True,demand_surface_anchored_v1,SRC_VB_SYNTHETIC,20260903,v0.1
SHP_30F5B8140B97,LOC_53E37AE024D2,cement,131.3,3633.0,52,3-axle,0.663,LOC_2421D333A3BE,True,demand_surface_anchored_v1,SRC_VB_SYNTHETIC,20260903,v0.1
SHP_AE6112BDC086,LOC_75938E9D1D9C,multi,134.2,1555.0,47,2-axle,0.738,LOC_8EC6803F7D1E,True,demand_surface_anchored_v1,SRC_VB_SYNTHETIC,20260903,v0.1
SHP_172760598754,LOC_D3330AB5F8CC,sanitary,42.4,1456.0,24,LCV,0.84,LOC_8B235FEDC1EB,True,demand_surface_anchored_v1,SRC_VB_SYNTHETIC,20260903,v0.1
SHP_7AAA0AABDABA,LOC_1400101A5627,pipe,47.0,1393.0,30,2-axle,0.789,LOC_D2F3B017F36E,True,demand_surface_anchored_v1,SRC_VB_SYNTHETIC,20260903,v0.1
SHP_DE5D761F396F,LOC_F668B52E00C6,paint,43.4,1880.0,23,LCV,0.382,LOC_99235E34344C,True,demand_surface_anchored_v1,SRC_VB_SYNTHETIC,20260903,v0.1
SHP_7B96BC5866D4,LOC_635B7779D331,tmt,134.3,2651.0,56,2-axle,0.601,LOC_0E65947C46EA,True,demand_surface_anchored_v1,SRC_VB_SYNTHETIC,20260903,v0.1
SHP_CE8E65A917BB,LOC_BC09591348FC,brick,315.0,11875.0,71,3-axle,0.347,LOC_577B7914FDEC,True,demand_surface_anchored_v1,SRC_VB_SYNTHETIC,20260903,v0.1
SHP_C7C9EB20F205,LOC_246FBC44A93C,brick,305.1,10605.0,74,3-axle,0.62,LOC_BA7599A100BB,True,demand_surface_anchored_v1,SRC_VB_SYNTHETIC,20260903,v0.1
SHP_80B054585569,LOC_D4B8F483A977,tmt,82.0,3037.0,63,LCV,0.643,LOC_2B719AA7A6AC,True,demand_surface_anchored_v1,SRC_VB_SYNTHETIC,20260903,v0.1
SHP_B0B515ED23E6,LOC_28992B6E3705,paint,17.9,630.0,21,LCV,0.639,LOC_617B73983AE6,True,demand_surface_anchored_v1,SRC_VB_SYNTHETIC,20260903,v0.1
SHP_F99DA8B8C35D,LOC_3200A7EC819F,multi,78.9,2998.0,49,LCV,0.302,LOC_3D8E08AE8BF7,True,demand_surface_anchored_v1,SRC_VB_SYNTHETIC,20260903,v0.1
SHP_801552C45234,LOC_E5C13C1FF197,cement,138.0,3034.0,44,2-axle,0.561,LOC_FE6DCEA46A7C,True,demand_surface_anchored_v1,SRC_VB_SYNTHETIC,20260903,v0.1
SHP_964C4715FFD0,LOC_5439A9DEBA2A,electrical,25.0,974.0,15,LCV,0.576,LOC_726E320832DD,True,demand_surface_anchored_v1,SRC_VB_SYNTHETIC,20260903,v0.1
SHP_87152D37DE60,LOC_D00A7F2707B6,hardware,26.4,592.0,25,LCV,0.335,LOC_B4DB6A675F2C,True,demand_surface_anchored_v1,SRC_VB_SYNTHETIC,20260903,v0.1
SHP_742283548DC6,LOC_BCD3C291F80E,tmt,194.7,8322.0,69,2-axle,0.592,LOC_A752FAFC72D6,True,demand_surface_anchored_v1,SRC_VB_SYNTHETIC,20260903,v0.1
SHP_21B5D4338799,LOC_2CA2B8E85988,hardware,21.8,411.0,22,2-axle,0.768,LOC_585B0174299B,True,demand_surface_anchored_v1,SRC_VB_SYNTHETIC,20260903,v0.1
SHP_89F2E6C4330D,LOC_6BEC6D57F28A,multi,72.6,1394.0,45,LCV,0.707,LOC_9A612F9BF538,True,demand_surface_anchored_v1,SRC_VB_SYNTHETIC,20260903,v0.1
SHP_ED3B2233070E,LOC_A118658F292A,tmt,81.9,1196.0,59,LCV,0.293,LOC_EA66A71C0E23,True,demand_surface_anchored_v1,SRC_VB_SYNTHETIC,20260903,v0.1
SHP_58F661609E1C,LOC_84A7FBD5348C,tile,58.0,1487.0,47,2-axle,0.654,LOC_82CFEB5BE86C,True,demand_surface_anchored_v1,SRC_VB_SYNTHETIC,20260903,v0.1
SHP_2C7EE949BC6B,LOC_A3B33E82BF92,hardware,21.6,690.0,17,LCV,0.613,LOC_4646F6A223EB,True,demand_surface_anchored_v1,SRC_VB_SYNTHETIC,20260903,v0.1
SHP_73F698B7B15C,LOC_A67135E74403,pipe,65.0,1251.0,41,LCV,0.323,LOC_5FB089BF088D,True,demand_surface_anchored_v1,SRC_VB_SYNTHETIC,20260903,v0.1
SHP_550056C102DB,LOC_E1D7DF739714,paint,12.6,686.0,12,3-axle,0.909,LOC_B3FD23F48A42,True,demand_surface_anchored_v1,SRC_VB_SYNTHETIC,20260903,v0.1
SHP_76F8C6CBD93F,LOC_D1E9BA865787,hardware,53.4,1489.0,28,LCV,0.302,LOC_A38F806D637F,True,demand_surface_anchored_v1,SRC_VB_SYNTHETIC,20260903,v0.1
SHP_E01C23FBCA38,LOC_238424863F6F,multi,114.2,3225.0,43,2-axle,0.414,LOC_BF4D51D77FFE,True,demand_surface_anchored_v1,SRC_VB_SYNTHETIC,20260903,v0.1
SHP_9E613D044213,LOC_1D50196E4CC5,hardware,46.9,1235.0,29,LCV,0.658,LOC_421508D39ECF,True,demand_surface_anchored_v1,SRC_VB_SYNTHETIC,20260903,v0.1
SHP_4D84B1715730,LOC_CC06427D5184,multi,152.6,6019.0,60,2-axle,0.472,LOC_F9DAD14D407F,True,demand_surface_anchored_v1,SRC_VB_SYNTHETIC,20260903,v0.1
SHP_260EBD26680A,LOC_B4E3DC376537,cement,158.6,4564.0,55,2-axle,0.571,LOC_6208130915EE,True,demand_surface_anchored_v1,SRC_VB_SYNTHETIC,20260903,v0.1
SHP_A068C71C10F7,LOC_0F8D9B03C64B,multi,137.0,3716.0,42,2-axle,0.6,LOC_87B589ACAA23,True,demand_surface_anchored_v1,SRC_VB_SYNTHETIC,20260903,v0.1
SHP_AF4B29F0CDF3,LOC_4CDA4E195E6C,cement,184.3,3396.0,51,2-axle,0.255,LOC_694B59223BCA,True,demand_surface_anchored_v1,SRC_VB_SYNTHETIC,20260903,v0.1
SHP_4805D0C53202,LOC_881860F51306,cement,95.5,1835.0,51,LCV,0.55,LOC_F03C1F5E3C0A,True,demand_surface_anchored_v1,SRC_VB_SYNTHETIC,20260903,v0.1
SHP_8C03742C3B8C,LOC_53244F392972,multi,141.2,5111.0,49,2-axle,0.507,LOC_C5F5F4E86AF6,True,demand_surface_anchored_v1,SRC_VB_SYNTHETIC,20260903,v0.1
SHP_CEB57F1E1CE6,LOC_D395A2E6F6BD,brick,195.6,9261.0,76,3-axle,0.214,LOC_6B41C27B6749,True,demand_surface_anchored_v1,SRC_VB_SYNTHETIC,20260903,v0.1
SHP_457B384D09B8,LOC_244F1041C4F2,electrical,17.8,484.0,13,2-axle,0.406,LOC_48435DBBF2BB,True,demand_surface_anchored_v1,SRC_VB_SYNTHETIC,20260903,v0.1
SHP_127B78626806,LOC_1F5B3A62A5AE,paint,15.0,655.0,26,LCV,0.704,LOC_71853CE139D0,True,demand_surface_anchored_v1,SRC_VB_SYNTHETIC,20260903,v0.1
SHP_E729FC247294,LOC_51D7E1DE72A7,brick,360.5,7179.0,76,heavy,0.688,LOC_1B8EE30BBB15,True,demand_surface_anchored_v1,SRC_VB_SYNTHETIC,20260903,v0.1
SHP_41DBA31CA8AF,LOC_59E94CCD9F2A,brick,205.4,3921.0,64,2-axle,0.594,LOC_3C670FA427C5,True,demand_surface_anchored_v1,SRC_VB_SYNTHETIC,20260903,v0.1
SHP_282F48951409,LOC_8C4BE0DC1D96,brick,155.6,5457.0,68,2-axle,0.496,LOC_C036D7ED9E5C,True,demand_surface_anchored_v1,SRC_VB_SYNTHETIC,20260903,v0.1
SHP_B9FEEE08FB1F,LOC_5DCABA3EF645,cement,71.6,934.0,48,LCV,0.667,LOC_C8252E803571,True,demand_surface_anchored_v1,SRC_VB_SYNTHETIC,20260903,v0.1
SHP_39E60AEF8998,LOC_1FC9BB1EE2F8,pipe,40.0,1670.0,41,LCV,0.317,LOC_AF85E7DBACD0,True,demand_surface_anchored_v1,SRC_VB_SYNTHETIC,20260903,v0.1
SHP_A6AE1B694632,LOC_7CEEDB840896,hardware,17.1,731.0,35,LCV,0.511,LOC_AF85E7DBACD0,True,demand_surface_anchored_v1,SRC_VB_SYNTHETIC,20260903,v0.1
SHP_B120A05D56AE,LOC_EDEDB9BBB1E3,cement,142.6,4039.0,37,3-axle,0.645,LOC_6C4BBD5E4414,True,demand_surface_anchored_v1,SRC_VB_SYNTHETIC,20260903,v0.1
SHP_4D7EDC9ABEE6,LOC_DAB64ABE3AD6,tmt,185.0,5545.0,70,2-axle,0.348,LOC_5A1C2223323A,True,demand_surface_anchored_v1,SRC_VB_SYNTHETIC,20260903,v0.1
SHP_61CC45B9C401,LOC_D77B551D0966,sanitary,26.3,1635.0,31,3-axle,0.942,LOC_80440EEB9598,True,demand_surface_anchored_v1,SRC_VB_SYNTHETIC,20260903,v0.1
SHP_3CCA53D8D64C,LOC_79C41E9BC69D,pipe,55.7,929.0,41,LCV,0.293,LOC_B22DCE6A343C,True,demand_surface_anchored_v1,SRC_VB_SYNTHETIC,20260903,v0.1
SHP_B22CEDD08053,LOC_138BE76700FE,hardware,38.5,698.0,22,LCV,0.671,LOC_5E9B4E531A3D,True,demand_surface_anchored_v1,SRC_VB_SYNTHETIC,20260903,v0.1
SHP_29D6257BC006,LOC_D723AC54D855,multi,148.3,2880.0,46,2-axle,0.535,LOC_394A1CC3123D,True,demand_surface_anchored_v1,SRC_VB_SYNTHETIC,20260903,v0.1
SHP_A1E280ECF345,LOC_51CA92A0BE83,multi,68.7,3791.0,54,2-axle,0.463,LOC_057CE7A9FA8E,True,demand_surface_anchored_v1,SRC_VB_SYNTHETIC,20260903,v0.1
SHP_0D9E3A98B427,LOC_80CCA55A68B9,multi,148.4,5314.0,54,2-axle,0.634,LOC_8C7F10084D64,True,demand_surface_anchored_v1,SRC_VB_SYNTHETIC,20260903,v0.1
SHP_C4DA01ACC935,LOC_A987F06594EB,hardware,27.7,1116.0,20,2-axle,0.703,LOC_B52C5A1209E7,True,demand_surface_anchored_v1,SRC_VB_SYNTHETIC,20260903,v0.1
SHP_571B5ED91588,LOC_0FFEB5DE37BF,hardware,34.9,1805.0,20,3-axle,0.699,LOC_1A87B5984DEB,True,demand_surface_anchored_v1,SRC_VB_SYNTHETIC,20260903,v0.1
SHP_1C2E0F851B0F,LOC_C949A3174985,pipe,62.3,4526.0,25,3-axle,0.848,LOC_D8B870987702,True,demand_surface_anchored_v1,SRC_VB_SYNTHETIC,20260903,v0.1
SHP_262AAE2DB8DF,LOC_D73F53C1BFC7,cement,153.7,4444.0,41,2-axle,0.25,LOC_F91C2367EED6,True,demand_surface_anchored_v1,SRC_VB_SYNTHETIC,20260903,v0.1
SHP_FD7CAC7E7C6B,LOC_923E76EEFD8D,cement,117.1,4028.0,39,2-axle,0.359,LOC_EB25A27C8E63,True,demand_surface_anchored_v1,SRC_VB_SYNTHETIC,20260903,v0.1
SHP_1FB04294F8A2,LOC_A55256BDB1AA,tmt,107.7,1841.0,54,2-axle,0.494,LOC_44483700BB3A,True,demand_surface_anchored_v1,SRC_VB_SYNTHETIC,20260903,v0.1
SHP_955C981ACB1C,LOC_87DD033DD07B,hardware,43.4,1769.0,22,LCV,0.345,LOC_07F78FBEC108,True,demand_surface_anchored_v1,SRC_VB_SYNTHETIC,20260903,v0.1
SHP_AD16C8BCFC3F,LOC_AA065EB0924A,paint,39.9,624.0,28,LCV,0.365,LOC_8E573FE02F47,True,demand_surface_anchored_v1,SRC_VB_SYNTHETIC,20260903,v0.1
SHP_7FE82C770E58,LOC_ABBB91943169,multi,148.8,3577.0,45,2-axle,0.542,LOC_2FC140925DFE,True,demand_surface_anchored_v1,SRC_VB_SYNTHETIC,20260903,v0.1
SHP_757A4BC3D35E,LOC_D48BA1326BDC,paint,27.8,453.0,25,LCV,0.215,LOC_7DFA77872B91,True,demand_surface_anchored_v1,SRC_VB_SYNTHETIC,20260903,v0.1
SHP_743E25B4F815,LOC_144CBA29CFEB,cement,201.7,5287.0,50,heavy,0.852,LOC_C55C2389897E,True,demand_surface_anchored_v1,SRC_VB_SYNTHETIC,20260903,v0.1
SHP_E86514B0FDE6,LOC_5D86DA7D38F8,hardware,29.6,406.0,31,LCV,0.574,LOC_DCC88743E716,True,demand_surface_anchored_v1,SRC_VB_SYNTHETIC,20260903,v0.1
SHP_7848629AA0CC,LOC_99B362C92689,brick,326.3,9038.0,80,3-axle,0.32,LOC_52329AB40C61,True,demand_surface_anchored_v1,SRC_VB_SYNTHETIC,20260903,v0.1
SHP_1FF0E8C1247E,LOC_1E309C0CFE75,hardware,49.9,646.0,27,LCV,0.558,LOC_EE442C9CCBA8,True,demand_surface_anchored_v1,SRC_VB_SYNTHETIC,20260903,v0.1
SHP_EA11B0C84B5B,LOC_EF601CF94D4B,paint,18.1,209.0,24,LCV,0.458,LOC_4AC69825170D,True,demand_surface_anchored_v1,SRC_VB_SYNTHETIC,20260903,v0.1
SHP_7B0CE836566E,LOC_C37727A55B41,cement,103.1,4224.0,45,LCV,0.472,LOC_89D4972AA215,True,demand_surface_anchored_v1,SRC_VB_SYNTHETIC,20260903,v0.1
SHP_49D2BD6769EC,LOC_8510CB537E33,electrical,21.5,801.0,14,LCV,0.485,LOC_EE442C9CCBA8,True,demand_surface_anchored_v1,SRC_VB_SYNTHETIC,20260903,v0.1
SHP_F623FB361AD3,LOC_AD56528CACF5,brick,398.6,10143.0,62,heavy,0.309,LOC_5F1FB4642134,True,demand_surface_anchored_v1,SRC_VB_SYNTHETIC,20260903,v0.1
SHP_39A9EF08A8DB,LOC_A7D347948E22,tile,54.1,1003.0,48,2-axle,0.569,LOC_2207867B376E,True,demand_surface_anchored_v1,SRC_VB_SYNTHETIC,20260903,v0.1
SHP_F26CCC28ED6A,LOC_73CAEADF1A0E,paint,13.1,435.0,29,LCV,0.503,LOC_8C8673767E4D,True,demand_surface_anchored_v1,SRC_VB_SYNTHETIC,20260903,v0.1
SHP_A7B13D90E93A,LOC_12D5BA783324,multi,67.7,2493.0,55,LCV,0.443,LOC_B10D887F4A14,True,demand_surface_anchored_v1,SRC_VB_SYNTHETIC,20260903,v0.1
SHP_71D970FF4381,LOC_67483D65A860,cement,194.8,6440.0,42,2-axle,0.12,LOC_B84B1A054D5F,True,demand_surface_anchored_v1,SRC_VB_SYNTHETIC,20260903,v0.1
SHP_BF4F3C6D6333,LOC_87EE03B8DEC6,pipe,58.4,2174.0,34,LCV,0.514,LOC_EA2B16BCE4EC,True,demand_surface_anchored_v1,SRC_VB_SYNTHETIC,20260903,v0.1
SHP_024C66E9F71F,LOC_31A1297E1EA0,cement,237.2,3340.0,42,3-axle,0.485,LOC_A19AAD792111,True,demand_surface_anchored_v1,SRC_VB_SYNTHETIC,20260903,v0.1
SHP_F661A076F13C,LOC_9E6A407E2E4A,pipe,50.5,2201.0,26,LCV,0.455,LOC_BA7599A100BB,True,demand_surface_anchored_v1,SRC_VB_SYNTHETIC,20260903,v0.1
SHP_4E66A5208F98,LOC_78227A76958D,pipe,25.2,710.0,25,LCV,0.746,LOC_597DC01DC484,True,demand_surface_anchored_v1,SRC_VB_SYNTHETIC,20260903,v0.1
SHP_86EF8E7181F2,LOC_44A1CCD2EECD,tmt,182.6,7356.0,53,2-axle,0.543,LOC_5040031D2042,True,demand_surface_anchored_v1,SRC_VB_SYNTHETIC,20260903,v0.1
SHP_565EC4407EB0,LOC_F68BAA8F7089,multi,149.9,4614.0,48,2-axle,0.568,LOC_D1611EA8FDAB,True,demand_surface_anchored_v1,SRC_VB_SYNTHETIC,20260903,v0.1
SHP_261C939F6C2E,LOC_7C06009FED86,hardware,58.4,1615.0,20,2-axle,0.213,LOC_20177FB88660,True,demand_surface_anchored_v1,SRC_VB_SYNTHETIC,20260903,v0.1
SHP_1E3E5DEDBD3F,LOC_134A3BB678D5,tmt,99.4,4706.0,52,3-axle,0.615,LOC_74A4E8ADE918,True,demand_surface_anchored_v1,SRC_VB_SYNTHETIC,20260903,v0.1
SHP_EFB5DF7208CF,LOC_5DE10FBC7480,multi,135.4,4641.0,55,3-axle,0.727,LOC_0CE43F6B8F13,True,demand_surface_anchored_v1,SRC_VB_SYNTHETIC,20260903,v0.1
SHP_58AD3113E928,LOC_EA56926017B3,hardware,38.6,1123.0,36,LCV,0.339,LOC_7A752DDCDD53,True,demand_surface_anchored_v1,SRC_VB_SYNTHETIC,20260903,v0.1
SHP_17993311D97D,LOC_0B4B065DFE4C,multi,138.1,3918.0,43,2-axle,0.558,LOC_9A8561261510,True,demand_surface_anchored_v1,SRC_VB_SYNTHETIC,20260903,v0.1
SHP_1B5C5FA5678E,LOC_8D464223886B,multi,107.9,5993.0,57,heavy,0.98,LOC_761455F64F7B,True,demand_surface_anchored_v1,SRC_VB_SYNTHETIC,20260903,v0.1
SHP_9FB45208CE4E,LOC_DDEA977FF27F,tmt,150.5,3636.0,69,2-axle,0.573,LOC_83786973573A,True,demand_surface_anchored_v1,SRC_VB_SYNTHETIC,20260903,v0.1
SHP_5E2B70533D20,LOC_97434A9B45F5,brick,154.5,5986.0,76,2-axle,0.405,LOC_7722E66AA1E4,True,demand_surface_anchored_v1,SRC_VB_SYNTHETIC,20260903,v0.1
SHP_54429F0C813E,LOC_FFE8C08A91A5,brick,355.1,12033.0,65,heavy,0.494,LOC_FE429B5A57E5,True,demand_surface_anchored_v1,SRC_VB_SYNTHETIC,20260903,v0.1
SHP_FE84FD0A627E,LOC_5766FAA23038,brick,319.6,13063.0,79,3-axle,0.518,LOC_E49B1DC2DBB5,True,demand_surface_anchored_v1,SRC_VB_SYNTHETIC,20260903,v0.1
SHP_BE88D198164D,LOC_11ABFC13D36A,brick,196.9,9307.0,73,3-axle,0.388,LOC_71C60AC9501D,True,demand_surface_anchored_v1,SRC_VB_SYNTHETIC,20260903,v0.1
SHP_D1BC27972683,LOC_3F4DEF1E9105,electrical,28.1,751.0,22,2-axle,0.799,LOC_247A4B83A2FA,True,demand_surface_anchored_v1,SRC_VB_SYNTHETIC,20260903,v0.1
SHP_26F35172CF3E,LOC_5C757D0743C0,electrical,11.4,853.0,13,3-axle,0.825,LOC_2BA070BCC084,True,demand_surface_anchored_v1,SRC_VB_SYNTHETIC,20260903,v0.1
SHP_7BA959E9C016,LOC_D3B182AE9754,tmt,148.1,3665.0,70,2-axle,0.474,LOC_F07466DF325F,True,demand_surface_anchored_v1,SRC_VB_SYNTHETIC,20260903,v0.1
SHP_69FFD6C4029D,LOC_00126C74EA45,multi,134.7,3286.0,46,3-axle,0.495,LOC_15A337821940,True,demand_surface_anchored_v1,SRC_VB_SYNTHETIC,20260903,v0.1
SHP_C074570C9847,LOC_19E94EA0B5D0,multi,102.5,1811.0,47,2-axle,0.78,LOC_25065D8B6D6E,True,demand_surface_anchored_v1,SRC_VB_SYNTHETIC,20260903,v0.1
SHP_466819F0A0CB,LOC_EAC7372B29B0,hardware,15.5,373.0,34,LCV,0.598,LOC_4610316402D2,True,demand_surface_anchored_v1,SRC_VB_SYNTHETIC,20260903,v0.1
SHP_04E660F99A1B,LOC_2AF491A5E3B0,brick,295.5,8407.0,71,3-axle,0.445,LOC_4770154E45AB,True,demand_surface_anchored_v1,SRC_VB_SYNTHETIC,20260903,v0.1
SHP_B21B1CD4781E,LOC_618FB7B3D112,cement,166.1,8567.0,54,heavy,0.74,LOC_678A617B9A66,True,demand_surface_anchored_v1,SRC_VB_SYNTHETIC,20260903,v0.1
SHP_7B0A27CCFAD4,LOC_4AD46EDFF2A9,pipe,57.5,1534.0,31,LCV,0.604,LOC_E69E8484FBC3,True,demand_surface_anchored_v1,SRC_VB_SYNTHETIC,20260903,v0.1
SHP_5E2503287BE4,LOC_5139F7728C9F,tmt,186.8,3022.0,66,2-axle,0.552,LOC_95720C134418,True,demand_surface_anchored_v1,SRC_VB_SYNTHETIC,20260903,v0.1
SHP_C25646A86D90,LOC_88C24CDD6638,paint,29.9,707.0,20,LCV,0.194,LOC_F7E85CB78A49,True,demand_surface_anchored_v1,SRC_VB_SYNTHETIC,20260903,v0.1
SHP_767D90EFCB0A,LOC_55A4F8E9DBD2,pipe,29.3,779.0,31,LCV,0.386,LOC_26FF31269589,True,demand_surface_anchored_v1,SRC_VB_SYNTHETIC,20260903,v0.1
SHP_ABF4BE4DE239,LOC_4448F0013899,tile,107.0,2685.0,42,2-axle,0.275,LOC_6EA8FE521F90,True,demand_surface_anchored_v1,SRC_VB_SYNTHETIC,20260903,v0.1
SHP_664861E024CA,LOC_FF24805295DC,multi,122.9,4807.0,45,2-axle,0.613,LOC_473538DB2B53,True,demand_surface_anchored_v1,SRC_VB_SYNTHETIC,20260903,v0.1
SHP_4F114EC7F594,LOC_F3E4556C6387,electrical,10.2,594.0,21,2-axle,0.835,LOC_B884C8406818,True,demand_surface_anchored_v1,SRC_VB_SYNTHETIC,20260903,v0.1
SHP_815F283372A4,LOC_22A98E829D6E,cement,224.2,4515.0,53,3-axle,0.512,LOC_21956C23E979,True,demand_surface_anchored_v1,SRC_VB_SYNTHETIC,20260903,v0.1
SHP_BE98194C516E,LOC_490C9B01AD21,brick,296.4,9517.0,67,heavy,0.634,LOC_636C672C3828,True,demand_surface_anchored_v1,SRC_VB_SYNTHETIC,20260903,v0.1
SHP_7564587F8E99,LOC_3DF531018F74,tmt,107.9,3876.0,65,3-axle,0.643,LOC_C47015ABFE60,True,demand_surface_anchored_v1,SRC_VB_SYNTHETIC,20260903,v0.1
SHP_87F76158351C,LOC_EE0FEF6DEE47,tile,70.8,3182.0,49,LCV,0.381,LOC_1BD13709A53C,True,demand_surface_anchored_v1,SRC_VB_SYNTHETIC,20260903,v0.1
SHP_E8FFCE6DFCE8,LOC_7A065D464061,multi,67.6,1509.0,56,LCV,0.315,LOC_ECA5236C065A,True,demand_surface_anchored_v1,SRC_VB_SYNTHETIC,20260903,v0.1
SHP_40B1FF83DBE7,LOC_11CF0DDD13C6,hardware,36.0,917.0,23,LCV,0.494,LOC_71292391FB66,True,demand_surface_anchored_v1,SRC_VB_SYNTHETIC,20260903,v0.1
SHP_4D83F91D7331,LOC_2D40F9917353,cement,140.3,2083.0,37,2-axle,0.405,LOC_679EA7BE4A16,True,demand_surface_anchored_v1,SRC_VB_SYNTHETIC,20260903,v0.1
SHP_43C1852BF024,LOC_EDE0CEA31A12,multi,80.7,2050.0,55,2-axle,0.551,LOC_1FBF8A2DEFCC,True,demand_surface_anchored_v1,SRC_VB_SYNTHETIC,20260903,v0.1
SHP_11EC5E304B9E,LOC_FFB4E0E94434,cement,65.3,2618.0,40,LCV,0.568,LOC_35ECB8CCB2E1,True,demand_surface_anchored_v1,SRC_VB_SYNTHETIC,20260903,v0.1
SHP_2D864C0D479A,LOC_6A034FFD909A,paint,19.0,484.0,12,LCV,0.313,LOC_F6244EF457E4,True,demand_surface_anchored_v1,SRC_VB_SYNTHETIC,20260903,v0.1
SHP_8298C9C7D60D,LOC_4E0F22F4FA1E,multi,174.9,5278.0,57,2-axle,0.595,LOC_2A481B5538E2,True,demand_surface_anchored_v1,SRC_VB_SYNTHETIC,20260903,v0.1
SHP_7F8720F76926,LOC_C681DAA59683,roofing,71.4,2750.0,42,LCV,0.495,LOC_82BA3A145BB1,True,demand_surface_anchored_v1,SRC_VB_SYNTHETIC,20260903,v0.1
SHP_BF0387284E47,LOC_F120247A9B3D,multi,68.6,2620.0,44,2-axle,0.397,LOC_87100B3B0525,True,demand_surface_anchored_v1,SRC_VB_SYNTHETIC,20260903,v0.1
SHP_00546DB0FA32,LOC_DCF5806C0F14,brick,406.4,15847.0,81,heavy,0.445,LOC_9966B004E23E,True,demand_surface_anchored_v1,SRC_VB_SYNTHETIC,20260903,v0.1
SHP_37B3368D5007,LOC_064FF5F7F81C,tmt,178.9,2793.0,59,3-axle,0.481,LOC_6121BA0A6EB1,True,demand_surface_anchored_v1,SRC_VB_SYNTHETIC,20260903,v0.1
SHP_7F6DDB18CFAC,LOC_BD7E9A8F566B,multi,92.7,4084.0,43,3-axle,0.342,LOC_348BE6165DEB,True,demand_surface_anchored_v1,SRC_VB_SYNTHETIC,20260903,v0.1
SHP_195015773B20,LOC_0DB438FFEE8B,multi,88.1,2365.0,60,LCV,0.448,LOC_9321299690B5,True,demand_surface_anchored_v1,SRC_VB_SYNTHETIC,20260903,v0.1
SHP_5877DF6FFCB4,LOC_BCE36072920A,pipe,26.2,956.0,33,2-axle,0.528,LOC_FE6BA2411E1B,True,demand_surface_anchored_v1,SRC_VB_SYNTHETIC,20260903,v0.1
SHP_DC92E6DF35E4,LOC_B43D83F3489F,cement,92.3,2589.0,53,2-axle,0.462,LOC_6F124F42499B,True,demand_surface_anchored_v1,SRC_VB_SYNTHETIC,20260903,v0.1
SHP_F29F3B8A74BF,LOC_1A4E3430B6F0,hardware,27.2,682.0,23,LCV,0.61,LOC_6AA8472A6CE1,True,demand_surface_anchored_v1,SRC_VB_SYNTHETIC,20260903,v0.1
SHP_5250600A66FB,LOC_3BAB882027B8,cement,65.5,957.0,39,2-axle,0.856,LOC_05A8C6A6C357,True,demand_surface_anchored_v1,SRC_VB_SYNTHETIC,20260903,v0.1
SHP_E31EBC414417,LOC_E87B5CA9DECC,multi,101.6,1839.0,61,LCV,0.326,LOC_18374E6C9245,True,demand_surface_anchored_v1,SRC_VB_SYNTHETIC,20260903,v0.1
SHP_C5434D3B3F3F,LOC_7E71CA1F0AFD,tile,63.7,2801.0,36,LCV,0.42,LOC_719EE7AE9AD6,True,demand_surface_anchored_v1,SRC_VB_SYNTHETIC,20260903,v0.1
SHP_D968DF61061D,LOC_22B55102B21A,multi,160.1,3096.0,61,3-axle,0.352,LOC_E6F556CEEDD5,True,demand_surface_anchored_v1,SRC_VB_SYNTHETIC,20260903,v0.1
SHP_7EBC27938B30,LOC_7D9A01AF5501,tmt,148.0,3671.0,67,2-axle,0.355,LOC_3FA38B328DC7,True,demand_surface_anchored_v1,SRC_VB_SYNTHETIC,20260903,v0.1
SHP_5B814D61F686,LOC_A6BAA43C0879,multi,189.7,7038.0,61,3-axle,0.621,LOC_DAA98AD50040,True,demand_surface_anchored_v1,SRC_VB_SYNTHETIC,20260903,v0.1
SHP_F83119C9E1D9,LOC_E1029972EA95,cement,184.1,5527.0,40,3-axle,0.399,LOC_78305416F9A2,True,demand_surface_anchored_v1,SRC_VB_SYNTHETIC,20260903,v0.1
SHP_37457A9006E7,LOC_925670D0F64D,hardware,24.7,824.0,36,LCV,0.549,LOC_9F0D53E57AC3,True,demand_surface_anchored_v1,SRC_VB_SYNTHETIC,20260903,v0.1
SHP_D5A92D49ABF5,LOC_D5CCC41953F7,brick,349.1,5279.0,74,3-axle,0.536,LOC_231D5B63F648,True,demand_surface_anchored_v1,SRC_VB_SYNTHETIC,20260903,v0.1
SHP_F23C5DE854BD,LOC_D3C72D19131E,tmt,177.9,6299.0,56,2-axle,0.448,LOC_562458163AAE,True,demand_surface_anchored_v1,SRC_VB_SYNTHETIC,20260903,v0.1
SHP_15633F0D3310,LOC_70E8C576F377,pipe,60.3,2695.0,29,2-axle,0.713,LOC_11E631DAC18B,True,demand_surface_anchored_v1,SRC_VB_SYNTHETIC,20260903,v0.1
SHP_507BC27A463C,LOC_A0DAFE92E070,hardware,39.5,1953.0,36,3-axle,0.782,LOC_D8B870987702,True,demand_surface_anchored_v1,SRC_VB_SYNTHETIC,20260903,v0.1
SHP_5002580502D3,LOC_3E5292FCC544,multi,131.0,4678.0,44,2-axle,0.625,LOC_4144C0F29CB3,True,demand_surface_anchored_v1,SRC_VB_SYNTHETIC,20260903,v0.1
SHP_696B8B7283BC,LOC_C0F233C52353,multi,178.1,7577.0,55,2-axle,0.462,LOC_1C0FDA223E44,True,demand_surface_anchored_v1,SRC_VB_SYNTHETIC,20260903,v0.1
SHP_FE3CDF1958DA,LOC_B3C5EBE7525F,hardware,57.2,1815.0,36,LCV,0.47,LOC_CE4265D3360D,True,demand_surface_anchored_v1,SRC_VB_SYNTHETIC,20260903,v0.1
SHP_3EC014860BC1,LOC_AA7CC646BAFD,brick,411.3,6595.0,62,heavy,0.555,LOC_4930C469E163,True,demand_surface_anchored_v1,SRC_VB_SYNTHETIC,20260903,v0.1
SHP_B6E80AEB862D,LOC_927214D26EF4,paint,10.7,360.0,19,LCV,0.446,LOC_A93DC629E968,True,demand_surface_anchored_v1,SRC_VB_SYNTHETIC,20260903,v0.1
SHP_71245FB202E2,LOC_2EBE2D26EF1B,electrical,20.5,361.0,24,LCV,0.433,LOC_9603DF774AA2,True,demand_surface_anchored_v1,SRC_VB_SYNTHETIC,20260903,v0.1
SHP_62A163FBA763,LOC_23B8F3FE87BC,cement,115.8,2495.0,41,LCV,0.51,LOC_3A640449654A,True,demand_surface_anchored_v1,SRC_VB_SYNTHETIC,20260903,v0.1
SHP_7E0C4EAAAACC,LOC_646FF5EA6DBF,tmt,106.3,2637.0,58,2-axle,0.452,LOC_F14DD3AF5316,True,demand_surface_anchored_v1,SRC_VB_SYNTHETIC,20260903,v0.1
SHP_7B6DB29FE436,LOC_0332928AECA8,tile,91.4,4063.0,44,2-axle,0.61,LOC_617B73983AE6,True,demand_surface_anchored_v1,SRC_VB_SYNTHETIC,20260903,v0.1
SHP_34F4FFCA0701,LOC_99E5501D2A6D,tmt,161.5,2732.0,59,3-axle,0.544,LOC_DC13DD3AE2C9,True,demand_surface_anchored_v1,SRC_VB_SYNTHETIC,20260903,v0.1
SHP_B310A75EEBA8,LOC_98F1F446FFD7,multi,135.0,4830.0,56,2-axle,0.431,LOC_B53AE40A3709,True,demand_surface_anchored_v1,SRC_VB_SYNTHETIC,20260903,v0.1
SHP_65DB5E8818BD,LOC_B4000DF7337F,brick,199.3,5198.0,71,3-axle,0.481,LOC_82002516DA32,True,demand_surface_anchored_v1,SRC_VB_SYNTHETIC,20260903,v0.1
SHP_59C9C017364E,LOC_5C757EE148F1,cement,213.2,9135.0,46,3-axle,0.506,LOC_FEC5BD2B582F,True,demand_surface_anchored_v1,SRC_VB_SYNTHETIC,20260903,v0.1
SHP_8AC9973666C3,LOC_415D0CE666E8,pipe,63.6,3146.0,32,2-axle,0.574,LOC_81272F81DB10,True,demand_surface_anchored_v1,SRC_VB_SYNTHETIC,20260903,v0.1
SHP_FA4C6BAC323C,LOC_2A1CA8919AEE,pipe,33.5,1720.0,24,LCV,0.492,LOC_D6865948FC1D,True,demand_surface_anchored_v1,SRC_VB_SYNTHETIC,20260903,v0.1
SHP_59F2C09EBF04,LOC_DF7BDED56ADF,brick,175.1,3087.0,65,2-axle,0.483,LOC_60B1E3E77DDF,True,demand_surface_anchored_v1,SRC_VB_SYNTHETIC,20260903,v0.1
SHP_D6FFC5B8B808,LOC_604E99CC2B83,multi,109.4,4199.0,58,LCV,0.721,LOC_4296583F9024,True,demand_surface_anchored_v1,SRC_VB_SYNTHETIC,20260903,v0.1
SHP_7C689FC9ECC1,LOC_049761C8AEF7,hardware,23.7,1200.0,30,3-axle,0.96,LOC_DF2B9326610E,True,demand_surface_anchored_v1,SRC_VB_SYNTHETIC,20260903,v0.1
SHP_8227D15606C7,LOC_239C236906EA,multi,112.5,3272.0,53,2-axle,0.496,LOC_6B46F37BBC23,True,demand_surface_anchored_v1,SRC_VB_SYNTHETIC,20260903,v0.1
SHP_896781849F70,LOC_740057DD1EFB,hardware,30.7,435.0,31,LCV,0.231,LOC_20DBD0EE327E,True,demand_surface_anchored_v1,SRC_VB_SYNTHETIC,20260903,v0.1
SHP_87B284C0EAB9,LOC_A4DA484F9CD3,cement,222.8,5281.0,56,2-axle,0.348,LOC_02BB593B4CC4,True,demand_surface_anchored_v1,SRC_VB_SYNTHETIC,20260903,v0.1
SHP_26944CC1B34D,LOC_5347E1D0C2F9,multi,62.1,1262.0,51,LCV,0.44,LOC_EF4BA14E242C,True,demand_surface_anchored_v1,SRC_VB_SYNTHETIC,20260903,v0.1
SHP_5B58464A5D75,LOC_716A2A52B988,cement,198.6,9267.0,38,3-axle,0.685,LOC_548FE98DDB58,True,demand_surface_anchored_v1,SRC_VB_SYNTHETIC,20260903,v0.1
SHP_000F0D246925,LOC_B66CA376BF3F,brick,302.4,10824.0,69,3-axle,0.539,LOC_A8510E1615E8,True,demand_surface_anchored_v1,SRC_VB_SYNTHETIC,20260903,v0.1
SHP_6335DD30344C,LOC_E8CAC48E2A77,electrical,35.5,665.0,17,LCV,0.504,LOC_C90254DC1403,True,demand_surface_anchored_v1,SRC_VB_SYNTHETIC,20260903,v0.1
SHP_DE42CCFEBDB0,LOC_E0C108018004,multi,186.2,3939.0,44,3-axle,0.716,LOC_A0A54E4272CE,True,demand_surface_anchored_v1,SRC_VB_SYNTHETIC,20260903,v0.1
SHP_F388F554EDBE,LOC_78654222C8B1,hardware,37.1,784.0,24,2-axle,0.503,LOC_32FCE404ADDC,True,demand_surface_anchored_v1,SRC_VB_SYNTHETIC,20260903,v0.1
SHP_217BA11BED01,LOC_0B56C71F4DF9,multi,139.7,5138.0,61,2-axle,0.662,LOC_B2565FD761F3,True,demand_surface_anchored_v1,SRC_VB_SYNTHETIC,20260903,v0.1
SHP_F46B8198E206,LOC_FB120484C98F,sanitary,50.0,674.0,24,LCV,0.474,LOC_D250432EEAE6,True,demand_surface_anchored_v1,SRC_VB_SYNTHETIC,20260903,v0.1
SHP_EC5B41225A0C,LOC_D5A984C435B0,multi,127.3,3097.0,60,2-axle,0.571,LOC_0F61DD691102,True,demand_surface_anchored_v1,SRC_VB_SYNTHETIC,20260903,v0.1
SHP_505F8D1EA638,LOC_C922B0666201,paint,19.3,798.0,12,LCV,0.57,LOC_19B6C962BF20,True,demand_surface_anchored_v1,SRC_VB_SYNTHETIC,20260903,v0.1
SHP_9A93706828D2,LOC_F3C98AA56379,multi,169.1,5428.0,44,2-axle,0.417,LOC_2E9834F07D72,True,demand_surface_anchored_v1,SRC_VB_SYNTHETIC,20260903,v0.1
SHP_35E3A1164513,LOC_289AB68BB632,sanitary,35.1,527.0,28,LCV,0.561,LOC_EFF4C28773E6,True,demand_surface_anchored_v1,SRC_VB_SYNTHETIC,20260903,v0.1
SHP_39B27DA10863,LOC_0107C72B75AF,multi,86.5,2960.0,53,2-axle,0.622,LOC_3E29C1C509AB,True,demand_surface_anchored_v1,SRC_VB_SYNTHETIC,20260903,v0.1
SHP_0395CEA6373E,LOC_36040F25EB48,multi,168.2,4294.0,50,2-axle,0.542,LOC_6409C57595F5,True,demand_surface_anchored_v1,SRC_VB_SYNTHETIC,20260903,v0.1
SHP_A2C032B4F13B,LOC_9B0D6D466694,tmt,112.0,4164.0,52,2-axle,0.479,LOC_D515132AD623,True,demand_surface_anchored_v1,SRC_VB_SYNTHETIC,20260903,v0.1
SHP_1BFC9297370A,LOC_045EFBFF2082,tmt,100.9,2923.0,52,2-axle,0.754,LOC_77602F9108D6,True,demand_surface_anchored_v1,SRC_VB_SYNTHETIC,20260903,v0.1
SHP_F01AD63778D5,LOC_08CF17A67A94,paint,30.4,1334.0,13,LCV,0.646,LOC_D6E69D55A8E5,True,demand_surface_anchored_v1,SRC_VB_SYNTHETIC,20260903,v0.1
SHP_F5D6D9B53ED3,LOC_E888733E19B3,pipe,30.5,1156.0,25,2-axle,0.593,LOC_32FCE404ADDC,True,demand_surface_anchored_v1,SRC_VB_SYNTHETIC,20260903,v0.1
SHP_661A5250E7B4,LOC_73E11926AFB7,multi,92.5,1308.0,61,LCV,0.503,LOC_5286FBDC9E58,True,demand_surface_anchored_v1,SRC_VB_SYNTHETIC,20260903,v0.1
SHP_50172CD648F6,LOC_B50598B59580,brick,457.0,23167.0,73,heavy,0.596,LOC_E01FBB4F1226,True,demand_surface_anchored_v1,SRC_VB_SYNTHETIC,20260903,v0.1
SHP_8577D5A190E6,LOC_27AB7D4EF3FF,hardware,50.6,1128.0,21,LCV,0.407,LOC_75B26EB13E5E,True,demand_surface_anchored_v1,SRC_VB_SYNTHETIC,20260903,v0.1
SHP_0BA3C60AD830,LOC_2B066D3AA468,tmt,96.3,3799.0,62,2-axle,0.595,LOC_9AD951683850,True,demand_surface_anchored_v1,SRC_VB_SYNTHETIC,20260903,v0.1
SHP_8D3ED902CC72,LOC_6069FC0391A2,multi,185.5,6001.0,57,3-axle,0.642,LOC_0FD1A70C22C5,True,demand_surface_anchored_v1,SRC_VB_SYNTHETIC,20260903,v0.1
SHP_8DE9F7838C2E,LOC_578229A8F1C7,roofing,66.8,2482.0,45,LCV,0.528,LOC_378B9AEE096D,True,demand_surface_anchored_v1,SRC_VB_SYNTHETIC,20260903,v0.1
SHP_253834733BBF,LOC_92C1ABF2553C,multi,64.6,1080.0,56,LCV,0.206,LOC_274A05316164,True,demand_surface_anchored_v1,SRC_VB_SYNTHETIC,20260903,v0.1
SHP_FF8CDA1582BF,LOC_E8BCFFF9E7EA,electrical,27.8,336.0,30,LCV,0.436,LOC_A14750CC20AE,True,demand_surface_anchored_v1,SRC_VB_SYNTHETIC,20260903,v0.1
SHP_7EAC089C8EC1,LOC_9B7EB990D7D3,brick,448.0,16510.0,64,3-axle,0.389,LOC_3CB16E335086,True,demand_surface_anchored_v1,SRC_VB_SYNTHETIC,20260903,v0.1
SHP_57A763BE4B5D,LOC_5F1FEBD27EF9,roofing,74.8,2114.0,44,LCV,0.231,LOC_CE4265D3360D,True,demand_surface_anchored_v1,SRC_VB_SYNTHETIC,20260903,v0.1
SHP_BE936D4DC526,LOC_06112FFFC3B3,pipe,56.8,2191.0,37,2-axle,0.512,LOC_772031A7EFBC,True,demand_surface_anchored_v1,SRC_VB_SYNTHETIC,20260903,v0.1
SHP_03F08B877D1C,LOC_765EAFE7F9F6,multi,119.5,5373.0,53,2-axle,0.529,LOC_F691003C80DE,True,demand_surface_anchored_v1,SRC_VB_SYNTHETIC,20260903,v0.1
SHP_C392210A7E9F,LOC_8A09C40CAF75,brick,406.1,11460.0,79,3-axle,0.342,LOC_7989CE5325DB,True,demand_surface_anchored_v1,SRC_VB_SYNTHETIC,20260903,v0.1
SHP_9A57BF755494,LOC_CDF62D4D12C0,multi,106.5,5861.0,43,2-axle,0.533,LOC_91B299E041FA,True,demand_surface_anchored_v1,SRC_VB_SYNTHETIC,20260903,v0.1
SHP_7F6B5FC399BD,LOC_255EBEFE8E5E,multi,169.8,6343.0,53,2-axle,0.668,LOC_DEA95FC841C0,True,demand_surface_anchored_v1,SRC_VB_SYNTHETIC,20260903,v0.1
SHP_29DD02DA25EC,LOC_43D036816FDE,multi,57.2,1872.0,56,LCV,0.441,LOC_3D987BE0DBAB,True,demand_surface_anchored_v1,SRC_VB_SYNTHETIC,20260903,v0.1
SHP_24A5726C89D5,LOC_7F596240CF42,electrical,18.5,322.0,17,LCV,0.461,LOC_AEBD136A15E4,True,demand_surface_anchored_v1,SRC_VB_SYNTHETIC,20260903,v0.1
SHP_E02022A5D2A7,LOC_40FD160A6E2C,hardware,49.1,497.0,20,LCV,0.304,LOC_095093F0F49A,True,demand_surface_anchored_v1,SRC_VB_SYNTHETIC,20260903,v0.1
SHP_0EBB1E85751B,LOC_7C5969D0D207,brick,440.9,24355.0,64,heavy,0.852,LOC_DCF8B8421843,True,demand_surface_anchored_v1,SRC_VB_SYNTHETIC,20260903,v0.1
SHP_5F2A4536C645,LOC_8F31743F06C1,cement,91.4,1787.0,40,LCV,0.507,LOC_08926CA20379,True,demand_surface_anchored_v1,SRC_VB_SYNTHETIC,20260903,v0.1
SHP_B6D7203D8AD9,LOC_C4BF7F1199B0,pipe,31.1,1032.0,36,LCV,0.369,LOC_4070FA2E3B2C,True,demand_surface_anchored_v1,SRC_VB_SYNTHETIC,20260903,v0.1
SHP_D7DE66BA11EF,LOC_337F5BB5BC01,sanitary,57.1,2653.0,38,2-axle,0.605,LOC_1FC99A17CD93,True,demand_surface_anchored_v1,SRC_VB_SYNTHETIC,20260903,v0.1
SHP_19ABB8B4B499,LOC_47DA2534F4F7,cement,89.1,4290.0,42,2-axle,0.432,LOC_77D86F9F987B,True,demand_surface_anchored_v1,SRC_VB_SYNTHETIC,20260903,v0.1
SHP_0797A9206D9F,LOC_019E7160537D,electrical,12.4,370.0,15,LCV,0.461,LOC_40BEC5559047,True,demand_surface_anchored_v1,SRC_VB_SYNTHETIC,20260903,v0.1
SHP_7513C332CA5C,LOC_332FC993B3B1,multi,151.0,4342.0,58,2-axle,0.125,LOC_2BC9207C671F,True,demand_surface_anchored_v1,SRC_VB_SYNTHETIC,20260903,v0.1
SHP_D513167205DD,LOC_AD5CE380CD38,sanitary,58.2,1362.0,36,LCV,0.515,LOC_0A364F3DD11E,True,demand_surface_anchored_v1,SRC_VB_SYNTHETIC,20260903,v0.1
SHP_A0ABF3CF50AA,LOC_FE817093BD8A,cement,83.3,3604.0,55,LCV,0.421,LOC_46341CAE4293,True,demand_surface_anchored_v1,SRC_VB_SYNTHETIC,20260903,v0.1
SHP_4A2BE20FA2FF,LOC_4110DE6CB515,tmt,160.9,7657.0,66,2-axle,0.807,LOC_5D4A78030A10,True,demand_surface_anchored_v1,SRC_VB_SYNTHETIC,20260903,v0.1
SHP_9652AF7B9824,LOC_86E4F2098EDD,hardware,26.7,1024.0,21,LCV,0.706,LOC_F91E8E82C9D6,True,demand_surface_anchored_v1,SRC_VB_SYNTHETIC,20260903,v0.1
SHP_5E4A9A58C6B4,LOC_89B12A66D642,roofing,125.8,4045.0,47,2-axle,0.451,LOC_DF95B0B92665,True,demand_surface_anchored_v1,SRC_VB_SYNTHETIC,20260903,v0.1
SHP_AD384FFAB562,LOC_53DFA88A06FA,multi,169.5,7074.0,56,2-axle,0.418,LOC_9BF487F2AB51,True,demand_surface_anchored_v1,SRC_VB_SYNTHETIC,20260903,v0.1
SHP_2F838C6F2883,LOC_DA3800F24037,brick,466.0,18429.0,69,heavy,0.392,LOC_D31A2E25FC78,True,demand_surface_anchored_v1,SRC_VB_SYNTHETIC,20260903,v0.1
SHP_7216552D161E,LOC_ED3A062FF451,multi,78.9,2706.0,48,LCV,0.397,LOC_841ACAFE0A13,True,demand_surface_anchored_v1,SRC_VB_SYNTHETIC,20260903,v0.1
SHP_02A7C3D945AE,LOC_239CA1EC9E15,multi,79.3,1312.0,42,LCV,0.624,LOC_72FF25410154,True,demand_surface_anchored_v1,SRC_VB_SYNTHETIC,20260903,v0.1
SHP_E08AF796A0DE,LOC_B80891834DA0,multi,150.2,5363.0,54,2-axle,0.497,LOC_FE2423C5F510,True,demand_surface_anchored_v1,SRC_VB_SYNTHETIC,20260903,v0.1
SHP_CCB6B2A3C1BC,LOC_74328C6B211B,tmt,194.3,8256.0,57,3-axle,0.468,LOC_0E9E7CFFD208,True,demand_surface_anchored_v1,SRC_VB_SYNTHETIC,20260903,v0.1
SHP_21D2D040F73B,LOC_EAB372E816E3,pipe,51.6,807.0,23,LCV,0.447,LOC_997018A815EF,True,demand_surface_anchored_v1,SRC_VB_SYNTHETIC,20260903,v0.1
SHP_057035CBE1F8,LOC_7F1C6E7B4CA3,brick,374.6,13021.0,65,3-axle,0.589,LOC_F91C2367EED6,True,demand_surface_anchored_v1,SRC_VB_SYNTHETIC,20260903,v0.1
SHP_FBDFE41D5787,LOC_9404236289BB,tile,44.7,2278.0,49,2-axle,0.433,LOC_231D793A0334,True,demand_surface_anchored_v1,SRC_VB_SYNTHETIC,20260903,v0.1
SHP_25630AB301B4,LOC_2D18400CED6E,roofing,99.5,3495.0,44,2-axle,0.379,LOC_CB570D4104C5,True,demand_surface_anchored_v1,SRC_VB_SYNTHETIC,20260903,v0.1
SHP_87B9E2733268,LOC_1680DB746899,multi,62.5,2381.0,44,LCV,0.383,LOC_A2AB001A3DF1,True,demand_surface_anchored_v1,SRC_VB_SYNTHETIC,20260903,v0.1
SHP_F168227143E4,LOC_EAD84A3E367F,brick,257.8,10263.0,73,3-axle,0.527,LOC_3FF9E1A58965,True,demand_surface_anchored_v1,SRC_VB_SYNTHETIC,20260903,v0.1
SHP_5D1B64F657CB,LOC_3513D7DDD413,multi,89.1,2173.0,57,2-axle,0.521,LOC_81BAC8264EE3,True,demand_surface_anchored_v1,SRC_VB_SYNTHETIC,20260903,v0.1
SHP_82DE3D97F7DA,LOC_864B4A604347,multi,110.6,2956.0,43,3-axle,0.582,LOC_C11E314DBF9F,True,demand_surface_anchored_v1,SRC_VB_SYNTHETIC,20260903,v0.1
SHP_993E909B482D,LOC_1C2623E66350,multi,132.6,4088.0,53,2-axle,0.35,LOC_B9B5F9B68896,True,demand_surface_anchored_v1,SRC_VB_SYNTHETIC,20260903,v0.1
SHP_F1E6E5769784,LOC_C241A127C50A,cement,193.0,7100.0,37,2-axle,0.341,LOC_61660DDC6DB1,True,demand_surface_anchored_v1,SRC_VB_SYNTHETIC,20260903,v0.1
SHP_AA52AD1F55C5,LOC_80EE3444FB73,brick,219.4,7075.0,65,3-axle,0.529,LOC_E95938C45888,True,demand_surface_anchored_v1,SRC_VB_SYNTHETIC,20260903,v0.1
SHP_C193F7F4B18F,LOC_845642EFC8A4,pipe,54.5,2027.0,27,LCV,0.5,LOC_A53A6E236EA7,True,demand_surface_anchored_v1,SRC_VB_SYNTHETIC,20260903,v0.1
SHP_ACA18F852D56,LOC_4FDEB9F56076,electrical,34.4,1368.0,22,LCV,0.6,LOC_A9137167DC0E,True,demand_surface_anchored_v1,SRC_VB_SYNTHETIC,20260903,v0.1
SHP_128774D12538,LOC_6F7BA38AA1C2,hardware,40.7,1449.0,30,LCV,0.631,LOC_EFB25C5E5A91,True,demand_surface_anchored_v1,SRC_VB_SYNTHETIC,20260903,v0.1
SHP_F3BB222003C9,LOC_E44530A93554,tile,92.4,4242.0,38,2-axle,0.429,LOC_700A9055E4E7,True,demand_surface_anchored_v1,SRC_VB_SYNTHETIC,20260903,v0.1
SHP_07ACEF758863,LOC_448F52BB6AA1,cement,117.9,5615.0,47,2-axle,0.339,LOC_005F29923764,True,demand_surface_anchored_v1,SRC_VB_SYNTHETIC,20260903,v0.1
SHP_2AD829B2C94A,LOC_85245A2F3C77,sanitary,48.8,1723.0,36,LCV,0.36,LOC_FC4D90459970,True,demand_surface_anchored_v1,SRC_VB_SYNTHETIC,20260903,v0.1
SHP_CC527D4D4DC1,LOC_7A16C060A4AB,pipe,63.4,1743.0,22,LCV,0.48,LOC_7036847809B3,True,demand_surface_anchored_v1,SRC_VB_SYNTHETIC,20260903,v0.1
SHP_A6268E92D9C8,LOC_1F8237CCD161,cement,104.2,4330.0,50,2-axle,0.517,LOC_B6FF5DEFE6BE,True,demand_surface_anchored_v1,SRC_VB_SYNTHETIC,20260903,v0.1
SHP_EB454B04F907,LOC_3A05FE2C2DF7,tmt,92.0,3354.0,70,LCV,0.45,LOC_55526ED81F6F,True,demand_surface_anchored_v1,SRC_VB_SYNTHETIC,20260903,v0.1
SHP_59AEFD6E4514,LOC_7A867533DFEC,multi,63.3,2690.0,61,LCV,0.52,LOC_0E2342298CF3,True,demand_surface_anchored_v1,SRC_VB_SYNTHETIC,20260903,v0.1
SHP_BF9F9B51BAD0,LOC_29E4B1A4A5F2,cement,212.2,12907.0,43,3-axle,0.779,LOC_418B7AAEE0F9,True,demand_surface_anchored_v1,SRC_VB_SYNTHETIC,20260903,v0.1
SHP_E1EB26120AF1,LOC_44D4CEFE51B3,cement,234.0,7351.0,55,3-axle,0.747,LOC_735BFC1760E1,True,demand_surface_anchored_v1,SRC_VB_SYNTHETIC,20260903,v0.1
SHP_30C57CCE1F22,LOC_319265CC641F,cement,156.3,4233.0,51,2-axle,0.453,LOC_59355B66BAA9,True,demand_surface_anchored_v1,SRC_VB_SYNTHETIC,20260903,v0.1
SHP_03B59DAAFD03,LOC_91663ABAF2D1,hardware,19.1,1230.0,23,3-axle,0.841,LOC_8556B68B51B6,True,demand_surface_anchored_v1,SRC_VB_SYNTHETIC,20260903,v0.1
SHP_DA37C14D3422,LOC_ACF9FD91A7AB,multi,56.0,2227.0,45,2-axle,0.282,LOC_C35754D8A6D1,True,demand_surface_anchored_v1,SRC_VB_SYNTHETIC,20260903,v0.1
SHP_338FEC095B1D,LOC_9D4A36680CD2,hardware,34.1,1479.0,23,LCV,0.537,LOC_BF4D51D77FFE,True,demand_surface_anchored_v1,SRC_VB_SYNTHETIC,20260903,v0.1
SHP_283984C0987D,LOC_F09CE08514F8,brick,407.2,4538.0,66,3-axle,0.609,LOC_00B07327CAAC,True,demand_surface_anchored_v1,SRC_VB_SYNTHETIC,20260903,v0.1
SHP_2D47950CBAFE,LOC_2EB59FEE5045,multi,69.0,3557.0,61,3-axle,0.811,LOC_E7E392882756,True,demand_surface_anchored_v1,SRC_VB_SYNTHETIC,20260903,v0.1
SHP_4CE4243562AC,LOC_473791E1BE2B,multi,63.7,3099.0,47,2-axle,0.424,LOC_549503EB40A0,True,demand_surface_anchored_v1,SRC_VB_SYNTHETIC,20260903,v0.1
SHP_59AECAFA7D81,LOC_7C4D01C5CFBD,tmt,96.5,3426.0,57,2-axle,0.507,LOC_9B98CA634BFF,True,demand_surface_anchored_v1,SRC_VB_SYNTHETIC,20260903,v0.1
SHP_C2AEE624D65B,LOC_E6DA5F875D5D,hardware,50.6,778.0,26,LCV,0.555,LOC_97AB1C15910B,True,demand_surface_anchored_v1,SRC_VB_SYNTHETIC,20260903,v0.1
SHP_37E51AD3E758,LOC_448E545B6621,multi,138.0,6543.0,59,2-axle,0.453,LOC_C1127341BC3D,True,demand_surface_anchored_v1,SRC_VB_SYNTHETIC,20260903,v0.1
SHP_00E83EA357D7,LOC_4A2B466D15DB,multi,126.8,2679.0,52,2-axle,0.359,LOC_89703DEC04D5,True,demand_surface_anchored_v1,SRC_VB_SYNTHETIC,20260903,v0.1
SHP_C1662C97D2FE,LOC_52EE4C7928F1,multi,87.2,3054.0,43,2-axle,0.458,LOC_CC90C0AC50D7,True,demand_surface_anchored_v1,SRC_VB_SYNTHETIC,20260903,v0.1
SHP_CA05E76EDA02,LOC_707629869770,paint,18.0,402.0,25,LCV,0.605,LOC_83C188777C76,True,demand_surface_anchored_v1,SRC_VB_SYNTHETIC,20260903,v0.1
SHP_3D8846178419,LOC_9E0AF7CD14E4,tmt,141.2,5720.0,54,2-axle,0.605,LOC_D515132AD623,True,demand_surface_anchored_v1,SRC_VB_SYNTHETIC,20260903,v0.1
SHP_07E4057C6E0E,LOC_B79BABA52A10,cement,109.1,3326.0,50,LCV,0.52,LOC_984161DEC2B0,True,demand_surface_anchored_v1,SRC_VB_SYNTHETIC,20260903,v0.1
SHP_DE4FC44B9181,LOC_6674C7E3918F,brick,475.5,7093.0,63,3-axle,0.462,LOC_03D50B66DB93,True,demand_surface_anchored_v1,SRC_VB_SYNTHETIC,20260903,v0.1
SHP_9FB5E3EEF4DD,LOC_1B0C5869A751,multi,133.7,5211.0,58,2-axle,0.563,LOC_4881818765B6,True,demand_surface_anchored_v1,SRC_VB_SYNTHETIC,20260903,v0.1
SHP_FE1C952BB408,LOC_C34D06BA6002,tile,49.1,1562.0,45,LCV,0.256,LOC_ED65BF9509E3,True,demand_surface_anchored_v1,SRC_VB_SYNTHETIC,20260903,v0.1
SHP_0B688DFDD495,LOC_90CCBBAAE40B,multi,110.1,7111.0,48,heavy,0.771,LOC_9543C199049B,True,demand_surface_anchored_v1,SRC_VB_SYNTHETIC,20260903,v0.1
SHP_B203A0829043,LOC_CE81B619FDE6,paint,19.5,398.0,17,LCV,0.365,LOC_7097342BE77C,True,demand_surface_anchored_v1,SRC_VB_SYNTHETIC,20260903,v0.1
SHP_321FD6BD51AF,LOC_7F3EADDA8CA5,pipe,38.6,534.0,25,LCV,0.437,LOC_D51C21C60400,True,demand_surface_anchored_v1,SRC_VB_SYNTHETIC,20260903,v0.1
SHP_8480760EDECA,LOC_A9659137F0E5,hardware,39.7,1650.0,27,LCV,0.549,LOC_295ECB0EF1DF,True,demand_surface_anchored_v1,SRC_VB_SYNTHETIC,20260903,v0.1
SHP_0D373763BCEA,LOC_6F44B376A167,brick,281.2,7766.0,74,3-axle,0.44,LOC_E67CDEDEFC90,True,demand_surface_anchored_v1,SRC_VB_SYNTHETIC,20260903,v0.1
SHP_051AB4AC3A92,LOC_F40C8A090788,tile,104.0,3607.0,40,2-axle,0.425,LOC_C62E90D6792A,True,demand_surface_anchored_v1,SRC_VB_SYNTHETIC,20260903,v0.1
SHP_368F2E2B5DCF,LOC_612D4C3A8689,sanitary,50.8,1858.0,33,2-axle,0.911,LOC_295AB7B6EA4E,True,demand_surface_anchored_v1,SRC_VB_SYNTHETIC,20260903,v0.1
SHP_AC8BDD0AAD91,LOC_666D6E759559,multi,174.6,6686.0,45,2-axle,0.418,LOC_3100FC206BBD,True,demand_surface_anchored_v1,SRC_VB_SYNTHETIC,20260903,v0.1
SHP_22EBAB302D31,LOC_7C2DA312CC41,cement,214.3,10430.0,42,3-axle,0.552,LOC_6352280A09CB,True,demand_surface_anchored_v1,SRC_VB_SYNTHETIC,20260903,v0.1
SHP_ECCF2DAC1FB0,LOC_D7EE6336FB6E,cement,129.2,5104.0,43,2-axle,0.309,LOC_7B42892A15E3,True,demand_surface_anchored_v1,SRC_VB_SYNTHETIC,20260903,v0.1
SHP_C1266447D233,LOC_D8844E3C3359,multi,136.1,6161.0,55,2-axle,0.304,LOC_700486D84480,True,demand_surface_anchored_v1,SRC_VB_SYNTHETIC,20260903,v0.1
SHP_23E5D807D7EF,LOC_E58DAC290D24,multi,114.6,2031.0,50,2-axle,0.365,LOC_3179AFA249E8,True,demand_surface_anchored_v1,SRC_VB_SYNTHETIC,20260903,v0.1
SHP_E2A730A605D9,LOC_30B2691E113C,electrical,9.2,251.0,20,LCV,0.67,LOC_FA337FD6164D,True,demand_surface_anchored_v1,SRC_VB_SYNTHETIC,20260903,v0.1
SHP_9B305189CE7A,LOC_8B39D52C86B8,tmt,86.4,955.0,68,LCV,0.159,LOC_0A21A03ED0BB,True,demand_surface_anchored_v1,SRC_VB_SYNTHETIC,20260903,v0.1
SHP_14249DFDF431,LOC_74044FE579EC,cement,183.0,5416.0,54,2-axle,0.422,LOC_2A9B288306CE,True,demand_surface_anchored_v1,SRC_VB_SYNTHETIC,20260903,v0.1
SHP_22F97C91CAAF,LOC_30C791499C44,cement,128.1,5107.0,39,2-axle,0.644,LOC_FAF46C6DA61A,True,demand_surface_anchored_v1,SRC_VB_SYNTHETIC,20260903,v0.1
SHP_8C7D0F410EBB,LOC_C8E24674060F,electrical,39.0,1368.0,13,LCV,0.583,LOC_2AA770554CAE,True,demand_surface_anchored_v1,SRC_VB_SYNTHETIC,20260903,v0.1
SHP_D157960BF8DE,LOC_2E504E87ED46,hardware,19.7,761.0,17,LCV,0.354,LOC_E700C82A0CEB,True,demand_surface_anchored_v1,SRC_VB_SYNTHETIC,20260903,v0.1
SHP_2DC94B60A511,LOC_64332C66D7B6,tmt,80.0,1169.0,54,LCV,0.659,LOC_948C8BCAF3E1,True,demand_surface_anchored_v1,SRC_VB_SYNTHETIC,20260903,v0.1
SHP_A9933060AD00,LOC_F4C4DEE82320,electrical,18.3,417.0,26,2-axle,0.683,LOC_DE1337784827,True,demand_surface_anchored_v1,SRC_VB_SYNTHETIC,20260903,v0.1
SHP_391549C2A8F2,LOC_F941B2552667,multi,125.0,6096.0,54,2-axle,0.792,LOC_9096EE72AB66,True,demand_surface_anchored_v1,SRC_VB_SYNTHETIC,20260903,v0.1
SHP_B66FD4AF8040,LOC_B282D32F5E0D,pipe,59.2,2772.0,29,2-axle,0.735,LOC_1FDEABAC5740,True,demand_surface_anchored_v1,SRC_VB_SYNTHETIC,20260903,v0.1
SHP_449176A2069F,LOC_E3FBD832F925,tmt,85.0,1785.0,65,heavy,0.801,LOC_1CD0A7279FA7,True,demand_surface_anchored_v1,SRC_VB_SYNTHETIC,20260903,v0.1
SHP_75875F17B016,LOC_635A1522FCFB,hardware,46.2,1183.0,30,LCV,0.611,LOC_A5020F210CCB,True,demand_surface_anchored_v1,SRC_VB_SYNTHETIC,20260903,v0.1
SHP_CE941E235D2D,LOC_9CDA773CAE11,tile,86.6,1606.0,47,2-axle,0.786,LOC_DE39896A420B,True,demand_surface_anchored_v1,SRC_VB_SYNTHETIC,20260903,v0.1
SHP_CC3B585AAE7C,LOC_17C8BBABFB17,multi,107.0,2637.0,60,2-axle,0.537,LOC_FDB66291CFA7,True,demand_surface_anchored_v1,SRC_VB_SYNTHETIC,20260903,v0.1
SHP_7BA63C9AB048,LOC_2EFCD3BD97AE,hardware,40.5,1045.0,21,LCV,0.644,LOC_F68A5AD0F129,True,demand_surface_anchored_v1,SRC_VB_SYNTHETIC,20260903,v0.1
SHP_63A9696A568F,LOC_CC47C9F8CF81,tmt,129.5,3186.0,53,3-axle,0.577,LOC_57F7E5B491AE,True,demand_surface_anchored_v1,SRC_VB_SYNTHETIC,20260903,v0.1
SHP_9EB67CEEA940,LOC_394BF9C97F7A,brick,456.5,8616.0,74,3-axle,0.518,LOC_225CE1C90A2F,True,demand_surface_anchored_v1,SRC_VB_SYNTHETIC,20260903,v0.1
SHP_F869BDE31CD2,LOC_36C4551045FF,cement,74.8,921.0,37,LCV,0.404,LOC_753CC8A49EB9,True,demand_surface_anchored_v1,SRC_VB_SYNTHETIC,20260903,v0.1
SHP_AD7C80993BC3,LOC_314A8E665468,cement,170.5,3967.0,43,2-axle,0.165,LOC_0E9E7CFFD208,True,demand_surface_anchored_v1,SRC_VB_SYNTHETIC,20260903,v0.1
SHP_796FBA20C8FA,LOC_DE1378B65106,tile,48.8,1411.0,47,LCV,0.673,LOC_DFDF67D49C6B,True,demand_surface_anchored_v1,SRC_VB_SYNTHETIC,20260903,v0.1
SHP_2F575B3036CD,LOC_32FD7069867D,hardware,34.2,1794.0,21,2-axle,0.675,LOC_309E7D646677,True,demand_surface_anchored_v1,SRC_VB_SYNTHETIC,20260903,v0.1
SHP_9FDD0EBE65AA,LOC_3DECA6E7CFC8,sanitary,21.4,694.0,27,LCV,0.627,LOC_9B98CA634BFF,True,demand_surface_anchored_v1,SRC_VB_SYNTHETIC,20260903,v0.1
SHP_DE6E39705752,LOC_CE64D949401B,cement,85.0,1833.0,43,LCV,0.593,LOC_F23A216D5137,True,demand_surface_anchored_v1,SRC_VB_SYNTHETIC,20260903,v0.1
SHP_BE459092C2BA,LOC_CCD900FEC857,pipe,63.9,1042.0,27,2-axle,0.386,LOC_936FDB71EF9B,True,demand_surface_anchored_v1,SRC_VB_SYNTHETIC,20260903,v0.1
SHP_57A16CB95D40,LOC_6B2D4B612A1C,electrical,12.1,242.0,23,LCV,0.505,LOC_97B613B957F7,True,demand_surface_anchored_v1,SRC_VB_SYNTHETIC,20260903,v0.1
SHP_91DF4DAA69FF,LOC_5D65EB3DD06D,cement,69.2,2340.0,39,LCV,0.515,LOC_1CF21C2F7259,True,demand_surface_anchored_v1,SRC_VB_SYNTHETIC,20260903,v0.1
SHP_6323BE79765C,LOC_D50D1B76243F,tmt,179.4,6061.0,53,3-axle,0.372,LOC_C25FABF01486,True,demand_surface_anchored_v1,SRC_VB_SYNTHETIC,20260903,v0.1
SHP_E2B165093777,LOC_F29F20A20145,paint,39.3,1549.0,26,LCV,0.333,LOC_A2EF40CE61DD,True,demand_surface_anchored_v1,SRC_VB_SYNTHETIC,20260903,v0.1
SHP_824C5248D492,LOC_D84DEF279BD2,cement,106.0,5058.0,40,3-axle,0.618,LOC_36371066B7AA,True,demand_surface_anchored_v1,SRC_VB_SYNTHETIC,20260903,v0.1
SHP_3ACFBDF7FB87,LOC_F1A1D9A0138C,tile,78.0,1316.0,37,2-axle,0.456,LOC_AF692DCAFEC9,True,demand_surface_anchored_v1,SRC_VB_SYNTHETIC,20260903,v0.1
SHP_75A873D60094,LOC_9431CE46C581,tile,108.6,4489.0,48,2-axle,0.541,LOC_4A19E3CBF101,True,demand_surface_anchored_v1,SRC_VB_SYNTHETIC,20260903,v0.1
SHP_F3FB9AB4E15A,LOC_8C68FE003A4A,cement,197.3,4209.0,37,3-axle,0.557,LOC_F21CE4503385,True,demand_surface_anchored_v1,SRC_VB_SYNTHETIC,20260903,v0.1
SHP_6E5354F202E3,LOC_B385D03D7A96,tmt,160.9,4345.0,58,3-axle,0.471,LOC_2579FC8F43EE,True,demand_surface_anchored_v1,SRC_VB_SYNTHETIC,20260903,v0.1
SHP_419E1A9140DE,LOC_74584CA341E8,cement,200.8,9684.0,38,heavy,0.826,LOC_55DC69BAACF1,True,demand_surface_anchored_v1,SRC_VB_SYNTHETIC,20260903,v0.1
SHP_6E2814EEF934,LOC_FD02420D8EC0,paint,21.9,444.0,16,LCV,0.549,LOC_96D9724E2F71,True,demand_surface_anchored_v1,SRC_VB_SYNTHETIC,20260903,v0.1
SHP_C9D611DCE84A,LOC_37BBFBE85512,multi,123.1,5750.0,58,2-axle,0.529,LOC_2C1B635FF09E,True,demand_surface_anchored_v1,SRC_VB_SYNTHETIC,20260903,v0.1
SHP_52AAE6BB979E,LOC_EDB1F947A5D3,brick,498.7,21775.0,62,heavy,0.579,LOC_3F538CDD9B3F,True,demand_surface_anchored_v1,SRC_VB_SYNTHETIC,20260903,v0.1
SHP_97A9B787F1AF,LOC_7D3BE4B9CCF9,pipe,63.4,1532.0,24,LCV,0.668,LOC_782A9DB3C01B,True,demand_surface_anchored_v1,SRC_VB_SYNTHETIC,20260903,v0.1
SHP_F4C901FB0B28,LOC_D00058B00E5A,multi,175.0,7449.0,59,3-axle,0.579,LOC_231D793A0334,True,demand_surface_anchored_v1,SRC_VB_SYNTHETIC,20260903,v0.1
SHP_D2E98571F8CF,LOC_DE789EAE6CCC,brick,289.7,11925.0,67,3-axle,0.487,LOC_B22DCE6A343C,True,demand_surface_anchored_v1,SRC_VB_SYNTHETIC,20260903,v0.1
SHP_95A0B5924492,LOC_13852EDEE839,electrical,21.4,825.0,29,LCV,0.413,LOC_76C3368E1CC3,True,demand_surface_anchored_v1,SRC_VB_SYNTHETIC,20260903,v0.1
SHP_8B978A04DCE0,LOC_8C32592574F4,multi,146.3,3887.0,44,2-axle,0.772,LOC_70A6F73939F6,True,demand_surface_anchored_v1,SRC_VB_SYNTHETIC,20260903,v0.1
SHP_128FEA3B8DCB,LOC_5CE325C64DA5,pipe,30.3,1408.0,33,LCV,0.729,LOC_31B5EAF9358E,True,demand_surface_anchored_v1,SRC_VB_SYNTHETIC,20260903,v0.1
SHP_15CEA1783F4C,LOC_181D2C2CDB98,paint,27.1,1068.0,22,LCV,0.446,LOC_9A0C6551CF2B,True,demand_surface_anchored_v1,SRC_VB_SYNTHETIC,20260903,v0.1
SHP_C346029ED661,LOC_7976D0F01051,cement,109.0,1373.0,50,2-axle,0.577,LOC_2BC9207C671F,True,demand_surface_anchored_v1,SRC_VB_SYNTHETIC,20260903,v0.1
SHP_EAA5DBF11E85,LOC_4985873C4DC4,hardware,54.2,2199.0,18,2-axle,0.305,LOC_525B11A964FD,True,demand_surface_anchored_v1,SRC_VB_SYNTHETIC,20260903,v0.1
SHP_F32A02675D18,LOC_5289EE0402BE,electrical,17.7,216.0,13,LCV,0.317,LOC_4E82B8600C74,True,demand_surface_anchored_v1,SRC_VB_SYNTHETIC,20260903,v0.1
SHP_46056375C1F0,LOC_8BA9CA8AEE4B,electrical,26.8,320.0,29,LCV,0.413,LOC_21E3435ED943,True,demand_surface_anchored_v1,SRC_VB_SYNTHETIC,20260903,v0.1
SHP_EBFBD9473A82,LOC_58E7F384B092,multi,70.1,2825.0,44,LCV,0.274,LOC_5FB975BC5811,True,demand_surface_anchored_v1,SRC_VB_SYNTHETIC,20260903,v0.1
SHP_19C8508C2EA9,LOC_805AD836CD43,tile,101.3,5131.0,47,2-axle,0.279,LOC_9AB82547F1D5,True,demand_surface_anchored_v1,SRC_VB_SYNTHETIC,20260903,v0.1
SHP_C0B97C2B808E,LOC_55D5F7E61B43,paint,10.9,164.0,15,LCV,0.608,LOC_A8097A9CC6A4,True,demand_surface_anchored_v1,SRC_VB_SYNTHETIC,20260903,v0.1
SHP_2EB75407F1C0,LOC_5E56AB1D7DA1,pipe,26.2,980.0,31,LCV,0.398,LOC_73EC451C0DBA,True,demand_surface_anchored_v1,SRC_VB_SYNTHETIC,20260903,v0.1
SHP_F4AB19EBC2B1,LOC_615671A13C8E,hardware,15.3,524.0,24,LCV,0.359,LOC_EFDAA4D452A6,True,demand_surface_anchored_v1,SRC_VB_SYNTHETIC,20260903,v0.1
SHP_0E4637B48B4D,LOC_9DFA6BA1917E,electrical,25.8,1022.0,25,LCV,0.556,LOC_1F88B891DFEC,True,demand_surface_anchored_v1,SRC_VB_SYNTHETIC,20260903,v0.1
SHP_34CB84702A5F,LOC_14B216CC7F4A,hardware,53.7,3272.0,34,2-axle,0.567,LOC_7E031D3AB807,True,demand_surface_anchored_v1,SRC_VB_SYNTHETIC,20260903,v0.1
SHP_A390EB47A1C8,LOC_B64BA2B3228D,tmt,188.3,8246.0,54,2-axle,0.474,LOC_0EC25FECDC79,True,demand_surface_anchored_v1,SRC_VB_SYNTHETIC,20260903,v0.1
SHP_227D3E233123,LOC_783E5CB6F6CD,tile,100.6,2671.0,51,2-axle,0.51,LOC_8AF91149E414,True,demand_surface_anchored_v1,SRC_VB_SYNTHETIC,20260903,v0.1
SHP_A5BED60F1258,LOC_4C94D47C55EF,brick,162.2,5483.0,75,2-axle,0.496,LOC_735BFC1760E1,True,demand_surface_anchored_v1,SRC_VB_SYNTHETIC,20260903,v0.1
SHP_3FF96A2BD099,LOC_FC2502DCF170,pipe,26.4,932.0,22,LCV,0.487,LOC_D8FAFFE04E64,True,demand_surface_anchored_v1,SRC_VB_SYNTHETIC,20260903,v0.1
SHP_B91FA09B962D,LOC_792B0B06D1F0,hardware,39.2,1367.0,31,LCV,0.456,LOC_BAD659FFF6D2,True,demand_surface_anchored_v1,SRC_VB_SYNTHETIC,20260903,v0.1
SHP_5D834187F72D,LOC_FDED8319F805,multi,80.6,2002.0,46,2-axle,0.655,LOC_E3717D82D7F8,True,demand_surface_anchored_v1,SRC_VB_SYNTHETIC,20260903,v0.1
SHP_1FBEDF11BA80,LOC_54986F4090E5,roofing,103.9,4536.0,41,2-axle,0.799,LOC_DC8518FAAFF3,True,demand_surface_anchored_v1,SRC_VB_SYNTHETIC,20260903,v0.1
SHP_CE2DF514F4FA,LOC_12B905837E55,tmt,185.4,3776.0,56,3-axle,0.574,LOC_2B9E62C3E8FC,True,demand_surface_anchored_v1,SRC_VB_SYNTHETIC,20260903,v0.1
SHP_729119A1564B,LOC_B8109A7DBB69,sanitary,29.0,770.0,34,LCV,0.44,LOC_63037C8210F6,True,demand_surface_anchored_v1,SRC_VB_SYNTHETIC,20260903,v0.1
SHP_1947E02528AD,LOC_4135BA3A0D6D,multi,152.2,5223.0,50,2-axle,0.509,LOC_6E873ABA5A65,True,demand_surface_anchored_v1,SRC_VB_SYNTHETIC,20260903,v0.1
SHP_2EC6AF2B148C,LOC_929FBD353730,electrical,39.7,540.0,26,LCV,0.45,LOC_C5811898B891,True,demand_surface_anchored_v1,SRC_VB_SYNTHETIC,20260903,v0.1
SHP_8F799306E814,LOC_28CEEFD14DAD,cement,213.7,11392.0,48,3-axle,0.585,LOC_721BD81C0600,True,demand_surface_anchored_v1,SRC_VB_SYNTHETIC,20260903,v0.1
SHP_7B00AE7F3751,LOC_91622B963229,hardware,39.5,548.0,32,LCV,0.649,LOC_952CB15CD231,True,demand_surface_anchored_v1,SRC_VB_SYNTHETIC,20260903,v0.1
SHP_501344B7E7AD,LOC_5C144B635654,tmt,102.4,2156.0,59,2-axle,0.473,LOC_B4A0755BE041,True,demand_surface_anchored_v1,SRC_VB_SYNTHETIC,20260903,v0.1
SHP_97099DCD4DB6,LOC_9498876F1587,brick,157.8,2238.0,68,2-axle,0.614,LOC_61BC5E63C653,True,demand_surface_anchored_v1,SRC_VB_SYNTHETIC,20260903,v0.1
SHP_3002813AA464,LOC_0F4A165C7D15,cement,84.7,1255.0,52,LCV,0.359,LOC_7615AB0FD2FF,True,demand_surface_anchored_v1,SRC_VB_SYNTHETIC,20260903,v0.1
SHP_B5864F5FA30C,LOC_37F2942097CE,paint,31.2,459.0,18,LCV,0.673,LOC_499F5641BAF1,True,demand_surface_anchored_v1,SRC_VB_SYNTHETIC,20260903,v0.1
SHP_B50DA996338B,LOC_3AA37D8CEDA4,brick,197.2,6667.0,69,3-axle,0.644,LOC_A2EF40CE61DD,True,demand_surface_anchored_v1,SRC_VB_SYNTHETIC,20260903,v0.1
SHP_77AD0A21CBE3,LOC_18D12051261E,electrical,34.0,1714.0,19,LCV,0.556,LOC_0BC53382B315,True,demand_surface_anchored_v1,SRC_VB_SYNTHETIC,20260903,v0.1
SHP_F3DAB18A5E84,LOC_C175F9760FCC,hardware,24.5,1261.0,24,LCV,0.463,LOC_71C60AC9501D,True,demand_surface_anchored_v1,SRC_VB_SYNTHETIC,20260903,v0.1
SHP_531A2E3A40B0,LOC_2E40923FB8FC,cement,225.1,10496.0,51,3-axle,0.729,LOC_11E631DAC18B,True,demand_surface_anchored_v1,SRC_VB_SYNTHETIC,20260903,v0.1
SHP_67E0903D4E17,LOC_500E6891807A,hardware,37.9,485.0,17,LCV,0.778,LOC_B02AE4BF2E65,True,demand_surface_anchored_v1,SRC_VB_SYNTHETIC,20260903,v0.1
SHP_A40D245ABBFE,LOC_1124507692E7,multi,82.5,3139.0,60,2-axle,0.44,LOC_5336E29536B8,True,demand_surface_anchored_v1,SRC_VB_SYNTHETIC,20260903,v0.1
SHP_6F8D9C2902E6,LOC_27FF5D7D879C,paint,12.5,765.0,29,3-axle,0.639,LOC_BA4E22C7097A,True,demand_surface_anchored_v1,SRC_VB_SYNTHETIC,20260903,v0.1
SHP_6DC09D167BB1,LOC_6AA0A3603F26,paint,41.1,539.0,24,LCV,0.418,LOC_9321299690B5,True,demand_surface_anchored_v1,SRC_VB_SYNTHETIC,20260903,v0.1
SHP_38E2FE1874F2,LOC_5F91358376B7,multi,62.8,2060.0,44,LCV,0.431,LOC_2629397517B5,True,demand_surface_anchored_v1,SRC_VB_SYNTHETIC,20260903,v0.1
SHP_D4954C23F181,LOC_4F148763CB49,pipe,41.7,1912.0,33,2-axle,0.427,LOC_29060E244272,True,demand_surface_anchored_v1,SRC_VB_SYNTHETIC,20260903,v0.1
SHP_C81FFB027940,LOC_4831E844B2E4,cement,217.4,6204.0,38,3-axle,0.422,LOC_0C2752656C9C,True,demand_surface_anchored_v1,SRC_VB_SYNTHETIC,20260903,v0.1
SHP_911ACC259E22,LOC_7ED1541E373D,brick,330.7,18871.0,69,heavy,0.88,LOC_715C8352E2F5,True,demand_surface_anchored_v1,SRC_VB_SYNTHETIC,20260903,v0.1
SHP_B812759B9F08,LOC_C833BC45EC2E,tmt,175.6,5581.0,66,2-axle,0.631,LOC_EE3CF741667A,True,demand_surface_anchored_v1,SRC_VB_SYNTHETIC,20260903,v0.1
SHP_EFFB97D4A9DB,LOC_871C1748D754,brick,429.5,14791.0,67,heavy,0.36,LOC_FA66FF6DBAFC,True,demand_surface_anchored_v1,SRC_VB_SYNTHETIC,20260903,v0.1
SHP_618331055B77,LOC_9D86C58A9E60,hardware,31.3,556.0,26,LCV,0.647,LOC_43D732824B5A,True,demand_surface_anchored_v1,SRC_VB_SYNTHETIC,20260903,v0.1
SHP_0288058DD0A2,LOC_A69DE2DA38FB,hardware,20.9,655.0,21,LCV,0.439,LOC_86182C457EA5,True,demand_surface_anchored_v1,SRC_VB_SYNTHETIC,20260903,v0.1
SHP_5953AA2E8C9B,LOC_50F4044B9018,multi,153.3,4722.0,43,2-axle,0.524,LOC_A2F6D50759BC,True,demand_surface_anchored_v1,SRC_VB_SYNTHETIC,20260903,v0.1
SHP_C1C08D30D601,LOC_342DDA203A66,hardware,55.7,1027.0,32,LCV,0.431,LOC_3897CFB3DA14,True,demand_surface_anchored_v1,SRC_VB_SYNTHETIC,20260903,v0.1
SHP_5E537B654A69,LOC_601D2C506F06,multi,161.1,6244.0,51,2-axle,0.412,LOC_0AF1515F11B5,True,demand_surface_anchored_v1,SRC_VB_SYNTHETIC,20260903,v0.1
SHP_994D1BCAC2C2,LOC_D491B500BFD5,tmt,117.1,5252.0,57,2-axle,0.269,LOC_B630E2FA2D98,True,demand_surface_anchored_v1,SRC_VB_SYNTHETIC,20260903,v0.1
SHP_D07F429343F5,LOC_9B390EF3B835,multi,136.4,1779.0,45,2-axle,0.606,LOC_9245535FD361,True,demand_surface_anchored_v1,SRC_VB_SYNTHETIC,20260903,v0.1
SHP_27F1B3D8513D,LOC_43ABA0D92AC9,roofing,50.9,1232.0,42,LCV,0.633,LOC_AB73F2301A1E,True,demand_surface_anchored_v1,SRC_VB_SYNTHETIC,20260903,v0.1
SHP_1800DB38932E,LOC_EB01F695F6B4,multi,156.6,3218.0,56,2-axle,0.404,LOC_21D22EB8BAC2,True,demand_surface_anchored_v1,SRC_VB_SYNTHETIC,20260903,v0.1
SHP_95D586FD6611,LOC_B9619A210766,electrical,24.7,535.0,25,LCV,0.497,LOC_E4659AD97B5A,True,demand_surface_anchored_v1,SRC_VB_SYNTHETIC,20260903,v0.1
SHP_307AA971E14D,LOC_67C87C4F88CD,cement,128.4,6415.0,53,heavy,0.747,LOC_B4F1E9CE8D31,True,demand_surface_anchored_v1,SRC_VB_SYNTHETIC,20260903,v0.1
SHP_5067C35AEC39,LOC_A89F5BB99034,multi,92.5,2563.0,46,LCV,0.41,LOC_3FA7C10B9B0D,True,demand_surface_anchored_v1,SRC_VB_SYNTHETIC,20260903,v0.1
SHP_27F34133D941,LOC_CC8DAD7436E1,electrical,12.2,173.0,21,LCV,0.465,LOC_4565935152EF,True,demand_surface_anchored_v1,SRC_VB_SYNTHETIC,20260903,v0.1
SHP_B41EBD0D395E,LOC_86359DB229FC,hardware,44.0,1872.0,34,LCV,0.587,LOC_5052CEEFA15C,True,demand_surface_anchored_v1,SRC_VB_SYNTHETIC,20260903,v0.1
SHP_F7C5A5B46AFA,LOC_1BCE1D5032CF,electrical,32.4,633.0,28,LCV,0.568,LOC_A20FC3B85285,True,demand_surface_anchored_v1,SRC_VB_SYNTHETIC,20260903,v0.1
SHP_44619060E1F2,LOC_CBEE22616EB2,hardware,47.7,1557.0,35,2-axle,0.573,LOC_6352280A09CB,True,demand_surface_anchored_v1,SRC_VB_SYNTHETIC,20260903,v0.1
SHP_8D4A19D66205,LOC_84937D91D6E9,paint,40.7,426.0,16,LCV,0.41,LOC_C8F6BF77F196,True,demand_surface_anchored_v1,SRC_VB_SYNTHETIC,20260903,v0.1
SHP_FBFC916009FB,LOC_58306B330DE5,hardware,59.6,1435.0,25,LCV,0.405,LOC_4CE02D77EE6A,True,demand_surface_anchored_v1,SRC_VB_SYNTHETIC,20260903,v0.1
SHP_587D3E5EFDC8,LOC_D8F4AD7D31EF,sanitary,59.0,1942.0,36,LCV,0.475,LOC_7218A86C0131,True,demand_surface_anchored_v1,SRC_VB_SYNTHETIC,20260903,v0.1
SHP_39C0026A659B,LOC_170127EDB10E,tile,90.2,6518.0,45,3-axle,0.711,LOC_E8036FD72DB8,True,demand_surface_anchored_v1,SRC_VB_SYNTHETIC,20260903,v0.1
SHP_14854139269E,LOC_150E8F686E08,roofing,44.3,1644.0,49,LCV,0.663,LOC_1934C86A90C2,True,demand_surface_anchored_v1,SRC_VB_SYNTHETIC,20260903,v0.1
SHP_A328E94BABB6,LOC_60DDF125CBA3,pipe,65.8,1008.0,26,2-axle,0.364,LOC_3ACA9159C9F5,True,demand_surface_anchored_v1,SRC_VB_SYNTHETIC,20260903,v0.1
SHP_586D48E42FCF,LOC_25BA9BF71B34,tmt,101.7,5116.0,70,2-axle,0.454,LOC_785058AA1F1A,True,demand_surface_anchored_v1,SRC_VB_SYNTHETIC,20260903,v0.1
SHP_99E51CCB86F0,LOC_BAB073436498,pipe,58.6,942.0,37,2-axle,0.658,LOC_2CC45F0ECE76,True,demand_surface_anchored_v1,SRC_VB_SYNTHETIC,20260903,v0.1
SHP_5553F5AFB34A,LOC_AF3E3722388E,brick,467.2,16419.0,72,heavy,0.373,LOC_09BAFD35EF3A,True,demand_surface_anchored_v1,SRC_VB_SYNTHETIC,20260903,v0.1
SHP_B3C15968EB34,LOC_E20470A1FBBE,brick,187.4,2588.0,70,2-axle,0.403,LOC_0838A7958991,True,demand_surface_anchored_v1,SRC_VB_SYNTHETIC,20260903,v0.1
SHP_6A7066783186,LOC_FDBB8D417F15,multi,88.7,2811.0,55,LCV,0.597,LOC_B57091D4266E,True,demand_surface_anchored_v1,SRC_VB_SYNTHETIC,20260903,v0.1
SHP_6BEC8CF7B69D,LOC_6B0DD79A19AE,hardware,38.7,1531.0,25,LCV,0.404,LOC_3A2850B987CC,True,demand_surface_anchored_v1,SRC_VB_SYNTHETIC,20260903,v0.1
SHP_A3EE7962FBFE,LOC_CB2BE6D84B35,electrical,30.8,1335.0,19,LCV,0.708,LOC_03E63A3BE090,True,demand_surface_anchored_v1,SRC_VB_SYNTHETIC,20260903,v0.1
SHP_58E05839618E,LOC_8BA7765C2136,hardware,56.9,735.0,35,LCV,0.514,LOC_6D10F6D87EF9,True,demand_surface_anchored_v1,SRC_VB_SYNTHETIC,20260903,v0.1
SHP_8B3F4CC4E658,LOC_BF764BADF30C,multi,86.7,1215.0,57,LCV,0.599,LOC_099DA3942A2D,True,demand_surface_anchored_v1,SRC_VB_SYNTHETIC,20260903,v0.1
SHP_BFBDC11FD067,LOC_2C0610005408,multi,130.8,6279.0,44,2-axle,0.5,LOC_FB6DB114F83E,True,demand_surface_anchored_v1,SRC_VB_SYNTHETIC,20260903,v0.1
SHP_E434728AA57E,LOC_CF9C3693060C,cement,128.8,4189.0,47,heavy,0.98,LOC_19680B724544,True,demand_surface_anchored_v1,SRC_VB_SYNTHETIC,20260903,v0.1
SHP_A96928F86F1D,LOC_94D5B7973FF1,paint,31.3,757.0,24,LCV,0.402,LOC_0D64E31BCFDF,True,demand_surface_anchored_v1,SRC_VB_SYNTHETIC,20260903,v0.1
SHP_465C4D27798E,LOC_3FCC0BAE4218,hardware,49.7,2292.0,30,LCV,0.573,LOC_952CB15CD231,True,demand_surface_anchored_v1,SRC_VB_SYNTHETIC,20260903,v0.1
SHP_76FE6836A11A,LOC_AFC1482FEC5B,tmt,162.7,2890.0,65,2-axle,0.647,LOC_E4484269462F,True,demand_surface_anchored_v1,SRC_VB_SYNTHETIC,20260903,v0.1
SHP_C333C63E5BD8,LOC_A730C6C75659,electrical,28.9,1199.0,27,LCV,0.61,LOC_753CC8A49EB9,True,demand_surface_anchored_v1,SRC_VB_SYNTHETIC,20260903,v0.1
SHP_0880BB512F84,LOC_F0127AF3448A,pipe,44.6,636.0,31,LCV,0.41,LOC_1FDEABAC5740,True,demand_surface_anchored_v1,SRC_VB_SYNTHETIC,20260903,v0.1
SHP_712CC525330D,LOC_DBE9D363C0B6,paint,24.1,540.0,15,LCV,0.545,LOC_D9CB3D8F8358,True,demand_surface_anchored_v1,SRC_VB_SYNTHETIC,20260903,v0.1
SHP_5F0476C21A9D,LOC_5250C66349E4,multi,103.0,4698.0,54,2-axle,0.694,LOC_4FF63179E53D,True,demand_surface_anchored_v1,SRC_VB_SYNTHETIC,20260903,v0.1
SHP_1A6E3741DC5B,LOC_1CA6E4871E58,hardware,43.9,2666.0,22,3-axle,0.871,LOC_3D46928C0A92,True,demand_surface_anchored_v1,SRC_VB_SYNTHETIC,20260903,v0.1
SHP_8AB6E3152B46,LOC_B26520D0AFBB,multi,85.6,4288.0,47,2-axle,0.376,LOC_81A50B4A6DF9,True,demand_surface_anchored_v1,SRC_VB_SYNTHETIC,20260903,v0.1
SHP_27D1AD4690DA,LOC_45A305D32894,multi,174.0,3855.0,61,3-axle,0.634,LOC_09539444E144,True,demand_surface_anchored_v1,SRC_VB_SYNTHETIC,20260903,v0.1
SHP_0832CF0EACF7,LOC_1B2061ADCD4A,cement,211.7,2718.0,45,2-axle,0.335,LOC_1799E8AA72ED,True,demand_surface_anchored_v1,SRC_VB_SYNTHETIC,20260903,v0.1
SHP_2D1A247B3E4C,LOC_7755D98B9ABE,multi,124.2,1718.0,50,2-axle,0.417,LOC_AC4BDC94B47D,True,demand_surface_anchored_v1,SRC_VB_SYNTHETIC,20260903,v0.1
SHP_1B6D7EE98B39,LOC_FB88F04F2520,hardware,38.5,1130.0,28,LCV,0.645,LOC_C1F143496F3E,True,demand_surface_anchored_v1,SRC_VB_SYNTHETIC,20260903,v0.1
SHP_A84176AB1241,LOC_180F6C56633E,cement,237.9,3262.0,43,3-axle,0.541,LOC_98D23F6E5E1E,True,demand_surface_anchored_v1,SRC_VB_SYNTHETIC,20260903,v0.1
SHP_BCFD6F02AA72,LOC_A0C7F465E65C,brick,268.8,10029.0,78,3-axle,0.445,LOC_3384EC8553F8,True,demand_surface_anchored_v1,SRC_VB_SYNTHETIC,20260903,v0.1
SHP_66760E2A1033,LOC_1171D612EDDE,multi,66.5,3263.0,52,3-axle,0.517,LOC_37368744CAC8,True,demand_surface_anchored_v1,SRC_VB_SYNTHETIC,20260903,v0.1
SHP_D2B6E853CB9B,LOC_1AE727A4FAF4,multi,63.8,2602.0,61,LCV,0.702,LOC_EB35EE532C77,True,demand_surface_anchored_v1,SRC_VB_SYNTHETIC,20260903,v0.1
SHP_B70841B3B7FF,LOC_F3CC2D339E55,multi,157.9,6340.0,50,3-axle,0.695,LOC_82A0D949DC00,True,demand_surface_anchored_v1,SRC_VB_SYNTHETIC,20260903,v0.1
SHP_08CCEFCA9515,LOC_B682E7E8FE36,electrical,35.7,1752.0,17,2-axle,0.665,LOC_5CA22D1601A7,True,demand_surface_anchored_v1,SRC_VB_SYNTHETIC,20260903,v0.1
SHP_1BBA243276A6,LOC_E34E567A8DA5,multi,99.9,3044.0,59,LCV,0.678,LOC_726959C345DF,True,demand_surface_anchored_v1,SRC_VB_SYNTHETIC,20260903,v0.1
SHP_DC63CDFA56D9,LOC_B9EB6B106588,tmt,80.6,1805.0,69,LCV,0.474,LOC_633356B12AA6,True,demand_surface_anchored_v1,SRC_VB_SYNTHETIC,20260903,v0.1
SHP_6BAB5614AAE5,LOC_E4F85359113A,multi,180.1,8619.0,60,heavy,0.702,LOC_74FF7DD861AF,True,demand_surface_anchored_v1,SRC_VB_SYNTHETIC,20260903,v0.1
SHP_8FD2396021B2,LOC_F5497618B083,hardware,54.8,2415.0,25,2-axle,0.657,LOC_53642205B0E8,True,demand_surface_anchored_v1,SRC_VB_SYNTHETIC,20260903,v0.1
SHP_922625AA99F0,LOC_0F8DD11A10E3,electrical,25.5,410.0,30,LCV,0.346,LOC_248E5AE33698,True,demand_surface_anchored_v1,SRC_VB_SYNTHETIC,20260903,v0.1
SHP_42726E006A1C,LOC_A8135AFB7DBD,multi,79.6,982.0,57,LCV,0.473,LOC_9643F18D8BBD,True,demand_surface_anchored_v1,SRC_VB_SYNTHETIC,20260903,v0.1
SHP_9072C5C1DA98,LOC_643A0C757811,paint,16.3,199.0,21,LCV,0.5,LOC_3384EC8553F8,True,demand_surface_anchored_v1,SRC_VB_SYNTHETIC,20260903,v0.1
SHP_E2B75EDB93E5,LOC_978435A84A1D,hardware,21.7,751.0,29,LCV,0.522,LOC_EB5CC95BE9B5,True,demand_surface_anchored_v1,SRC_VB_SYNTHETIC,20260903,v0.1
SHP_2752AC5165D5,LOC_45D25F57CF69,electrical,28.9,471.0,22,LCV,0.502,LOC_70A6F73939F6,True,demand_surface_anchored_v1,SRC_VB_SYNTHETIC,20260903,v0.1
SHP_2C32C08E59FA,LOC_EB4F974108FE,cement,236.4,6793.0,45,3-axle,0.646,LOC_1E96754F1B7E,True,demand_surface_anchored_v1,SRC_VB_SYNTHETIC,20260903,v0.1
SHP_491E2F194F09,LOC_D3176B2F3B80,electrical,15.6,497.0,28,LCV,0.243,LOC_9B3FB2D0B676,True,demand_surface_anchored_v1,SRC_VB_SYNTHETIC,20260903,v0.1
SHP_E86A16B149AA,LOC_4A83F083AA87,multi,87.2,2016.0,43,2-axle,0.461,LOC_A53A6E236EA7,True,demand_surface_anchored_v1,SRC_VB_SYNTHETIC,20260903,v0.1
SHP_6ABCFF3D8D1F,LOC_0239CF87014D,multi,99.1,4687.0,42,2-axle,0.599,LOC_8CDA68771E57,True,demand_surface_anchored_v1,SRC_VB_SYNTHETIC,20260903,v0.1
SHP_2BBDA6137665,LOC_443A147EB161,multi,75.7,3573.0,43,2-axle,0.657,LOC_6CECAB7B090C,True,demand_surface_anchored_v1,SRC_VB_SYNTHETIC,20260903,v0.1
SHP_9329CC7918DC,LOC_B6C3185ED5F6,hardware,53.9,2896.0,31,2-axle,0.602,LOC_BA7F347FAAAB,True,demand_surface_anchored_v1,SRC_VB_SYNTHETIC,20260903,v0.1
SHP_E3C1AE9645A0,LOC_D8A66226E5A7,electrical,11.0,288.0,29,LCV,0.327,LOC_DF1B395264F0,True,demand_surface_anchored_v1,SRC_VB_SYNTHETIC,20260903,v0.1
SHP_FA98132B1C0A,LOC_3ED15FAB9C32,pipe,57.2,1864.0,36,LCV,0.649,LOC_086C266904D4,True,demand_surface_anchored_v1,SRC_VB_SYNTHETIC,20260903,v0.1
SHP_729160FCA77D,LOC_961B116EDCA4,cement,204.8,4682.0,53,2-axle,0.666,LOC_72FF25410154,True,demand_surface_anchored_v1,SRC_VB_SYNTHETIC,20260903,v0.1
SHP_0CE997708770,LOC_626F7CC8CA19,hardware,37.7,2310.0,21,2-axle,0.48,LOC_1B8B2830889B,True,demand_surface_anchored_v1,SRC_VB_SYNTHETIC,20260903,v0.1
SHP_94FA893ABEE5,LOC_518BF53ECE78,pipe,21.5,764.0,23,LCV,0.322,LOC_6452B3A5A282,True,demand_surface_anchored_v1,SRC_VB_SYNTHETIC,20260903,v0.1
SHP_35DB9E1BA563,LOC_5C0D32AFF38B,multi,92.3,1480.0,51,2-axle,0.479,LOC_3F538CDD9B3F,True,demand_surface_anchored_v1,SRC_VB_SYNTHETIC,20260903,v0.1
SHP_1C3FF7381659,LOC_1CCD719A6C6B,multi,175.3,6637.0,60,2-axle,0.763,LOC_548FE98DDB58,True,demand_surface_anchored_v1,SRC_VB_SYNTHETIC,20260903,v0.1
SHP_2D95DA301DEF,LOC_43E7D8E0550F,multi,126.1,2102.0,50,2-axle,0.464,LOC_2F8DECEAA14C,True,demand_surface_anchored_v1,SRC_VB_SYNTHETIC,20260903,v0.1
SHP_B0A8A568B908,LOC_3D4D36398F9B,multi,137.3,5004.0,48,2-axle,0.34,LOC_DFA295AA1D53,True,demand_surface_anchored_v1,SRC_VB_SYNTHETIC,20260903,v0.1
SHP_7AE9FB45C969,LOC_06F2A9139332,paint,17.9,712.0,31,2-axle,0.75,LOC_AF2961E3CA07,True,demand_surface_anchored_v1,SRC_VB_SYNTHETIC,20260903,v0.1
SHP_6568FE2ADAA6,LOC_A2992E040ED3,multi,115.4,3838.0,42,2-axle,0.686,LOC_DAFDB50E24FE,True,demand_surface_anchored_v1,SRC_VB_SYNTHETIC,20260903,v0.1
SHP_4F761B85F520,LOC_209222C4685B,hardware,46.4,904.0,31,LCV,0.381,LOC_53DEC9B2F082,True,demand_surface_anchored_v1,SRC_VB_SYNTHETIC,20260903,v0.1
SHP_424EB2D7D4F0,LOC_06D71CBCD67D,brick,368.4,10507.0,69,3-axle,0.754,LOC_DCE26016CB7F,True,demand_surface_anchored_v1,SRC_VB_SYNTHETIC,20260903,v0.1
SHP_C2740DB0AC6E,LOC_ECA94BE1885A,hardware,56.6,1333.0,24,2-axle,0.618,LOC_F004615E1056,True,demand_surface_anchored_v1,SRC_VB_SYNTHETIC,20260903,v0.1
SHP_77CE619B114A,LOC_404FC9AE3874,multi,168.5,4510.0,55,2-axle,0.372,LOC_A7F7F4FA5EA5,True,demand_surface_anchored_v1,SRC_VB_SYNTHETIC,20260903,v0.1
SHP_4C801273649F,LOC_6AC651FC5D6A,electrical,35.5,1409.0,21,LCV,0.559,LOC_0E2342298CF3,True,demand_surface_anchored_v1,SRC_VB_SYNTHETIC,20260903,v0.1
SHP_E6C748A15028,LOC_0302519862B2,pipe,62.3,1148.0,35,LCV,0.421,LOC_03E63A3BE090,True,demand_surface_anchored_v1,SRC_VB_SYNTHETIC,20260903,v0.1
SHP_545B154AEEBD,LOC_71BAF6172335,paint,36.8,783.0,24,LCV,0.471,LOC_1DF0E63EFA3F,True,demand_surface_anchored_v1,SRC_VB_SYNTHETIC,20260903,v0.1
SHP_0B82875C2F63,LOC_43568E789EBE,tmt,133.6,3923.0,70,3-axle,0.567,LOC_383B87198289,True,demand_surface_anchored_v1,SRC_VB_SYNTHETIC,20260903,v0.1
SHP_239EF488C381,LOC_5E0AAF10645C,brick,303.1,12565.0,80,heavy,0.36,LOC_BDCC76ED9C5B,True,demand_surface_anchored_v1,SRC_VB_SYNTHETIC,20260903,v0.1
SHP_8423508B1DD2,LOC_0AB6A2CAEEB5,hardware,16.6,747.0,23,2-axle,0.592,LOC_BBA75C3793F7,True,demand_surface_anchored_v1,SRC_VB_SYNTHETIC,20260903,v0.1
SHP_3BF852803ECE,LOC_C06D4C626294,pipe,42.7,2008.0,33,LCV,0.289,LOC_CB327E2A8A7F,True,demand_surface_anchored_v1,SRC_VB_SYNTHETIC,20260903,v0.1
SHP_BCD0AF7A2317,LOC_4579316AB097,tmt,89.5,3279.0,59,2-axle,0.469,LOC_931013C05157,True,demand_surface_anchored_v1,SRC_VB_SYNTHETIC,20260903,v0.1
SHP_CFD2938ED9B3,LOC_19FAF90AD04E,electrical,15.1,517.0,31,LCV,0.648,LOC_EAA4794EA80C,True,demand_surface_anchored_v1,SRC_VB_SYNTHETIC,20260903,v0.1
SHP_184B5CDB99BF,LOC_CA98F631DCC4,cement,235.6,9016.0,39,2-axle,0.182,LOC_F284EA306298,True,demand_surface_anchored_v1,SRC_VB_SYNTHETIC,20260903,v0.1
SHP_421E0054ADDF,LOC_228DBA28DAC6,multi,131.7,2710.0,48,3-axle,0.647,LOC_48509B8A8D5C,True,demand_surface_anchored_v1,SRC_VB_SYNTHETIC,20260903,v0.1
SHP_0678DECD030F,LOC_CD7EC6F38557,paint,21.5,645.0,26,LCV,0.317,LOC_B84B1A054D5F,True,demand_surface_anchored_v1,SRC_VB_SYNTHETIC,20260903,v0.1
SHP_9152E29633BF,LOC_1C6FE4E5EA5E,hardware,40.3,805.0,32,2-axle,0.461,LOC_700A9055E4E7,True,demand_surface_anchored_v1,SRC_VB_SYNTHETIC,20260903,v0.1
SHP_0EA5524A8574,LOC_B807A920FB50,electrical,38.3,639.0,13,2-axle,0.635,LOC_1FC99A17CD93,True,demand_surface_anchored_v1,SRC_VB_SYNTHETIC,20260903,v0.1
SHP_CE22EB635751,LOC_3BDD6764CC56,brick,450.3,11733.0,62,3-axle,0.463,LOC_E9853CD8117E,True,demand_surface_anchored_v1,SRC_VB_SYNTHETIC,20260903,v0.1
SHP_7AE975BA0DAF,LOC_CA18D220BB14,brick,164.9,4068.0,81,2-axle,0.47,LOC_09994F0F183E,True,demand_surface_anchored_v1,SRC_VB_SYNTHETIC,20260903,v0.1
SHP_6D3C0FD6B6C7,LOC_146B60D74008,tmt,160.1,2634.0,53,3-axle,0.45,LOC_388BD193E38C,True,demand_surface_anchored_v1,SRC_VB_SYNTHETIC,20260903,v0.1
SHP_5CAD85017185,LOC_EEA7897F908E,tmt,88.4,3524.0,56,2-axle,0.53,LOC_6AA8472A6CE1,True,demand_surface_anchored_v1,SRC_VB_SYNTHETIC,20260903,v0.1
SHP_E33E63A148D3,LOC_C94FD7E92ED7,tmt,100.4,3226.0,54,2-axle,0.645,LOC_AF9F50EF2ABB,True,demand_surface_anchored_v1,SRC_VB_SYNTHETIC,20260903,v0.1
SHP_F0810461B205,LOC_539A07314DD9,multi,146.1,7469.0,42,3-axle,0.715,LOC_C8250E20BC21,True,demand_surface_anchored_v1,SRC_VB_SYNTHETIC,20260903,v0.1
SHP_CFC22D81B0E0,LOC_9C1CCC5D136C,multi,79.7,3168.0,43,LCV,0.531,LOC_7A8049AC1A5C,True,demand_surface_anchored_v1,SRC_VB_SYNTHETIC,20260903,v0.1
SHP_B8EC92B2EC05,LOC_82CAFA467B3B,electrical,39.3,1429.0,26,2-axle,0.811,LOC_C47015ABFE60,True,demand_surface_anchored_v1,SRC_VB_SYNTHETIC,20260903,v0.1
SHP_4E111703710B,LOC_D45C2BC45D01,sanitary,70.0,2662.0,40,LCV,0.342,LOC_2125A11F87E9,True,demand_surface_anchored_v1,SRC_VB_SYNTHETIC,20260903,v0.1
SHP_504371912734,LOC_7506DD3C275A,electrical,27.8,1006.0,17,LCV,0.55,LOC_531465931DE5,True,demand_surface_anchored_v1,SRC_VB_SYNTHETIC,20260903,v0.1
SHP_00893FCCE92A,LOC_76C8B46D434B,hardware,30.0,1347.0,30,LCV,0.24,LOC_6AA8472A6CE1,True,demand_surface_anchored_v1,SRC_VB_SYNTHETIC,20260903,v0.1
SHP_03EFEE4286E9,LOC_93EF886BE804,multi,92.8,2763.0,60,2-axle,0.439,LOC_D7EAE1E1A4B2,True,demand_surface_anchored_v1,SRC_VB_SYNTHETIC,20260903,v0.1
SHP_FADC0B63A32A,LOC_1DE5CAEAC6B3,brick,374.6,19957.0,74,heavy,0.648,LOC_4C8C55F8EA2F,True,demand_surface_anchored_v1,SRC_VB_SYNTHETIC,20260903,v0.1
SHP_0D39BFF12CD1,LOC_D889BFDFB9B4,tmt,108.3,2403.0,58,LCV,0.248,LOC_D9EDA26D815E,True,demand_surface_anchored_v1,SRC_VB_SYNTHETIC,20260903,v0.1
SHP_B5ADF02B7F46,LOC_FE6081BEF519,hardware,38.4,1215.0,20,LCV,0.42,LOC_7728177229EB,True,demand_surface_anchored_v1,SRC_VB_SYNTHETIC,20260903,v0.1
SHP_5EAA25A6D9A6,LOC_29952E2C2594,multi,85.7,2987.0,42,LCV,0.767,LOC_3D8E08AE8BF7,True,demand_surface_anchored_v1,SRC_VB_SYNTHETIC,20260903,v0.1
SHP_E61423088F32,LOC_F96FF8C02684,tmt,130.7,5795.0,55,2-axle,0.398,LOC_1A58D9C44DDE,True,demand_surface_anchored_v1,SRC_VB_SYNTHETIC,20260903,v0.1
SHP_F1C7E85B9B64,LOC_9C985084D230,multi,102.1,4542.0,47,heavy,0.532,LOC_761455F64F7B,True,demand_surface_anchored_v1,SRC_VB_SYNTHETIC,20260903,v0.1
SHP_66C8C032166C,LOC_674114AF161D,cement,149.3,3688.0,39,3-axle,0.588,LOC_84F8DD0FF02D,True,demand_surface_anchored_v1,SRC_VB_SYNTHETIC,20260903,v0.1
SHP_9B2BF9948D74,LOC_14640C9EF5A5,tmt,194.7,9598.0,54,3-axle,0.98,LOC_14EC08EF6699,True,demand_surface_anchored_v1,SRC_VB_SYNTHETIC,20260903,v0.1
SHP_3E631E065885,LOC_4A4AE1658C7F,multi,77.0,1323.0,49,2-axle,0.485,LOC_7D30C86ED655,True,demand_surface_anchored_v1,SRC_VB_SYNTHETIC,20260903,v0.1
SHP_33042DBA507B,LOC_AF2AC114F118,multi,76.4,2519.0,52,LCV,0.268,LOC_7A752DDCDD53,True,demand_surface_anchored_v1,SRC_VB_SYNTHETIC,20260903,v0.1
SHP_D72FAB8C257E,LOC_AE07209E5472,brick,295.0,11803.0,68,heavy,0.528,LOC_6FFCB43B01C3,True,demand_surface_anchored_v1,SRC_VB_SYNTHETIC,20260903,v0.1
SHP_87EF5FA4397A,LOC_835B7A597DA0,tmt,153.8,6323.0,67,2-axle,0.354,LOC_D6865948FC1D,True,demand_surface_anchored_v1,SRC_VB_SYNTHETIC,20260903,v0.1
SHP_4B7C928A8054,LOC_1684A7687A8B,multi,105.2,3631.0,60,3-axle,0.669,LOC_B0F3390A1823,True,demand_surface_anchored_v1,SRC_VB_SYNTHETIC,20260903,v0.1
SHP_4D793AC10B20,LOC_0405E3A118FD,pipe,63.5,2078.0,23,2-axle,0.646,LOC_F0BCD44AFBF8,True,demand_surface_anchored_v1,SRC_VB_SYNTHETIC,20260903,v0.1
SHP_6F60B094B8F6,LOC_CC13F90FD633,cement,95.9,3400.0,44,LCV,0.24,LOC_8A4E45F9B766,True,demand_surface_anchored_v1,SRC_VB_SYNTHETIC,20260903,v0.1
SHP_F96966DF15EB,LOC_CEACBD8E971B,hardware,32.9,1332.0,30,2-axle,0.422,LOC_6F57A4C6E834,True,demand_surface_anchored_v1,SRC_VB_SYNTHETIC,20260903,v0.1
SHP_A3509AA45019,LOC_C4699E0AE5EA,tmt,148.3,5032.0,52,2-axle,0.769,LOC_0A46BA39C083,True,demand_surface_anchored_v1,SRC_VB_SYNTHETIC,20260903,v0.1
SHP_B04BA70EC05F,LOC_0739E38E7263,hardware,43.2,2003.0,29,2-axle,0.618,LOC_7B6EB2BDDBBD,True,demand_surface_anchored_v1,SRC_VB_SYNTHETIC,20260903,v0.1
SHP_16FFBF16E32E,LOC_ABAEC745EDCA,cement,117.9,2376.0,42,LCV,0.34,LOC_F284EA306298,True,demand_surface_anchored_v1,SRC_VB_SYNTHETIC,20260903,v0.1
SHP_34224F7D0BC4,LOC_36ADB7E2ECC9,paint,24.2,516.0,25,LCV,0.626,LOC_46C0EAC1C0D9,True,demand_surface_anchored_v1,SRC_VB_SYNTHETIC,20260903,v0.1
SHP_8FE0544EF3DD,LOC_1D52AE4A2C5B,paint,36.6,906.0,26,LCV,0.372,LOC_ECF0ED0FF359,True,demand_surface_anchored_v1,SRC_VB_SYNTHETIC,20260903,v0.1
SHP_40537EAC61FC,LOC_EC37C11D9A8D,electrical,13.0,463.0,22,LCV,0.546,LOC_8D4A85EECFCD,True,demand_surface_anchored_v1,SRC_VB_SYNTHETIC,20260903,v0.1
SHP_F2F102679056,LOC_F5ADA5DF179C,cement,177.3,7609.0,48,2-axle,0.05,LOC_E82DB40AE668,True,demand_surface_anchored_v1,SRC_VB_SYNTHETIC,20260903,v0.1
SHP_7E7870AE14E2,LOC_38FFB49D1CD8,brick,182.6,7339.0,69,3-axle,0.398,LOC_61F233714B29,True,demand_surface_anchored_v1,SRC_VB_SYNTHETIC,20260903,v0.1
SHP_2BE773E2A0FE,LOC_03E0AABA2763,tmt,117.1,5538.0,61,2-axle,0.493,LOC_1BBBE28BFD98,True,demand_surface_anchored_v1,SRC_VB_SYNTHETIC,20260903,v0.1
SHP_6DEC96EA3491,LOC_E0F8C91782B4,multi,186.6,7704.0,61,2-axle,0.487,LOC_44483700BB3A,True,demand_surface_anchored_v1,SRC_VB_SYNTHETIC,20260903,v0.1
SHP_F25593D93BD3,LOC_E2D9378FB8EC,multi,73.7,1960.0,52,LCV,0.287,LOC_753CC8A49EB9,True,demand_surface_anchored_v1,SRC_VB_SYNTHETIC,20260903,v0.1
SHP_B3B3DFE9937F,LOC_8C3AB59C5EE7,multi,114.6,2309.0,50,2-axle,0.359,LOC_AC213AC2099E,True,demand_surface_anchored_v1,SRC_VB_SYNTHETIC,20260903,v0.1
SHP_E30AE15824D9,LOC_D3BBBC566E4A,tmt,110.7,3941.0,69,2-axle,0.623,LOC_E434EAF408B9,True,demand_surface_anchored_v1,SRC_VB_SYNTHETIC,20260903,v0.1
SHP_FA4C385687D5,LOC_24712A970761,hardware,27.9,708.0,29,LCV,0.534,LOC_A61C1D57E0E6,True,demand_surface_anchored_v1,SRC_VB_SYNTHETIC,20260903,v0.1
SHP_D4D0F8A7B2BB,LOC_4D7BFC92A0D6,hardware,22.4,485.0,36,LCV,0.351,LOC_8C6120E556CD,True,demand_surface_anchored_v1,SRC_VB_SYNTHETIC,20260903,v0.1
SHP_52B5E4701C57,LOC_3AEAAC951F39,paint,30.5,1367.0,17,2-axle,0.538,LOC_585B0174299B,True,demand_surface_anchored_v1,SRC_VB_SYNTHETIC,20260903,v0.1
SHP_4A3AFCB02BD4,LOC_A9095253ABDE,sanitary,63.0,2365.0,32,LCV,0.237,LOC_2DADF94C8D9B,True,demand_surface_anchored_v1,SRC_VB_SYNTHETIC,20260903,v0.1
SHP_25C43A7876A2,LOC_A3CBCF3D9057,paint,13.7,355.0,30,LCV,0.422,LOC_B4BD77960CFC,True,demand_surface_anchored_v1,SRC_VB_SYNTHETIC,20260903,v0.1
SHP_0C52DAAF089F,LOC_4C695EE47680,paint,34.3,741.0,30,LCV,0.516,LOC_E4CB3BF19303,True,demand_surface_anchored_v1,SRC_VB_SYNTHETIC,20260903,v0.1
SHP_5AF5D933D823,LOC_862E09F7765C,brick,261.8,6550.0,71,3-axle,0.727,LOC_A7F7F4FA5EA5,True,demand_surface_anchored_v1,SRC_VB_SYNTHETIC,20260903,v0.1
SHP_0F802F9921C3,LOC_BC11B24AF4C3,cement,138.3,6697.0,46,3-axle,0.683,LOC_43AD467C0E68,True,demand_surface_anchored_v1,SRC_VB_SYNTHETIC,20260903,v0.1
SHP_6A6FAF778E60,LOC_0A4078CEA6F8,cement,113.8,4833.0,53,2-axle,0.35,LOC_17F877CC9C85,True,demand_surface_anchored_v1,SRC_VB_SYNTHETIC,20260903,v0.1
SHP_DA88F6428F3B,LOC_BF2E62B92594,tile,36.7,1269.0,42,LCV,0.45,LOC_13B48882F66A,True,demand_surface_anchored_v1,SRC_VB_SYNTHETIC,20260903,v0.1
SHP_578EA20F3525,LOC_374B017B9233,cement,115.7,7349.0,48,3-axle,0.551,LOC_43AD467C0E68,True,demand_surface_anchored_v1,SRC_VB_SYNTHETIC,20260903,v0.1
SHP_E40DFA02302B,LOC_68186530C39E,paint,37.1,896.0,27,2-axle,0.653,LOC_04BC49595063,True,demand_surface_anchored_v1,SRC_VB_SYNTHETIC,20260903,v0.1
SHP_697C7B55A33C,LOC_E625D299D2C2,electrical,9.9,115.0,16,LCV,0.394,LOC_11A4094CA54B,True,demand_surface_anchored_v1,SRC_VB_SYNTHETIC,20260903,v0.1
SHP_4391A4B469EA,LOC_1CE00BB2AC19,electrical,24.8,645.0,13,LCV,0.428,LOC_73A7B3D0E522,True,demand_surface_anchored_v1,SRC_VB_SYNTHETIC,20260903,v0.1
SHP_0905019CBB6D,LOC_31E5BD06BDBC,multi,95.4,2552.0,42,LCV,0.405,LOC_FE2C838619FD,True,demand_surface_anchored_v1,SRC_VB_SYNTHETIC,20260903,v0.1
SHP_0A8912F57FF8,LOC_A70CD6641546,hardware,23.8,921.0,36,LCV,0.357,LOC_485F77893FA9,True,demand_surface_anchored_v1,SRC_VB_SYNTHETIC,20260903,v0.1
SHP_64F102CD6617,LOC_81B02AFB9241,tmt,196.3,5786.0,66,3-axle,0.908,LOC_E1F89992172D,True,demand_surface_anchored_v1,SRC_VB_SYNTHETIC,20260903,v0.1
SHP_26F99F6D18F6,LOC_DF9E34A4E48A,tile,85.9,1203.0,44,LCV,0.835,LOC_9A4A8013E17E,True,demand_surface_anchored_v1,SRC_VB_SYNTHETIC,20260903,v0.1
SHP_042288DE27AA,LOC_50EDA5081556,multi,66.4,1880.0,53,3-axle,0.667,LOC_5B77958BA695,True,demand_surface_anchored_v1,SRC_VB_SYNTHETIC,20260903,v0.1
SHP_88E2903E34B4,LOC_03A98EF2A911,cement,205.7,5667.0,45,3-axle,0.524,LOC_66DEE624DB86,True,demand_surface_anchored_v1,SRC_VB_SYNTHETIC,20260903,v0.1
SHP_D12E3AA776E8,LOC_D0083356660B,tmt,168.2,4865.0,71,2-axle,0.383,LOC_ED792703519C,True,demand_surface_anchored_v1,SRC_VB_SYNTHETIC,20260903,v0.1
SHP_9AAE565DD5B7,LOC_D041019AE7E4,paint,15.3,260.0,27,2-axle,0.869,LOC_6CEACC372182,True,demand_surface_anchored_v1,SRC_VB_SYNTHETIC,20260903,v0.1
SHP_9D260EE46789,LOC_24BA1B3217EB,cement,195.9,5542.0,37,3-axle,0.806,LOC_6207B3ACC779,True,demand_surface_anchored_v1,SRC_VB_SYNTHETIC,20260903,v0.1
SHP_DBD44694452E,LOC_A3531E2E5C53,tmt,176.1,2866.0,60,3-axle,0.578,LOC_73C97DB5D628,True,demand_surface_anchored_v1,SRC_VB_SYNTHETIC,20260903,v0.1
SHP_74DEB61EAAD6,LOC_FE17E4524560,hardware,42.6,1117.0,25,LCV,0.285,LOC_5BDD898D5110,True,demand_surface_anchored_v1,SRC_VB_SYNTHETIC,20260903,v0.1
SHP_BB10A4E3B74F,LOC_CCA184932476,brick,297.4,7465.0,62,3-axle,0.443,LOC_7DFE95B957B4,True,demand_surface_anchored_v1,SRC_VB_SYNTHETIC,20260903,v0.1
SHP_3BE24A4C343F,LOC_9BE95238D965,multi,80.7,2603.0,42,LCV,0.35,LOC_EB25A27C8E63,True,demand_surface_anchored_v1,SRC_VB_SYNTHETIC,20260903,v0.1
SHP_6C2ED546F501,LOC_7D70DF778B6B,brick,312.2,7262.0,80,3-axle,0.436,LOC_D0B2FC1E0BA6,True,demand_surface_anchored_v1,SRC_VB_SYNTHETIC,20260903,v0.1
SHP_E672AFFA6C04,LOC_AB6A7781C9BE,hardware,18.6,211.0,30,LCV,0.289,LOC_1F98B79F8CF8,True,demand_surface_anchored_v1,SRC_VB_SYNTHETIC,20260903,v0.1
SHP_4E6F6168FD4B,LOC_44989360DA6D,hardware,37.4,1282.0,31,LCV,0.428,LOC_9E5D8A2655BB,True,demand_surface_anchored_v1,SRC_VB_SYNTHETIC,20260903,v0.1
SHP_3B62AEDF38D4,LOC_EFEF1362F1DE,tile,80.0,3137.0,40,LCV,0.486,LOC_E0805C3CE7AC,True,demand_surface_anchored_v1,SRC_VB_SYNTHETIC,20260903,v0.1
SHP_D503C75B47D8,LOC_2462A8C5B1A8,multi,134.3,3217.0,61,3-axle,0.346,LOC_1FBF8A2DEFCC,True,demand_surface_anchored_v1,SRC_VB_SYNTHETIC,20260903,v0.1
SHP_8D2E018D51A2,LOC_B7DDD06E0D76,multi,143.6,2539.0,53,2-axle,0.374,LOC_F8AB64506F0F,True,demand_surface_anchored_v1,SRC_VB_SYNTHETIC,20260903,v0.1
SHP_B6CD3BF239E0,LOC_0D093C7D7DE6,cement,193.8,11121.0,45,heavy,0.84,LOC_E2975AAA0E00,True,demand_surface_anchored_v1,SRC_VB_SYNTHETIC,20260903,v0.1
SHP_3D54CDC7DB52,LOC_57C566C5CEAB,tmt,90.8,8099.0,63,heavy,0.98,LOC_68EC6F6EFAC5,True,demand_surface_anchored_v1,SRC_VB_SYNTHETIC,20260903,v0.1
SHP_E0B595BB1B7F,LOC_F3A6400195B5,paint,32.9,618.0,27,LCV,0.486,LOC_9DB11A399615,True,demand_surface_anchored_v1,SRC_VB_SYNTHETIC,20260903,v0.1
SHP_9EE897F754CB,LOC_B061E34E9CDA,cement,230.8,7435.0,42,3-axle,0.569,LOC_E29F26A33385,True,demand_surface_anchored_v1,SRC_VB_SYNTHETIC,20260903,v0.1
SHP_FF4946B410A8,LOC_D769BB9ABC12,tmt,194.1,6617.0,57,2-axle,0.331,LOC_6C4B3F7543DF,True,demand_surface_anchored_v1,SRC_VB_SYNTHETIC,20260903,v0.1
SHP_6B8F10486B71,LOC_A1E108B84EFD,multi,120.2,4452.0,44,2-axle,0.561,LOC_A722D1CEE912,True,demand_surface_anchored_v1,SRC_VB_SYNTHETIC,20260903,v0.1
SHP_FF64FF0C81DE,LOC_9CFB512B4E42,electrical,28.0,1153.0,21,LCV,0.683,LOC_AE1E532FEDB3,True,demand_surface_anchored_v1,SRC_VB_SYNTHETIC,20260903,v0.1
SHP_8E4F19112D61,LOC_400F7C8BD17F,tmt,88.6,1416.0,61,2-axle,0.524,LOC_0386B614F75A,True,demand_surface_anchored_v1,SRC_VB_SYNTHETIC,20260903,v0.1
SHP_C4E697A68951,LOC_EE857BDF4977,electrical,34.8,1323.0,29,2-axle,0.572,LOC_59D1E785F0FD,True,demand_surface_anchored_v1,SRC_VB_SYNTHETIC,20260903,v0.1
SHP_C75859280583,LOC_C50FD03785F8,cement,68.7,2472.0,51,2-axle,0.524,LOC_2783FF6A0200,True,demand_surface_anchored_v1,SRC_VB_SYNTHETIC,20260903,v0.1
SHP_7C91113BC075,LOC_297A0EBB8C55,multi,59.6,1637.0,53,LCV,0.456,LOC_724ECC51838D,True,demand_surface_anchored_v1,SRC_VB_SYNTHETIC,20260903,v0.1
SHP_AF4D1DF1D30D,LOC_D459A5B54CED,multi,99.8,2883.0,53,2-axle,0.362,LOC_95720C134418,True,demand_surface_anchored_v1,SRC_VB_SYNTHETIC,20260903,v0.1
SHP_15C8582AB8FB,LOC_F9B8780D75C5,brick,444.5,15315.0,74,3-axle,0.537,LOC_2993305DFF53,True,demand_surface_anchored_v1,SRC_VB_SYNTHETIC,20260903,v0.1
SHP_AF518E535E62,LOC_29872CB2D347,multi,65.0,841.0,47,LCV,0.434,LOC_BA7599A100BB,True,demand_surface_anchored_v1,SRC_VB_SYNTHETIC,20260903,v0.1
SHP_372E5ED9192E,LOC_FB56F66DFCAB,paint,32.5,851.0,22,LCV,0.741,LOC_295ECB0EF1DF,True,demand_surface_anchored_v1,SRC_VB_SYNTHETIC,20260903,v0.1
SHP_5272B4BAFFC9,LOC_627340AC6BAD,multi,158.1,3200.0,52,2-axle,0.396,LOC_A0A013E6E4B6,True,demand_surface_anchored_v1,SRC_VB_SYNTHETIC,20260903,v0.1
SHP_011F64A1ABD5,LOC_A83C17A3B3D5,brick,362.5,10130.0,78,3-axle,0.567,LOC_47D237269064,True,demand_surface_anchored_v1,SRC_VB_SYNTHETIC,20260903,v0.1
SHP_0386CE86B501,LOC_D1DE894BA1A1,paint,42.2,1585.0,13,2-axle,0.765,LOC_4E56772EAE9F,True,demand_surface_anchored_v1,SRC_VB_SYNTHETIC,20260903,v0.1
SHP_350D0FCAB5C7,LOC_4D72E48BE37E,multi,122.3,1451.0,53,2-axle,0.534,LOC_F06EC7757673,True,demand_surface_anchored_v1,SRC_VB_SYNTHETIC,20260903,v0.1
SHP_4ED83CDB87A3,LOC_9BEB0284BAB3,paint,26.4,526.0,28,LCV,0.651,LOC_66482C82979F,True,demand_surface_anchored_v1,SRC_VB_SYNTHETIC,20260903,v0.1
SHP_FEDEAF3B42ED,LOC_006EAC06670E,electrical,23.2,337.0,12,LCV,0.264,LOC_7EF62433DDF6,True,demand_surface_anchored_v1,SRC_VB_SYNTHETIC,20260903,v0.1
SHP_B2CB745F3836,LOC_C2B3A7A901C6,hardware,25.1,597.0,34,LCV,0.323,LOC_61D258442C7C,True,demand_surface_anchored_v1,SRC_VB_SYNTHETIC,20260903,v0.1
SHP_61F6574F43AF,LOC_18EF48FCDE3D,multi,120.5,4406.0,55,2-axle,0.499,LOC_033B1554ECBE,True,demand_surface_anchored_v1,SRC_VB_SYNTHETIC,20260903,v0.1
SHP_9775DEF646B4,LOC_9075315DB50F,cement,169.3,7519.0,46,3-axle,0.454,LOC_EFF4C28773E6,True,demand_surface_anchored_v1,SRC_VB_SYNTHETIC,20260903,v0.1
SHP_762CA92DCAC8,LOC_C86CAD0F251A,sanitary,58.9,1191.0,32,LCV,0.267,LOC_E561CC0C15EA,True,demand_surface_anchored_v1,SRC_VB_SYNTHETIC,20260903,v0.1
SHP_915D2AB7FB5D,LOC_D392244728B8,hardware,52.6,2125.0,36,2-axle,0.56,LOC_18F81F1890DA,True,demand_surface_anchored_v1,SRC_VB_SYNTHETIC,20260903,v0.1
SHP_9FF9CDB3E354,LOC_E2600F35217F,roofing,118.9,3787.0,46,LCV,0.326,LOC_BA3175B9D6D7,True,demand_surface_anchored_v1,SRC_VB_SYNTHETIC,20260903,v0.1
SHP_F6BB8296FB4D,LOC_4973A18A7B07,paint,38.2,782.0,23,LCV,0.543,LOC_0AF1515F11B5,True,demand_surface_anchored_v1,SRC_VB_SYNTHETIC,20260903,v0.1
SHP_F91EB5F0BA24,LOC_DCDE45D84498,brick,469.2,26286.0,73,heavy,0.674,LOC_C60CB9C5A001,True,demand_surface_anchored_v1,SRC_VB_SYNTHETIC,20260903,v0.1
SHP_DE6968C63D47,LOC_8FCB36A4DF1C,tmt,178.1,7199.0,60,2-axle,0.485,LOC_0CB3F62614FC,True,demand_surface_anchored_v1,SRC_VB_SYNTHETIC,20260903,v0.1
SHP_69DDE27E0F8D,LOC_44ADCC085F69,electrical,10.3,340.0,29,LCV,0.469,LOC_EA09066B45BD,True,demand_surface_anchored_v1,SRC_VB_SYNTHETIC,20260903,v0.1
SHP_02BEF1593581,LOC_A3C5BB7313C0,cement,80.0,2384.0,50,LCV,0.423,LOC_78469F902CAE,True,demand_surface_anchored_v1,SRC_VB_SYNTHETIC,20260903,v0.1
SHP_C0D433850F88,LOC_21D071516A56,tile,107.4,1429.0,44,2-axle,0.779,LOC_4AC8B3E2CC6B,True,demand_surface_anchored_v1,SRC_VB_SYNTHETIC,20260903,v0.1
SHP_27E55A4DD7C4,LOC_7D5015703973,tmt,156.2,5282.0,62,3-axle,0.565,LOC_41CAD4226D00,True,demand_surface_anchored_v1,SRC_VB_SYNTHETIC,20260903,v0.1
SHP_CD536836424E,LOC_A07DA2117ED4,hardware,17.4,818.0,27,2-axle,0.567,LOC_7CEE39F92E74,True,demand_surface_anchored_v1,SRC_VB_SYNTHETIC,20260903,v0.1
SHP_0139C6EA060E,LOC_8C31AFFE80C0,multi,167.9,6903.0,56,3-axle,0.952,LOC_7B7E8FA85118,True,demand_surface_anchored_v1,SRC_VB_SYNTHETIC,20260903,v0.1
SHP_5FAF9465098A,LOC_AEE045F3D9DC,tile,93.5,2995.0,50,LCV,0.527,LOC_B9121F1D02AA,True,demand_surface_anchored_v1,SRC_VB_SYNTHETIC,20260903,v0.1
SHP_1C3955FA477F,LOC_3E412AB59084,multi,78.5,1320.0,54,LCV,0.466,LOC_0E65947C46EA,True,demand_surface_anchored_v1,SRC_VB_SYNTHETIC,20260903,v0.1
SHP_E8F8C65C7FA1,LOC_2A492ED8A23E,brick,375.7,5370.0,75,3-axle,0.347,LOC_D73857142BB2,True,demand_surface_anchored_v1,SRC_VB_SYNTHETIC,20260903,v0.1
SHP_A2D2290D3841,LOC_334736961586,hardware,34.0,1547.0,18,LCV,0.466,LOC_DCADE9F0FB74,True,demand_surface_anchored_v1,SRC_VB_SYNTHETIC,20260903,v0.1
SHP_6138C2DF0031,LOC_707C3537E057,electrical,37.4,1908.0,28,LCV,0.408,LOC_3ACA9159C9F5,True,demand_surface_anchored_v1,SRC_VB_SYNTHETIC,20260903,v0.1
SHP_AF43E5588EF0,LOC_170C1B91834D,multi,102.8,3594.0,58,2-axle,0.542,LOC_E4750ED4564A,True,demand_surface_anchored_v1,SRC_VB_SYNTHETIC,20260903,v0.1
SHP_1C74EE7C139A,LOC_FC525A84D4B2,tmt,172.4,5130.0,64,2-axle,0.642,LOC_59FA6B068067,True,demand_surface_anchored_v1,SRC_VB_SYNTHETIC,20260903,v0.1
SHP_D40917957B5F,LOC_DA774CF93B44,pipe,67.1,4471.0,31,3-axle,0.616,LOC_2BA070BCC084,True,demand_surface_anchored_v1,SRC_VB_SYNTHETIC,20260903,v0.1
SHP_8DB6796E83B6,LOC_D4AB6C7AB3E4,hardware,19.3,792.0,26,2-axle,0.656,LOC_D1E55A5DB01A,True,demand_surface_anchored_v1,SRC_VB_SYNTHETIC,20260903,v0.1
SHP_3DD71E6B6AEB,LOC_931DC60A7F80,electrical,28.2,658.0,23,LCV,0.47,LOC_5532227F6DEB,True,demand_surface_anchored_v1,SRC_VB_SYNTHETIC,20260903,v0.1
SHP_895FC8BB44F6,LOC_CA2913D8B5CC,hardware,42.1,1112.0,34,LCV,0.613,LOC_B3D6C4A5ACCC,True,demand_surface_anchored_v1,SRC_VB_SYNTHETIC,20260903,v0.1
SHP_DA3F544880D6,LOC_FEF1583A9002,pipe,66.8,3412.0,28,2-axle,0.533,LOC_05A8C6A6C357,True,demand_surface_anchored_v1,SRC_VB_SYNTHETIC,20260903,v0.1
SHP_2A3805631BF3,LOC_080B9BB61441,cement,118.9,6349.0,55,3-axle,0.666,LOC_59FD59C24704,True,demand_surface_anchored_v1,SRC_VB_SYNTHETIC,20260903,v0.1
SHP_4838C0B7FA1E,LOC_C04535274F0B,multi,61.0,2071.0,59,2-axle,0.605,LOC_2FAF50CCC210,True,demand_surface_anchored_v1,SRC_VB_SYNTHETIC,20260903,v0.1
SHP_B721F508FF83,LOC_1251A3AF5BC9,brick,369.5,19120.0,70,heavy,0.732,LOC_E8036FD72DB8,True,demand_surface_anchored_v1,SRC_VB_SYNTHETIC,20260903,v0.1
SHP_A0AE4D76CFF1,LOC_2B9538ED67A7,multi,102.4,2427.0,49,2-axle,0.518,LOC_EB35EE532C77,True,demand_surface_anchored_v1,SRC_VB_SYNTHETIC,20260903,v0.1
SHP_21130F701546,LOC_9F9758095B1E,pipe,64.7,2427.0,28,LCV,0.49,LOC_FC4D90459970,True,demand_surface_anchored_v1,SRC_VB_SYNTHETIC,20260903,v0.1
SHP_A9E9D485E6B8,LOC_BA4B1F8F764F,multi,170.5,3295.0,57,2-axle,0.381,LOC_87F13CC7447F,True,demand_surface_anchored_v1,SRC_VB_SYNTHETIC,20260903,v0.1
SHP_C0F31679DEF1,LOC_5045D92BA3C4,multi,71.3,3743.0,53,2-axle,0.38,LOC_66DEE624DB86,True,demand_surface_anchored_v1,SRC_VB_SYNTHETIC,20260903,v0.1
SHP_869B1C8E5D7E,LOC_5E676530EE67,tmt,160.4,5642.0,67,2-axle,0.403,LOC_152BE99B8C33,True,demand_surface_anchored_v1,SRC_VB_SYNTHETIC,20260903,v0.1
SHP_4F7101AD86D8,LOC_05684F33F82A,multi,128.1,2694.0,48,2-axle,0.587,LOC_778A396C4CF5,True,demand_surface_anchored_v1,SRC_VB_SYNTHETIC,20260903,v0.1
SHP_7F05B1223426,LOC_4710C9ABF138,tmt,88.0,2023.0,54,2-axle,0.56,LOC_C2A8913501B8,True,demand_surface_anchored_v1,SRC_VB_SYNTHETIC,20260903,v0.1
SHP_E56D11EDC445,LOC_9FF59D80862B,brick,220.3,3056.0,75,3-axle,0.732,LOC_32ADF0295524,True,demand_surface_anchored_v1,SRC_VB_SYNTHETIC,20260903,v0.1
SHP_BD38B5F4AF6D,LOC_E0A30B1206E0,tmt,169.3,6107.0,69,2-axle,0.578,LOC_3BE1C315A5F3,True,demand_surface_anchored_v1,SRC_VB_SYNTHETIC,20260903,v0.1
SHP_887B31818265,LOC_278F093D022C,tmt,150.5,2985.0,71,heavy,0.98,LOC_4AC08CDA0A96,True,demand_surface_anchored_v1,SRC_VB_SYNTHETIC,20260903,v0.1
SHP_C634D8211A64,LOC_8CF5653BD9F5,tile,95.6,1319.0,36,LCV,0.173,LOC_378B9AEE096D,True,demand_surface_anchored_v1,SRC_VB_SYNTHETIC,20260903,v0.1
SHP_7CCEA1406A39,LOC_8DA7BD0001B7,cement,101.9,5162.0,44,3-axle,0.684,LOC_D8B870987702,True,demand_surface_anchored_v1,SRC_VB_SYNTHETIC,20260903,v0.1
SHP_4B24DDA8ADFB,LOC_02C6559D8F8D,sanitary,23.9,873.0,38,LCV,0.476,LOC_C6C7F5E19B5F,True,demand_surface_anchored_v1,SRC_VB_SYNTHETIC,20260903,v0.1
SHP_AD6A944CF2EC,LOC_DFA1D5A46BED,multi,138.1,6584.0,55,2-axle,0.565,LOC_F21CE4503385,True,demand_surface_anchored_v1,SRC_VB_SYNTHETIC,20260903,v0.1
SHP_4CA8ABF231D5,LOC_09052498E21B,brick,463.1,18234.0,68,heavy,0.357,LOC_97B81B797FBA,True,demand_surface_anchored_v1,SRC_VB_SYNTHETIC,20260903,v0.1
SHP_E2220F763B34,LOC_4A39CA2FD884,tmt,112.0,1819.0,65,3-axle,0.781,LOC_02886B4A0BA2,True,demand_surface_anchored_v1,SRC_VB_SYNTHETIC,20260903,v0.1
SHP_F338EC061DD6,LOC_8EB50AE8272A,hardware,39.0,2400.0,34,3-axle,0.93,LOC_BA4E22C7097A,True,demand_surface_anchored_v1,SRC_VB_SYNTHETIC,20260903,v0.1
SHP_38B8F7FF226E,LOC_C38DCF4A4DDE,tile,43.1,1667.0,46,LCV,0.639,LOC_32AA346347C6,True,demand_surface_anchored_v1,SRC_VB_SYNTHETIC,20260903,v0.1
SHP_6515E0039AE9,LOC_0090B6C235F5,tmt,170.5,12214.0,66,heavy,0.714,LOC_80440EEB9598,True,demand_surface_anchored_v1,SRC_VB_SYNTHETIC,20260903,v0.1
SHP_A25CAE2575B3,LOC_EDA85E128E58,cement,73.6,914.0,56,LCV,0.413,LOC_60889CC51F28,True,demand_surface_anchored_v1,SRC_VB_SYNTHETIC,20260903,v0.1
SHP_86290DA88A8A,LOC_2AA2188D71BB,electrical,26.8,609.0,21,LCV,0.704,LOC_A9F527917096,True,demand_surface_anchored_v1,SRC_VB_SYNTHETIC,20260903,v0.1
SHP_48CDD56D91C6,LOC_FE04F40EEF15,hardware,54.4,1892.0,27,LCV,0.735,LOC_5692AC8C4F33,True,demand_surface_anchored_v1,SRC_VB_SYNTHETIC,20260903,v0.1
SHP_5E1E64D2569B,LOC_9A360235A836,paint,18.2,471.0,20,2-axle,0.735,LOC_9C51FF28324C,True,demand_surface_anchored_v1,SRC_VB_SYNTHETIC,20260903,v0.1
SHP_205896309D53,LOC_DAA841AD91D7,tmt,152.4,5918.0,59,2-axle,0.433,LOC_F63FD9F46366,True,demand_surface_anchored_v1,SRC_VB_SYNTHETIC,20260903,v0.1
SHP_FFCFAE645437,LOC_51FE3AF8701E,sanitary,34.1,835.0,37,LCV,0.416,LOC_1FDEABAC5740,True,demand_surface_anchored_v1,SRC_VB_SYNTHETIC,20260903,v0.1
SHP_D5336F7900D1,LOC_C80275E45D52,brick,419.1,21975.0,75,heavy,0.677,LOC_19680B724544,True,demand_surface_anchored_v1,SRC_VB_SYNTHETIC,20260903,v0.1
SHP_8301F0D69D57,LOC_92FD9882533B,multi,149.2,3837.0,52,2-axle,0.321,LOC_6208130915EE,True,demand_surface_anchored_v1,SRC_VB_SYNTHETIC,20260903,v0.1
SHP_FF81991DEA39,LOC_73CFD4840C4A,pipe,56.5,2401.0,27,LCV,0.388,LOC_13BE96588413,True,demand_surface_anchored_v1,SRC_VB_SYNTHETIC,20260903,v0.1
SHP_F3753A8A62D8,LOC_6B970D62B6EC,electrical,22.7,588.0,13,LCV,0.715,LOC_D3625EF562B9,True,demand_surface_anchored_v1,SRC_VB_SYNTHETIC,20260903,v0.1
SHP_8ECEE49BFFA6,LOC_581874002800,paint,25.3,486.0,28,2-axle,0.458,LOC_E9E991D04B95,True,demand_surface_anchored_v1,SRC_VB_SYNTHETIC,20260903,v0.1
SHP_FA03BB0B41CB,LOC_DD21D0ADF4D3,multi,133.8,6399.0,59,2-axle,0.491,LOC_FBBDCE4D51BE,True,demand_surface_anchored_v1,SRC_VB_SYNTHETIC,20260903,v0.1
SHP_9A3BA2A5BBE0,LOC_E278E3848EA2,brick,446.4,9601.0,78,3-axle,0.732,LOC_0EE5FC5841BD,True,demand_surface_anchored_v1,SRC_VB_SYNTHETIC,20260903,v0.1
SHP_A0F6B831CA81,LOC_66AFA936DEFB,multi,114.9,1596.0,50,2-axle,0.251,LOC_686A4F03120F,True,demand_surface_anchored_v1,SRC_VB_SYNTHETIC,20260903,v0.1
SHP_06370EE10CA8,LOC_1586480A94D9,tile,44.6,1013.0,38,2-axle,0.594,LOC_2579FC8F43EE,True,demand_surface_anchored_v1,SRC_VB_SYNTHETIC,20260903,v0.1
SHP_9747A29E9880,LOC_B2DBB08CEB0B,brick,324.4,13053.0,63,heavy,0.414,LOC_F51F24EB94D4,True,demand_surface_anchored_v1,SRC_VB_SYNTHETIC,20260903,v0.1
SHP_1FDF8A5274BE,LOC_3588746DE2E8,tmt,173.9,4404.0,56,2-axle,0.349,LOC_77D27FAE082D,True,demand_surface_anchored_v1,SRC_VB_SYNTHETIC,20260903,v0.1
SHP_F975799150CF,LOC_A99299BA794B,electrical,32.7,834.0,14,2-axle,0.49,LOC_20E04530E2F9,True,demand_surface_anchored_v1,SRC_VB_SYNTHETIC,20260903,v0.1
SHP_245972D89003,LOC_A22636AA150A,hardware,43.3,884.0,17,2-axle,0.376,LOC_309E7D646677,True,demand_surface_anchored_v1,SRC_VB_SYNTHETIC,20260903,v0.1
SHP_8E775932E9D5,LOC_BA53E8984486,hardware,52.3,2467.0,22,2-axle,0.645,LOC_030AA820EDCB,True,demand_surface_anchored_v1,SRC_VB_SYNTHETIC,20260903,v0.1
SHP_BC13CA7C56FF,LOC_4FD28EC4649C,multi,131.5,4255.0,61,2-axle,0.457,LOC_2579FC8F43EE,True,demand_surface_anchored_v1,SRC_VB_SYNTHETIC,20260903,v0.1
SHP_E954E87DFF84,LOC_1DFA5CA91284,multi,101.9,3287.0,50,LCV,0.572,LOC_B9121F1D02AA,True,demand_surface_anchored_v1,SRC_VB_SYNTHETIC,20260903,v0.1
SHP_41F6708910CC,LOC_099E3E879350,electrical,27.3,625.0,20,LCV,0.509,LOC_1162988D1108,True,demand_surface_anchored_v1,SRC_VB_SYNTHETIC,20260903,v0.1
SHP_07D4303AB007,LOC_5AE1441EFE18,cement,78.4,2687.0,47,2-axle,0.584,LOC_330D543C284A,True,demand_surface_anchored_v1,SRC_VB_SYNTHETIC,20260903,v0.1
SHP_D7312D334D79,LOC_DA6ECC6B5BD4,multi,125.5,4036.0,55,2-axle,0.678,LOC_227A1AD62964,True,demand_surface_anchored_v1,SRC_VB_SYNTHETIC,20260903,v0.1
SHP_CE6E71CCF9ED,LOC_DBE553767245,pipe,23.4,771.0,25,LCV,0.549,LOC_F2182C022A4A,True,demand_surface_anchored_v1,SRC_VB_SYNTHETIC,20260903,v0.1
SHP_1C8980FDBD76,LOC_9B90950C6AFC,hardware,21.4,1217.0,18,2-axle,0.562,LOC_0B773FFA0B18,True,demand_surface_anchored_v1,SRC_VB_SYNTHETIC,20260903,v0.1
SHP_9E9F893234B6,LOC_AB598B3D6657,multi,135.2,3312.0,53,2-axle,0.446,LOC_B9121F1D02AA,True,demand_surface_anchored_v1,SRC_VB_SYNTHETIC,20260903,v0.1
SHP_441ABF990BBA,LOC_C227C0A54E4F,roofing,100.5,7579.0,53,heavy,0.721,LOC_E48F3C9C6C0B,True,demand_surface_anchored_v1,SRC_VB_SYNTHETIC,20260903,v0.1
SHP_BDDA34B39991,LOC_A18650FAD65D,cement,153.0,5893.0,39,3-axle,0.607,LOC_B1AD4DEA8738,True,demand_surface_anchored_v1,SRC_VB_SYNTHETIC,20260903,v0.1
SHP_00B7B7F2AA15,LOC_8373460C5165,cement,216.7,6003.0,47,3-axle,0.613,LOC_42CF58B57B65,True,demand_surface_anchored_v1,SRC_VB_SYNTHETIC,20260903,v0.1
SHP_A5671B5DD565,LOC_B2672CE31037,brick,155.9,7049.0,73,2-axle,0.805,LOC_25888B14BB8A,True,demand_surface_anchored_v1,SRC_VB_SYNTHETIC,20260903,v0.1
SHP_09AF9FAF61CE,LOC_DF4954364A68,electrical,39.7,1039.0,25,LCV,0.47,LOC_827933FB3966,True,demand_surface_anchored_v1,SRC_VB_SYNTHETIC,20260903,v0.1
SHP_776CFCACA33D,LOC_BD6EF5987A5C,pipe,57.1,1284.0,31,LCV,0.359,LOC_F23A216D5137,True,demand_surface_anchored_v1,SRC_VB_SYNTHETIC,20260903,v0.1
SHP_54D98E8A7ECE,LOC_20EA095807F2,brick,315.6,6001.0,63,heavy,0.419,LOC_13393DA1C27D,True,demand_surface_anchored_v1,SRC_VB_SYNTHETIC,20260903,v0.1
SHP_92E9ADCA79B0,LOC_56ABC4181D4A,hardware,58.2,1192.0,26,LCV,0.561,LOC_362B6BCAD4A1,True,demand_surface_anchored_v1,SRC_VB_SYNTHETIC,20260903,v0.1
SHP_DFA43CEE8C2E,LOC_BCB51DEC5D7A,multi,109.4,3076.0,48,2-axle,0.548,LOC_5052CEEFA15C,True,demand_surface_anchored_v1,SRC_VB_SYNTHETIC,20260903,v0.1
SHP_CABDEB3F2B07,LOC_7E6C6AB4BB75,multi,164.1,4499.0,58,3-axle,0.733,LOC_4EB8135E7998,True,demand_surface_anchored_v1,SRC_VB_SYNTHETIC,20260903,v0.1
SHP_A4B82DB8722A,LOC_5C6EF53AD04F,tile,54.3,2730.0,51,3-axle,0.815,LOC_95FECEA08E54,True,demand_surface_anchored_v1,SRC_VB_SYNTHETIC,20260903,v0.1
SHP_860ED248846C,LOC_DDAF018C8FC5,paint,35.4,694.0,25,LCV,0.78,LOC_A39A5016C027,True,demand_surface_anchored_v1,SRC_VB_SYNTHETIC,20260903,v0.1
SHP_51A1251FBC85,LOC_76F0B953B066,cement,71.6,2148.0,42,2-axle,0.538,LOC_8D3B92EF27A3,True,demand_surface_anchored_v1,SRC_VB_SYNTHETIC,20260903,v0.1
SHP_A9CF05E0592B,LOC_BB65F84F670E,sanitary,43.1,2877.0,40,3-axle,0.852,LOC_07F7D991B166,True,demand_surface_anchored_v1,SRC_VB_SYNTHETIC,20260903,v0.1
SHP_4AC8C1841B6F,LOC_725552EFC53C,sanitary,67.6,2859.0,39,2-axle,0.249,LOC_37D8D514F259,True,demand_surface_anchored_v1,SRC_VB_SYNTHETIC,20260903,v0.1
SHP_ECC249B25FC9,LOC_7D1D7B3AE337,brick,492.0,13895.0,64,3-axle,0.227,LOC_59C6DD969014,True,demand_surface_anchored_v1,SRC_VB_SYNTHETIC,20260903,v0.1
SHP_017BCD6B8868,LOC_ADFDD7511AB4,tmt,126.5,5296.0,56,2-axle,0.345,LOC_0BC53382B315,True,demand_surface_anchored_v1,SRC_VB_SYNTHETIC,20260903,v0.1
SHP_36C0EB0FA89A,LOC_FF776261E0CA,brick,464.5,12008.0,70,3-axle,0.518,LOC_2E9FCC598F13,True,demand_surface_anchored_v1,SRC_VB_SYNTHETIC,20260903,v0.1
SHP_367D6140FFA3,LOC_443C250E1AEF,tmt,92.8,3972.0,52,2-axle,0.608,LOC_238618949F12,True,demand_surface_anchored_v1,SRC_VB_SYNTHETIC,20260903,v0.1
SHP_B0F0749195E7,LOC_52CE5DE14406,cement,143.1,4686.0,43,2-axle,0.667,LOC_CE92EE4FB2A6,True,demand_surface_anchored_v1,SRC_VB_SYNTHETIC,20260903,v0.1
SHP_2ADF9C77EA98,LOC_9E18B91467AD,multi,67.0,1303.0,51,2-axle,0.568,LOC_DA3DB3A26023,True,demand_surface_anchored_v1,SRC_VB_SYNTHETIC,20260903,v0.1
SHP_770F9F6C99AB,LOC_FE9E2337F5B8,tile,46.8,2043.0,33,LCV,0.553,LOC_531E694560AA,True,demand_surface_anchored_v1,SRC_VB_SYNTHETIC,20260903,v0.1
SHP_D719A2F93518,LOC_53D644D4F4B9,cement,229.5,8246.0,42,3-axle,0.299,LOC_B02AE4BF2E65,True,demand_surface_anchored_v1,SRC_VB_SYNTHETIC,20260903,v0.1
SHP_C8E0CCEB1D30,LOC_60D91080F3D6,cement,165.0,8101.0,56,2-axle,0.695,LOC_16EA8191B67E,True,demand_surface_anchored_v1,SRC_VB_SYNTHETIC,20260903,v0.1
SHP_2748121C4663,LOC_7F206D194F5C,cement,238.6,3724.0,38,3-axle,0.523,LOC_9B702B2E88A4,True,demand_surface_anchored_v1,SRC_VB_SYNTHETIC,20260903,v0.1
SHP_B54C450AE691,LOC_E677D6E20497,cement,218.1,12005.0,53,3-axle,0.428,LOC_D1C7EBC89805,True,demand_surface_anchored_v1,SRC_VB_SYNTHETIC,20260903,v0.1
SHP_D5DCBD07F54F,LOC_B706840A7000,tmt,108.7,3308.0,59,3-axle,0.747,LOC_338FF998CEF1,True,demand_surface_anchored_v1,SRC_VB_SYNTHETIC,20260903,v0.1
SHP_F7D23BF008A2,LOC_F71F7B862875,brick,258.8,4237.0,78,3-axle,0.253,LOC_11A4094CA54B,True,demand_surface_anchored_v1,SRC_VB_SYNTHETIC,20260903,v0.1
SHP_3E16DF5B015C,LOC_97DC6DFA1707,multi,134.9,3031.0,53,2-axle,0.703,LOC_3100FC206BBD,True,demand_surface_anchored_v1,SRC_VB_SYNTHETIC,20260903,v0.1
SHP_EA15013665DB,LOC_0C83F9F96D45,multi,56.1,2822.0,55,LCV,0.505,LOC_77D86F9F987B,True,demand_surface_anchored_v1,SRC_VB_SYNTHETIC,20260903,v0.1
SHP_94D2830D26F2,LOC_8C36CC6AA41C,cement,171.1,2619.0,42,2-axle,0.67,LOC_A24F0E7649A6,True,demand_surface_anchored_v1,SRC_VB_SYNTHETIC,20260903,v0.1
SHP_904D0DE3299F,LOC_B117B6455E37,hardware,43.8,1237.0,23,2-axle,0.572,LOC_2E49D32A835A,True,demand_surface_anchored_v1,SRC_VB_SYNTHETIC,20260903,v0.1
SHP_3A9FDB399F08,LOC_7E43A719265F,hardware,24.2,1144.0,31,LCV,0.31,LOC_B2D018D3C259,True,demand_surface_anchored_v1,SRC_VB_SYNTHETIC,20260903,v0.1
SHP_3F4440ACF7EB,LOC_E41271B79B88,cement,231.6,6798.0,42,heavy,0.509,LOC_338FF998CEF1,True,demand_surface_anchored_v1,SRC_VB_SYNTHETIC,20260903,v0.1
SHP_0DCCA52D6FCF,LOC_D684C6822093,paint,16.6,473.0,22,LCV,0.279,LOC_9BCB9EB86D4E,True,demand_surface_anchored_v1,SRC_VB_SYNTHETIC,20260903,v0.1
SHP_ED19EAEAF9C2,LOC_EBFFC9FC7267,cement,136.7,3323.0,44,2-axle,0.29,LOC_3FF7AAD78447,True,demand_surface_anchored_v1,SRC_VB_SYNTHETIC,20260903,v0.1
SHP_C233B7CE1229,LOC_F4BEFE83137A,brick,181.8,5549.0,69,3-axle,0.752,LOC_8A87D460CB8C,True,demand_surface_anchored_v1,SRC_VB_SYNTHETIC,20260903,v0.1
SHP_F603F454ABB6,LOC_F85A4F521EA5,multi,69.6,1156.0,52,LCV,0.474,LOC_4C5AFEE0A4EA,True,demand_surface_anchored_v1,SRC_VB_SYNTHETIC,20260903,v0.1
SHP_9D91409267D6,LOC_AAC0787788B9,multi,112.8,5011.0,58,2-axle,0.889,LOC_CE0B385F8D9A,True,demand_surface_anchored_v1,SRC_VB_SYNTHETIC,20260903,v0.1
SHP_ABD4E8B9EDD1,LOC_9F33673120FE,paint,37.9,1119.0,15,LCV,0.274,LOC_72FF25410154,True,demand_surface_anchored_v1,SRC_VB_SYNTHETIC,20260903,v0.1
SHP_5B6C78997E26,LOC_BCD8FC74BBCC,pipe,51.3,1063.0,36,LCV,0.522,LOC_B602D8E8A5B5,True,demand_surface_anchored_v1,SRC_VB_SYNTHETIC,20260903,v0.1
SHP_821599ABAF3E,LOC_E578472DA3F1,tile,102.4,1688.0,33,3-axle,0.684,LOC_3F7965785DDB,True,demand_surface_anchored_v1,SRC_VB_SYNTHETIC,20260903,v0.1
SHP_408903B6B6CB,LOC_A6B4148E3B2F,multi,179.6,3992.0,44,2-axle,0.405,LOC_DBBECF18C3F9,True,demand_surface_anchored_v1,SRC_VB_SYNTHETIC,20260903,v0.1
SHP_9F7023445C1D,LOC_6329A340B395,tile,72.6,1372.0,36,2-axle,0.641,LOC_B08B6CB2D3E2,True,demand_surface_anchored_v1,SRC_VB_SYNTHETIC,20260903,v0.1
SHP_830CA266281E,LOC_F8949F167DAB,brick,186.0,6722.0,77,3-axle,0.664,LOC_6782560C023F,True,demand_surface_anchored_v1,SRC_VB_SYNTHETIC,20260903,v0.1
SHP_0069A75F7164,LOC_DD8D601D0792,hardware,31.6,1655.0,34,2-axle,0.452,LOC_A6232DB6ED9D,True,demand_surface_anchored_v1,SRC_VB_SYNTHETIC,20260903,v0.1
SHP_7D55A060988C,LOC_CB06F885CDFC,multi,61.4,996.0,48,LCV,0.497,LOC_98ACD2715DB8,True,demand_surface_anchored_v1,SRC_VB_SYNTHETIC,20260903,v0.1
SHP_0E1AF737C676,LOC_06314540FB4B,cement,227.9,5124.0,46,3-axle,0.418,LOC_5CA8DFC024B3,True,demand_surface_anchored_v1,SRC_VB_SYNTHETIC,20260903,v0.1
SHP_38987C4DC693,LOC_93B8BE2265E2,multi,139.8,4345.0,55,2-axle,0.391,LOC_71C60AC9501D,True,demand_surface_anchored_v1,SRC_VB_SYNTHETIC,20260903,v0.1
SHP_2113A7D10DA5,LOC_284031636304,hardware,43.4,614.0,27,2-axle,0.565,LOC_F7DED7623E4E,True,demand_surface_anchored_v1,SRC_VB_SYNTHETIC,20260903,v0.1
SHP_2C1576C002E1,LOC_DB0CA0E99190,hardware,46.4,2719.0,20,2-axle,0.913,LOC_D1E55A5DB01A,True,demand_surface_anchored_v1,SRC_VB_SYNTHETIC,20260903,v0.1
SHP_4E4547BF5FD3,LOC_A61985D02EBE,cement,124.7,5422.0,54,2-axle,0.711,LOC_549503EB40A0,True,demand_surface_anchored_v1,SRC_VB_SYNTHETIC,20260903,v0.1
SHP_92DA5FAEA51E,LOC_7F147FF97B51,cement,122.1,1582.0,49,2-axle,0.388,LOC_9A426A8031FF,True,demand_surface_anchored_v1,SRC_VB_SYNTHETIC,20260903,v0.1
SHP_DA1E6738CFD6,LOC_1F30D6E1CC0D,hardware,49.7,1484.0,25,LCV,0.348,LOC_442F1B5F07DA,True,demand_surface_anchored_v1,SRC_VB_SYNTHETIC,20260903,v0.1
SHP_F8029895794C,LOC_F33ED20DAC3F,multi,79.1,5128.0,57,3-axle,0.821,LOC_178FE80F956E,True,demand_surface_anchored_v1,SRC_VB_SYNTHETIC,20260903,v0.1
SHP_1F10C123DB7F,LOC_738B15240335,multi,59.8,1029.0,54,2-axle,0.628,LOC_634987A0EFD5,True,demand_surface_anchored_v1,SRC_VB_SYNTHETIC,20260903,v0.1
SHP_19FCBE96518F,LOC_FF8AFE1824E0,paint,25.1,798.0,16,LCV,0.684,LOC_DF95B0B92665,True,demand_surface_anchored_v1,SRC_VB_SYNTHETIC,20260903,v0.1
SHP_D10A97FAD2D7,LOC_8084DACE189F,hardware,42.1,1937.0,17,LCV,0.589,LOC_DCADE9F0FB74,True,demand_surface_anchored_v1,SRC_VB_SYNTHETIC,20260903,v0.1
SHP_0952390FCC7C,LOC_FECD1EFA8432,hardware,41.7,1366.0,25,2-axle,0.463,LOC_5766966C5185,True,demand_surface_anchored_v1,SRC_VB_SYNTHETIC,20260903,v0.1
SHP_FCF70AC0B983,LOC_665D891CEBD0,pipe,64.5,2478.0,26,LCV,0.467,LOC_C9D053B486CA,True,demand_surface_anchored_v1,SRC_VB_SYNTHETIC,20260903,v0.1
SHP_FE19189B70DE,LOC_C244A2913278,hardware,22.3,837.0,25,LCV,0.647,LOC_93938DBB1018,True,demand_surface_anchored_v1,SRC_VB_SYNTHETIC,20260903,v0.1
SHP_17FC273E8AE1,LOC_0EC7760E14EB,multi,172.6,3582.0,59,2-axle,0.543,LOC_6452B3A5A282,True,demand_surface_anchored_v1,SRC_VB_SYNTHETIC,20260903,v0.1
SHP_B83B81F79B09,LOC_2384035C74E0,roofing,67.2,2839.0,56,LCV,0.566,LOC_75BA3B2EBEB3,True,demand_surface_anchored_v1,SRC_VB_SYNTHETIC,20260903,v0.1
SHP_99345476CF89,LOC_88F8A59EE838,paint,16.7,452.0,20,LCV,0.294,LOC_4CE02D77EE6A,True,demand_surface_anchored_v1,SRC_VB_SYNTHETIC,20260903,v0.1
SHP_1C3D5267EE12,LOC_9721D8C5D5E3,paint,17.7,416.0,31,LCV,0.619,LOC_B49CB8319323,True,demand_surface_anchored_v1,SRC_VB_SYNTHETIC,20260903,v0.1
SHP_F2BCCEB88364,LOC_DEE83A50EE54,cement,82.9,3484.0,48,LCV,0.099,LOC_89D4972AA215,True,demand_surface_anchored_v1,SRC_VB_SYNTHETIC,20260903,v0.1
SHP_F2ABE2727D47,LOC_D107EB444A9F,paint,37.0,998.0,15,2-axle,0.384,LOC_D5DB68239382,True,demand_surface_anchored_v1,SRC_VB_SYNTHETIC,20260903,v0.1
SHP_3D5AB781B18E,LOC_B34C1CF4095D,hardware,45.6,1141.0,18,LCV,0.53,LOC_4FC63A886C97,True,demand_surface_anchored_v1,SRC_VB_SYNTHETIC,20260903,v0.1
SHP_F276BC9E4B98,LOC_11FDDE047BCC,multi,101.1,1335.0,50,2-axle,0.368,LOC_6A9DA971EEB8,True,demand_surface_anchored_v1,SRC_VB_SYNTHETIC,20260903,v0.1
SHP_FBA3A56358DC,LOC_9CB87861E00F,hardware,36.4,1448.0,26,LCV,0.355,LOC_1BC26EABAF97,True,demand_surface_anchored_v1,SRC_VB_SYNTHETIC,20260903,v0.1
SHP_158E8CB84BA0,LOC_6A2FF7C70DF6,brick,402.9,12249.0,73,3-axle,0.651,LOC_4AC8B3E2CC6B,True,demand_surface_anchored_v1,SRC_VB_SYNTHETIC,20260903,v0.1
SHP_D2CBA69EBD86,LOC_127065E9066D,hardware,26.8,1027.0,31,LCV,0.493,LOC_7DC7F0E5B524,True,demand_surface_anchored_v1,SRC_VB_SYNTHETIC,20260903,v0.1
SHP_2305852B40E0,LOC_ADB89B8C8803,cement,143.9,7306.0,45,heavy,0.74,LOC_DCF8B8421843,True,demand_surface_anchored_v1,SRC_VB_SYNTHETIC,20260903,v0.1
SHP_FBB2082069BE,LOC_7220900F445D,brick,246.6,8950.0,70,3-axle,0.384,LOC_B49F0E4BFB10,True,demand_surface_anchored_v1,SRC_VB_SYNTHETIC,20260903,v0.1
SHP_636294D77C13,LOC_9F09C6A63D1D,multi,63.8,1133.0,45,LCV,0.433,LOC_EBBF8AA9CFFF,True,demand_surface_anchored_v1,SRC_VB_SYNTHETIC,20260903,v0.1
SHP_BD2AF3AC504E,LOC_A0B1ACD04871,multi,75.7,2372.0,59,LCV,0.345,LOC_445F7473702F,True,demand_surface_anchored_v1,SRC_VB_SYNTHETIC,20260903,v0.1
SHP_0E2A161D60F1,LOC_9636722853F3,pipe,44.3,2545.0,22,2-axle,0.493,LOC_C68BB575F181,True,demand_surface_anchored_v1,SRC_VB_SYNTHETIC,20260903,v0.1
SHP_84953978C2E4,LOC_9AA0601CFBEF,sanitary,42.2,1691.0,25,LCV,0.412,LOC_D5EBC064DA8C,True,demand_surface_anchored_v1,SRC_VB_SYNTHETIC,20260903,v0.1
SHP_1E3879D23C50,LOC_F3765E0D66AC,sanitary,22.5,595.0,32,LCV,0.549,LOC_5FB975BC5811,True,demand_surface_anchored_v1,SRC_VB_SYNTHETIC,20260903,v0.1
SHP_E3BEBE417455,LOC_E9C0489E261A,multi,87.8,1413.0,50,2-axle,0.648,LOC_336543A9F35E,True,demand_surface_anchored_v1,SRC_VB_SYNTHETIC,20260903,v0.1
SHP_7D98E236C2E6,LOC_3C4FFEFD9BB9,multi,100.8,3025.0,56,2-axle,0.419,LOC_D85E261A0101,True,demand_surface_anchored_v1,SRC_VB_SYNTHETIC,20260903,v0.1
SHP_1E533AA061CC,LOC_63A22CB87E10,cement,181.8,7177.0,45,2-axle,0.376,LOC_9D89B8AB9B92,True,demand_surface_anchored_v1,SRC_VB_SYNTHETIC,20260903,v0.1
SHP_C46F990D802D,LOC_2C5995105A7F,multi,58.8,1211.0,59,2-axle,0.7,LOC_9C51FF28324C,True,demand_surface_anchored_v1,SRC_VB_SYNTHETIC,20260903,v0.1
SHP_CDC7A54B3EF4,LOC_BF30744F0A5D,electrical,17.5,508.0,19,LCV,0.257,LOC_AA5FAE4D6217,True,demand_surface_anchored_v1,SRC_VB_SYNTHETIC,20260903,v0.1
SHP_C98F0C9D32CD,LOC_B3F83EDC343B,multi,140.4,2897.0,58,2-axle,0.3,LOC_887D920E1514,True,demand_surface_anchored_v1,SRC_VB_SYNTHETIC,20260903,v0.1
SHP_E1C3BE63793F,LOC_9BD622FC3666,pipe,27.0,793.0,34,LCV,0.643,LOC_1C1CAFBB2F45,True,demand_surface_anchored_v1,SRC_VB_SYNTHETIC,20260903,v0.1
SHP_57DDCDCA3B72,LOC_7EE3DF04FE77,multi,86.2,1962.0,60,LCV,0.289,LOC_14BC232346A6,True,demand_surface_anchored_v1,SRC_VB_SYNTHETIC,20260903,v0.1
SHP_81DE57029ACA,LOC_067BDDB52057,cement,163.9,7931.0,54,2-axle,0.577,LOC_B36189C08E92,True,demand_surface_anchored_v1,SRC_VB_SYNTHETIC,20260903,v0.1
SHP_B52558170AB4,LOC_FB8FF05DA709,pipe,43.9,2141.0,38,LCV,0.639,LOC_D6314FDD6F9E,True,demand_surface_anchored_v1,SRC_VB_SYNTHETIC,20260903,v0.1
SHP_D9C6B132D41D,LOC_5EF15C922370,sanitary,45.7,1279.0,36,LCV,0.43,LOC_46732A2593F8,True,demand_surface_anchored_v1,SRC_VB_SYNTHETIC,20260903,v0.1
SHP_457102B0755E,LOC_2EBEDB6EB8A5,multi,93.1,6304.0,52,3-axle,0.71,LOC_37368744CAC8,True,demand_surface_anchored_v1,SRC_VB_SYNTHETIC,20260903,v0.1
SHP_4D1F69F1B391,LOC_CFDBB456ADE1,multi,171.7,2024.0,55,2-axle,0.538,LOC_E54855C85779,True,demand_surface_anchored_v1,SRC_VB_SYNTHETIC,20260903,v0.1
SHP_A93D59629DEC,LOC_D3E3D126618E,cement,127.3,3471.0,37,2-axle,0.286,LOC_DE76EB799D8D,True,demand_surface_anchored_v1,SRC_VB_SYNTHETIC,20260903,v0.1
SHP_33EEF01B5361,LOC_7C54F7A91FA0,pipe,51.5,1574.0,30,LCV,0.36,LOC_16A6388BE022,True,demand_surface_anchored_v1,SRC_VB_SYNTHETIC,20260903,v0.1
SHP_855A5325683D,LOC_65BF4EF2F0AC,multi,183.2,7681.0,48,3-axle,0.452,LOC_7FCD1FCF10BE,True,demand_surface_anchored_v1,SRC_VB_SYNTHETIC,20260903,v0.1
SHP_0E0658024F34,LOC_95C8FB331E0F,tmt,100.6,3820.0,60,2-axle,0.269,LOC_F4059846806D,True,demand_surface_anchored_v1,SRC_VB_SYNTHETIC,20260903,v0.1
SHP_3FE5A16152FA,LOC_335880A43139,cement,121.3,1947.0,45,2-axle,0.449,LOC_2CECB8E2A983,True,demand_surface_anchored_v1,SRC_VB_SYNTHETIC,20260903,v0.1
SHP_980119C7B00A,LOC_01AC2493C4B1,multi,188.0,4055.0,52,3-axle,0.528,LOC_0386B614F75A,True,demand_surface_anchored_v1,SRC_VB_SYNTHETIC,20260903,v0.1
SHP_32F64ECD8DA5,LOC_6C00623DA66D,hardware,16.8,408.0,22,LCV,0.613,LOC_F91FE43B0F11,True,demand_surface_anchored_v1,SRC_VB_SYNTHETIC,20260903,v0.1
SHP_59E06DDA8077,LOC_FD6A216FFB7D,multi,68.2,3404.0,58,2-axle,0.253,LOC_F14DD3AF5316,True,demand_surface_anchored_v1,SRC_VB_SYNTHETIC,20260903,v0.1
SHP_A204C9BFD34C,LOC_ADE34F147C3D,brick,388.8,16232.0,64,3-axle,0.382,LOC_4E589DD68591,True,demand_surface_anchored_v1,SRC_VB_SYNTHETIC,20260903,v0.1
SHP_F50AE6F87F2F,LOC_C68F5FA53702,hardware,16.2,274.0,31,LCV,0.342,LOC_4F5C4100BBAD,True,demand_surface_anchored_v1,SRC_VB_SYNTHETIC,20260903,v0.1
SHP_DE123FA739CD,LOC_83B67D38E775,tile,92.2,2663.0,51,2-axle,0.479,LOC_7A62F3E60108,True,demand_surface_anchored_v1,SRC_VB_SYNTHETIC,20260903,v0.1
SHP_565A09673921,LOC_E04200A8D5EF,electrical,17.2,222.0,30,LCV,0.401,LOC_E63B4CC6DD28,True,demand_surface_anchored_v1,SRC_VB_SYNTHETIC,20260903,v0.1
SHP_DB20AF47863C,LOC_D6CCB4A9F4B2,tmt,102.4,4005.0,56,2-axle,0.66,LOC_1D42774DFC42,True,demand_surface_anchored_v1,SRC_VB_SYNTHETIC,20260903,v0.1
SHP_CA8DD3046807,LOC_BE7E2FF212B1,tmt,125.5,2764.0,68,3-axle,0.616,LOC_2BEDBDC933E1,True,demand_surface_anchored_v1,SRC_VB_SYNTHETIC,20260903,v0.1
SHP_CBD36305B56A,LOC_AA170E99F281,cement,196.3,3752.0,43,2-axle,0.276,LOC_7561F45D21AD,True,demand_surface_anchored_v1,SRC_VB_SYNTHETIC,20260903,v0.1
SHP_7B67411B2368,LOC_1DF722046C08,cement,194.5,3839.0,40,3-axle,0.403,LOC_442F1B5F07DA,True,demand_surface_anchored_v1,SRC_VB_SYNTHETIC,20260903,v0.1
SHP_A13CE26C2257,LOC_82FA1B5C95A0,multi,119.6,5221.0,60,heavy,0.856,LOC_2BA070BCC084,True,demand_surface_anchored_v1,SRC_VB_SYNTHETIC,20260903,v0.1
SHP_0B8FE4DBD454,LOC_F7C6E16378A4,hardware,38.6,1665.0,33,2-axle,0.483,LOC_5913A06E0734,True,demand_surface_anchored_v1,SRC_VB_SYNTHETIC,20260903,v0.1
SHP_F114F740674A,LOC_0286F43504A4,cement,70.7,1602.0,43,2-axle,0.8,LOC_4071DFF4A73C,True,demand_surface_anchored_v1,SRC_VB_SYNTHETIC,20260903,v0.1
SHP_DB6FEC162738,LOC_49593033D04E,cement,127.6,1987.0,50,2-axle,0.428,LOC_36BC63866DEB,True,demand_surface_anchored_v1,SRC_VB_SYNTHETIC,20260903,v0.1
SHP_BC6A579B2E23,LOC_7FFB08638A9D,tmt,179.0,2644.0,70,2-axle,0.615,LOC_EB5CC95BE9B5,True,demand_surface_anchored_v1,SRC_VB_SYNTHETIC,20260903,v0.1
SHP_4E3F52A7CA25,LOC_9065672D43C4,multi,187.2,6280.0,45,2-axle,0.45,LOC_1398E5B968A5,True,demand_surface_anchored_v1,SRC_VB_SYNTHETIC,20260903,v0.1
SHP_8D11EE02F2EE,LOC_3DED4D8BE319,cement,80.6,1203.0,56,2-axle,0.592,LOC_712276979C0E,True,demand_surface_anchored_v1,SRC_VB_SYNTHETIC,20260903,v0.1
SHP_40D8650D2D6F,LOC_A094AC63B8E6,tile,84.3,3297.0,41,LCV,0.322,LOC_14BC232346A6,True,demand_surface_anchored_v1,SRC_VB_SYNTHETIC,20260903,v0.1
SHP_9AD18B3DE37D,LOC_BFCCF51607D0,tmt,148.3,6505.0,52,2-axle,0.477,LOC_91C75D3BC445,True,demand_surface_anchored_v1,SRC_VB_SYNTHETIC,20260903,v0.1
SHP_41FF911E00B6,LOC_F986D90587C6,tmt,158.6,2639.0,65,2-axle,0.456,LOC_8439E1642BD8,True,demand_surface_anchored_v1,SRC_VB_SYNTHETIC,20260903,v0.1
SHP_9F778AC93548,LOC_7D1937814AA4,tmt,182.2,2632.0,63,2-axle,0.341,LOC_25838EE28B05,True,demand_surface_anchored_v1,SRC_VB_SYNTHETIC,20260903,v0.1
SHP_35EF16FF713F,LOC_F3787CE65842,paint,41.1,1706.0,21,LCV,0.427,LOC_828B31D129B9,True,demand_surface_anchored_v1,SRC_VB_SYNTHETIC,20260903,v0.1
SHP_01CC47A0DC0A,LOC_CF9EC9B03A16,paint,44.6,1305.0,30,3-axle,0.47,LOC_3954DAC3CEA6,True,demand_surface_anchored_v1,SRC_VB_SYNTHETIC,20260903,v0.1
SHP_0CC0C644847F,LOC_8D54E252DB57,cement,92.9,1250.0,48,LCV,0.37,LOC_9071F4ACC81C,True,demand_surface_anchored_v1,SRC_VB_SYNTHETIC,20260903,v0.1
SHP_666F3674D642,LOC_C6ED471636E7,tile,51.7,1500.0,50,2-axle,0.66,LOC_D711C0E0D1E8,True,demand_surface_anchored_v1,SRC_VB_SYNTHETIC,20260903,v0.1
SHP_4998E6CF5BFC,LOC_AE656E9E4EF6,electrical,30.9,588.0,24,LCV,0.353,LOC_8B5FE92E4137,True,demand_surface_anchored_v1,SRC_VB_SYNTHETIC,20260903,v0.1
SHP_F01B99533625,LOC_34D991F296B2,tmt,98.4,1499.0,66,2-axle,0.349,LOC_5352866B41D8,True,demand_surface_anchored_v1,SRC_VB_SYNTHETIC,20260903,v0.1
SHP_ACF852ED4E6A,LOC_FA819C0E7C8D,hardware,46.4,1862.0,29,LCV,0.606,LOC_BAB2B5F49CD4,True,demand_surface_anchored_v1,SRC_VB_SYNTHETIC,20260903,v0.1
SHP_A283DD1DD4DD,LOC_9A85FA52157D,pipe,63.2,2170.0,22,2-axle,0.662,LOC_7FF74B4857A1,True,demand_surface_anchored_v1,SRC_VB_SYNTHETIC,20260903,v0.1
SHP_17DFA47BC846,LOC_D3D5F936C730,tmt,166.5,3085.0,62,3-axle,0.722,LOC_295AB7B6EA4E,True,demand_surface_anchored_v1,SRC_VB_SYNTHETIC,20260903,v0.1
SHP_A1D4E2953DCC,LOC_84253133F595,multi,185.5,4802.0,61,2-axle,0.712,LOC_6640E16001FC,True,demand_surface_anchored_v1,SRC_VB_SYNTHETIC,20260903,v0.1
SHP_EAD76B1A8FA7,LOC_9777454B6208,hardware,56.3,1314.0,25,2-axle,0.379,LOC_4EDE6D436356,True,demand_surface_anchored_v1,SRC_VB_SYNTHETIC,20260903,v0.1
SHP_D50632B330B2,LOC_FB8F4CB9CFC3,brick,476.3,10153.0,72,3-axle,0.5,LOC_C032B7595774,True,demand_surface_anchored_v1,SRC_VB_SYNTHETIC,20260903,v0.1
SHP_2353C65973B6,LOC_B1EC3F2A6E5B,multi,115.7,4435.0,44,2-axle,0.478,LOC_2B3DE1198BA9,True,demand_surface_anchored_v1,SRC_VB_SYNTHETIC,20260903,v0.1
SHP_3EABBCA2551F,LOC_A7C23B8D7FC4,multi,158.0,6674.0,42,2-axle,0.38,LOC_B5D539F0C6F4,True,demand_surface_anchored_v1,SRC_VB_SYNTHETIC,20260903,v0.1
