availability_id,truck_id,location_id,available_time,remaining_capacity_kg,preferred_radius_km,return_home_by,is_synthetic,dataset_version
AVL_95EBB1CA7E36,TRK_D2E1FAD8FAE2,LOC_AC684A297AD1,12:00,15520.0,90.0,21:00,True,v0.1
AVL_468EFF3030FA,TRK_77285ED95E64,LOC_E7B504BE8FE9,06:45,2630.0,210.0,18:00,True,v0.1
AVL_6E5269A29DF5,TRK_77285ED95E64,LOC_E7B504BE8FE9,07:15,3100.0,200.0,18:00,True,v0.1
AVL_4CD54B3DEEDF,TRK_77285ED95E64,LOC_E7B504BE8FE9,08:30,2440.0,220.0,18:00,True,v0.1
AVL_26C48C18674C,TRK_CCC8FA82084A,LOC_C6AB43142BDB,08:45,6560.0,100.0,19:00,True,v0.1
AVL_4EE88098B46A,TRK_620C05BC679B,LOC_BF1D141289ED,12:00,630.0,70.0,20:00,True,v0.1
AVL_E498EC1B090F,TRK_620C05BC679B,LOC_BF1D141289ED,07:30,720.0,40.0,20:00,True,v0.1
AVL_93F365307A27,TRK_620C05BC679B,LOC_BF1D141289ED,08:15,1130.0,50.0,20:00,True,v0.1
AVL_4DBDB770246E,TRK_12B325950C8F,LOC_7CE3D43FF63F,10:00,4230.0,110.0,16:00,True,v0.1
AVL_9253941A23D0,TRK_12B325950C8F,LOC_7CE3D43FF63F,10:00,5460.0,150.0,16:00,True,v0.1
AVL_A8E11B851DB8,TRK_12B325950C8F,LOC_7CE3D43FF63F,08:15,3100.0,160.0,16:00,True,v0.1
AVL_ECEE112AE92F,TRK_DBB3E05A1345,LOC_D2DDEA75080C,12:15,3310.0,90.0,23:00,True,v0.1
AVL_C1153C67CDD1,TRK_DBB3E05A1345,LOC_D2DDEA75080C,12:00,1280.0,50.0,23:00,True,v0.1
AVL_4C678BC439DF,TRK_8C842CC0A407,LOC_0B27B307A77E,07:45,21580.0,250.0,15:00,True,v0.1
AVL_D388A953EE2E,TRK_F7ECE21B2F82,LOC_EC1D3E4138DF,09:45,330.0,40.0,20:00,True,v0.1
AVL_BDA7A87F6BAE,TRK_F7ECE21B2F82,LOC_EC1D3E4138DF,13:00,880.0,50.0,20:00,True,v0.1
AVL_9007E04351CD,TRK_7A91F5198B53,LOC_ED9C60D04FC0,11:00,13320.0,210.0,18:00,True,v0.1
AVL_3A46DCC4AF31,TRK_7A91F5198B53,LOC_ED9C60D04FC0,13:15,22690.0,140.0,18:00,True,v0.1
AVL_72D0601AED20,TRK_7A91F5198B53,LOC_ED9C60D04FC0,13:30,22010.0,220.0,18:00,True,v0.1
AVL_C89D912CAB17,TRK_CE161697CB0F,LOC_21F591BF08EC,05:30,8260.0,130.0,12:00,True,v0.1
AVL_189FEE0B0802,TRK_CE161697CB0F,LOC_21F591BF08EC,04:45,8570.0,100.0,12:00,True,v0.1
AVL_AA4563B8ECEE,TRK_CE161697CB0F,LOC_21F591BF08EC,04:30,9480.0,140.0,12:00,True,v0.1
AVL_02910C341503,TRK_BEE1B756CA92,LOC_ED9C60D04FC0,08:30,26110.0,250.0,18:00,True,v0.1
AVL_8E579B409C8E,TRK_BEE1B756CA92,LOC_ED9C60D04FC0,07:00,23830.0,250.0,18:00,True,v0.1
AVL_9D1E93F7E09F,TRK_A72FA0156ECE,LOC_B6370F731EEC,09:30,3760.0,190.0,17:00,True,v0.1
AVL_60FCEAE0D85E,TRK_129C27B32C42,LOC_2011BC2FE7BD,08:00,3210.0,190.0,14:00,True,v0.1
AVL_D85B52446F8C,TRK_CE2D668447C7,LOC_E9EE964E8CFE,08:15,1990.0,110.0,18:00,True,v0.1
AVL_475A31752C54,TRK_4DEB047EE4A3,LOC_D8FB48D6F894,13:00,20700.0,200.0,21:00,True,v0.1
AVL_87227D040EA0,TRK_4DEB047EE4A3,LOC_D8FB48D6F894,08:45,11440.0,200.0,21:00,True,v0.1
AVL_91A527856990,TRK_4DEB047EE4A3,LOC_D8FB48D6F894,08:00,18360.0,250.0,21:00,True,v0.1
AVL_820EBF7EABDF,TRK_78D4AB88907C,LOC_841795218E67,11:15,530.0,80.0,19:00,True,v0.1
AVL_180C25755958,TRK_78D4AB88907C,LOC_841795218E67,12:15,370.0,70.0,19:00,True,v0.1
AVL_FFA1C5E22025,TRK_78D4AB88907C,LOC_841795218E67,12:00,890.0,60.0,19:00,True,v0.1
AVL_AE07C4036724,TRK_A5F730FA2580,LOC_2ADFB4EFDB06,08:15,10890.0,250.0,14:00,True,v0.1
AVL_7253873F5D0B,TRK_A5F730FA2580,LOC_2ADFB4EFDB06,10:30,6470.0,250.0,14:00,True,v0.1
AVL_16E6C451A977,TRK_A5F730FA2580,LOC_2ADFB4EFDB06,08:45,12930.0,250.0,14:00,True,v0.1
AVL_97BFF55FB312,TRK_3CF3EAAA5FE3,LOC_E96863625035,07:30,260.0,40.0,19:00,True,v0.1
AVL_00503849D41F,TRK_3CF3EAAA5FE3,LOC_E96863625035,05:00,590.0,40.0,19:00,True,v0.1
AVL_ACB3AE9E30B9,TRK_292EB830C1E2,LOC_E9EE964E8CFE,12:15,420.0,60.0,20:00,True,v0.1
AVL_84FC5299A43F,TRK_292EB830C1E2,LOC_E9EE964E8CFE,07:15,520.0,50.0,20:00,True,v0.1
AVL_7A41F592E1CF,TRK_8DABB7C913C5,LOC_9F3A877025DA,09:30,1840.0,70.0,20:00,True,v0.1
AVL_646CA303F197,TRK_ECEE8EE28F92,LOC_D8FB48D6F894,08:30,17600.0,250.0,18:00,True,v0.1
AVL_F3FA8332A3EC,TRK_ECEE8EE28F92,LOC_D8FB48D6F894,09:45,8250.0,250.0,18:00,True,v0.1
AVL_86F48A9C5D3E,TRK_ECEE8EE28F92,LOC_D8FB48D6F894,06:15,18860.0,250.0,18:00,True,v0.1
AVL_E8B94D546F51,TRK_68C7282B649F,LOC_BD15AF538A86,06:45,720.0,30.0,12:00,True,v0.1
AVL_A9E2D96DD8BF,TRK_68C7282B649F,LOC_BD15AF538A86,09:45,790.0,50.0,12:00,True,v0.1
AVL_EE0E6EE3F390,TRK_EA42DF2EC558,LOC_8E24E29DF84B,06:45,780.0,150.0,16:00,True,v0.1
AVL_51197605CF32,TRK_EA42DF2EC558,LOC_8E24E29DF84B,05:30,1700.0,140.0,16:00,True,v0.1
AVL_9DF39009ADEE,TRK_EA42DF2EC558,LOC_8E24E29DF84B,06:15,1430.0,100.0,16:00,True,v0.1
AVL_AD9FF0058AF9,TRK_8568643F956E,LOC_BD15AF538A86,09:15,350.0,20.0,18:00,True,v0.1
AVL_7F3C1B627A7A,TRK_A3A61C64DE5D,LOC_487C12AA952A,12:15,8380.0,250.0,20:00,True,v0.1
AVL_C54C251A1F76,TRK_A3A61C64DE5D,LOC_487C12AA952A,10:30,7910.0,250.0,20:00,True,v0.1
AVL_A126E756A22D,TRK_532DA903AB51,LOC_2ADFB4EFDB06,08:15,6590.0,150.0,19:00,True,v0.1
AVL_A0FA0A4950AA,TRK_FD2ED987D86D,LOC_60C46A471111,08:30,840.0,40.0,16:00,True,v0.1
AVL_195822378993,TRK_FD2ED987D86D,LOC_60C46A471111,06:30,370.0,70.0,16:00,True,v0.1
AVL_D4A42556F35F,TRK_FD2ED987D86D,LOC_60C46A471111,06:30,530.0,50.0,16:00,True,v0.1
AVL_02947B5915BD,TRK_7A6A0CC55602,LOC_AB3DB4CE53FF,12:00,1930.0,180.0,17:00,True,v0.1
AVL_9D7627D330C0,TRK_7A6A0CC55602,LOC_AB3DB4CE53FF,07:00,2930.0,210.0,17:00,True,v0.1
AVL_BE66E87A7917,TRK_7A6A0CC55602,LOC_AB3DB4CE53FF,08:30,2470.0,110.0,17:00,True,v0.1
AVL_93694978732B,TRK_D48AA1E92128,LOC_6B9FA168B682,06:00,390.0,70.0,15:00,True,v0.1
AVL_E2A2EAAC25C6,TRK_D48AA1E92128,LOC_6B9FA168B682,05:45,820.0,80.0,15:00,True,v0.1
AVL_D1035D36194D,TRK_DAF51A958D58,LOC_3B372919B752,10:15,11080.0,100.0,17:00,True,v0.1
AVL_653F0B9114A6,TRK_DAF51A958D58,LOC_3B372919B752,11:45,9530.0,130.0,17:00,True,v0.1
AVL_6CF54B583EF6,TRK_DAF51A958D58,LOC_3B372919B752,12:30,3310.0,200.0,17:00,True,v0.1
AVL_D3D75CB78731,TRK_9C8AB9F98395,LOC_2E423964E639,10:00,2130.0,110.0,19:00,True,v0.1
AVL_A3319CE5121B,TRK_F7D1E6EBB6CA,LOC_0F3D188854D6,07:15,4740.0,220.0,15:00,True,v0.1
AVL_24235FB10201,TRK_99200FA0CAF5,LOC_4E618897659A,08:00,1530.0,50.0,18:00,True,v0.1
AVL_527BC988A175,TRK_99200FA0CAF5,LOC_4E618897659A,11:45,1280.0,80.0,18:00,True,v0.1
AVL_13E5253B6C55,TRK_99200FA0CAF5,LOC_4E618897659A,10:00,770.0,40.0,18:00,True,v0.1
AVL_3556B6D71049,TRK_8C037A0ADC54,LOC_2B9C182E1BB7,12:00,10470.0,250.0,17:00,True,v0.1
AVL_2BE249FBD031,TRK_8C037A0ADC54,LOC_2B9C182E1BB7,11:45,29940.0,250.0,17:00,True,v0.1
AVL_84E8C55E7B8F,TRK_8C037A0ADC54,LOC_2B9C182E1BB7,08:30,14500.0,250.0,17:00,True,v0.1
AVL_BEA89E79A3F1,TRK_4E30CB2EBC14,LOC_41413C4D1A63,08:15,2040.0,90.0,17:00,True,v0.1
AVL_86D7BEAD595E,TRK_626EAB067544,LOC_5D316714188F,07:30,3530.0,80.0,16:00,True,v0.1
AVL_896CB9AD3D5F,TRK_626EAB067544,LOC_5D316714188F,04:15,1480.0,80.0,16:00,True,v0.1
AVL_C3518EF0756D,TRK_626EAB067544,LOC_5D316714188F,08:00,2180.0,70.0,16:00,True,v0.1
AVL_BEA72AE9E29C,TRK_27E86454C41E,LOC_B01B9CC74597,07:00,1130.0,70.0,19:00,True,v0.1
AVL_DA45D4C4522B,TRK_9842EE7E4A7D,LOC_0B27B307A77E,08:15,10160.0,230.0,19:00,True,v0.1
AVL_CCCC0BC5B6DB,TRK_9842EE7E4A7D,LOC_0B27B307A77E,10:30,5430.0,210.0,19:00,True,v0.1
AVL_0E0AF7AEEE68,TRK_C7CC5AE3F376,LOC_9F3A877025DA,10:45,6170.0,80.0,20:00,True,v0.1
AVL_F1FDA530FC02,TRK_C7CC5AE3F376,LOC_9F3A877025DA,09:30,8680.0,50.0,20:00,True,v0.1
AVL_252ADEFC077C,TRK_C7CC5AE3F376,LOC_9F3A877025DA,12:00,9840.0,60.0,20:00,True,v0.1
AVL_F6C38C4D9AEB,TRK_85ECCC09B9D9,LOC_B26DA7992E56,09:30,1720.0,140.0,20:00,True,v0.1
AVL_50BC3BDB81ED,TRK_85ECCC09B9D9,LOC_B26DA7992E56,10:30,610.0,90.0,20:00,True,v0.1
AVL_89A03E6C127E,TRK_9F4AFED0031B,LOC_2275B2D35F85,09:00,2660.0,120.0,22:00,True,v0.1
AVL_32549FD1BE54,TRK_33F5C27E0A8E,LOC_C58F1767A842,06:30,1700.0,40.0,13:00,True,v0.1
AVL_9534DA4B4CE8,TRK_33F5C27E0A8E,LOC_C58F1767A842,06:00,1410.0,40.0,13:00,True,v0.1
AVL_FFE504984F5B,TRK_33F5C27E0A8E,LOC_C58F1767A842,09:30,1790.0,80.0,13:00,True,v0.1
AVL_6E4EC5023728,TRK_EEA651643038,LOC_B56ABDBA32E2,10:15,2020.0,100.0,20:00,True,v0.1
AVL_0817BDD513A7,TRK_EE305F995190,LOC_36B5B5F31C8D,11:45,350.0,100.0,15:00,True,v0.1
AVL_9AEB738B32DC,TRK_EE305F995190,LOC_36B5B5F31C8D,06:30,610.0,50.0,15:00,True,v0.1
AVL_7E1383C3AEC4,TRK_BACD7124FE62,LOC_5775AEDC7A87,07:45,1450.0,180.0,19:00,True,v0.1
AVL_C3DD21F87964,TRK_BACD7124FE62,LOC_5775AEDC7A87,12:15,2970.0,100.0,19:00,True,v0.1
AVL_59C0908435E0,TRK_BACD7124FE62,LOC_5775AEDC7A87,10:30,2450.0,180.0,19:00,True,v0.1
AVL_BB2163D0727C,TRK_5E33C6EEB554,LOC_11A4C40B0A4F,11:45,260.0,30.0,16:00,True,v0.1
AVL_6366CCE2DADA,TRK_5E33C6EEB554,LOC_11A4C40B0A4F,10:45,450.0,30.0,16:00,True,v0.1
AVL_B5D4901AD475,TRK_82D080DA4394,LOC_03F06DD41C28,10:00,1260.0,50.0,19:00,True,v0.1
AVL_E47F21C3B209,TRK_82D080DA4394,LOC_03F06DD41C28,12:00,470.0,60.0,19:00,True,v0.1
AVL_25F849BE1CAA,TRK_82D080DA4394,LOC_03F06DD41C28,09:30,1130.0,70.0,19:00,True,v0.1
AVL_B11AF37753A6,TRK_8F17F47DF021,LOC_5775AEDC7A87,07:45,7160.0,250.0,17:00,True,v0.1
AVL_856E331194F2,TRK_8F17F47DF021,LOC_5775AEDC7A87,08:30,2600.0,160.0,17:00,True,v0.1
AVL_3B46E6940919,TRK_8F17F47DF021,LOC_5775AEDC7A87,10:30,6900.0,140.0,17:00,True,v0.1
AVL_79CECAB8D4A9,TRK_3BD6603D79C0,LOC_B01B9CC74597,11:30,930.0,100.0,21:00,True,v0.1
AVL_7114268F1EF7,TRK_E247C3B236BF,LOC_F20DB0F2A327,07:45,3770.0,200.0,21:00,True,v0.1
AVL_85026FD962A3,TRK_E247C3B236BF,LOC_F20DB0F2A327,08:00,4610.0,140.0,21:00,True,v0.1
AVL_A47462AF7AA1,TRK_E247C3B236BF,LOC_F20DB0F2A327,12:30,2210.0,220.0,21:00,True,v0.1
AVL_C0F88FA9D064,TRK_C782EFA75804,LOC_ED9C60D04FC0,08:30,1180.0,50.0,17:00,True,v0.1
AVL_81BA2346F746,TRK_C782EFA75804,LOC_ED9C60D04FC0,08:30,1900.0,60.0,17:00,True,v0.1
AVL_4E57E981F74B,TRK_A0E9F09D08D4,LOC_165F0D721F3E,10:45,4050.0,200.0,19:00,True,v0.1
AVL_37ED86918B31,TRK_A0E9F09D08D4,LOC_165F0D721F3E,08:00,12650.0,200.0,19:00,True,v0.1
AVL_4170DF84132B,TRK_3119DA4FF7CB,LOC_DA9770705B86,10:00,1960.0,90.0,22:00,True,v0.1
AVL_85A28A9771E4,TRK_3119DA4FF7CB,LOC_DA9770705B86,09:45,1920.0,60.0,22:00,True,v0.1
AVL_F2F3359A994C,TRK_80DF5974F975,LOC_41413C4D1A63,11:45,860.0,60.0,16:00,True,v0.1
AVL_59E8A8311361,TRK_80DF5974F975,LOC_41413C4D1A63,13:00,690.0,80.0,16:00,True,v0.1
AVL_846B898E874E,TRK_302D768C55BE,LOC_8DBB3FA667B3,11:00,7240.0,70.0,23:00,True,v0.1
AVL_F8FD8D86EA16,TRK_D775FBEE377E,LOC_B9CDAEAD5C72,07:30,9060.0,230.0,14:00,True,v0.1
AVL_AA168BC12D22,TRK_D775FBEE377E,LOC_B9CDAEAD5C72,04:15,5110.0,240.0,14:00,True,v0.1
AVL_F9FAD1CA1BD0,TRK_333266140832,LOC_E7B504BE8FE9,04:45,1170.0,90.0,18:00,True,v0.1
AVL_EE6DE79F43A6,TRK_333266140832,LOC_E7B504BE8FE9,05:00,890.0,160.0,18:00,True,v0.1
AVL_0EA8C005CEA3,TRK_BFCCB9F57E47,LOC_ED9C60D04FC0,11:00,250.0,60.0,20:00,True,v0.1
AVL_7D495804D5AA,TRK_BFCCB9F57E47,LOC_ED9C60D04FC0,07:30,490.0,70.0,20:00,True,v0.1
AVL_B8F7F5BD7B32,TRK_BFCCB9F57E47,LOC_ED9C60D04FC0,10:00,370.0,80.0,20:00,True,v0.1
AVL_A31CD0AA0717,TRK_7D5CC8280BAC,LOC_F20DB0F2A327,11:15,7360.0,140.0,21:00,True,v0.1
AVL_E241018B615D,TRK_A210D20B3223,LOC_AD745A3946E4,06:15,10860.0,230.0,18:00,True,v0.1
AVL_AA5D7AF00E7F,TRK_D9C6545EAB2E,LOC_45C74FBD7B6F,09:45,6440.0,120.0,16:00,True,v0.1
AVL_8AB4D5B70837,TRK_D9C6545EAB2E,LOC_45C74FBD7B6F,09:45,2740.0,110.0,16:00,True,v0.1
AVL_9D419FAACD13,TRK_D9C6545EAB2E,LOC_45C74FBD7B6F,08:15,6620.0,130.0,16:00,True,v0.1
AVL_B5E6D0BCF356,TRK_8406DD0477EF,LOC_BF1D141289ED,10:30,5340.0,250.0,14:00,True,v0.1
AVL_3ECC8C8B347D,TRK_8406DD0477EF,LOC_BF1D141289ED,08:45,10380.0,250.0,14:00,True,v0.1
AVL_3DA596FB8068,TRK_8406DD0477EF,LOC_BF1D141289ED,06:30,8760.0,220.0,14:00,True,v0.1
AVL_D0F1BC0EA4E6,TRK_2AEAA46637B4,LOC_E96863625035,06:30,5730.0,60.0,17:00,True,v0.1
AVL_45D8EC88D3B0,TRK_A9EA5FA4BDE5,LOC_9F3A877025DA,09:00,7990.0,150.0,21:00,True,v0.1
AVL_91467351041B,TRK_A9EA5FA4BDE5,LOC_9F3A877025DA,11:15,5130.0,160.0,21:00,True,v0.1
AVL_6C527A80663E,TRK_A9EA5FA4BDE5,LOC_9F3A877025DA,09:30,6280.0,130.0,21:00,True,v0.1
AVL_838C69C05121,TRK_DCD529FCAD92,LOC_AD745A3946E4,09:45,8640.0,230.0,17:00,True,v0.1
AVL_66B547CD8115,TRK_DCD529FCAD92,LOC_AD745A3946E4,09:30,13340.0,250.0,17:00,True,v0.1
AVL_A93BDC8E1236,TRK_DCD529FCAD92,LOC_AD745A3946E4,13:15,9900.0,240.0,17:00,True,v0.1
AVL_20C13E4518D2,TRK_5BA38CDD6398,LOC_B39E76DCD93F,08:30,8070.0,170.0,21:00,True,v0.1
AVL_065CB7441E27,TRK_3673D58D3F9F,LOC_F20DB0F2A327,09:00,430.0,70.0,22:00,True,v0.1
AVL_E97657887055,TRK_CC15EA18475A,LOC_E96863625035,13:45,8500.0,150.0,23:00,True,v0.1
AVL_49ABA0740133,TRK_CC15EA18475A,LOC_E96863625035,13:45,9480.0,180.0,23:00,True,v0.1
AVL_D844B1B5BB4C,TRK_73D3FAB3FB7E,LOC_BC48412E6B15,04:00,1000.0,150.0,15:00,True,v0.1
AVL_6F605BE3957C,TRK_73D3FAB3FB7E,LOC_BC48412E6B15,08:45,2590.0,90.0,15:00,True,v0.1
AVL_2ADFEED41A6C,TRK_73D3FAB3FB7E,LOC_BC48412E6B15,06:15,3080.0,150.0,15:00,True,v0.1
AVL_3A86BEE66A48,TRK_3636FA13AE0D,LOC_BACB2642B5AD,08:45,2200.0,190.0,13:00,True,v0.1
AVL_065146D405B4,TRK_3636FA13AE0D,LOC_BACB2642B5AD,06:15,6180.0,220.0,13:00,True,v0.1
AVL_AE0797C4BED8,TRK_0DBC0A97FD43,LOC_AC684A297AD1,09:30,430.0,60.0,20:00,True,v0.1
AVL_0D995E2A7527,TRK_AED6D8426AC1,LOC_AD745A3946E4,09:30,430.0,60.0,18:00,True,v0.1
AVL_79B9333292BE,TRK_72FD468D3BB7,LOC_B26DA7992E56,07:15,2720.0,120.0,16:00,True,v0.1
AVL_8DBF16724496,TRK_14DED19CFB57,LOC_5B344A07BA57,07:00,5790.0,250.0,15:00,True,v0.1
AVL_11AA024B1F46,TRK_14DED19CFB57,LOC_5B344A07BA57,12:45,6370.0,170.0,15:00,True,v0.1
AVL_7D70FDC612DF,TRK_14DED19CFB57,LOC_5B344A07BA57,10:15,5680.0,190.0,15:00,True,v0.1
AVL_CA6B53F24F67,TRK_1C5377557122,LOC_BF1D141289ED,09:00,2830.0,110.0,20:00,True,v0.1
AVL_6AA9B904C0B5,TRK_1C5377557122,LOC_BF1D141289ED,06:15,7130.0,80.0,20:00,True,v0.1
AVL_75DBA388878E,TRK_1C5377557122,LOC_BF1D141289ED,11:30,5620.0,100.0,20:00,True,v0.1
AVL_C037A2825695,TRK_85173B163B02,LOC_C6AB43142BDB,10:00,11630.0,180.0,20:00,True,v0.1
AVL_0CFE519BD0DD,TRK_85173B163B02,LOC_C6AB43142BDB,11:30,8320.0,170.0,20:00,True,v0.1
AVL_B0F9B04C55E3,TRK_85173B163B02,LOC_C6AB43142BDB,12:15,11030.0,90.0,20:00,True,v0.1
AVL_752D46436BD4,TRK_93E61376630A,LOC_5775AEDC7A87,07:45,380.0,20.0,15:00,True,v0.1
AVL_2C5CE19D1A43,TRK_32CB60E4DEF3,LOC_27273A6A3299,09:00,1290.0,70.0,16:00,True,v0.1
AVL_2264276DD2BE,TRK_32CB60E4DEF3,LOC_27273A6A3299,08:15,1820.0,70.0,16:00,True,v0.1
AVL_C769A0698961,TRK_7F0EDB730CEF,LOC_CF065FE8EBAB,11:45,5160.0,210.0,18:00,True,v0.1
AVL_4EF311913A8B,TRK_7F0EDB730CEF,LOC_CF065FE8EBAB,10:30,17170.0,250.0,18:00,True,v0.1
AVL_91EFFB5AA237,TRK_7F0EDB730CEF,LOC_CF065FE8EBAB,10:00,16100.0,250.0,18:00,True,v0.1
AVL_AE18E0982C27,TRK_4F819BA45DBB,LOC_F1EE6A62E5AA,10:30,4480.0,170.0,20:00,True,v0.1
AVL_5C16062F5AF3,TRK_4F819BA45DBB,LOC_F1EE6A62E5AA,08:00,2420.0,210.0,20:00,True,v0.1
AVL_43B7FAD000E1,TRK_1E04417AF8BD,LOC_B9CDAEAD5C72,13:30,1300.0,60.0,17:00,True,v0.1
AVL_E3C23F33B34E,TRK_1E04417AF8BD,LOC_B9CDAEAD5C72,10:30,1000.0,90.0,17:00,True,v0.1
AVL_4B01388D4959,TRK_8655D90B9573,LOC_0D7AAF851D69,07:30,4570.0,210.0,17:00,True,v0.1
AVL_A24DA12583FD,TRK_8655D90B9573,LOC_0D7AAF851D69,06:00,3000.0,130.0,17:00,True,v0.1
AVL_D0BBB4FC7AE0,TRK_8655D90B9573,LOC_0D7AAF851D69,07:15,4780.0,180.0,17:00,True,v0.1
AVL_9D164B361EF2,TRK_14D982C0383D,LOC_11A4C40B0A4F,09:30,2790.0,160.0,20:00,True,v0.1
AVL_BA8E26129868,TRK_A2930A44E92E,LOC_5775AEDC7A87,04:30,5730.0,100.0,14:00,True,v0.1
AVL_18C009778B8B,TRK_A2930A44E92E,LOC_5775AEDC7A87,08:30,8370.0,110.0,14:00,True,v0.1
AVL_084F8AFEF9E1,TRK_A2930A44E92E,LOC_5775AEDC7A87,08:15,7370.0,130.0,14:00,True,v0.1
AVL_A264FDF40B8A,TRK_53479DAD233A,LOC_2B9C182E1BB7,06:30,8440.0,150.0,15:00,True,v0.1
AVL_E535DE1B4966,TRK_8B6AC1173403,LOC_2B9C182E1BB7,08:15,1490.0,100.0,17:00,True,v0.1
AVL_F1F6616704A4,TRK_6EE4DF0A18BF,LOC_B26FC239E19A,05:15,8130.0,150.0,15:00,True,v0.1
AVL_01AFBB861E37,TRK_6EE4DF0A18BF,LOC_B26FC239E19A,06:30,5020.0,190.0,15:00,True,v0.1
AVL_ED341B1E4B09,TRK_6EE4DF0A18BF,LOC_B26FC239E19A,07:30,9450.0,100.0,15:00,True,v0.1
AVL_6BDCCA1242E3,TRK_531D5E4723D5,LOC_FEFD9351973D,07:00,2410.0,160.0,15:00,True,v0.1
AVL_DE915025DE47,TRK_6AF7FF60CE3E,LOC_41413C4D1A63,13:15,2160.0,70.0,20:00,True,v0.1
AVL_A91483078033,TRK_15E4BA3F26DB,LOC_5D316714188F,09:45,780.0,40.0,19:00,True,v0.1
AVL_17B38FEAD2AD,TRK_15E4BA3F26DB,LOC_5D316714188F,10:00,310.0,80.0,19:00,True,v0.1
AVL_F52EFF538B0C,TRK_15E4BA3F26DB,LOC_5D316714188F,11:30,260.0,70.0,19:00,True,v0.1
AVL_53B968D687B0,TRK_CBC644EAB81E,LOC_5775AEDC7A87,12:45,10140.0,130.0,18:00,True,v0.1
AVL_CD5947756842,TRK_CBC644EAB81E,LOC_5775AEDC7A87,10:00,9090.0,80.0,18:00,True,v0.1
AVL_64C5306F4574,TRK_E9C76BCDE1E1,LOC_5D316714188F,10:45,12510.0,250.0,20:00,True,v0.1
AVL_8F22C3A435FE,TRK_E9C76BCDE1E1,LOC_5D316714188F,14:30,9480.0,250.0,20:00,True,v0.1
AVL_7B002BCFFE90,TRK_E9C76BCDE1E1,LOC_5D316714188F,14:45,20310.0,250.0,20:00,True,v0.1
AVL_3172824BC01C,TRK_DE5A14580F03,LOC_5775AEDC7A87,07:15,420.0,40.0,15:00,True,v0.1
AVL_6B40B759796E,TRK_6A55958D091D,LOC_8DBB3FA667B3,10:45,4700.0,100.0,19:00,True,v0.1
AVL_F45D154C0251,TRK_3A519CFB8F0F,LOC_8DBB3FA667B3,07:30,19470.0,250.0,19:00,True,v0.1
AVL_0B147EDC671E,TRK_07C89818BEEF,LOC_03F06DD41C28,09:30,6280.0,120.0,20:00,True,v0.1
AVL_D0C713C98659,TRK_0331FB7CD37E,LOC_61BECDCA1350,09:15,18360.0,250.0,14:00,True,v0.1
AVL_6F17E8BF266F,TRK_0331FB7CD37E,LOC_61BECDCA1350,09:15,14370.0,230.0,14:00,True,v0.1
AVL_013B492B9E4F,TRK_0331FB7CD37E,LOC_61BECDCA1350,09:30,16310.0,250.0,14:00,True,v0.1
AVL_9FE87BE6E5D9,TRK_C7B2D2B5DA6C,LOC_EBC017604691,13:30,4490.0,70.0,21:00,True,v0.1
AVL_218F38EBBA9D,TRK_8B0A48041C1C,LOC_5775AEDC7A87,09:30,9070.0,250.0,14:00,True,v0.1
AVL_0B51AF8BFCF7,TRK_8B0A48041C1C,LOC_5775AEDC7A87,07:15,15960.0,230.0,14:00,True,v0.1
AVL_3E7150878D30,TRK_8B0A48041C1C,LOC_5775AEDC7A87,07:15,16860.0,140.0,14:00,True,v0.1
AVL_AB98DCEE8EE1,TRK_DF02CF5283B1,LOC_8EAD4661AFB9,12:30,10270.0,170.0,23:00,True,v0.1
AVL_262621F99A44,TRK_1785FA65C441,LOC_5AA457C919DB,11:15,7920.0,150.0,23:00,True,v0.1
AVL_F5F0812AF026,TRK_1785FA65C441,LOC_5AA457C919DB,14:30,5290.0,190.0,23:00,True,v0.1
AVL_7CA80ABF92A0,TRK_5136065E98CA,LOC_8F3BDE96C1C3,06:15,11560.0,250.0,20:00,True,v0.1
AVL_DA02E625D0A7,TRK_5136065E98CA,LOC_8F3BDE96C1C3,11:45,24020.0,250.0,20:00,True,v0.1
AVL_113CCC5682E8,TRK_5136065E98CA,LOC_8F3BDE96C1C3,07:45,9880.0,250.0,20:00,True,v0.1
AVL_1DFCE9350B8D,TRK_19722D76C688,LOC_21F591BF08EC,06:00,890.0,40.0,17:00,True,v0.1
AVL_7C9F87DD9E33,TRK_1ADF63AC033E,LOC_36B5B5F31C8D,11:00,1950.0,110.0,21:00,True,v0.1
AVL_70CC37214EE7,TRK_1ADF63AC033E,LOC_36B5B5F31C8D,09:15,3220.0,170.0,21:00,True,v0.1
AVL_ECC9E2D27A93,TRK_1ADF63AC033E,LOC_36B5B5F31C8D,14:30,5720.0,180.0,21:00,True,v0.1
AVL_66809143202C,TRK_38D254CD73D8,LOC_5D316714188F,06:00,2440.0,80.0,18:00,True,v0.1
AVL_D4964F18F5A2,TRK_16D9D4191F37,LOC_EC1D3E4138DF,07:00,12260.0,150.0,16:00,True,v0.1
AVL_9C054E1343F6,TRK_16D9D4191F37,LOC_EC1D3E4138DF,05:00,10340.0,220.0,16:00,True,v0.1
AVL_790435E83D87,TRK_289DEA3F9F20,LOC_6B9FA168B682,09:45,16220.0,250.0,23:00,True,v0.1
AVL_45CC28C1F0BF,TRK_289DEA3F9F20,LOC_6B9FA168B682,14:00,11490.0,160.0,23:00,True,v0.1
AVL_24F92E75EA32,TRK_8CABBE59C7B3,LOC_ED9C60D04FC0,07:30,7160.0,180.0,16:00,True,v0.1
AVL_CBE64EAB20CA,TRK_8CABBE59C7B3,LOC_ED9C60D04FC0,05:00,5600.0,160.0,16:00,True,v0.1
AVL_04E74F3927DB,TRK_8CABBE59C7B3,LOC_ED9C60D04FC0,07:45,3800.0,200.0,16:00,True,v0.1
AVL_CE7523F0CFF6,TRK_106A24329287,LOC_DD4D9C55D7BB,05:00,19670.0,250.0,16:00,True,v0.1
AVL_368DF658AF88,TRK_106A24329287,LOC_DD4D9C55D7BB,06:00,23180.0,250.0,16:00,True,v0.1
AVL_CE06D6064548,TRK_D15A035D0AFA,LOC_63A998834201,09:30,6090.0,160.0,18:00,True,v0.1
AVL_B2742AEA8015,TRK_D15A035D0AFA,LOC_63A998834201,09:15,5530.0,240.0,18:00,True,v0.1
AVL_475D747F67D7,TRK_D260776856E5,LOC_4E618897659A,08:15,330.0,90.0,18:00,True,v0.1
AVL_BEA166A91A99,TRK_D260776856E5,LOC_4E618897659A,10:00,410.0,70.0,18:00,True,v0.1
AVL_57A1EF1E811B,TRK_D260776856E5,LOC_4E618897659A,09:30,590.0,60.0,18:00,True,v0.1
AVL_104C8618042D,TRK_27106B12CB8F,LOC_B26FC239E19A,11:15,13390.0,150.0,17:00,True,v0.1
AVL_0C1877415F27,TRK_67C732019FDB,LOC_165F0D721F3E,11:30,2700.0,100.0,16:00,True,v0.1
AVL_1DA84B061BE6,TRK_67C732019FDB,LOC_165F0D721F3E,09:30,1050.0,60.0,16:00,True,v0.1
AVL_8921A02C00FF,TRK_67C732019FDB,LOC_165F0D721F3E,10:30,2480.0,110.0,16:00,True,v0.1
AVL_3B61D565F9DB,TRK_9CCF8291D5EB,LOC_4A5F46E3AFB5,09:45,10340.0,90.0,17:00,True,v0.1
AVL_EB929036CD3F,TRK_6BAC671573ED,LOC_DA9770705B86,11:30,1800.0,70.0,17:00,True,v0.1
AVL_968313D3B7EC,TRK_B7FB75BB3E0A,LOC_B01B9CC74597,07:45,17560.0,250.0,15:00,True,v0.1
AVL_BFAAAEC8B293,TRK_B7FB75BB3E0A,LOC_B01B9CC74597,09:30,11270.0,250.0,15:00,True,v0.1
AVL_99F5E8520A6B,TRK_3A3637714E72,LOC_5D316714188F,07:15,6760.0,110.0,14:00,True,v0.1
AVL_08C50560C37F,TRK_23A096137946,LOC_7CE3D43FF63F,09:45,1640.0,150.0,20:00,True,v0.1
AVL_D4692BC42F4F,TRK_C8E078B21004,LOC_B01B9CC74597,06:30,2440.0,60.0,16:00,True,v0.1
AVL_08845F5F9F35,TRK_6DD0EEDFBA08,LOC_5D316714188F,12:30,1040.0,30.0,17:00,True,v0.1
AVL_114703CD7B38,TRK_6DD0EEDFBA08,LOC_5D316714188F,11:45,590.0,30.0,17:00,True,v0.1
AVL_C1841CAC9194,TRK_DFE2E7A3874A,LOC_B890897F9CCC,09:30,7590.0,140.0,21:00,True,v0.1
AVL_9B0E16AAF1C8,TRK_DFE2E7A3874A,LOC_B890897F9CCC,13:00,8140.0,100.0,21:00,True,v0.1
AVL_017CE1191B80,TRK_8305179CCBA4,LOC_63A998834201,06:30,16290.0,250.0,12:00,True,v0.1
AVL_A1D0AF48D23C,TRK_579E0CDDD559,LOC_6042150B38E7,06:15,11480.0,120.0,14:00,True,v0.1
AVL_9B1CAAB46ED0,TRK_579E0CDDD559,LOC_6042150B38E7,07:15,10160.0,130.0,14:00,True,v0.1
AVL_2917B994AF73,TRK_29479EF7C99F,LOC_08E25919DCC7,09:15,2140.0,130.0,16:00,True,v0.1
AVL_F794740DBCCA,TRK_29479EF7C99F,LOC_08E25919DCC7,09:00,3070.0,130.0,16:00,True,v0.1
AVL_58E283D52BA4,TRK_CB44CB24B4E0,LOC_8DBB3FA667B3,06:00,1030.0,60.0,16:00,True,v0.1
AVL_AED3C95575C3,TRK_6365D3F80895,LOC_41413C4D1A63,09:15,5880.0,110.0,17:00,True,v0.1
AVL_7DB5FAE571E5,TRK_452D76B93741,LOC_BC48412E6B15,05:15,10860.0,100.0,14:00,True,v0.1
AVL_6A85F298DB4D,TRK_090667708D1F,LOC_DA9770705B86,10:00,900.0,120.0,19:00,True,v0.1
AVL_08995A9684D6,TRK_090667708D1F,LOC_DA9770705B86,08:45,1080.0,110.0,19:00,True,v0.1
AVL_54468659A818,TRK_EE0374A9BEE9,LOC_E71843C35AC6,07:45,6060.0,220.0,18:00,True,v0.1
AVL_1370E26F7853,TRK_EE0374A9BEE9,LOC_E71843C35AC6,05:45,7850.0,230.0,18:00,True,v0.1
AVL_C78CEB643F72,TRK_EE0374A9BEE9,LOC_E71843C35AC6,06:15,4070.0,250.0,18:00,True,v0.1
AVL_90BC35836700,TRK_48EB6FE8DF61,LOC_45C74FBD7B6F,08:45,460.0,100.0,16:00,True,v0.1
AVL_C59A79D6A203,TRK_4927520C533F,LOC_1FB47BF8FFEB,08:30,11610.0,250.0,16:00,True,v0.1
AVL_9C8D099A7D7F,TRK_4927520C533F,LOC_1FB47BF8FFEB,12:00,8380.0,170.0,16:00,True,v0.1
AVL_024028E21AD7,TRK_4B6D47D5F42F,LOC_841795218E67,10:15,870.0,70.0,16:00,True,v0.1
AVL_167E66668744,TRK_4B6D47D5F42F,LOC_841795218E67,07:15,2290.0,80.0,16:00,True,v0.1
AVL_CE02E52BE9D5,TRK_4B6D47D5F42F,LOC_841795218E67,09:15,1220.0,100.0,16:00,True,v0.1
AVL_138D9FDC1B4D,TRK_C15D2A86FFB1,LOC_BF1D141289ED,12:45,1570.0,130.0,17:00,True,v0.1
AVL_41079DF49144,TRK_C15D2A86FFB1,LOC_BF1D141289ED,10:45,2080.0,140.0,17:00,True,v0.1
AVL_2C46180A3E98,TRK_C15D2A86FFB1,LOC_BF1D141289ED,12:15,2570.0,130.0,17:00,True,v0.1
AVL_A627F93A0C17,TRK_0E563C6D9D5F,LOC_B26DA7992E56,10:45,9660.0,200.0,22:00,True,v0.1
AVL_3B539BB61351,TRK_0E563C6D9D5F,LOC_B26DA7992E56,10:15,6910.0,180.0,22:00,True,v0.1
AVL_3A9768742ECA,TRK_0E563C6D9D5F,LOC_B26DA7992E56,11:30,9280.0,220.0,22:00,True,v0.1
AVL_C18C5AD07BDB,TRK_E5B6D3B322CE,LOC_C58F1767A842,11:15,4930.0,240.0,19:00,True,v0.1
AVL_300843CA6820,TRK_E5B6D3B322CE,LOC_C58F1767A842,07:30,15050.0,210.0,19:00,True,v0.1
AVL_91460CE194F4,TRK_E5B6D3B322CE,LOC_C58F1767A842,07:00,13770.0,170.0,19:00,True,v0.1
AVL_C926A6D0DE73,TRK_A42E9F025D43,LOC_61BECDCA1350,06:15,1450.0,70.0,18:00,True,v0.1
AVL_45A69281DA3F,TRK_A42E9F025D43,LOC_61BECDCA1350,04:15,1630.0,110.0,18:00,True,v0.1
AVL_23C030D0ECF2,TRK_17B4D136E735,LOC_6042150B38E7,07:30,1150.0,90.0,15:00,True,v0.1
AVL_602062A57A30,TRK_17B4D136E735,LOC_6042150B38E7,07:30,1270.0,90.0,15:00,True,v0.1
AVL_ED0A77B73E54,TRK_17B4D136E735,LOC_6042150B38E7,04:30,940.0,110.0,15:00,True,v0.1
AVL_5A437EE0153E,TRK_0D8E126F96D0,LOC_5B344A07BA57,05:00,1990.0,60.0,18:00,True,v0.1
AVL_3A26DD906E59,TRK_0D8E126F96D0,LOC_5B344A07BA57,05:45,2250.0,40.0,18:00,True,v0.1
AVL_68D72120039C,TRK_0D8E126F96D0,LOC_5B344A07BA57,10:45,1960.0,50.0,18:00,True,v0.1
AVL_BD6863733797,TRK_29FCBBB41709,LOC_E9EE964E8CFE,12:00,1260.0,70.0,17:00,True,v0.1
AVL_6BF3E7367181,TRK_29FCBBB41709,LOC_E9EE964E8CFE,08:00,2730.0,60.0,17:00,True,v0.1
AVL_303EC7C10BD4,TRK_29FCBBB41709,LOC_E9EE964E8CFE,13:15,1220.0,50.0,17:00,True,v0.1
AVL_7B06839D338A,TRK_42B0F81DE519,LOC_8EAD4661AFB9,09:00,2080.0,40.0,19:00,True,v0.1
AVL_44D122164F5E,TRK_42B0F81DE519,LOC_8EAD4661AFB9,12:15,1600.0,70.0,19:00,True,v0.1
AVL_A94E0ECB936B,TRK_42B0F81DE519,LOC_8EAD4661AFB9,08:15,3120.0,60.0,19:00,True,v0.1
AVL_98C4CEDC7FF2,TRK_506AC9DF4812,LOC_E96863625035,07:15,2670.0,140.0,18:00,True,v0.1
AVL_D13503376936,TRK_506AC9DF4812,LOC_E96863625035,09:45,980.0,120.0,18:00,True,v0.1
AVL_DE017516666A,TRK_506AC9DF4812,LOC_E96863625035,07:30,2410.0,70.0,18:00,True,v0.1
AVL_7D563622A138,TRK_866E87497CC2,LOC_ED9C60D04FC0,08:00,6820.0,250.0,22:00,True,v0.1
AVL_00A6AC82075B,TRK_866E87497CC2,LOC_ED9C60D04FC0,10:30,15050.0,250.0,22:00,True,v0.1
AVL_97BC44D7CA3A,TRK_866E87497CC2,LOC_ED9C60D04FC0,09:00,13470.0,200.0,22:00,True,v0.1
AVL_B8E2D38CD370,TRK_923ED67EB35E,LOC_7CE3D43FF63F,10:00,6260.0,70.0,17:00,True,v0.1
AVL_0F3D1A8A4FEB,TRK_923ED67EB35E,LOC_7CE3D43FF63F,13:15,7350.0,110.0,17:00,True,v0.1
AVL_2C845E7D2708,TRK_923ED67EB35E,LOC_7CE3D43FF63F,11:15,6810.0,60.0,17:00,True,v0.1
AVL_E9F8B29ADC02,TRK_389956C07ADA,LOC_41413C4D1A63,09:15,810.0,50.0,18:00,True,v0.1
AVL_3C10FA052683,TRK_389956C07ADA,LOC_41413C4D1A63,09:15,990.0,70.0,18:00,True,v0.1
AVL_80544FE8593B,TRK_359ED9AAD837,LOC_C6AB43142BDB,11:15,610.0,40.0,21:00,True,v0.1
AVL_66D8DE0C6CA5,TRK_359ED9AAD837,LOC_C6AB43142BDB,11:15,1010.0,20.0,21:00,True,v0.1
AVL_8D936508A572,TRK_5A00116C5568,LOC_8F3BDE96C1C3,06:45,1010.0,100.0,14:00,True,v0.1
AVL_806AE9859745,TRK_5A00116C5568,LOC_8F3BDE96C1C3,07:45,1740.0,110.0,14:00,True,v0.1
AVL_84BE65CCC892,TRK_5A00116C5568,LOC_8F3BDE96C1C3,10:30,2280.0,70.0,14:00,True,v0.1
AVL_81BB7AA0D5DA,TRK_A1CCB70BDA72,LOC_443EF0FB4E8C,09:00,3800.0,100.0,20:00,True,v0.1
AVL_7C1A8027B523,TRK_A1CCB70BDA72,LOC_443EF0FB4E8C,08:45,4680.0,130.0,20:00,True,v0.1
AVL_0B0BA2BE3C5A,TRK_A1CCB70BDA72,LOC_443EF0FB4E8C,11:15,5150.0,110.0,20:00,True,v0.1
AVL_34ED33195F14,TRK_01E66002417B,LOC_8F3BDE96C1C3,08:30,10230.0,250.0,21:00,True,v0.1
AVL_77BF44BA4A5A,TRK_01E66002417B,LOC_8F3BDE96C1C3,11:15,11730.0,250.0,21:00,True,v0.1
AVL_F4FD72237B9C,TRK_315CE0D096AA,LOC_0D7AAF851D69,07:00,3260.0,90.0,15:00,True,v0.1
AVL_03A31048F2E8,TRK_C3A5188327F5,LOC_CF065FE8EBAB,12:00,1220.0,100.0,15:00,True,v0.1
AVL_84EF940F1F62,TRK_8050CCA53A55,LOC_2011BC2FE7BD,04:45,490.0,50.0,16:00,True,v0.1
AVL_9D3EEF9AB59C,TRK_8050CCA53A55,LOC_2011BC2FE7BD,05:30,690.0,30.0,16:00,True,v0.1
AVL_BFD5D0D510DB,TRK_DCE5BAE448B2,LOC_2B9C182E1BB7,06:45,1650.0,90.0,16:00,True,v0.1
AVL_30174F93D74D,TRK_DCE5BAE448B2,LOC_2B9C182E1BB7,04:45,1280.0,140.0,16:00,True,v0.1
AVL_F5AC8189266F,TRK_F63DB88BF4F8,LOC_2E9E391564C2,09:00,1730.0,90.0,18:00,True,v0.1
AVL_84F39717D79D,TRK_F63DB88BF4F8,LOC_2E9E391564C2,09:30,2170.0,120.0,18:00,True,v0.1
AVL_F4D31465E414,TRK_86DDBB46031F,LOC_4E618897659A,09:30,2060.0,100.0,17:00,True,v0.1
AVL_03CC384C88B6,TRK_57C748EE92F0,LOC_21F591BF08EC,07:30,4250.0,70.0,20:00,True,v0.1
AVL_4B5F945A54FF,TRK_57C748EE92F0,LOC_21F591BF08EC,11:30,5790.0,120.0,20:00,True,v0.1
AVL_3E6CE909E661,TRK_57C748EE92F0,LOC_21F591BF08EC,10:15,5750.0,70.0,20:00,True,v0.1
AVL_B7547C095DDF,TRK_FA5AAED1C334,LOC_63A998834201,11:15,9680.0,100.0,18:00,True,v0.1
AVL_84258DC333EA,TRK_FA5AAED1C334,LOC_63A998834201,09:00,10770.0,150.0,18:00,True,v0.1
AVL_2EDEE5CC8190,TRK_F7A44017FF44,LOC_DD4D9C55D7BB,07:15,1680.0,110.0,18:00,True,v0.1
AVL_2DE5F58BB8FD,TRK_38FF5D307437,LOC_27273A6A3299,07:30,1170.0,100.0,15:00,True,v0.1
AVL_E4A10284A27B,TRK_38FF5D307437,LOC_27273A6A3299,11:30,1030.0,80.0,15:00,True,v0.1
AVL_B702CC7CCD05,TRK_4DFDC231E57E,LOC_5AA457C919DB,10:45,1090.0,160.0,18:00,True,v0.1
AVL_14A98A03F9A4,TRK_4DFDC231E57E,LOC_5AA457C919DB,11:30,2080.0,160.0,18:00,True,v0.1
AVL_6445198E6785,TRK_4DFDC231E57E,LOC_5AA457C919DB,09:15,2600.0,130.0,18:00,True,v0.1
AVL_48E1174B0FCE,TRK_9EAC6D0ABBEA,LOC_B0D713DFA81B,06:15,2910.0,60.0,16:00,True,v0.1
AVL_B6F8DD088EBB,TRK_9EAC6D0ABBEA,LOC_B0D713DFA81B,08:00,2510.0,50.0,16:00,True,v0.1
AVL_3BF345B5E37C,TRK_9EAC6D0ABBEA,LOC_B0D713DFA81B,06:15,1110.0,90.0,16:00,True,v0.1
AVL_BAC138AA5CBE,TRK_16ACE9EF76CD,LOC_5AA457C919DB,08:00,1010.0,80.0,16:00,True,v0.1
AVL_3DA62455D49E,TRK_16ACE9EF76CD,LOC_5AA457C919DB,07:30,740.0,60.0,16:00,True,v0.1
AVL_9DAB0CB95636,TRK_0FA3DFC14577,LOC_21F591BF08EC,11:30,800.0,40.0,17:00,True,v0.1
AVL_14FCB1F372AB,TRK_0FA3DFC14577,LOC_21F591BF08EC,07:45,650.0,60.0,17:00,True,v0.1
AVL_ABCC4BA47E80,TRK_E0C77DD58163,LOC_0D7AAF851D69,07:00,400.0,30.0,17:00,True,v0.1
AVL_958D657545CB,TRK_E0C77DD58163,LOC_0D7AAF851D69,08:30,690.0,20.0,17:00,True,v0.1
AVL_75A9EF966403,TRK_5DB18177D4BA,LOC_2ECE587EC515,07:00,8450.0,160.0,17:00,True,v0.1
AVL_AE5FC66C41E0,TRK_5DB18177D4BA,LOC_2ECE587EC515,10:45,11490.0,160.0,17:00,True,v0.1
AVL_2B2BF4A4CB47,TRK_5DB18177D4BA,LOC_2ECE587EC515,10:00,8440.0,160.0,17:00,True,v0.1
AVL_D3696678D9E8,TRK_B2BFC6E326C7,LOC_9F3A877025DA,09:45,9080.0,140.0,17:00,True,v0.1
AVL_0903FE925B47,TRK_B2BFC6E326C7,LOC_9F3A877025DA,05:00,8690.0,90.0,17:00,True,v0.1
AVL_CAD3FCED7719,TRK_FFF0E16B86EA,LOC_03F06DD41C28,09:30,19840.0,250.0,13:00,True,v0.1
AVL_6132DA74C94E,TRK_FC69327D528A,LOC_841795218E67,08:30,6570.0,250.0,12:00,True,v0.1
AVL_66BD5E6DEA1B,TRK_A7E826AECBA2,LOC_165F0D721F3E,06:00,5250.0,140.0,20:00,True,v0.1
AVL_7F059286683B,TRK_426EB8216BBE,LOC_B6370F731EEC,10:00,7020.0,150.0,21:00,True,v0.1
AVL_06231E744BB6,TRK_4F95BDB0BA5A,LOC_5775AEDC7A87,06:45,8040.0,180.0,14:00,True,v0.1
AVL_7CBDBEA1DF94,TRK_C37572A4FA01,LOC_BACB2642B5AD,11:45,16520.0,200.0,20:00,True,v0.1
AVL_78630F62B65E,TRK_347D5629569F,LOC_CF065FE8EBAB,09:30,740.0,50.0,15:00,True,v0.1
AVL_64E6D14105E6,TRK_347D5629569F,LOC_CF065FE8EBAB,07:45,520.0,60.0,15:00,True,v0.1
AVL_F177F574F47C,TRK_AC0EE058C86B,LOC_AC684A297AD1,04:30,1740.0,130.0,16:00,True,v0.1
AVL_87A42163E342,TRK_AC0EE058C86B,LOC_AC684A297AD1,08:45,960.0,130.0,16:00,True,v0.1
AVL_3D403E722314,TRK_E3565B341669,LOC_EBC017604691,09:45,1100.0,100.0,15:00,True,v0.1
AVL_DAC98483F936,TRK_E3565B341669,LOC_EBC017604691,06:00,2770.0,110.0,15:00,True,v0.1
AVL_CA3D3DF77274,TRK_169792B203A5,LOC_487C12AA952A,08:30,1170.0,80.0,22:00,True,v0.1
AVL_45668FA702DA,TRK_169792B203A5,LOC_487C12AA952A,11:45,2250.0,90.0,22:00,True,v0.1
AVL_D36272756CB5,TRK_169792B203A5,LOC_487C12AA952A,10:15,1100.0,100.0,22:00,True,v0.1
AVL_0728BAD3EBFB,TRK_4F30A739ED08,LOC_03F06DD41C28,10:15,11800.0,250.0,17:00,True,v0.1
AVL_3A9612FC5071,TRK_85E03896EC42,LOC_F1EE6A62E5AA,05:45,340.0,80.0,13:00,True,v0.1
AVL_43E079EDE974,TRK_7C939A3C75A8,LOC_FEFD9351973D,04:45,6800.0,230.0,16:00,True,v0.1
AVL_119F67B7FE88,TRK_5761F54D80F2,LOC_4E618897659A,10:45,6910.0,110.0,17:00,True,v0.1
AVL_DEDEFB3C0007,TRK_5761F54D80F2,LOC_4E618897659A,13:00,6130.0,110.0,17:00,True,v0.1
AVL_29771B2B8779,TRK_5761F54D80F2,LOC_4E618897659A,09:15,3430.0,120.0,17:00,True,v0.1
AVL_092443254C47,TRK_E760130867F3,LOC_2ECE587EC515,13:15,5490.0,250.0,18:00,True,v0.1
AVL_3E59C307DA81,TRK_40B5303313DE,LOC_36B5B5F31C8D,08:15,970.0,50.0,21:00,True,v0.1
AVL_A9C31BE4A483,TRK_40B5303313DE,LOC_36B5B5F31C8D,13:00,560.0,90.0,21:00,True,v0.1
AVL_6F0000AE5E43,TRK_EEDF5A5A8AD4,LOC_B01B9CC74597,09:45,1420.0,70.0,22:00,True,v0.1
AVL_7796F0530AF2,TRK_719AE6339BFD,LOC_F20DB0F2A327,10:30,690.0,50.0,17:00,True,v0.1
AVL_28A8D1A74CB9,TRK_719AE6339BFD,LOC_F20DB0F2A327,10:00,580.0,60.0,17:00,True,v0.1
AVL_00C61D3A522E,TRK_719AE6339BFD,LOC_F20DB0F2A327,10:00,1110.0,30.0,17:00,True,v0.1
AVL_F936801D4599,TRK_FA092739F993,LOC_F1EE6A62E5AA,07:45,820.0,120.0,18:00,True,v0.1
AVL_9C83DE8B57DA,TRK_FA092739F993,LOC_F1EE6A62E5AA,05:15,730.0,110.0,18:00,True,v0.1
AVL_01D851351981,TRK_FA092739F993,LOC_F1EE6A62E5AA,04:15,1480.0,110.0,18:00,True,v0.1
AVL_FDDDC434C514,TRK_6745C206CF7D,LOC_08E25919DCC7,07:30,2270.0,50.0,12:00,True,v0.1
AVL_F5BA9547F250,TRK_6745C206CF7D,LOC_08E25919DCC7,06:15,1970.0,40.0,12:00,True,v0.1
AVL_3B29A6F465B6,TRK_58B2A657DF26,LOC_8EAD4661AFB9,06:00,1830.0,120.0,16:00,True,v0.1
AVL_4A8627370741,TRK_E260AFDFB21B,LOC_FF96333A5510,08:30,24770.0,250.0,17:00,True,v0.1
AVL_D0B80A9388FC,TRK_E260AFDFB21B,LOC_FF96333A5510,11:00,23610.0,250.0,17:00,True,v0.1
AVL_BD59B284AE9D,TRK_E260AFDFB21B,LOC_FF96333A5510,11:00,25120.0,250.0,17:00,True,v0.1
AVL_63E5A887FEC6,TRK_3CFEB87B3316,LOC_DA9770705B86,14:15,14530.0,240.0,23:00,True,v0.1
AVL_47AEC359171E,TRK_3CFEB87B3316,LOC_DA9770705B86,10:30,12220.0,250.0,23:00,True,v0.1
AVL_7EC6F4B96DE3,TRK_3CFEB87B3316,LOC_DA9770705B86,10:15,8840.0,200.0,23:00,True,v0.1
AVL_C48516BE1539,TRK_105C091EFD2D,LOC_4E618897659A,05:30,1660.0,110.0,18:00,True,v0.1
AVL_81405A35ADD2,TRK_105C091EFD2D,LOC_4E618897659A,09:00,1420.0,110.0,18:00,True,v0.1
AVL_B94AA67C2393,TRK_105C091EFD2D,LOC_4E618897659A,05:30,2450.0,90.0,18:00,True,v0.1
AVL_096E5B1E22D4,TRK_BF4524860146,LOC_841795218E67,07:45,17040.0,190.0,14:00,True,v0.1
AVL_02507AFF218B,TRK_9143FC770BBE,LOC_443EF0FB4E8C,07:00,3880.0,140.0,18:00,True,v0.1
AVL_1A0021898D31,TRK_E9DC6BD4C060,LOC_B6370F731EEC,08:45,10090.0,140.0,17:00,True,v0.1
AVL_BDD614C186AD,TRK_5D8E3362C1D0,LOC_6042150B38E7,08:30,16690.0,150.0,15:00,True,v0.1
AVL_DE115C885E48,TRK_1A09343A6FAC,LOC_D49CDCEB7AF7,06:45,12540.0,230.0,16:00,True,v0.1
AVL_82AA5985D06E,TRK_1A09343A6FAC,LOC_D49CDCEB7AF7,09:15,13560.0,240.0,16:00,True,v0.1
AVL_DE50A3223AD8,TRK_57D4B8795120,LOC_6C7E235EC96D,08:45,1360.0,50.0,15:00,True,v0.1
AVL_E06A57A25C4D,TRK_57D4B8795120,LOC_6C7E235EC96D,11:15,940.0,50.0,15:00,True,v0.1
AVL_89DE14A06A34,TRK_57D4B8795120,LOC_6C7E235EC96D,11:15,1340.0,70.0,15:00,True,v0.1
AVL_799B8F2E7164,TRK_D29EEB1F53C4,LOC_8E24E29DF84B,10:45,1750.0,70.0,17:00,True,v0.1
AVL_1D7688AEB5D2,TRK_3850C153C078,LOC_8E5593D8E476,12:00,1110.0,130.0,21:00,True,v0.1
AVL_93D72C7EBCF9,TRK_3850C153C078,LOC_8E5593D8E476,13:15,1880.0,160.0,21:00,True,v0.1
AVL_5BB8D36DBEA0,TRK_BB051CCBCB43,LOC_4A5F46E3AFB5,09:15,1950.0,120.0,14:00,True,v0.1
AVL_84F9C16CE345,TRK_38645E4F9C39,LOC_41413C4D1A63,06:45,10780.0,240.0,16:00,True,v0.1
AVL_1E74FDB3A0AD,TRK_38645E4F9C39,LOC_41413C4D1A63,09:15,9760.0,170.0,16:00,True,v0.1
AVL_A04823A33A59,TRK_33EE201CCB72,LOC_60C46A471111,09:00,900.0,40.0,17:00,True,v0.1
AVL_99BE682A88B0,TRK_33EE201CCB72,LOC_60C46A471111,12:30,470.0,40.0,17:00,True,v0.1
AVL_C7AD069D6ADE,TRK_33EE201CCB72,LOC_60C46A471111,08:15,1130.0,30.0,17:00,True,v0.1
AVL_4232243AC5FD,TRK_8949F5C9BAF0,LOC_58DEC063659A,11:45,3470.0,120.0,19:00,True,v0.1
AVL_E4F23D03F368,TRK_8949F5C9BAF0,LOC_58DEC063659A,09:00,3340.0,130.0,19:00,True,v0.1
AVL_0BDD90B9328A,TRK_8949F5C9BAF0,LOC_58DEC063659A,07:15,1820.0,90.0,19:00,True,v0.1
AVL_31C18F346C71,TRK_1E9419A748CE,LOC_2E9E391564C2,09:00,820.0,40.0,18:00,True,v0.1
AVL_09B1B9EDE480,TRK_392E46231431,LOC_8DBB3FA667B3,10:15,1740.0,100.0,19:00,True,v0.1
AVL_B5D607DA0DDE,TRK_392E46231431,LOC_8DBB3FA667B3,09:45,1850.0,130.0,19:00,True,v0.1
AVL_A945BEBC245D,TRK_392E46231431,LOC_8DBB3FA667B3,09:30,1810.0,110.0,19:00,True,v0.1
AVL_40ABC1938862,TRK_EA0BF86B0239,LOC_5D316714188F,09:00,16790.0,250.0,19:00,True,v0.1
AVL_734642B12A36,TRK_EA0BF86B0239,LOC_5D316714188F,05:45,21880.0,250.0,19:00,True,v0.1
AVL_5A79DB58448C,TRK_40F5228AAD63,LOC_4E618897659A,11:30,16410.0,220.0,21:00,True,v0.1
AVL_12C45D4E0E36,TRK_40F5228AAD63,LOC_4E618897659A,14:15,12850.0,250.0,21:00,True,v0.1
AVL_989DBA2D988E,TRK_40F5228AAD63,LOC_4E618897659A,12:45,5100.0,230.0,21:00,True,v0.1
AVL_741A500148A5,TRK_9294462ECDA6,LOC_ED9C60D04FC0,14:30,1550.0,130.0,21:00,True,v0.1
AVL_D57DF4EDD3F2,TRK_CE4772AA3291,LOC_8F3BDE96C1C3,08:45,420.0,60.0,14:00,True,v0.1
AVL_AE69CB33DD75,TRK_CE4772AA3291,LOC_8F3BDE96C1C3,05:30,640.0,60.0,14:00,True,v0.1
AVL_30C61F78B358,TRK_CE4772AA3291,LOC_8F3BDE96C1C3,10:00,540.0,60.0,14:00,True,v0.1
AVL_9EC3EFB7AE8C,TRK_4A05F6B9B509,LOC_5B344A07BA57,09:15,22770.0,250.0,13:00,True,v0.1
AVL_25FFB9AB1378,TRK_4A05F6B9B509,LOC_5B344A07BA57,07:45,25090.0,230.0,13:00,True,v0.1
AVL_1E8CA5C9DEDC,TRK_4A05F6B9B509,LOC_5B344A07BA57,04:30,23720.0,250.0,13:00,True,v0.1
AVL_A9E63873A1A6,TRK_77A3676CBD11,LOC_D49CDCEB7AF7,06:30,4110.0,140.0,13:00,True,v0.1
AVL_777C16A5551F,TRK_B05F093FBC7C,LOC_D8FB48D6F894,08:45,350.0,90.0,14:00,True,v0.1
AVL_B7AA6B018FB8,TRK_B05F093FBC7C,LOC_D8FB48D6F894,06:00,450.0,90.0,14:00,True,v0.1
AVL_4F2A59D20DC4,TRK_05B72ADB01A0,LOC_F20DB0F2A327,10:00,1560.0,110.0,18:00,True,v0.1
AVL_A9FCD55620F5,TRK_05B72ADB01A0,LOC_F20DB0F2A327,12:30,1690.0,80.0,18:00,True,v0.1
AVL_113F196A2D84,TRK_05B72ADB01A0,LOC_F20DB0F2A327,11:00,660.0,90.0,18:00,True,v0.1
AVL_590719035D80,TRK_F217E05EA4C4,LOC_D2DDEA75080C,10:00,760.0,50.0,19:00,True,v0.1
AVL_4BC9C193412E,TRK_F217E05EA4C4,LOC_D2DDEA75080C,08:00,2050.0,70.0,19:00,True,v0.1
AVL_69EFFA47101D,TRK_F217E05EA4C4,LOC_D2DDEA75080C,12:30,2130.0,80.0,19:00,True,v0.1
AVL_3B9C85361DB7,TRK_9B8B209713BA,LOC_5242BE7C01CE,11:45,3600.0,210.0,23:00,True,v0.1
AVL_57059C453365,TRK_9B8B209713BA,LOC_5242BE7C01CE,14:30,3840.0,140.0,23:00,True,v0.1
AVL_A925DDB3CFAC,TRK_4A67BF4BF624,LOC_E96863625035,11:00,1800.0,100.0,21:00,True,v0.1
AVL_E384E96830AC,TRK_4A67BF4BF624,LOC_E96863625035,07:15,1960.0,80.0,21:00,True,v0.1
AVL_E0B56F0F62B8,TRK_24451540E310,LOC_7CE3D43FF63F,07:00,5770.0,170.0,18:00,True,v0.1
AVL_28FFF1B280F9,TRK_24451540E310,LOC_7CE3D43FF63F,09:45,7320.0,130.0,18:00,True,v0.1
AVL_B9DAACE2A2DC,TRK_0E796ECF9F25,LOC_8DBB3FA667B3,09:30,5820.0,100.0,18:00,True,v0.1
AVL_74170EA0F4FC,TRK_F4563EA612B0,LOC_61BECDCA1350,09:45,1250.0,50.0,15:00,True,v0.1
AVL_A7B1EA495767,TRK_176FE1AE1FEE,LOC_B890897F9CCC,08:30,4810.0,250.0,16:00,True,v0.1
AVL_AD1D02DBB986,TRK_176FE1AE1FEE,LOC_B890897F9CCC,06:15,10430.0,250.0,16:00,True,v0.1
AVL_B236851ABBC5,TRK_D4AEBAB5652D,LOC_2B9C182E1BB7,10:45,1320.0,90.0,16:00,True,v0.1
AVL_860ED20CC0EA,TRK_D4AEBAB5652D,LOC_2B9C182E1BB7,05:15,770.0,90.0,16:00,True,v0.1
AVL_1A5F4D6A6B19,TRK_FB045E9F7F61,LOC_11A4C40B0A4F,09:00,19180.0,200.0,20:00,True,v0.1
AVL_EE1B4F27CA3F,TRK_FB045E9F7F61,LOC_11A4C40B0A4F,10:45,27590.0,250.0,20:00,True,v0.1
AVL_C06EEFFB9217,TRK_8EFA0D582F26,LOC_E9EE964E8CFE,07:45,5570.0,200.0,12:00,True,v0.1
AVL_ADB8A0396496,TRK_8EFA0D582F26,LOC_E9EE964E8CFE,07:00,5870.0,190.0,12:00,True,v0.1
AVL_44E6F4403B77,TRK_8EFA0D582F26,LOC_E9EE964E8CFE,04:45,2500.0,210.0,12:00,True,v0.1
AVL_FB5DC6B7FD81,TRK_53CBDA158281,LOC_5B344A07BA57,10:15,10860.0,210.0,13:00,True,v0.1
AVL_C1543B5AE277,TRK_53CBDA158281,LOC_5B344A07BA57,07:15,4590.0,170.0,13:00,True,v0.1
AVL_3C5A3E0FFD8D,TRK_53CBDA158281,LOC_5B344A07BA57,09:45,6020.0,210.0,13:00,True,v0.1
AVL_EA2145C3F341,TRK_C580340C0DEF,LOC_F86E62177015,06:30,510.0,80.0,17:00,True,v0.1
AVL_07FCCD179AC3,TRK_C580340C0DEF,LOC_F86E62177015,07:30,350.0,50.0,17:00,True,v0.1
AVL_3268B81DBC05,TRK_EACC11A598BC,LOC_4E618897659A,10:45,9200.0,100.0,20:00,True,v0.1
AVL_4152B81CF84C,TRK_EACC11A598BC,LOC_4E618897659A,10:00,13970.0,170.0,20:00,True,v0.1
AVL_11062712CFA3,TRK_ABC633A3D528,LOC_841795218E67,07:15,15670.0,80.0,21:00,True,v0.1
AVL_1695A9F2932E,TRK_ABC633A3D528,LOC_841795218E67,07:45,12170.0,110.0,21:00,True,v0.1
AVL_AD9AE515B9FE,TRK_F1DE649175A6,LOC_D49CDCEB7AF7,08:45,5720.0,120.0,18:00,True,v0.1
AVL_2AB8F24A2B87,TRK_93A39B9400FE,LOC_58DEC063659A,12:15,1070.0,110.0,16:00,True,v0.1
AVL_DDB3B085AF0A,TRK_DB39FF3E302D,LOC_D24D73F16033,08:00,2020.0,120.0,14:00,True,v0.1
AVL_F39D4141A4D4,TRK_DB39FF3E302D,LOC_D24D73F16033,08:30,4100.0,120.0,14:00,True,v0.1
AVL_F49A57EE4D8A,TRK_61201E6441AD,LOC_8DBB3FA667B3,10:15,5510.0,250.0,20:00,True,v0.1
AVL_7F2619E6B9A3,TRK_62BE0015EC2D,LOC_2B9C182E1BB7,09:30,3250.0,220.0,19:00,True,v0.1
AVL_FA5B6035D914,TRK_6457D63032E1,LOC_D24D73F16033,07:15,4240.0,200.0,20:00,True,v0.1
AVL_9823F9FF05B7,TRK_6457D63032E1,LOC_D24D73F16033,10:15,6990.0,230.0,20:00,True,v0.1
AVL_EC4203EDA4D1,TRK_6457D63032E1,LOC_D24D73F16033,11:30,12950.0,160.0,20:00,True,v0.1
AVL_707D54FD9674,TRK_8372A88C0998,LOC_8DBB3FA667B3,07:15,5240.0,240.0,15:00,True,v0.1
AVL_04F171278690,TRK_4BC2A3613C1C,LOC_ED9C60D04FC0,08:30,2340.0,210.0,14:00,True,v0.1
AVL_0E43C8B33EC2,TRK_4BC2A3613C1C,LOC_ED9C60D04FC0,09:15,3170.0,160.0,14:00,True,v0.1
AVL_34CC01EEA201,TRK_0FDF29F03416,LOC_6B9FA168B682,11:00,3050.0,130.0,19:00,True,v0.1
AVL_32E4D604151B,TRK_0FDF29F03416,LOC_6B9FA168B682,12:00,6350.0,110.0,19:00,True,v0.1
AVL_DC21A8A14266,TRK_EEB1DE456EE4,LOC_36B5B5F31C8D,12:45,22580.0,250.0,23:00,True,v0.1
AVL_435F11D28CC3,TRK_EEB1DE456EE4,LOC_36B5B5F31C8D,12:15,20980.0,250.0,23:00,True,v0.1
AVL_8F3E8544A146,TRK_EEB1DE456EE4,LOC_36B5B5F31C8D,14:00,19930.0,250.0,23:00,True,v0.1
AVL_5750E028E583,TRK_4C099DD0CCEF,LOC_FEFD9351973D,11:30,450.0,50.0,19:00,True,v0.1
AVL_BAD7144D3142,TRK_B8D698CC7FBB,LOC_6B9FA168B682,06:00,980.0,50.0,16:00,True,v0.1
AVL_6690494BE613,TRK_B8D698CC7FBB,LOC_6B9FA168B682,08:15,1190.0,40.0,16:00,True,v0.1
AVL_BE5B23DE745A,TRK_B8D698CC7FBB,LOC_6B9FA168B682,09:30,1310.0,30.0,16:00,True,v0.1
AVL_DD7D264C9AAC,TRK_2632473D56DF,LOC_41413C4D1A63,07:15,3680.0,220.0,20:00,True,v0.1
AVL_F79FE9661BE2,TRK_3A218767D263,LOC_EE8F1CF00ECF,09:30,1780.0,120.0,15:00,True,v0.1
AVL_5725F1776B98,TRK_3A218767D263,LOC_EE8F1CF00ECF,12:30,1960.0,60.0,15:00,True,v0.1
AVL_90FE17EE2465,TRK_CF954DBA1CFE,LOC_91BA4A3395D5,10:00,850.0,70.0,18:00,True,v0.1
AVL_37FDC544E393,TRK_CF954DBA1CFE,LOC_91BA4A3395D5,10:30,950.0,70.0,18:00,True,v0.1
AVL_AA688D51420E,TRK_CF954DBA1CFE,LOC_91BA4A3395D5,12:15,1870.0,80.0,18:00,True,v0.1
AVL_F022E14AE252,TRK_057940469E3F,LOC_190E748F376B,09:30,8250.0,230.0,20:00,True,v0.1
AVL_1AC7C4B97305,TRK_ED4A0A9B677B,LOC_B26DA7992E56,05:00,1880.0,60.0,19:00,True,v0.1
AVL_710C4B0D22DB,TRK_4FF849112E23,LOC_27273A6A3299,06:30,11330.0,180.0,13:00,True,v0.1
AVL_25256A45E908,TRK_4FF849112E23,LOC_27273A6A3299,09:00,8020.0,140.0,13:00,True,v0.1
AVL_73A4D26C736D,TRK_FE0AFC0334BF,LOC_CF065FE8EBAB,06:00,9300.0,250.0,19:00,True,v0.1
AVL_6DA9E6B4D586,TRK_FE0AFC0334BF,LOC_CF065FE8EBAB,08:00,11590.0,240.0,19:00,True,v0.1
AVL_51A45E0D8AED,TRK_FE0AFC0334BF,LOC_CF065FE8EBAB,08:45,8510.0,180.0,19:00,True,v0.1
AVL_568B5357FD37,TRK_6F9F028D03FA,LOC_8EAD4661AFB9,07:30,9180.0,230.0,17:00,True,v0.1
AVL_39E4379EE4DC,TRK_6F9F028D03FA,LOC_8EAD4661AFB9,09:15,6960.0,250.0,17:00,True,v0.1
AVL_C4701C40CF8B,TRK_A08D17F030E8,LOC_2B9C182E1BB7,08:45,330.0,70.0,15:00,True,v0.1
AVL_AF52D096069B,TRK_A08D17F030E8,LOC_2B9C182E1BB7,06:45,860.0,70.0,15:00,True,v0.1
AVL_DA78AD916C48,TRK_7E9A026D4494,LOC_5775AEDC7A87,12:15,2350.0,240.0,21:00,True,v0.1
AVL_C006D8651F74,TRK_1D16333AEC58,LOC_E96863625035,07:15,830.0,80.0,15:00,True,v0.1
AVL_B44044314393,TRK_1D16333AEC58,LOC_E96863625035,08:15,800.0,70.0,15:00,True,v0.1
AVL_90CD4EEFF754,TRK_1D16333AEC58,LOC_E96863625035,09:30,2130.0,40.0,15:00,True,v0.1
AVL_5BACFC9689A0,TRK_1529727AD926,LOC_5775AEDC7A87,11:45,2800.0,170.0,16:00,True,v0.1
AVL_65F1BB130A67,TRK_1529727AD926,LOC_5775AEDC7A87,07:00,970.0,150.0,16:00,True,v0.1
AVL_A0C246EFD250,TRK_B0DF2497C19C,LOC_11A4C40B0A4F,08:30,3470.0,190.0,16:00,True,v0.1
AVL_C17BD7C2AF78,TRK_B0DF2497C19C,LOC_11A4C40B0A4F,09:15,2630.0,250.0,16:00,True,v0.1
AVL_D41E236B4FA9,TRK_B0DF2497C19C,LOC_11A4C40B0A4F,07:30,6320.0,140.0,16:00,True,v0.1
AVL_6D0EBE969D42,TRK_BBB99565DDFE,LOC_5775AEDC7A87,10:00,2550.0,120.0,22:00,True,v0.1
AVL_03200461F173,TRK_BBB99565DDFE,LOC_5775AEDC7A87,10:15,2200.0,130.0,22:00,True,v0.1
AVL_389E3205FF62,TRK_C33EC1A45F69,LOC_5B344A07BA57,08:00,1780.0,80.0,19:00,True,v0.1
AVL_179F30CD290B,TRK_C33EC1A45F69,LOC_5B344A07BA57,11:15,1710.0,80.0,19:00,True,v0.1
AVL_0F8DE6FBD7F8,TRK_0E62CA865483,LOC_7CE3D43FF63F,09:30,5850.0,160.0,14:00,True,v0.1
AVL_D4DE8B2858CF,TRK_0C5E1B5422FA,LOC_FEFD9351973D,11:00,5980.0,250.0,17:00,True,v0.1
AVL_461B23F95BB3,TRK_0C5E1B5422FA,LOC_FEFD9351973D,12:15,9340.0,250.0,17:00,True,v0.1
AVL_0822DD7AEDE7,TRK_0C5E1B5422FA,LOC_FEFD9351973D,12:15,9230.0,250.0,17:00,True,v0.1
AVL_DB039E2ADB27,TRK_9F96CC4092E7,LOC_B26FC239E19A,10:00,9250.0,250.0,17:00,True,v0.1
AVL_83773D4220B5,TRK_9F96CC4092E7,LOC_B26FC239E19A,11:00,10390.0,220.0,17:00,True,v0.1
AVL_BA6FA9ED8971,TRK_9F96CC4092E7,LOC_B26FC239E19A,08:00,6660.0,250.0,17:00,True,v0.1
AVL_64B1D1E8E5EC,TRK_C943D7479AB1,LOC_60C46A471111,05:45,3890.0,170.0,17:00,True,v0.1
AVL_E1F26B15F122,TRK_C943D7479AB1,LOC_60C46A471111,07:15,12430.0,160.0,17:00,True,v0.1
AVL_F2751F0FE474,TRK_A9A51C33E181,LOC_5D316714188F,07:00,2530.0,190.0,17:00,True,v0.1
AVL_3058906BF111,TRK_A9A51C33E181,LOC_5D316714188F,06:00,1720.0,100.0,17:00,True,v0.1
AVL_E4266C399FBC,TRK_A9A51C33E181,LOC_5D316714188F,04:15,2730.0,160.0,17:00,True,v0.1
AVL_CAF111B250EA,TRK_5D8D73EA6549,LOC_4A5F46E3AFB5,06:00,12030.0,190.0,18:00,True,v0.1
AVL_2A6EC6A24B74,TRK_5D8D73EA6549,LOC_4A5F46E3AFB5,04:30,5700.0,250.0,18:00,True,v0.1
AVL_65D0FA47BB4F,TRK_A4DDCAE7C8D0,LOC_2E423964E639,10:45,1440.0,50.0,18:00,True,v0.1
AVL_8C867CD67DEC,TRK_A4DDCAE7C8D0,LOC_2E423964E639,09:30,1550.0,40.0,18:00,True,v0.1
AVL_5AF16754EC33,TRK_A4DDCAE7C8D0,LOC_2E423964E639,11:15,1030.0,30.0,18:00,True,v0.1
AVL_83F5E497D549,TRK_3DD0E9D4177C,LOC_0B27B307A77E,06:00,12190.0,160.0,15:00,True,v0.1
AVL_4247442E660B,TRK_3DD0E9D4177C,LOC_0B27B307A77E,07:45,5160.0,160.0,15:00,True,v0.1
AVL_4B0DDEB11D7A,TRK_8811FA65E346,LOC_DA9770705B86,07:30,850.0,40.0,17:00,True,v0.1
AVL_8B1479D2C4FB,TRK_8811FA65E346,LOC_DA9770705B86,12:00,440.0,60.0,17:00,True,v0.1
AVL_AC5A810F72F8,TRK_8811FA65E346,LOC_DA9770705B86,10:45,870.0,60.0,17:00,True,v0.1
AVL_619E88B3B9A2,TRK_C44C70509AEF,LOC_B01B9CC74597,11:30,1950.0,170.0,14:00,True,v0.1
AVL_3ACF07EC2F3F,TRK_C44C70509AEF,LOC_B01B9CC74597,11:15,1020.0,150.0,14:00,True,v0.1
AVL_B52756A801F4,TRK_C44C70509AEF,LOC_B01B9CC74597,08:30,1930.0,100.0,14:00,True,v0.1
AVL_EC9ED8DE0E45,TRK_756EB7771C3B,LOC_AA53E75D54A9,11:00,930.0,40.0,20:00,True,v0.1
AVL_9D40F123FD6B,TRK_756EB7771C3B,LOC_AA53E75D54A9,07:15,1300.0,30.0,20:00,True,v0.1
AVL_1C51BC5A4F6E,TRK_756EB7771C3B,LOC_AA53E75D54A9,08:45,1240.0,30.0,20:00,True,v0.1
AVL_B2A2C91DCACA,TRK_868B0E540874,LOC_AFF866260256,09:00,1640.0,200.0,19:00,True,v0.1
AVL_FBA8842FE3D9,TRK_868B0E540874,LOC_AFF866260256,11:00,5000.0,210.0,19:00,True,v0.1
AVL_54040C8192A6,TRK_845EA1F8ABE4,LOC_B890897F9CCC,05:45,16090.0,220.0,16:00,True,v0.1
AVL_D52B9C709095,TRK_5116501BE0D5,LOC_61BECDCA1350,11:00,7680.0,190.0,22:00,True,v0.1
AVL_30E026A4EFAE,TRK_94A47B39CE03,LOC_E96863625035,11:00,950.0,110.0,15:00,True,v0.1
AVL_CA9748645EB3,TRK_94A47B39CE03,LOC_E96863625035,08:15,2070.0,110.0,15:00,True,v0.1
AVL_DD7CFD9AC92F,TRK_70DC8DDCBF62,LOC_2E423964E639,08:00,530.0,90.0,17:00,True,v0.1
AVL_02015E1B975A,TRK_70DC8DDCBF62,LOC_2E423964E639,06:00,1040.0,100.0,17:00,True,v0.1
AVL_4D57EC98220B,TRK_70DC8DDCBF62,LOC_2E423964E639,06:30,540.0,120.0,17:00,True,v0.1
AVL_9B3E34E85BBF,TRK_CA2084F9B559,LOC_2011BC2FE7BD,09:00,920.0,80.0,18:00,True,v0.1
AVL_541AEC884291,TRK_CA2084F9B559,LOC_2011BC2FE7BD,11:45,410.0,100.0,18:00,True,v0.1
AVL_FCF52934178F,TRK_CA2084F9B559,LOC_2011BC2FE7BD,14:00,980.0,50.0,18:00,True,v0.1
AVL_19368EB8A9D0,TRK_2BA6FAFE7A91,LOC_5D316714188F,04:45,990.0,70.0,14:00,True,v0.1
AVL_9CD75EA6C873,TRK_BBF725739E94,LOC_58DEC063659A,09:45,1230.0,60.0,13:00,True,v0.1
AVL_33E6C9A15CF4,TRK_BBF725739E94,LOC_58DEC063659A,10:15,520.0,110.0,13:00,True,v0.1
AVL_3D4631F8D215,TRK_BBF725739E94,LOC_58DEC063659A,06:30,1940.0,120.0,13:00,True,v0.1
AVL_F996E192DD5C,TRK_28DF3E106817,LOC_5AA457C919DB,09:30,980.0,150.0,14:00,True,v0.1
AVL_AE49657A186B,TRK_28DF3E106817,LOC_5AA457C919DB,09:00,1530.0,120.0,14:00,True,v0.1
AVL_51F07879BE11,TRK_28DF3E106817,LOC_5AA457C919DB,07:30,1620.0,150.0,14:00,True,v0.1
AVL_7BC9E98869F4,TRK_2A2A3F44FD68,LOC_8EAD4661AFB9,11:30,12150.0,90.0,17:00,True,v0.1
AVL_4B6EA2DCCBB7,TRK_2A2A3F44FD68,LOC_8EAD4661AFB9,10:00,11510.0,70.0,17:00,True,v0.1
AVL_B02FBB5228A6,TRK_99ABAC0F81A2,LOC_CF209A6CE403,09:15,3480.0,170.0,12:00,True,v0.1
AVL_62024AEDB9F9,TRK_C846AED53548,LOC_8DBB3FA667B3,07:45,920.0,100.0,18:00,True,v0.1
AVL_FC680DADAFCF,TRK_74665B82770B,LOC_2B9C182E1BB7,09:00,530.0,50.0,13:00,True,v0.1
AVL_45F43F73052E,TRK_74665B82770B,LOC_2B9C182E1BB7,10:30,670.0,90.0,13:00,True,v0.1
AVL_20A2C6DD1A87,TRK_AEFF0F3D6157,LOC_4E618897659A,10:45,3950.0,150.0,18:00,True,v0.1
AVL_452BD3B5C581,TRK_AEFF0F3D6157,LOC_4E618897659A,11:45,5530.0,210.0,18:00,True,v0.1
AVL_7CEE047BAFBD,TRK_2328CBC73B38,LOC_2B9C182E1BB7,14:30,6770.0,180.0,18:00,True,v0.1
AVL_7530F7F694AA,TRK_5A9A36000076,LOC_B6370F731EEC,09:15,7200.0,160.0,14:00,True,v0.1
AVL_201019C12E0F,TRK_5A9A36000076,LOC_B6370F731EEC,09:45,3980.0,120.0,14:00,True,v0.1
AVL_B209B34FCF15,TRK_5A9A36000076,LOC_B6370F731EEC,09:30,4140.0,130.0,14:00,True,v0.1
AVL_02CC7BCB05DD,TRK_DD2D862C7E49,LOC_B26FC239E19A,09:00,6170.0,150.0,20:00,True,v0.1
AVL_ED286F125FF0,TRK_DD2D862C7E49,LOC_B26FC239E19A,09:00,7980.0,220.0,20:00,True,v0.1
AVL_E70F416DC07E,TRK_6607D43CE34C,LOC_8DBB3FA667B3,12:15,1250.0,60.0,19:00,True,v0.1
AVL_A5A7683C55C1,TRK_420B16096D5C,LOC_B39E76DCD93F,08:45,990.0,50.0,18:00,True,v0.1
AVL_090801271671,TRK_420B16096D5C,LOC_B39E76DCD93F,13:30,1130.0,40.0,18:00,True,v0.1
AVL_75B919828742,TRK_420B16096D5C,LOC_B39E76DCD93F,13:15,990.0,30.0,18:00,True,v0.1
AVL_E5F2C2FC51A3,TRK_7F9119EC965F,LOC_63A998834201,10:30,1630.0,120.0,17:00,True,v0.1
AVL_734111FFF0EA,TRK_7F9119EC965F,LOC_63A998834201,11:00,2400.0,90.0,17:00,True,v0.1
AVL_2ECD227B9D2F,TRK_7F9119EC965F,LOC_63A998834201,11:00,2260.0,150.0,17:00,True,v0.1
AVL_3DD129F3F3E4,TRK_5C7FAD79866D,LOC_36B5B5F31C8D,12:45,880.0,90.0,17:00,True,v0.1
AVL_72B796735669,TRK_E3F66E4B0894,LOC_190E748F376B,12:15,1730.0,60.0,15:00,True,v0.1
AVL_2A1E2D2A4851,TRK_E3F66E4B0894,LOC_190E748F376B,09:15,2190.0,60.0,15:00,True,v0.1
AVL_5C252C701702,TRK_E3F66E4B0894,LOC_190E748F376B,08:15,900.0,100.0,15:00,True,v0.1
AVL_5620C87B246B,TRK_503C0FADF266,LOC_F86E62177015,09:00,3450.0,90.0,15:00,True,v0.1
AVL_2D7268F45ECE,TRK_503C0FADF266,LOC_F86E62177015,06:15,1640.0,110.0,15:00,True,v0.1
AVL_2EE53961DE0A,TRK_503C0FADF266,LOC_F86E62177015,07:45,1360.0,110.0,15:00,True,v0.1
AVL_1E6C86FB77A4,TRK_C73CD385496C,LOC_1FB47BF8FFEB,07:30,5560.0,190.0,17:00,True,v0.1
AVL_0AF4AE371D72,TRK_D07B7539F7D3,LOC_AA53E75D54A9,14:30,1500.0,50.0,20:00,True,v0.1
AVL_6225D4817138,TRK_D07B7539F7D3,LOC_AA53E75D54A9,12:30,2180.0,60.0,20:00,True,v0.1
AVL_B30419F3F467,TRK_A0E297CED6E7,LOC_D24D73F16033,09:15,1080.0,100.0,17:00,True,v0.1
AVL_603172B28BAF,TRK_A0E297CED6E7,LOC_D24D73F16033,07:30,1640.0,150.0,17:00,True,v0.1
AVL_ACB70F7C5AB0,TRK_5C30BC50870E,LOC_B56ABDBA32E2,09:00,1050.0,50.0,17:00,True,v0.1
AVL_5F7D176D46A4,TRK_5C30BC50870E,LOC_B56ABDBA32E2,11:45,2710.0,100.0,17:00,True,v0.1
AVL_54D5A75EFDD1,TRK_5C30BC50870E,LOC_B56ABDBA32E2,12:00,1650.0,70.0,17:00,True,v0.1
AVL_58D912397587,TRK_72CA4D066FFF,LOC_2E9E391564C2,07:30,8720.0,200.0,19:00,True,v0.1
AVL_EDB5E020CB19,TRK_6A34F369DDA0,LOC_BF1D141289ED,09:30,1290.0,60.0,14:00,True,v0.1
AVL_6C5BCD9C3829,TRK_6A34F369DDA0,LOC_BF1D141289ED,07:45,940.0,70.0,14:00,True,v0.1
AVL_01700347CFCD,TRK_6A34F369DDA0,LOC_BF1D141289ED,09:15,1230.0,60.0,14:00,True,v0.1
AVL_0B84281D6E9E,TRK_39D901293A44,LOC_0B27B307A77E,08:00,1390.0,70.0,18:00,True,v0.1
AVL_F342637DCB06,TRK_39D901293A44,LOC_0B27B307A77E,08:15,2500.0,70.0,18:00,True,v0.1
AVL_23958D912AA7,TRK_39D901293A44,LOC_0B27B307A77E,10:00,880.0,80.0,18:00,True,v0.1
AVL_480F56579F28,TRK_C2D77EC91F01,LOC_E7B504BE8FE9,11:30,980.0,30.0,20:00,True,v0.1
AVL_09352D0B262C,TRK_C2D77EC91F01,LOC_E7B504BE8FE9,07:15,520.0,50.0,20:00,True,v0.1
AVL_EB6ED3241158,TRK_35D82D2C2693,LOC_3B372919B752,09:30,9930.0,220.0,22:00,True,v0.1
AVL_9D7FF8E37A27,TRK_35D82D2C2693,LOC_3B372919B752,10:00,5850.0,210.0,22:00,True,v0.1
AVL_82D1EFE4DB22,TRK_1739A0E69F8F,LOC_BC48412E6B15,09:30,12850.0,240.0,17:00,True,v0.1
AVL_CFBF78C4644F,TRK_B51DA48ACA2C,LOC_443EF0FB4E8C,11:45,5800.0,210.0,20:00,True,v0.1
AVL_A2985A67EAF0,TRK_A64F002D107E,LOC_63A998834201,09:30,11190.0,250.0,20:00,True,v0.1
AVL_ADCBAF6BC450,TRK_A64F002D107E,LOC_63A998834201,09:30,10000.0,250.0,20:00,True,v0.1
AVL_931A00F9EF52,TRK_5CE77F839B58,LOC_EE8F1CF00ECF,07:45,820.0,170.0,12:00,True,v0.1
AVL_2B3A378E1D26,TRK_499061CF26CB,LOC_B0D713DFA81B,14:30,8080.0,220.0,19:00,True,v0.1
AVL_2D6CE61254A8,TRK_7404AB9A5D0C,LOC_ED9C60D04FC0,06:00,10220.0,220.0,17:00,True,v0.1
AVL_F515E5017AC9,TRK_7404AB9A5D0C,LOC_ED9C60D04FC0,09:45,7910.0,150.0,17:00,True,v0.1
AVL_A31CB7F781F3,TRK_7404AB9A5D0C,LOC_ED9C60D04FC0,07:45,10320.0,110.0,17:00,True,v0.1
AVL_20987D584C67,TRK_A6C340223DBC,LOC_BC48412E6B15,08:45,710.0,50.0,21:00,True,v0.1
AVL_D5FE4E898A8C,TRK_0596206DA958,LOC_58DEC063659A,10:00,3290.0,120.0,17:00,True,v0.1
AVL_AB3DB5E68378,TRK_2A1553ADA58F,LOC_08E25919DCC7,05:15,1420.0,150.0,17:00,True,v0.1
AVL_E2715BC9581E,TRK_2A1553ADA58F,LOC_08E25919DCC7,07:30,3090.0,80.0,17:00,True,v0.1
AVL_DC61C35ACE4A,TRK_2A1553ADA58F,LOC_08E25919DCC7,07:45,1140.0,110.0,17:00,True,v0.1
AVL_051AB1F50581,TRK_FE166AA6E113,LOC_5D316714188F,14:15,5060.0,250.0,18:00,True,v0.1
AVL_DD7BA70327E7,TRK_30BC51C9A940,LOC_E7B504BE8FE9,08:30,2140.0,150.0,14:00,True,v0.1
AVL_81E65F58DB62,TRK_30BC51C9A940,LOC_E7B504BE8FE9,11:45,2320.0,80.0,14:00,True,v0.1
AVL_D681823D6557,TRK_30BC51C9A940,LOC_E7B504BE8FE9,06:30,2190.0,130.0,14:00,True,v0.1
AVL_FBD3E9810840,TRK_EEA8DB00B33D,LOC_08E25919DCC7,09:30,9040.0,250.0,19:00,True,v0.1
AVL_E2A456536222,TRK_F54446A7E6AF,LOC_841795218E67,12:15,1160.0,60.0,17:00,True,v0.1
AVL_B1A98591A6DE,TRK_F54446A7E6AF,LOC_841795218E67,08:15,680.0,130.0,17:00,True,v0.1
AVL_1C1281B0BA18,TRK_F54446A7E6AF,LOC_841795218E67,08:30,510.0,100.0,17:00,True,v0.1
AVL_714E37850B49,TRK_899C46DBA1D5,LOC_1FB47BF8FFEB,06:45,2730.0,110.0,12:00,True,v0.1
AVL_8215C0058933,TRK_9DFA15E0928C,LOC_EBC017604691,10:15,7900.0,130.0,18:00,True,v0.1
AVL_9193FAF071E6,TRK_DF518143BD2B,LOC_BD15AF538A86,04:00,2220.0,100.0,18:00,True,v0.1
AVL_083D33D846BF,TRK_D51F1F9567AE,LOC_2275B2D35F85,14:30,2720.0,40.0,17:00,True,v0.1
AVL_F444119BE92A,TRK_9477B20008B6,LOC_2275B2D35F85,12:45,400.0,60.0,20:00,True,v0.1
AVL_6677C585FEAE,TRK_9477B20008B6,LOC_2275B2D35F85,07:30,340.0,40.0,20:00,True,v0.1
AVL_AEDF073FEBE4,TRK_2A518021377B,LOC_1FB47BF8FFEB,08:45,2480.0,80.0,22:00,True,v0.1
AVL_3D6BEB94B8DB,TRK_2A518021377B,LOC_1FB47BF8FFEB,12:00,1750.0,50.0,22:00,True,v0.1
AVL_C927950A874E,TRK_1E6386CE9B0D,LOC_E71843C35AC6,07:00,9870.0,110.0,18:00,True,v0.1
AVL_72DA2F371771,TRK_1E6386CE9B0D,LOC_E71843C35AC6,10:45,5710.0,130.0,18:00,True,v0.1
AVL_19717F8751A7,TRK_1E6386CE9B0D,LOC_E71843C35AC6,10:00,12200.0,70.0,18:00,True,v0.1
AVL_F6BD46707FB2,TRK_13B28E209BDB,LOC_B0D713DFA81B,10:00,13590.0,250.0,21:00,True,v0.1
AVL_E92BF9009B3D,TRK_13B28E209BDB,LOC_B0D713DFA81B,07:45,15440.0,200.0,21:00,True,v0.1
AVL_0926442CCEE4,TRK_B6CE07A71D80,LOC_B26DA7992E56,08:15,21880.0,250.0,16:00,True,v0.1
AVL_432F7861FA0E,TRK_B6CE07A71D80,LOC_B26DA7992E56,07:45,12230.0,250.0,16:00,True,v0.1
AVL_BF362FDDED3D,TRK_F0C91B5B2FC0,LOC_841795218E67,11:45,7770.0,130.0,21:00,True,v0.1
AVL_C8CD223ABCDB,TRK_F0C91B5B2FC0,LOC_841795218E67,09:45,6890.0,110.0,21:00,True,v0.1
AVL_DA143A19BDCD,TRK_F0C91B5B2FC0,LOC_841795218E67,12:15,6220.0,110.0,21:00,True,v0.1
AVL_6423D02134ED,TRK_EEDB687F9E31,LOC_841795218E67,09:45,1240.0,60.0,19:00,True,v0.1
AVL_015DC0EC6718,TRK_EEDB687F9E31,LOC_841795218E67,09:00,600.0,50.0,19:00,True,v0.1
AVL_468546481858,TRK_EEDB687F9E31,LOC_841795218E67,12:30,770.0,40.0,19:00,True,v0.1
AVL_340A5E3BA0F4,TRK_04AD092A1046,LOC_C58F1767A842,05:00,12510.0,250.0,15:00,True,v0.1
AVL_95391548EA4D,TRK_04AD092A1046,LOC_C58F1767A842,04:30,10110.0,250.0,15:00,True,v0.1
AVL_19DEE792B89E,TRK_04AD092A1046,LOC_C58F1767A842,09:30,9250.0,250.0,15:00,True,v0.1
AVL_2FA70BAC097D,TRK_061AB495BE27,LOC_796345940EEC,11:30,620.0,30.0,20:00,True,v0.1
AVL_053C78A73738,TRK_0AB63953745D,LOC_8E5593D8E476,09:15,12130.0,240.0,15:00,True,v0.1
AVL_E764C2C4860D,TRK_0AB63953745D,LOC_8E5593D8E476,12:30,9100.0,250.0,15:00,True,v0.1
AVL_8ABC8120DA30,TRK_9F8038E305C7,LOC_0F3D188854D6,12:30,8370.0,130.0,15:00,True,v0.1
AVL_731C8E03F91C,TRK_BCC966E673C0,LOC_D24D73F16033,08:30,16070.0,250.0,15:00,True,v0.1
AVL_66AC63502245,TRK_BCC966E673C0,LOC_D24D73F16033,09:45,12170.0,200.0,15:00,True,v0.1
AVL_A22040661BFC,TRK_340016F2B945,LOC_FEFD9351973D,10:00,5520.0,210.0,20:00,True,v0.1
AVL_B93949361D5A,TRK_340016F2B945,LOC_FEFD9351973D,12:00,7190.0,200.0,20:00,True,v0.1
AVL_6A74A93E8985,TRK_9797160F967D,LOC_BD15AF538A86,07:15,11130.0,250.0,17:00,True,v0.1
AVL_9EBB59FA601B,TRK_2C5697FD65F3,LOC_D24D73F16033,11:00,890.0,90.0,17:00,True,v0.1
AVL_4438F7541B46,TRK_2C5697FD65F3,LOC_D24D73F16033,13:15,800.0,90.0,17:00,True,v0.1
AVL_953A5D50B0C3,TRK_694A5DF7166E,LOC_D2DDEA75080C,10:00,1970.0,90.0,21:00,True,v0.1
AVL_4D1D756459D7,TRK_694A5DF7166E,LOC_D2DDEA75080C,11:30,1700.0,110.0,21:00,True,v0.1
AVL_C5AD3BCBB109,TRK_694A5DF7166E,LOC_D2DDEA75080C,09:45,560.0,140.0,21:00,True,v0.1
AVL_FD7CB3016DE3,TRK_153BCA0BA278,LOC_443EF0FB4E8C,08:15,1790.0,30.0,20:00,True,v0.1
AVL_9BBA0443BAF7,TRK_938ED02F82A5,LOC_BC48412E6B15,13:00,2430.0,110.0,20:00,True,v0.1
AVL_308DC29BFC1D,TRK_02CA88617317,LOC_B26FC239E19A,08:45,780.0,150.0,20:00,True,v0.1
AVL_39874705078E,TRK_02CA88617317,LOC_B26FC239E19A,09:45,900.0,80.0,20:00,True,v0.1
AVL_B9C9D8E95C8B,TRK_BFE3723152B3,LOC_BC83DA386B0E,08:30,3100.0,170.0,18:00,True,v0.1
AVL_D6BC632A9305,TRK_BFE3723152B3,LOC_BC83DA386B0E,04:00,2750.0,140.0,18:00,True,v0.1
AVL_BA4A7936C2CD,TRK_EF6F11280A6A,LOC_BC83DA386B0E,06:00,630.0,70.0,15:00,True,v0.1
AVL_564D3FFC6890,TRK_F57FB85923E6,LOC_AFF866260256,11:15,2420.0,140.0,20:00,True,v0.1
AVL_09D676A32AE0,TRK_F57FB85923E6,LOC_AFF866260256,13:00,3880.0,90.0,20:00,True,v0.1
AVL_C327987437B4,TRK_C1175283E1D9,LOC_27273A6A3299,12:45,260.0,60.0,20:00,True,v0.1
AVL_5D7AD3592850,TRK_C1175283E1D9,LOC_27273A6A3299,13:15,390.0,40.0,20:00,True,v0.1
AVL_A150A2E97A74,TRK_C1175283E1D9,LOC_27273A6A3299,10:00,710.0,40.0,20:00,True,v0.1
AVL_38B8C921C51D,TRK_4184D4F5D88F,LOC_165F0D721F3E,08:45,5350.0,170.0,21:00,True,v0.1
AVL_C2787A31A0E7,TRK_4184D4F5D88F,LOC_165F0D721F3E,09:15,6240.0,160.0,21:00,True,v0.1
AVL_0FC00E2433A4,TRK_4184D4F5D88F,LOC_165F0D721F3E,08:15,3790.0,190.0,21:00,True,v0.1
AVL_C2B5DED804C9,TRK_28733333D0A6,LOC_5B344A07BA57,13:15,6700.0,140.0,20:00,True,v0.1
AVL_1C48BD99C32E,TRK_273073753A67,LOC_8DBB3FA667B3,06:00,8450.0,90.0,13:00,True,v0.1
AVL_F119B0F6F94A,TRK_273073753A67,LOC_8DBB3FA667B3,07:30,8870.0,120.0,13:00,True,v0.1
AVL_DE5E4D509CFC,TRK_D5A8DC42C947,LOC_1FB47BF8FFEB,09:45,12670.0,240.0,19:00,True,v0.1
AVL_B2526DC5CE9F,TRK_D5A8DC42C947,LOC_1FB47BF8FFEB,10:45,5170.0,250.0,19:00,True,v0.1
AVL_CE4952E94064,TRK_B4E942FB3E8F,LOC_21F591BF08EC,07:30,7290.0,230.0,18:00,True,v0.1
AVL_828DF44F4E7D,TRK_D11E32ABA953,LOC_B6370F731EEC,13:30,12640.0,160.0,19:00,True,v0.1
AVL_3375C8C08D76,TRK_D11E32ABA953,LOC_B6370F731EEC,13:45,10000.0,190.0,19:00,True,v0.1
AVL_F587C7CC96E8,TRK_D11E32ABA953,LOC_B6370F731EEC,10:00,7570.0,250.0,19:00,True,v0.1
AVL_53CE720ED669,TRK_3F769E6A1A5E,LOC_BD15AF538A86,09:30,8170.0,80.0,18:00,True,v0.1
AVL_4CC4A90E5B98,TRK_3F769E6A1A5E,LOC_BD15AF538A86,10:45,8120.0,60.0,18:00,True,v0.1
AVL_02B923FAE6EA,TRK_AE89DA00CCCF,LOC_AFF866260256,12:15,1170.0,70.0,18:00,True,v0.1
AVL_30912D287CCC,TRK_AE89DA00CCCF,LOC_AFF866260256,12:15,1150.0,80.0,18:00,True,v0.1
AVL_72767B679FAF,TRK_AE89DA00CCCF,LOC_AFF866260256,11:45,1700.0,160.0,18:00,True,v0.1
AVL_702285A1820C,TRK_21A36B979651,LOC_36B5B5F31C8D,13:45,2130.0,120.0,23:00,True,v0.1
AVL_3488B82E91B5,TRK_21A36B979651,LOC_36B5B5F31C8D,14:45,2190.0,180.0,23:00,True,v0.1
AVL_170C9D200AAB,TRK_21A36B979651,LOC_36B5B5F31C8D,12:30,1370.0,90.0,23:00,True,v0.1
AVL_038C8BD6C773,TRK_7B990BCB315F,LOC_E96863625035,11:15,2820.0,220.0,19:00,True,v0.1
AVL_5FF13FFE6214,TRK_7B990BCB315F,LOC_E96863625035,10:15,3300.0,240.0,19:00,True,v0.1
AVL_B2C043DFCEB7,TRK_B84D3F394315,LOC_11A4C40B0A4F,06:15,3140.0,100.0,14:00,True,v0.1
AVL_006A7EE030CF,TRK_B84D3F394315,LOC_11A4C40B0A4F,09:45,2540.0,50.0,14:00,True,v0.1
AVL_82C48D751A9A,TRK_087A3F80418D,LOC_45C74FBD7B6F,10:00,10920.0,250.0,22:00,True,v0.1
AVL_767839235756,TRK_C9488548F340,LOC_E9EE964E8CFE,04:00,9230.0,180.0,12:00,True,v0.1
AVL_AD3746D50A24,TRK_C9488548F340,LOC_E9EE964E8CFE,08:45,11750.0,150.0,12:00,True,v0.1
AVL_47C8F43037FC,TRK_16E5A4F3E8DF,LOC_8EAD4661AFB9,09:45,5240.0,110.0,17:00,True,v0.1
AVL_AE212A2782E1,TRK_A28CD824B27B,LOC_190E748F376B,09:00,16280.0,250.0,18:00,True,v0.1
AVL_FF4D1A816AC0,TRK_A28CD824B27B,LOC_190E748F376B,11:30,14520.0,250.0,18:00,True,v0.1
AVL_3B26E32D588E,TRK_F2320BC974CA,LOC_FF96333A5510,07:30,520.0,140.0,14:00,True,v0.1
AVL_48B85F63B7FC,TRK_1E6E397FD04B,LOC_443EF0FB4E8C,05:30,2340.0,100.0,14:00,True,v0.1
AVL_07006CF7F819,TRK_1E6E397FD04B,LOC_443EF0FB4E8C,10:30,2030.0,130.0,14:00,True,v0.1
AVL_DA254CC7CD35,TRK_2EC9632BD23F,LOC_36B5B5F31C8D,09:45,17420.0,250.0,18:00,True,v0.1
AVL_4780246F9A33,TRK_067F3D7A49A8,LOC_7CE3D43FF63F,06:30,540.0,100.0,15:00,True,v0.1
AVL_12B593375C05,TRK_9D1C16C6C6D2,LOC_443EF0FB4E8C,12:45,1960.0,90.0,15:00,True,v0.1
AVL_70A57D7B7BAE,TRK_9D1C16C6C6D2,LOC_443EF0FB4E8C,08:15,2650.0,120.0,15:00,True,v0.1
AVL_3974312F60B1,TRK_BDC7168C085A,LOC_5242BE7C01CE,09:00,1970.0,80.0,14:00,True,v0.1
AVL_06C8662B7B20,TRK_BDC7168C085A,LOC_5242BE7C01CE,06:00,1120.0,70.0,14:00,True,v0.1
AVL_099107441C66,TRK_BDC7168C085A,LOC_5242BE7C01CE,08:45,2760.0,90.0,14:00,True,v0.1
AVL_5435BB40571D,TRK_EE6431FC41DB,LOC_B56ABDBA32E2,08:45,12330.0,250.0,17:00,True,v0.1
AVL_7B2720E3F7A4,TRK_EE6431FC41DB,LOC_B56ABDBA32E2,06:15,9230.0,230.0,17:00,True,v0.1
AVL_51E67F922093,TRK_EE6431FC41DB,LOC_B56ABDBA32E2,11:45,6220.0,250.0,17:00,True,v0.1
AVL_776D36AFC098,TRK_8BB9FA95D4D9,LOC_841795218E67,14:00,1710.0,110.0,21:00,True,v0.1
AVL_BC37D9376B69,TRK_8BB9FA95D4D9,LOC_841795218E67,13:30,1730.0,80.0,21:00,True,v0.1
AVL_C85772FB29F7,TRK_8BB9FA95D4D9,LOC_841795218E67,12:45,2070.0,80.0,21:00,True,v0.1
AVL_CBBBD19CE3D2,TRK_E5C58E40D891,LOC_487C12AA952A,10:15,2110.0,70.0,23:00,True,v0.1
AVL_C1426A8A23A3,TRK_E5C58E40D891,LOC_487C12AA952A,10:15,2210.0,50.0,23:00,True,v0.1
AVL_CE00B05244E0,TRK_E5C58E40D891,LOC_487C12AA952A,13:00,2430.0,50.0,23:00,True,v0.1
AVL_ACD4D3A193E0,TRK_43E6DED71D1A,LOC_CF209A6CE403,10:15,10010.0,230.0,22:00,True,v0.1
AVL_E6ADCB0BA253,TRK_A5CB9D0FA1C9,LOC_F20DB0F2A327,06:15,2080.0,200.0,18:00,True,v0.1
AVL_616BA3446AEC,TRK_A5CB9D0FA1C9,LOC_F20DB0F2A327,09:15,2010.0,110.0,18:00,True,v0.1
AVL_53819CD786EF,TRK_AA8BF80E5DEA,LOC_5B344A07BA57,10:30,10770.0,200.0,17:00,True,v0.1
AVL_936338057D61,TRK_AA8BF80E5DEA,LOC_5B344A07BA57,07:15,8650.0,190.0,17:00,True,v0.1
AVL_5E0FC14AE8F7,TRK_AA8BF80E5DEA,LOC_5B344A07BA57,12:00,5340.0,130.0,17:00,True,v0.1
AVL_232ABE76D7EB,TRK_0C76F65062FC,LOC_21F591BF08EC,05:30,3310.0,80.0,17:00,True,v0.1
AVL_0F58A7CCE1F8,TRK_CBA0CC8EBCBA,LOC_D8FB48D6F894,09:30,960.0,80.0,19:00,True,v0.1
AVL_1207091BA9E4,TRK_CBA0CC8EBCBA,LOC_D8FB48D6F894,10:15,780.0,80.0,19:00,True,v0.1
AVL_EC5E19761F1B,TRK_CBA0CC8EBCBA,LOC_D8FB48D6F894,07:30,700.0,80.0,19:00,True,v0.1
AVL_DDD7D83B0EFE,TRK_536C1B2DE910,LOC_8EAD4661AFB9,11:15,2990.0,60.0,20:00,True,v0.1
AVL_17C70CE78D81,TRK_536C1B2DE910,LOC_8EAD4661AFB9,10:15,5050.0,80.0,20:00,True,v0.1
AVL_02E2466C8EC9,TRK_536C1B2DE910,LOC_8EAD4661AFB9,08:30,4750.0,50.0,20:00,True,v0.1
AVL_BC3F1532FC0E,TRK_6C3165FB39B7,LOC_796345940EEC,08:15,1700.0,60.0,19:00,True,v0.1
AVL_8FC5EAE3DB33,TRK_BEDCBB95036F,LOC_D24D73F16033,10:45,730.0,40.0,20:00,True,v0.1
AVL_010719BB3849,TRK_BEDCBB95036F,LOC_D24D73F16033,09:30,1040.0,40.0,20:00,True,v0.1
AVL_B36929D65123,TRK_747DD2875E6A,LOC_BD15AF538A86,05:15,3990.0,250.0,13:00,True,v0.1
AVL_9B0E3DD95027,TRK_747DD2875E6A,LOC_BD15AF538A86,05:30,7410.0,220.0,13:00,True,v0.1
AVL_61A1D71A30EE,TRK_C83D46088374,LOC_36B5B5F31C8D,08:15,490.0,50.0,19:00,True,v0.1
AVL_D4B80908E230,TRK_C83D46088374,LOC_36B5B5F31C8D,11:30,860.0,50.0,19:00,True,v0.1
AVL_DA7E87A0CF31,TRK_C83D46088374,LOC_36B5B5F31C8D,11:45,800.0,50.0,19:00,True,v0.1
AVL_C0376BB826AB,TRK_70EBA429E209,LOC_0D7AAF851D69,11:00,1870.0,70.0,21:00,True,v0.1
AVL_F40983097FA1,TRK_70EBA429E209,LOC_0D7AAF851D69,10:30,1940.0,120.0,21:00,True,v0.1
AVL_1125BE081A44,TRK_70EBA429E209,LOC_0D7AAF851D69,09:45,1160.0,60.0,21:00,True,v0.1
AVL_D06C2E253E56,TRK_4F6C0189023F,LOC_5775AEDC7A87,05:00,5280.0,110.0,17:00,True,v0.1
AVL_6FC9FDC5D307,TRK_4F6C0189023F,LOC_5775AEDC7A87,04:00,3640.0,130.0,17:00,True,v0.1
AVL_37FFAC53E75E,TRK_4F6C0189023F,LOC_5775AEDC7A87,08:00,4890.0,170.0,17:00,True,v0.1
AVL_9E51474C36D1,TRK_8CE158DC2C71,LOC_B39E76DCD93F,05:15,2320.0,70.0,15:00,True,v0.1
AVL_14E195584F93,TRK_8CE158DC2C71,LOC_B39E76DCD93F,04:00,1760.0,130.0,15:00,True,v0.1
AVL_3F60C2FF3D54,TRK_8CE158DC2C71,LOC_B39E76DCD93F,05:30,2710.0,110.0,15:00,True,v0.1
AVL_534B3D40B605,TRK_8F1CA5203CBE,LOC_487C12AA952A,09:15,13030.0,220.0,16:00,True,v0.1
AVL_13396167F2FD,TRK_8F1CA5203CBE,LOC_487C12AA952A,07:15,9660.0,150.0,16:00,True,v0.1
AVL_FFE483233363,TRK_8299CD0311BD,LOC_B01B9CC74597,11:15,460.0,60.0,19:00,True,v0.1
AVL_C9CA463B415B,TRK_8299CD0311BD,LOC_B01B9CC74597,12:30,560.0,80.0,19:00,True,v0.1
AVL_CC1E0694452F,TRK_8299CD0311BD,LOC_B01B9CC74597,10:45,1120.0,90.0,19:00,True,v0.1
AVL_E74A416F9F4F,TRK_33991C81BF85,LOC_E96863625035,08:00,9670.0,230.0,17:00,True,v0.1
AVL_6172B1DBB9DC,TRK_C59B1FC1100A,LOC_F20DB0F2A327,09:00,7710.0,250.0,21:00,True,v0.1
AVL_81A01B58E8AF,TRK_486AB8FB5CC5,LOC_08710C80560B,09:15,12890.0,200.0,16:00,True,v0.1
AVL_669DEF19BECD,TRK_486AB8FB5CC5,LOC_08710C80560B,06:00,13860.0,230.0,16:00,True,v0.1
AVL_C4B2C6FF693F,TRK_E3355928E62A,LOC_8DBB3FA667B3,09:00,11570.0,200.0,14:00,True,v0.1
AVL_7EEE28FB68F7,TRK_E3355928E62A,LOC_8DBB3FA667B3,09:00,8640.0,130.0,14:00,True,v0.1
AVL_CE84E332222A,TRK_5670BABEA691,LOC_AC684A297AD1,09:45,1130.0,40.0,20:00,True,v0.1
AVL_66F7A7B58A71,TRK_5670BABEA691,LOC_AC684A297AD1,10:30,1140.0,50.0,20:00,True,v0.1
AVL_DC06594FD7E0,TRK_1A728EEE2A9E,LOC_841795218E67,12:00,3880.0,140.0,21:00,True,v0.1
AVL_D525273BE248,TRK_1A728EEE2A9E,LOC_841795218E67,08:30,10790.0,140.0,21:00,True,v0.1
AVL_296273BC4DC6,TRK_8786EA160AA6,LOC_36B5B5F31C8D,09:15,1030.0,60.0,21:00,True,v0.1
AVL_01173122DE3A,TRK_8786EA160AA6,LOC_36B5B5F31C8D,10:45,2050.0,80.0,21:00,True,v0.1
AVL_C6379E480CF9,TRK_8786EA160AA6,LOC_36B5B5F31C8D,12:15,550.0,80.0,21:00,True,v0.1
AVL_993DE0AF5AF8,TRK_1BA53DEE443E,LOC_AB3DB4CE53FF,10:45,410.0,60.0,23:00,True,v0.1
AVL_981D2C5BE573,TRK_1BA53DEE443E,LOC_AB3DB4CE53FF,11:15,460.0,50.0,23:00,True,v0.1
AVL_597129A4DB4A,TRK_38B1E33BF502,LOC_B890897F9CCC,09:30,2170.0,70.0,15:00,True,v0.1
AVL_60641A664083,TRK_38B1E33BF502,LOC_B890897F9CCC,09:30,1870.0,50.0,15:00,True,v0.1
AVL_B92C90874E0F,TRK_CC5E9F699FD3,LOC_ED9C60D04FC0,07:45,7480.0,130.0,15:00,True,v0.1
AVL_1B589FF9C1B7,TRK_CC5E9F699FD3,LOC_ED9C60D04FC0,04:15,4400.0,110.0,15:00,True,v0.1
AVL_B0E7B46AA4F0,TRK_CC5E9F699FD3,LOC_ED9C60D04FC0,09:30,6820.0,80.0,15:00,True,v0.1
AVL_BB5796EAA688,TRK_C9EA6F20E301,LOC_E96863625035,11:30,2640.0,70.0,17:00,True,v0.1
AVL_728081287077,TRK_C9EA6F20E301,LOC_E96863625035,12:45,4560.0,70.0,17:00,True,v0.1
AVL_9A32F0688DB4,TRK_624B4963694A,LOC_0B27B307A77E,10:00,450.0,20.0,16:00,True,v0.1
AVL_65B26479DF11,TRK_624B4963694A,LOC_0B27B307A77E,11:30,740.0,40.0,16:00,True,v0.1
AVL_E2636796013C,TRK_624B4963694A,LOC_0B27B307A77E,12:15,870.0,30.0,16:00,True,v0.1
AVL_DF8F42D5915C,TRK_718C8C333BD6,LOC_BC48412E6B15,05:00,4230.0,180.0,13:00,True,v0.1
AVL_536DACE51340,TRK_718C8C333BD6,LOC_BC48412E6B15,09:45,4220.0,140.0,13:00,True,v0.1
AVL_AFD6E3F2AF93,TRK_718C8C333BD6,LOC_BC48412E6B15,09:45,5500.0,180.0,13:00,True,v0.1
AVL_E652F588D693,TRK_DC3128CC0073,LOC_B890897F9CCC,09:00,340.0,40.0,17:00,True,v0.1
AVL_12374739E912,TRK_C6B7BF5968EF,LOC_E96863625035,11:00,17050.0,130.0,23:00,True,v0.1
AVL_D2F94F3CD366,TRK_529B47FB0E0C,LOC_0B27B307A77E,13:15,13190.0,190.0,17:00,True,v0.1
AVL_785AA5112402,TRK_529B47FB0E0C,LOC_0B27B307A77E,09:30,6930.0,140.0,17:00,True,v0.1
AVL_38AFEBC25835,TRK_D0FF4E4E8289,LOC_BC48412E6B15,12:30,2260.0,70.0,15:00,True,v0.1
AVL_F6CCE7FD8323,TRK_D0FF4E4E8289,LOC_BC48412E6B15,07:45,960.0,60.0,15:00,True,v0.1
AVL_4565F0FFD2AB,TRK_D0FF4E4E8289,LOC_BC48412E6B15,09:30,2160.0,60.0,15:00,True,v0.1
AVL_E513EA74B75A,TRK_38CCD92D5770,LOC_21F591BF08EC,09:00,6450.0,150.0,13:00,True,v0.1
AVL_65E65836AFEA,TRK_38CCD92D5770,LOC_21F591BF08EC,07:15,4040.0,200.0,13:00,True,v0.1
AVL_F76C2758456B,TRK_38CCD92D5770,LOC_21F591BF08EC,10:45,2590.0,190.0,13:00,True,v0.1
AVL_59BCEA5F67CE,TRK_37EC8A17015B,LOC_11A4C40B0A4F,13:15,490.0,80.0,17:00,True,v0.1
AVL_20BF443D9C1B,TRK_63CACAC7A5D2,LOC_63A998834201,13:30,3270.0,180.0,23:00,True,v0.1
AVL_80A16AB4C826,TRK_63CACAC7A5D2,LOC_63A998834201,13:15,8890.0,190.0,23:00,True,v0.1
AVL_7EDB1E5D0B14,TRK_63CACAC7A5D2,LOC_63A998834201,14:30,7990.0,90.0,23:00,True,v0.1
AVL_9C31EFCDF535,TRK_C465A0917CF8,LOC_45C74FBD7B6F,08:00,5700.0,100.0,18:00,True,v0.1
AVL_829D3CF35A2F,TRK_BA0F9737B3C2,LOC_6042150B38E7,11:30,1130.0,60.0,20:00,True,v0.1
AVL_5D8EA5E9433C,TRK_BA0F9737B3C2,LOC_6042150B38E7,11:30,1150.0,60.0,20:00,True,v0.1
AVL_CCAB00B02933,TRK_0C4083577035,LOC_5242BE7C01CE,09:30,510.0,30.0,20:00,True,v0.1
AVL_65DF42E9A57E,TRK_0C4083577035,LOC_5242BE7C01CE,11:30,940.0,30.0,20:00,True,v0.1
AVL_696E1D4EA6D8,TRK_BDD154F2E697,LOC_DD4D9C55D7BB,11:00,7920.0,200.0,23:00,True,v0.1
AVL_C528F6A08615,TRK_BDD154F2E697,LOC_DD4D9C55D7BB,13:30,4520.0,140.0,23:00,True,v0.1
AVL_CDF621C47231,TRK_093AF5F63820,LOC_AC684A297AD1,07:30,1110.0,50.0,17:00,True,v0.1
AVL_DC3D0EAA7B49,TRK_093AF5F63820,LOC_AC684A297AD1,05:30,520.0,100.0,17:00,True,v0.1
AVL_D48038F540CD,TRK_093AF5F63820,LOC_AC684A297AD1,06:30,530.0,80.0,17:00,True,v0.1
AVL_95C842EE37A4,TRK_393B5B33E25C,LOC_B6370F731EEC,10:00,870.0,90.0,16:00,True,v0.1
AVL_90BD16EC290A,TRK_74A618D8B782,LOC_0B27B307A77E,10:45,1790.0,90.0,16:00,True,v0.1
AVL_8E4BC939480A,TRK_B8D63B84D295,LOC_B26DA7992E56,10:30,560.0,100.0,18:00,True,v0.1
AVL_42BC0C4B68EA,TRK_B8D63B84D295,LOC_B26DA7992E56,07:00,750.0,200.0,18:00,True,v0.1
AVL_2D5B96A87765,TRK_B8D63B84D295,LOC_B26DA7992E56,07:15,1370.0,140.0,18:00,True,v0.1
AVL_BE467690C808,TRK_3F175C42FEAA,LOC_5AA457C919DB,08:15,16600.0,200.0,13:00,True,v0.1
AVL_D58B90C2B017,TRK_3F175C42FEAA,LOC_5AA457C919DB,09:00,15080.0,180.0,13:00,True,v0.1
AVL_8521BFF378C8,TRK_9BC2963BECB3,LOC_08E25919DCC7,07:30,5250.0,160.0,17:00,True,v0.1
AVL_A35B8A26E46B,TRK_F26C74190352,LOC_C6AB43142BDB,12:00,1790.0,80.0,17:00,True,v0.1
AVL_277CF672981F,TRK_F26C74190352,LOC_C6AB43142BDB,14:30,1010.0,80.0,17:00,True,v0.1
AVL_54C0110812A3,TRK_403E348EEBE4,LOC_DD4D9C55D7BB,09:00,6830.0,200.0,18:00,True,v0.1
AVL_201DCD03C974,TRK_D4439C2C9539,LOC_BD15AF538A86,07:45,5320.0,180.0,15:00,True,v0.1
AVL_3A77FA79C389,TRK_D4439C2C9539,LOC_BD15AF538A86,09:30,4440.0,140.0,15:00,True,v0.1
AVL_1C9329C36F1C,TRK_DFE1E1892764,LOC_2E423964E639,08:30,3010.0,100.0,18:00,True,v0.1
AVL_79C0FDB2CEB4,TRK_DFE1E1892764,LOC_2E423964E639,07:30,3210.0,130.0,18:00,True,v0.1
AVL_BB4D98CE7F3F,TRK_DFE1E1892764,LOC_2E423964E639,10:30,1700.0,90.0,18:00,True,v0.1
AVL_AED8789A7EC6,TRK_8D8A8174B23D,LOC_DA9770705B86,09:45,1950.0,90.0,23:00,True,v0.1
AVL_0F1BDD150C2F,TRK_8D8A8174B23D,LOC_DA9770705B86,09:30,6350.0,120.0,23:00,True,v0.1
AVL_8338A868A1BB,TRK_554F6A6717A5,LOC_B6370F731EEC,09:45,510.0,60.0,15:00,True,v0.1
AVL_D3B95BAD9D57,TRK_554F6A6717A5,LOC_B6370F731EEC,06:30,330.0,60.0,15:00,True,v0.1
AVL_7BBC6E07C540,TRK_554F6A6717A5,LOC_B6370F731EEC,05:15,860.0,50.0,15:00,True,v0.1
AVL_FA18D1CAA3A6,TRK_8AE0F3C790BB,LOC_FF96333A5510,12:30,17420.0,90.0,17:00,True,v0.1
AVL_B44D9A93D076,TRK_8AE0F3C790BB,LOC_FF96333A5510,10:45,13380.0,90.0,17:00,True,v0.1
AVL_CD33121EE2E6,TRK_8AE0F3C790BB,LOC_FF96333A5510,09:30,10960.0,140.0,17:00,True,v0.1
AVL_78A579379A0C,TRK_E290981DF9DC,LOC_0F3D188854D6,08:15,2430.0,50.0,19:00,True,v0.1
AVL_6019043A3ACF,TRK_E290981DF9DC,LOC_0F3D188854D6,10:00,2850.0,50.0,19:00,True,v0.1
AVL_0D344F87F86F,TRK_E290981DF9DC,LOC_0F3D188854D6,09:45,2740.0,50.0,19:00,True,v0.1
AVL_FFA4D0A65834,TRK_CDCB8D0108E8,LOC_BF1D141289ED,05:45,320.0,70.0,17:00,True,v0.1
AVL_19A59A367265,TRK_CDCB8D0108E8,LOC_BF1D141289ED,07:45,760.0,80.0,17:00,True,v0.1
AVL_F1B1A3EE1563,TRK_CE450D7F416B,LOC_F1EE6A62E5AA,09:30,3510.0,170.0,16:00,True,v0.1
AVL_6220E75ACC98,TRK_69C70C8EC0E8,LOC_BC83DA386B0E,10:15,1150.0,70.0,20:00,True,v0.1
AVL_F7DCA4DB50A4,TRK_E07D6DD07728,LOC_41413C4D1A63,08:00,2450.0,170.0,20:00,True,v0.1
AVL_091F46842A0C,TRK_D5734C94CA97,LOC_21F591BF08EC,08:00,22470.0,170.0,19:00,True,v0.1
AVL_BF4F2C0C2352,TRK_D5734C94CA97,LOC_21F591BF08EC,07:45,9420.0,210.0,19:00,True,v0.1
AVL_EDC8C250950B,TRK_1CB4865E3CF1,LOC_08E25919DCC7,08:45,1750.0,100.0,18:00,True,v0.1
AVL_B0ADED46D4CE,TRK_1CB4865E3CF1,LOC_08E25919DCC7,08:00,870.0,160.0,18:00,True,v0.1
AVL_FE4E79C57669,TRK_3ABB42F7D8F0,LOC_D24D73F16033,07:00,1080.0,90.0,17:00,True,v0.1
AVL_7E4A6EF8FA29,TRK_3ABB42F7D8F0,LOC_D24D73F16033,06:45,640.0,70.0,17:00,True,v0.1
AVL_942ECAF77FCB,TRK_3ABB42F7D8F0,LOC_D24D73F16033,06:15,980.0,60.0,17:00,True,v0.1
AVL_8EBB832C4A0B,TRK_0FE81F3ABCB0,LOC_C90487F88BAC,10:45,970.0,80.0,16:00,True,v0.1
AVL_152E12AD493F,TRK_0FE81F3ABCB0,LOC_C90487F88BAC,13:45,3430.0,80.0,16:00,True,v0.1
AVL_CE0A954B92CD,TRK_0FE81F3ABCB0,LOC_C90487F88BAC,12:30,1710.0,50.0,16:00,True,v0.1
AVL_31325EB95DBE,TRK_7CACB8009A8C,LOC_841795218E67,08:30,8390.0,160.0,18:00,True,v0.1
AVL_361C103462CB,TRK_7CACB8009A8C,LOC_841795218E67,10:00,13480.0,190.0,18:00,True,v0.1
AVL_1A1B0187BE4E,TRK_7CACB8009A8C,LOC_841795218E67,09:00,4670.0,190.0,18:00,True,v0.1
AVL_A0F7B79E8E68,TRK_C24544F9AF63,LOC_BC48412E6B15,06:00,2190.0,110.0,13:00,True,v0.1
AVL_C9E00CBF4736,TRK_C24544F9AF63,LOC_BC48412E6B15,10:15,1590.0,80.0,13:00,True,v0.1
AVL_5ECAC1A5CE82,TRK_C24544F9AF63,LOC_BC48412E6B15,07:15,960.0,160.0,13:00,True,v0.1
AVL_306C5281A2DA,TRK_4FCA7589A181,LOC_8EAD4661AFB9,10:45,350.0,70.0,13:00,True,v0.1
AVL_E81DD69163A5,TRK_017DA12B162E,LOC_5B344A07BA57,07:15,30550.0,200.0,21:00,True,v0.1
AVL_4E1A90F04DCC,TRK_017DA12B162E,LOC_5B344A07BA57,12:00,26590.0,190.0,21:00,True,v0.1
AVL_9D466BAA72E9,TRK_017DA12B162E,LOC_5B344A07BA57,12:00,12880.0,120.0,21:00,True,v0.1
AVL_F0FDDF026187,TRK_5801D39EB402,LOC_EE8F1CF00ECF,10:00,7870.0,250.0,22:00,True,v0.1
AVL_387B4A6E1BA3,TRK_5801D39EB402,LOC_EE8F1CF00ECF,10:15,9730.0,250.0,22:00,True,v0.1
AVL_66005502B83D,TRK_02F2C021CA5B,LOC_9F3A877025DA,05:30,5310.0,100.0,14:00,True,v0.1
AVL_FE03C192EA05,TRK_02F2C021CA5B,LOC_9F3A877025DA,06:30,6410.0,140.0,14:00,True,v0.1
AVL_17B9506FE575,TRK_335B9874CA1F,LOC_E7B504BE8FE9,12:30,6140.0,70.0,15:00,True,v0.1
AVL_6CBC7E183E11,TRK_00AA4EC74478,LOC_E96863625035,11:30,450.0,60.0,17:00,True,v0.1
AVL_39067A19338E,TRK_00AA4EC74478,LOC_E96863625035,10:45,930.0,80.0,17:00,True,v0.1
AVL_50EBB428B294,TRK_E9BAAAA5BD82,LOC_B39E76DCD93F,10:45,1640.0,140.0,18:00,True,v0.1
AVL_CAC8A07E9A45,TRK_47DBAD05B9AC,LOC_27273A6A3299,10:30,880.0,40.0,19:00,True,v0.1
AVL_C0C737053C73,TRK_47DBAD05B9AC,LOC_27273A6A3299,11:45,570.0,30.0,19:00,True,v0.1
AVL_EA7288BA06C8,TRK_47DBAD05B9AC,LOC_27273A6A3299,11:30,980.0,30.0,19:00,True,v0.1
AVL_C63A6C1D4A1B,TRK_9E9C18F26A3A,LOC_0D7AAF851D69,09:15,3520.0,180.0,19:00,True,v0.1
AVL_2D37F403CA11,TRK_4F7292FB6B5C,LOC_B39E76DCD93F,09:00,3400.0,150.0,15:00,True,v0.1
AVL_38C53C91E135,TRK_26D007A4581B,LOC_DD4D9C55D7BB,12:45,1150.0,80.0,22:00,True,v0.1
AVL_576CB0C92B99,TRK_95E9B951FE4B,LOC_841795218E67,06:00,2490.0,50.0,18:00,True,v0.1
AVL_C45B2D2C5386,TRK_592A7431AD8F,LOC_C90487F88BAC,08:30,6600.0,170.0,15:00,True,v0.1
AVL_E228C6C82366,TRK_592A7431AD8F,LOC_C90487F88BAC,05:30,7090.0,170.0,15:00,True,v0.1
AVL_074992C13D66,TRK_592A7431AD8F,LOC_C90487F88BAC,08:30,8400.0,100.0,15:00,True,v0.1
AVL_E8821055807B,TRK_D15B8332AEB2,LOC_6C7E235EC96D,11:00,10230.0,120.0,17:00,True,v0.1
AVL_6050B53C2674,TRK_D15B8332AEB2,LOC_6C7E235EC96D,12:45,6090.0,150.0,17:00,True,v0.1
AVL_54AB3172CF18,TRK_0617E774334D,LOC_165F0D721F3E,12:15,710.0,160.0,20:00,True,v0.1
AVL_402C25637DF4,TRK_0617E774334D,LOC_165F0D721F3E,12:30,1000.0,170.0,20:00,True,v0.1
AVL_E41582C4BCB6,TRK_D0CB5004F418,LOC_8DBB3FA667B3,10:00,520.0,50.0,19:00,True,v0.1
AVL_1F5F50660F2D,TRK_D0CB5004F418,LOC_8DBB3FA667B3,09:15,580.0,50.0,19:00,True,v0.1
AVL_230C4EE8A08A,TRK_CB1859F20CFD,LOC_BC48412E6B15,08:15,9130.0,250.0,16:00,True,v0.1
AVL_DC42B6B0C479,TRK_CB1859F20CFD,LOC_BC48412E6B15,09:45,7610.0,230.0,16:00,True,v0.1
AVL_D0F3824E5903,TRK_CB1859F20CFD,LOC_BC48412E6B15,07:00,13940.0,210.0,16:00,True,v0.1
AVL_9ABB907B9264,TRK_3BC8A10A7D94,LOC_E96863625035,11:30,2100.0,120.0,16:00,True,v0.1
AVL_9A1C581A1B2A,TRK_3BC8A10A7D94,LOC_E96863625035,07:15,1480.0,70.0,16:00,True,v0.1
AVL_C38449CBB75E,TRK_035B73E44EE9,LOC_841795218E67,09:45,1510.0,120.0,18:00,True,v0.1
AVL_58DFA20C4FEF,TRK_035B73E44EE9,LOC_841795218E67,06:00,980.0,140.0,18:00,True,v0.1
AVL_52E1FDEFE002,TRK_035B73E44EE9,LOC_841795218E67,09:15,2530.0,140.0,18:00,True,v0.1
AVL_5F023883D92E,TRK_ADDDD7A442CF,LOC_2E423964E639,10:15,9400.0,250.0,19:00,True,v0.1
AVL_053235A22E45,TRK_C5AB04A8F08C,LOC_4A5F46E3AFB5,13:30,2250.0,70.0,19:00,True,v0.1
AVL_407623B2C0AB,TRK_C5AB04A8F08C,LOC_4A5F46E3AFB5,10:15,1500.0,80.0,19:00,True,v0.1
AVL_774B145900EF,TRK_9EE26BA9B472,LOC_6B9FA168B682,14:00,5400.0,110.0,21:00,True,v0.1
AVL_6ED6F2DA21AE,TRK_9EE26BA9B472,LOC_6B9FA168B682,13:30,7460.0,100.0,21:00,True,v0.1
AVL_DD28B3FD98AF,TRK_9EE26BA9B472,LOC_6B9FA168B682,12:30,4790.0,100.0,21:00,True,v0.1
AVL_7D487EA7D31F,TRK_CABB0843638E,LOC_11A4C40B0A4F,10:30,1050.0,70.0,13:00,True,v0.1
AVL_A0612120EFA4,TRK_CABB0843638E,LOC_11A4C40B0A4F,08:45,1810.0,70.0,13:00,True,v0.1
AVL_2142DAD53B79,TRK_CABB0843638E,LOC_11A4C40B0A4F,08:45,1510.0,70.0,13:00,True,v0.1
AVL_4AA7735343AF,TRK_743B5986218A,LOC_41413C4D1A63,14:15,2210.0,200.0,18:00,True,v0.1
AVL_495EACE72A57,TRK_743B5986218A,LOC_41413C4D1A63,13:45,1810.0,100.0,18:00,True,v0.1
AVL_DC0052AE98C0,TRK_743B5986218A,LOC_41413C4D1A63,10:30,2120.0,160.0,18:00,True,v0.1
AVL_E9246E2C78C0,TRK_2C29A4F9D289,LOC_FEFD9351973D,08:45,3580.0,250.0,14:00,True,v0.1
AVL_CFE207D632B1,TRK_2C29A4F9D289,LOC_FEFD9351973D,05:45,8240.0,250.0,14:00,True,v0.1
AVL_1CE88B1F69A7,TRK_2C29A4F9D289,LOC_FEFD9351973D,08:45,2920.0,190.0,14:00,True,v0.1
AVL_22A54CD09137,TRK_FDC45484BD7A,LOC_EC1D3E4138DF,13:45,5890.0,130.0,22:00,True,v0.1
AVL_4A4819DBCBF1,TRK_70D636E0DFFA,LOC_41413C4D1A63,09:45,1750.0,50.0,15:00,True,v0.1
AVL_75EEEC7531EB,TRK_70D636E0DFFA,LOC_41413C4D1A63,09:45,2260.0,80.0,15:00,True,v0.1
AVL_1D47AE7F0F67,TRK_3AAFDA8C31B2,LOC_FEFD9351973D,13:15,9900.0,110.0,20:00,True,v0.1
AVL_ED4C7D51386F,TRK_FA46DB4F4AF4,LOC_BD15AF538A86,10:30,1240.0,30.0,18:00,True,v0.1
AVL_7994DF1E5C0D,TRK_FA46DB4F4AF4,LOC_BD15AF538A86,11:30,1190.0,40.0,18:00,True,v0.1
AVL_21C9D0334903,TRK_FA46DB4F4AF4,LOC_BD15AF538A86,08:15,1200.0,30.0,18:00,True,v0.1
AVL_DF800025BE0A,TRK_9BC3A7238962,LOC_8E24E29DF84B,11:45,13990.0,250.0,21:00,True,v0.1
AVL_AFF221B349F1,TRK_2553D5E0810B,LOC_58DEC063659A,09:30,4260.0,180.0,22:00,True,v0.1
AVL_D0A821697665,TRK_0693582B53F4,LOC_EE8F1CF00ECF,08:00,13120.0,250.0,21:00,True,v0.1
AVL_8F4086C212AC,TRK_0693582B53F4,LOC_EE8F1CF00ECF,11:30,10820.0,250.0,21:00,True,v0.1
AVL_8963673176BE,TRK_DF823B232B20,LOC_5D316714188F,10:15,6320.0,100.0,19:00,True,v0.1
AVL_9E7FA0B48605,TRK_DF823B232B20,LOC_5D316714188F,07:00,4010.0,210.0,19:00,True,v0.1
AVL_25D26084EDF8,TRK_47CC4791562F,LOC_8F3BDE96C1C3,05:00,1750.0,60.0,15:00,True,v0.1
AVL_18C7B5B85261,TRK_A8A54FCDBDF5,LOC_E9EE964E8CFE,11:45,13330.0,250.0,21:00,True,v0.1
AVL_A0BBA6A2B3DD,TRK_A8A54FCDBDF5,LOC_E9EE964E8CFE,08:15,16540.0,250.0,21:00,True,v0.1
AVL_2F8A6DEBEE94,TRK_A8A54FCDBDF5,LOC_E9EE964E8CFE,08:45,6550.0,250.0,21:00,True,v0.1
AVL_6179E6E41334,TRK_FCE48EDC764B,LOC_5AA457C919DB,05:45,2400.0,210.0,19:00,True,v0.1
AVL_A5405F08BFD3,TRK_FCE48EDC764B,LOC_5AA457C919DB,06:45,1960.0,160.0,19:00,True,v0.1
AVL_5B9E064543F7,TRK_FCE48EDC764B,LOC_5AA457C919DB,05:00,3630.0,230.0,19:00,True,v0.1
AVL_F815C2C94DF2,TRK_13687C4BC4C3,LOC_AD745A3946E4,09:00,4080.0,250.0,18:00,True,v0.1
AVL_3520A102AA3B,TRK_13687C4BC4C3,LOC_AD745A3946E4,12:30,6930.0,240.0,18:00,True,v0.1
AVL_CCAE3484A735,TRK_13687C4BC4C3,LOC_AD745A3946E4,10:30,5530.0,210.0,18:00,True,v0.1
AVL_C179C6184B19,TRK_683952675FEC,LOC_5AA457C919DB,05:30,700.0,110.0,14:00,True,v0.1
AVL_F00D738EEACC,TRK_683952675FEC,LOC_5AA457C919DB,06:45,700.0,60.0,14:00,True,v0.1
AVL_FDD9AE9EC7F1,TRK_66F4D9A88CB1,LOC_D24D73F16033,10:00,1280.0,130.0,16:00,True,v0.1
AVL_B1D4358E23ED,TRK_66F4D9A88CB1,LOC_D24D73F16033,09:00,410.0,150.0,16:00,True,v0.1
AVL_5FAEE59099F3,TRK_8E966DCB684A,LOC_36B5B5F31C8D,11:00,1130.0,80.0,18:00,True,v0.1
AVL_E6EB1EBC222D,TRK_8E966DCB684A,LOC_36B5B5F31C8D,11:30,2390.0,130.0,18:00,True,v0.1
AVL_609D79B28F06,TRK_FA9D9B51098D,LOC_EE8F1CF00ECF,06:45,5690.0,70.0,20:00,True,v0.1
AVL_6A8C1540035D,TRK_FA9D9B51098D,LOC_EE8F1CF00ECF,06:30,2050.0,80.0,20:00,True,v0.1
AVL_8B064643D8F2,TRK_7BE1D610310E,LOC_B26FC239E19A,09:15,15270.0,210.0,17:00,True,v0.1
AVL_48D3C69AC44A,TRK_ABA0CD2CAD90,LOC_B6370F731EEC,08:45,5620.0,250.0,14:00,True,v0.1
AVL_FAA20F23DA2E,TRK_F334A7659E67,LOC_AC684A297AD1,07:30,7590.0,220.0,15:00,True,v0.1
AVL_EE18F88CCCF0,TRK_F334A7659E67,LOC_AC684A297AD1,06:15,7660.0,120.0,15:00,True,v0.1
AVL_27BE7D12AA6E,TRK_F334A7659E67,LOC_AC684A297AD1,07:00,4050.0,250.0,15:00,True,v0.1
AVL_C42502BB9CF4,TRK_C501BD23AF0B,LOC_DA9770705B86,10:15,1670.0,90.0,17:00,True,v0.1
AVL_260B7B43320E,TRK_D0BC1C0C07BE,LOC_B890897F9CCC,14:45,7240.0,250.0,23:00,True,v0.1
AVL_A93771946294,TRK_E8329D124E84,LOC_B0D713DFA81B,09:30,340.0,80.0,20:00,True,v0.1
AVL_2D5168763234,TRK_A997FC00E0CF,LOC_6042150B38E7,08:45,16500.0,250.0,19:00,True,v0.1
AVL_96B9A540657C,TRK_4EACE173545D,LOC_190E748F376B,06:30,1090.0,80.0,17:00,True,v0.1
AVL_D6FD665EAA26,TRK_4EACE173545D,LOC_190E748F376B,09:30,1960.0,80.0,17:00,True,v0.1
AVL_22F7193A7F87,TRK_6FAF2494BF87,LOC_3B372919B752,05:30,11340.0,240.0,16:00,True,v0.1
AVL_8F8C027DD71F,TRK_6FAF2494BF87,LOC_3B372919B752,05:15,10560.0,240.0,16:00,True,v0.1
AVL_861AAC42D7C1,TRK_D002A63A3C6A,LOC_63A998834201,10:30,1960.0,160.0,20:00,True,v0.1
AVL_81A5C35F1EA1,TRK_D002A63A3C6A,LOC_63A998834201,11:15,2140.0,70.0,20:00,True,v0.1
AVL_DC2809181F57,TRK_CF878FD4C13C,LOC_B890897F9CCC,05:45,2570.0,250.0,15:00,True,v0.1
AVL_9010EDFD1DF9,TRK_356B7F139E2E,LOC_2ECE587EC515,09:30,3970.0,120.0,22:00,True,v0.1
AVL_4124DB9307CC,TRK_0A0DBBCA4639,LOC_21F591BF08EC,10:30,480.0,100.0,21:00,True,v0.1
AVL_7302AA6AD0C5,TRK_0A0DBBCA4639,LOC_21F591BF08EC,10:15,460.0,50.0,21:00,True,v0.1
AVL_1486B1CA32AA,TRK_98D80C089C77,LOC_E96863625035,04:30,5890.0,230.0,17:00,True,v0.1
AVL_B56F6D838E9C,TRK_98D80C089C77,LOC_E96863625035,06:45,6400.0,240.0,17:00,True,v0.1
AVL_F06C9AE928C2,TRK_98D80C089C77,LOC_E96863625035,04:15,6480.0,120.0,17:00,True,v0.1
AVL_5083974D010E,TRK_8B5A17C561A2,LOC_C58F1767A842,10:45,2090.0,140.0,18:00,True,v0.1
AVL_76DF22C73EE6,TRK_8B5A17C561A2,LOC_C58F1767A842,07:30,3640.0,80.0,18:00,True,v0.1
AVL_24A912F517F0,TRK_8B5A17C561A2,LOC_C58F1767A842,06:00,3050.0,90.0,18:00,True,v0.1
AVL_22118D9CF81F,TRK_DDE4F36F14B7,LOC_6042150B38E7,08:45,3600.0,200.0,16:00,True,v0.1
AVL_BA92FCFC2A36,TRK_CEFB3C509D24,LOC_7CE3D43FF63F,10:45,7560.0,210.0,20:00,True,v0.1
AVL_92898D718724,TRK_CEFB3C509D24,LOC_7CE3D43FF63F,13:45,4570.0,160.0,20:00,True,v0.1
AVL_EE79432F8AD4,TRK_A3AB5653E80B,LOC_2E423964E639,11:30,2600.0,120.0,16:00,True,v0.1
AVL_D0BCC65C7485,TRK_A3AB5653E80B,LOC_2E423964E639,10:45,2650.0,150.0,16:00,True,v0.1
AVL_78AFA5EB5582,TRK_66235A3E6108,LOC_190E748F376B,07:45,1370.0,90.0,16:00,True,v0.1
AVL_19DB3B07C960,TRK_66235A3E6108,LOC_190E748F376B,11:00,2450.0,160.0,16:00,True,v0.1
AVL_C59D4D81D5B2,TRK_1C8C798F44C5,LOC_6042150B38E7,12:15,9670.0,250.0,17:00,True,v0.1
AVL_AAF38DB7018C,TRK_1C8C798F44C5,LOC_6042150B38E7,09:15,16210.0,250.0,17:00,True,v0.1
AVL_01A3F1B7B102,TRK_1C8C798F44C5,LOC_6042150B38E7,11:00,27380.0,250.0,17:00,True,v0.1
AVL_A8BA167E500C,TRK_C74877746578,LOC_11A4C40B0A4F,10:15,800.0,60.0,15:00,True,v0.1
AVL_BD7CFCA0A532,TRK_C74877746578,LOC_11A4C40B0A4F,09:30,340.0,50.0,15:00,True,v0.1
AVL_C302166F9E1E,TRK_C74877746578,LOC_11A4C40B0A4F,12:15,430.0,40.0,15:00,True,v0.1
AVL_CDC145073170,TRK_0231F8BE1746,LOC_FEFD9351973D,07:00,570.0,60.0,15:00,True,v0.1
AVL_C92816A3668B,TRK_8169C8E8F13C,LOC_5B344A07BA57,09:00,1730.0,80.0,21:00,True,v0.1
AVL_ED88B80458C5,TRK_8169C8E8F13C,LOC_5B344A07BA57,08:30,2290.0,80.0,21:00,True,v0.1
AVL_912FA243C425,TRK_779ABA8D0EF0,LOC_DA9770705B86,07:00,8850.0,220.0,18:00,True,v0.1
AVL_73C55FE533C6,TRK_DC35C8B6C226,LOC_D24D73F16033,08:00,6840.0,250.0,19:00,True,v0.1
AVL_A893871D17BE,TRK_E8CB81DCBE3F,LOC_8E5593D8E476,07:30,190.0,30.0,20:00,True,v0.1
AVL_49FA13E53F3F,TRK_E8CB81DCBE3F,LOC_8E5593D8E476,09:30,360.0,30.0,20:00,True,v0.1
AVL_27579D25B744,TRK_E8CB81DCBE3F,LOC_8E5593D8E476,09:00,510.0,50.0,20:00,True,v0.1
AVL_928DF4A0E789,TRK_47FA9BC52762,LOC_796345940EEC,11:00,4740.0,240.0,15:00,True,v0.1
AVL_D55574CF98E0,TRK_DFFB2A886AB5,LOC_FF96333A5510,09:30,1030.0,60.0,19:00,True,v0.1
AVL_BF015949EC80,TRK_DFFB2A886AB5,LOC_FF96333A5510,14:00,1260.0,50.0,19:00,True,v0.1
AVL_88452AFA3419,TRK_994CE9739235,LOC_DA9770705B86,09:00,3330.0,120.0,17:00,True,v0.1
AVL_E0225FE5EDC5,TRK_6F7B962D8029,LOC_36B5B5F31C8D,13:30,5520.0,210.0,16:00,True,v0.1
AVL_84986DD8C51B,TRK_6F7B962D8029,LOC_36B5B5F31C8D,11:30,4670.0,180.0,16:00,True,v0.1
AVL_8FB5DB884397,TRK_5CCBD1015034,LOC_1FB47BF8FFEB,11:45,3610.0,70.0,20:00,True,v0.1
AVL_FDFD5265E7C5,TRK_5CCBD1015034,LOC_1FB47BF8FFEB,07:30,2360.0,70.0,20:00,True,v0.1
AVL_D4FE02EC3B02,TRK_64445E560D2D,LOC_B26FC239E19A,11:15,11500.0,130.0,21:00,True,v0.1
AVL_D0F38244461A,TRK_8853A112029D,LOC_B26FC239E19A,09:15,11340.0,150.0,17:00,True,v0.1
AVL_5EE4A141C3FA,TRK_8853A112029D,LOC_B26FC239E19A,05:45,12370.0,170.0,17:00,True,v0.1
AVL_5E75E0F27A45,TRK_D77AA299A22C,LOC_5B344A07BA57,10:00,6610.0,110.0,19:00,True,v0.1
AVL_DBA61998DC84,TRK_923384074533,LOC_FF96333A5510,07:15,3030.0,100.0,17:00,True,v0.1
AVL_D151C013EF9F,TRK_8CA485E15563,LOC_D24D73F16033,10:15,11870.0,170.0,14:00,True,v0.1
AVL_656894D61CD2,TRK_8CA485E15563,LOC_D24D73F16033,11:30,5150.0,170.0,14:00,True,v0.1
AVL_4B654BC4F592,TRK_8CA485E15563,LOC_D24D73F16033,08:30,7220.0,150.0,14:00,True,v0.1
AVL_AEC9A8EB7FD3,TRK_40245AE86E2B,LOC_B26DA7992E56,07:00,5880.0,250.0,20:00,True,v0.1
AVL_5C87A9B895B9,TRK_40245AE86E2B,LOC_B26DA7992E56,07:30,5090.0,200.0,20:00,True,v0.1
AVL_C382B86517DC,TRK_35CBC9634297,LOC_E96863625035,11:30,13380.0,90.0,16:00,True,v0.1
AVL_9043F49D02FF,TRK_35CBC9634297,LOC_E96863625035,13:15,14140.0,140.0,16:00,True,v0.1
AVL_E7ADF0CDFDD2,TRK_35CBC9634297,LOC_E96863625035,08:15,7510.0,150.0,16:00,True,v0.1
AVL_F2AE70561F82,TRK_2FC72D6C75D1,LOC_1FB47BF8FFEB,14:30,1250.0,150.0,21:00,True,v0.1
AVL_7FF1EA4D2E89,TRK_2FC72D6C75D1,LOC_1FB47BF8FFEB,10:15,2030.0,130.0,21:00,True,v0.1
AVL_09CDD16ACE17,TRK_2FC72D6C75D1,LOC_1FB47BF8FFEB,13:15,3100.0,170.0,21:00,True,v0.1
AVL_287B9DE473BD,TRK_65F855C2D6B0,LOC_190E748F376B,07:15,10290.0,170.0,15:00,True,v0.1
AVL_7A39207AFC51,TRK_65F855C2D6B0,LOC_190E748F376B,07:30,6650.0,140.0,15:00,True,v0.1
AVL_FC0156078A87,TRK_65F855C2D6B0,LOC_190E748F376B,07:00,7970.0,130.0,15:00,True,v0.1
AVL_2BF6DAC611CA,TRK_04F3CE2B9E7E,LOC_FF96333A5510,10:15,390.0,60.0,16:00,True,v0.1
AVL_94EBF5CB0973,TRK_04F3CE2B9E7E,LOC_FF96333A5510,08:00,330.0,50.0,16:00,True,v0.1
AVL_6789D8F1558D,TRK_04F3CE2B9E7E,LOC_FF96333A5510,07:30,400.0,50.0,16:00,True,v0.1
AVL_752ED8AC9884,TRK_4F52079F3C24,LOC_6042150B38E7,08:15,850.0,40.0,20:00,True,v0.1
AVL_BAAB43977CDF,TRK_E0816312C500,LOC_841795218E67,04:00,6500.0,250.0,16:00,True,v0.1
AVL_BFDF412D712C,TRK_E0816312C500,LOC_841795218E67,05:15,6600.0,250.0,16:00,True,v0.1
AVL_FE99B9A3BE7A,TRK_FDDC9D45CFFB,LOC_8DBB3FA667B3,08:30,2730.0,80.0,16:00,True,v0.1
AVL_11E22515AA11,TRK_FDDC9D45CFFB,LOC_8DBB3FA667B3,12:15,1120.0,90.0,16:00,True,v0.1
AVL_4D8E813CFAD8,TRK_62D7098FB5A1,LOC_D2DDEA75080C,09:00,520.0,40.0,21:00,True,v0.1
AVL_2C064EE37F90,TRK_62D7098FB5A1,LOC_D2DDEA75080C,08:30,1040.0,90.0,21:00,True,v0.1
AVL_F50F467D3501,TRK_DAFEF38719DD,LOC_B26FC239E19A,08:15,810.0,40.0,19:00,True,v0.1
AVL_07325172D76B,TRK_DAFEF38719DD,LOC_B26FC239E19A,07:15,550.0,40.0,19:00,True,v0.1
AVL_0B2C1B0C64F1,TRK_DAFEF38719DD,LOC_B26FC239E19A,07:30,550.0,60.0,19:00,True,v0.1
AVL_7CB797BC52A3,TRK_75D07A642865,LOC_61BECDCA1350,12:45,1030.0,130.0,23:00,True,v0.1
AVL_5784F3EAE509,TRK_75D07A642865,LOC_61BECDCA1350,12:00,650.0,150.0,23:00,True,v0.1
AVL_49F18A711DEB,TRK_75D07A642865,LOC_61BECDCA1350,10:45,1650.0,130.0,23:00,True,v0.1
AVL_FB09589905BF,TRK_CE55528CD22A,LOC_DA9770705B86,04:00,880.0,40.0,13:00,True,v0.1
AVL_0512AD2B2D7A,TRK_CE55528CD22A,LOC_DA9770705B86,09:15,560.0,60.0,13:00,True,v0.1
AVL_42CEC3735596,TRK_95A1FE4FF0DD,LOC_41413C4D1A63,07:00,5190.0,170.0,14:00,True,v0.1
AVL_A44C7DB1E4C0,TRK_95A1FE4FF0DD,LOC_41413C4D1A63,06:30,5090.0,220.0,14:00,True,v0.1
AVL_18879535A07A,TRK_95A1FE4FF0DD,LOC_41413C4D1A63,08:15,4020.0,220.0,14:00,True,v0.1
AVL_EEE854E4F0DE,TRK_49EE98E2F33C,LOC_1FB47BF8FFEB,09:45,4210.0,180.0,22:00,True,v0.1
AVL_99B0D60DE589,TRK_49EE98E2F33C,LOC_1FB47BF8FFEB,13:00,8960.0,150.0,22:00,True,v0.1
AVL_2BE4118F10A4,TRK_49EE98E2F33C,LOC_1FB47BF8FFEB,13:00,5660.0,160.0,22:00,True,v0.1
AVL_3FD7B1A1A4DC,TRK_591DA8D69BF3,LOC_2E423964E639,07:30,550.0,150.0,14:00,True,v0.1
AVL_B641A2BF74BB,TRK_591DA8D69BF3,LOC_2E423964E639,10:15,1990.0,130.0,14:00,True,v0.1
AVL_0C2AF097123E,TRK_591DA8D69BF3,LOC_2E423964E639,09:45,1040.0,110.0,14:00,True,v0.1
AVL_7DEA4CE75AD8,TRK_DC586726E633,LOC_60C46A471111,10:15,8460.0,120.0,23:00,True,v0.1
AVL_9BCF0DBC2B25,TRK_6B4356BB7FC8,LOC_41413C4D1A63,07:00,14620.0,150.0,16:00,True,v0.1
AVL_659E0CA34179,TRK_5564246F7906,LOC_8DBB3FA667B3,09:30,15690.0,200.0,23:00,True,v0.1
AVL_A30ED83ED8AE,TRK_5564246F7906,LOC_8DBB3FA667B3,10:00,20240.0,250.0,23:00,True,v0.1
AVL_35E64CA338F1,TRK_5564246F7906,LOC_8DBB3FA667B3,13:15,29080.0,250.0,23:00,True,v0.1
AVL_C53A359DF6C1,TRK_F56F84F62A42,LOC_796345940EEC,08:45,1080.0,50.0,18:00,True,v0.1
AVL_7951949D4271,TRK_F56F84F62A42,LOC_796345940EEC,07:15,410.0,40.0,18:00,True,v0.1
AVL_79DEE291F9D9,TRK_F56F84F62A42,LOC_796345940EEC,11:00,450.0,60.0,18:00,True,v0.1
AVL_462D895312E8,TRK_22F3D50898DB,LOC_FF96333A5510,07:30,3240.0,100.0,18:00,True,v0.1
AVL_1BDB633D86A9,TRK_22F3D50898DB,LOC_FF96333A5510,07:15,3120.0,60.0,18:00,True,v0.1
AVL_7E0B1D0E4F39,TRK_AE03AD21962F,LOC_CF065FE8EBAB,06:15,2330.0,130.0,18:00,True,v0.1
AVL_5C0DBDDD0CCA,TRK_AE03AD21962F,LOC_CF065FE8EBAB,07:15,1030.0,100.0,18:00,True,v0.1
AVL_22BD94900D77,TRK_AE03AD21962F,LOC_CF065FE8EBAB,09:45,1870.0,130.0,18:00,True,v0.1
AVL_94DEB70C8AB9,TRK_C1FC4B86476D,LOC_B890897F9CCC,06:15,15600.0,110.0,19:00,True,v0.1
AVL_034E0125D5F1,TRK_C1FC4B86476D,LOC_B890897F9CCC,09:45,13190.0,160.0,19:00,True,v0.1
AVL_3AF3BE12FFAE,TRK_C1FC4B86476D,LOC_B890897F9CCC,08:45,14700.0,180.0,19:00,True,v0.1
AVL_9E72E1BD9666,TRK_E4FDAF928F73,LOC_D8FB48D6F894,13:00,1360.0,80.0,18:00,True,v0.1
AVL_8900006EE402,TRK_C90AF1D36D1D,LOC_6042150B38E7,13:00,650.0,30.0,22:00,True,v0.1
AVL_0583061CB967,TRK_C90AF1D36D1D,LOC_6042150B38E7,13:45,330.0,20.0,22:00,True,v0.1
AVL_C447C8439A51,TRK_C90AF1D36D1D,LOC_6042150B38E7,10:15,460.0,20.0,22:00,True,v0.1
AVL_049A4A481736,TRK_8FC4DE6101AC,LOC_0B27B307A77E,13:00,6660.0,180.0,22:00,True,v0.1
AVL_CF4653B791DC,TRK_8FC4DE6101AC,LOC_0B27B307A77E,11:00,4190.0,150.0,22:00,True,v0.1
AVL_E1E8CD26A8EB,TRK_8FC4DE6101AC,LOC_0B27B307A77E,11:45,7090.0,220.0,22:00,True,v0.1
AVL_96204439D6AF,TRK_F6267C99592A,LOC_91BA4A3395D5,08:45,1120.0,70.0,15:00,True,v0.1
AVL_127F454DAD1D,TRK_F6267C99592A,LOC_91BA4A3395D5,10:15,1050.0,60.0,15:00,True,v0.1
AVL_5DBBD5DD05FB,TRK_F6267C99592A,LOC_91BA4A3395D5,10:00,1320.0,40.0,15:00,True,v0.1
AVL_DFE02C141BF9,TRK_5590DF2ECA53,LOC_F20DB0F2A327,12:15,8790.0,130.0,19:00,True,v0.1
AVL_56FED60B06B1,TRK_15A5592D73AA,LOC_DA9770705B86,09:45,2010.0,150.0,20:00,True,v0.1
AVL_50212F5B135C,TRK_15A5592D73AA,LOC_DA9770705B86,09:00,2110.0,120.0,20:00,True,v0.1
AVL_FE534177BEFE,TRK_15A5592D73AA,LOC_DA9770705B86,08:45,3350.0,90.0,20:00,True,v0.1
AVL_A974A5D99180,TRK_5F0188F77E0E,LOC_796345940EEC,08:00,7370.0,220.0,14:00,True,v0.1
AVL_D9895C3041A8,TRK_F95DC10D01A8,LOC_8E5593D8E476,09:30,2100.0,60.0,15:00,True,v0.1
AVL_9C5778CC5329,TRK_F95DC10D01A8,LOC_8E5593D8E476,08:15,1090.0,60.0,15:00,True,v0.1
AVL_889E31B69E90,TRK_15FF4C1716B5,LOC_E96863625035,05:15,9810.0,230.0,15:00,True,v0.1
AVL_D4575647C2C4,TRK_8D5651B53D26,LOC_6B9FA168B682,10:15,1090.0,70.0,18:00,True,v0.1
AVL_89B270F9FC8F,TRK_8D5651B53D26,LOC_6B9FA168B682,12:30,1340.0,70.0,18:00,True,v0.1
AVL_D6D6170728A4,TRK_8D5651B53D26,LOC_6B9FA168B682,08:45,1400.0,80.0,18:00,True,v0.1
AVL_3C71B18CBBE4,TRK_C72869DB9CAD,LOC_DA9770705B86,12:30,2790.0,110.0,22:00,True,v0.1
AVL_629F681EC036,TRK_C72869DB9CAD,LOC_DA9770705B86,14:30,4530.0,170.0,22:00,True,v0.1
AVL_2E89E03A3252,TRK_C72869DB9CAD,LOC_DA9770705B86,12:45,9790.0,210.0,22:00,True,v0.1
AVL_57A08C493C13,TRK_CCF8A8744231,LOC_443EF0FB4E8C,05:45,6190.0,140.0,17:00,True,v0.1
AVL_73B4A5DB0AE0,TRK_4AA6580E3788,LOC_1FB47BF8FFEB,09:15,2110.0,70.0,17:00,True,v0.1
AVL_509AE10A1F71,TRK_4AA6580E3788,LOC_1FB47BF8FFEB,10:15,1880.0,130.0,17:00,True,v0.1
AVL_5ADF697674C5,TRK_4AA6580E3788,LOC_1FB47BF8FFEB,09:00,1190.0,90.0,17:00,True,v0.1
AVL_568B34CF296D,TRK_0824160F4C88,LOC_8DBB3FA667B3,12:00,8680.0,160.0,21:00,True,v0.1
AVL_384B36DC68BA,TRK_0824160F4C88,LOC_8DBB3FA667B3,09:15,7310.0,190.0,21:00,True,v0.1
AVL_824E8E2BCFA5,TRK_0824160F4C88,LOC_8DBB3FA667B3,14:15,8870.0,220.0,21:00,True,v0.1
AVL_DD78D70AD865,TRK_9D0F0F7BC64D,LOC_CF065FE8EBAB,07:45,14440.0,170.0,13:00,True,v0.1
AVL_9EF3110236FB,TRK_C7B7B736DAF3,LOC_B26FC239E19A,12:00,640.0,70.0,21:00,True,v0.1
AVL_E44DFEBE74B4,TRK_C7B7B736DAF3,LOC_B26FC239E19A,14:15,310.0,80.0,21:00,True,v0.1
AVL_E4C8DB6B55F4,TRK_C7B7B736DAF3,LOC_B26FC239E19A,12:30,460.0,80.0,21:00,True,v0.1
AVL_4FE4EB744A66,TRK_1DBF3B78C79D,LOC_6B9FA168B682,08:45,600.0,100.0,14:00,True,v0.1
AVL_91B9375C3B0D,TRK_D9DB0BF9D25C,LOC_B6370F731EEC,13:00,880.0,60.0,17:00,True,v0.1
AVL_13827418D84B,TRK_D9DB0BF9D25C,LOC_B6370F731EEC,10:30,750.0,100.0,17:00,True,v0.1
AVL_DC615A0EBF5F,TRK_D9DB0BF9D25C,LOC_B6370F731EEC,11:45,510.0,110.0,17:00,True,v0.1
AVL_9AA503803350,TRK_C3A74AC89814,LOC_91BA4A3395D5,09:30,500.0,40.0,13:00,True,v0.1
AVL_F6A311D07E3D,TRK_C3A74AC89814,LOC_91BA4A3395D5,10:15,660.0,40.0,13:00,True,v0.1
AVL_E554F5784666,TRK_AECC93C07E6C,LOC_5D316714188F,13:00,18900.0,250.0,18:00,True,v0.1
AVL_245E5014F0CD,TRK_AECC93C07E6C,LOC_5D316714188F,09:15,22260.0,250.0,18:00,True,v0.1
AVL_6124CA7C103A,TRK_AECC93C07E6C,LOC_5D316714188F,09:45,18010.0,250.0,18:00,True,v0.1
AVL_4BDEF3441F92,TRK_92FCCDDA79E5,LOC_AB3DB4CE53FF,04:30,680.0,80.0,12:00,True,v0.1
AVL_1950AA57527A,TRK_92FCCDDA79E5,LOC_AB3DB4CE53FF,07:30,1090.0,80.0,12:00,True,v0.1
AVL_3449C9C8E2C7,TRK_92FCCDDA79E5,LOC_AB3DB4CE53FF,05:45,340.0,90.0,12:00,True,v0.1
AVL_80ACDA5D4123,TRK_2913902A2DEE,LOC_5775AEDC7A87,09:30,3920.0,160.0,19:00,True,v0.1
AVL_580F59D46207,TRK_2913902A2DEE,LOC_5775AEDC7A87,13:15,1850.0,230.0,19:00,True,v0.1
AVL_25853B756906,TRK_644943417ABA,LOC_0B27B307A77E,09:15,12080.0,250.0,18:00,True,v0.1
AVL_2E2976B8EC3D,TRK_F129A970A76F,LOC_36B5B5F31C8D,08:15,6650.0,200.0,15:00,True,v0.1
AVL_FF841176C06D,TRK_F129A970A76F,LOC_36B5B5F31C8D,12:30,4800.0,100.0,15:00,True,v0.1
AVL_3DF9733F3E46,TRK_F129A970A76F,LOC_36B5B5F31C8D,10:00,8810.0,130.0,15:00,True,v0.1
AVL_3ADBFE5EC1D5,TRK_CCF7B5C631C1,LOC_5242BE7C01CE,09:00,5900.0,160.0,17:00,True,v0.1
AVL_264A08990DA0,TRK_B067BCD63265,LOC_AB3DB4CE53FF,09:30,5750.0,180.0,23:00,True,v0.1
AVL_2C5C231F9898,TRK_B067BCD63265,LOC_AB3DB4CE53FF,13:15,4220.0,120.0,23:00,True,v0.1
AVL_2D63D23F5460,TRK_B067BCD63265,LOC_AB3DB4CE53FF,10:15,3600.0,200.0,23:00,True,v0.1
AVL_DE0D17A27084,TRK_B7BA04A0793B,LOC_FEFD9351973D,10:00,8580.0,140.0,19:00,True,v0.1
AVL_FC7D2B4708AB,TRK_B7BA04A0793B,LOC_FEFD9351973D,07:00,10690.0,90.0,19:00,True,v0.1
AVL_764C9F4BDC0C,TRK_B7BA04A0793B,LOC_FEFD9351973D,05:00,12070.0,90.0,19:00,True,v0.1
AVL_B581BF719A78,TRK_453CD7ABA6D8,LOC_8E5593D8E476,09:00,1810.0,80.0,16:00,True,v0.1
AVL_62A9063419D7,TRK_453CD7ABA6D8,LOC_8E5593D8E476,07:45,1240.0,100.0,16:00,True,v0.1
AVL_6A34709481BC,TRK_453CD7ABA6D8,LOC_8E5593D8E476,12:30,1810.0,120.0,16:00,True,v0.1
AVL_B314BCE92121,TRK_FC4EFBC1E225,LOC_1FB47BF8FFEB,06:30,13170.0,250.0,18:00,True,v0.1
AVL_A5DD616FEF64,TRK_FC4EFBC1E225,LOC_1FB47BF8FFEB,09:30,9510.0,250.0,18:00,True,v0.1
AVL_6C07CCC735F3,TRK_A8564101089C,LOC_58DEC063659A,11:30,1640.0,90.0,15:00,True,v0.1
AVL_6D71F1B5D5C1,TRK_A8564101089C,LOC_58DEC063659A,07:45,1630.0,110.0,15:00,True,v0.1
AVL_F7C7B9725216,TRK_5EC9EC5A741E,LOC_C6AB43142BDB,07:30,6120.0,100.0,15:00,True,v0.1
AVL_7FF6AF1F532E,TRK_5EC9EC5A741E,LOC_C6AB43142BDB,10:45,4850.0,110.0,15:00,True,v0.1
AVL_6C5AFC5A9337,TRK_5EC9EC5A741E,LOC_C6AB43142BDB,09:30,4770.0,70.0,15:00,True,v0.1
AVL_3067D2C66F8A,TRK_80037AF38136,LOC_8F3BDE96C1C3,07:15,800.0,50.0,14:00,True,v0.1
AVL_520EF6E16996,TRK_E93950C7B81D,LOC_91BA4A3395D5,07:30,880.0,40.0,16:00,True,v0.1
AVL_A0D840A46D21,TRK_E93950C7B81D,LOC_91BA4A3395D5,12:45,750.0,60.0,16:00,True,v0.1
AVL_4B69A15B9065,TRK_E93950C7B81D,LOC_91BA4A3395D5,07:00,1070.0,40.0,16:00,True,v0.1
AVL_BDB309695FCF,TRK_C376449803FB,LOC_27273A6A3299,04:30,2380.0,90.0,13:00,True,v0.1
AVL_D5A723C4FF48,TRK_C376449803FB,LOC_27273A6A3299,05:45,2630.0,140.0,13:00,True,v0.1
AVL_DD4CF976D8C5,TRK_C376449803FB,LOC_27273A6A3299,06:00,770.0,90.0,13:00,True,v0.1
AVL_A4E96C9B6081,TRK_3D378E8843DC,LOC_21F591BF08EC,11:45,4640.0,110.0,23:00,True,v0.1
AVL_961B8FF43F1F,TRK_4A1AD40BC709,LOC_E9EE964E8CFE,05:45,13970.0,250.0,14:00,True,v0.1
AVL_A67B5127F2F8,TRK_4A1AD40BC709,LOC_E9EE964E8CFE,09:00,6250.0,250.0,14:00,True,v0.1
AVL_FE2CA913CE91,TRK_4A1AD40BC709,LOC_E9EE964E8CFE,05:45,12550.0,250.0,14:00,True,v0.1
AVL_9F8C5DE75645,TRK_C327C2BB7867,LOC_F86E62177015,08:15,5790.0,140.0,19:00,True,v0.1
AVL_D30754375CB2,TRK_C327C2BB7867,LOC_F86E62177015,12:00,7300.0,250.0,19:00,True,v0.1
AVL_2AA9115D3DF7,TRK_C327C2BB7867,LOC_F86E62177015,09:45,8830.0,200.0,19:00,True,v0.1
AVL_43247CD759BA,TRK_1245D9DDD50A,LOC_B6370F731EEC,08:00,560.0,80.0,17:00,True,v0.1
AVL_9A2B204169A3,TRK_1245D9DDD50A,LOC_B6370F731EEC,09:00,1110.0,60.0,17:00,True,v0.1
AVL_2921FE337568,TRK_1245D9DDD50A,LOC_B6370F731EEC,07:00,710.0,110.0,17:00,True,v0.1
AVL_709F3D54C243,TRK_AE0F77F9CECE,LOC_11A4C40B0A4F,07:45,4330.0,100.0,19:00,True,v0.1
AVL_ED4D02F9C451,TRK_15A4E86B7E18,LOC_1FB47BF8FFEB,08:15,8770.0,240.0,12:00,True,v0.1
AVL_4549765D7AE7,TRK_15A4E86B7E18,LOC_1FB47BF8FFEB,08:30,6660.0,120.0,12:00,True,v0.1
AVL_FE115365811A,TRK_15A4E86B7E18,LOC_1FB47BF8FFEB,08:15,7930.0,230.0,12:00,True,v0.1
AVL_C9E106BCAC06,TRK_547C0929AFCE,LOC_21F591BF08EC,10:45,2950.0,110.0,21:00,True,v0.1
AVL_B4CA10CA6653,TRK_35AEA5A238B5,LOC_8E24E29DF84B,11:00,400.0,30.0,19:00,True,v0.1
AVL_2166041550F5,TRK_35AEA5A238B5,LOC_8E24E29DF84B,12:45,280.0,40.0,19:00,True,v0.1
AVL_890578098515,TRK_35AEA5A238B5,LOC_8E24E29DF84B,09:30,520.0,30.0,19:00,True,v0.1
AVL_7D6B79E175E8,TRK_A6E218F9E112,LOC_AC684A297AD1,09:45,1940.0,70.0,12:00,True,v0.1
AVL_8910E58628AD,TRK_A6E218F9E112,LOC_AC684A297AD1,05:30,560.0,50.0,12:00,True,v0.1
AVL_3424DF49E9F3,TRK_A6E218F9E112,LOC_AC684A297AD1,04:15,1790.0,60.0,12:00,True,v0.1
AVL_5073585C13FA,TRK_D69CF406017F,LOC_2011BC2FE7BD,05:00,470.0,50.0,13:00,True,v0.1
AVL_EA2AEFD0EA08,TRK_E864749D5F23,LOC_BC83DA386B0E,08:30,1250.0,130.0,14:00,True,v0.1
AVL_DD29911CCC0B,TRK_A82E52F848C5,LOC_B26FC239E19A,06:30,4550.0,120.0,15:00,True,v0.1
AVL_C18E37D36706,TRK_A82E52F848C5,LOC_B26FC239E19A,10:15,4580.0,90.0,15:00,True,v0.1
AVL_D6CC43005182,TRK_A82E52F848C5,LOC_B26FC239E19A,07:15,4970.0,70.0,15:00,True,v0.1
AVL_7F2D283690F9,TRK_071ACA394633,LOC_B56ABDBA32E2,06:15,10240.0,100.0,16:00,True,v0.1
AVL_7C4BA00D14C6,TRK_071ACA394633,LOC_B56ABDBA32E2,11:00,10580.0,80.0,16:00,True,v0.1
AVL_10122D9B42FA,TRK_071ACA394633,LOC_B56ABDBA32E2,08:45,4560.0,60.0,16:00,True,v0.1
AVL_ADCF6F31B85B,TRK_AE3CDD24C55E,LOC_5242BE7C01CE,14:30,740.0,60.0,23:00,True,v0.1
AVL_3B464C9644FE,TRK_AE3CDD24C55E,LOC_5242BE7C01CE,11:00,560.0,50.0,23:00,True,v0.1
AVL_0BC648715663,TRK_AE3CDD24C55E,LOC_5242BE7C01CE,13:15,470.0,30.0,23:00,True,v0.1
AVL_1870E0D6D036,TRK_D6A95F1B5510,LOC_F20DB0F2A327,12:15,670.0,50.0,22:00,True,v0.1
AVL_9BD5BE74494A,TRK_D6A95F1B5510,LOC_F20DB0F2A327,12:30,570.0,30.0,22:00,True,v0.1
AVL_48C1007C960A,TRK_D6A95F1B5510,LOC_F20DB0F2A327,08:45,730.0,50.0,22:00,True,v0.1
AVL_D59F23A365B3,TRK_0DB792D95BC8,LOC_21F591BF08EC,04:00,10040.0,190.0,18:00,True,v0.1
AVL_35677FAF4719,TRK_0DB792D95BC8,LOC_21F591BF08EC,06:00,8110.0,140.0,18:00,True,v0.1
AVL_500FCD7CB40B,TRK_0DB792D95BC8,LOC_21F591BF08EC,07:00,16220.0,100.0,18:00,True,v0.1
AVL_36E99E4840DF,TRK_2143108EC3BA,LOC_FF96333A5510,09:45,1170.0,100.0,18:00,True,v0.1
AVL_E4C9E5A5F942,TRK_8F9222BACB92,LOC_BD15AF538A86,10:15,7430.0,230.0,20:00,True,v0.1
AVL_7E83C1299483,TRK_8F9222BACB92,LOC_BD15AF538A86,07:00,6830.0,220.0,20:00,True,v0.1
AVL_9A745CC4D14F,TRK_8F9222BACB92,LOC_BD15AF538A86,09:30,10640.0,250.0,20:00,True,v0.1
AVL_E03A72E1F12D,TRK_FC6C36FEB94C,LOC_61BECDCA1350,10:00,1610.0,70.0,23:00,True,v0.1
AVL_7B03B544D2F1,TRK_FC6C36FEB94C,LOC_61BECDCA1350,11:45,2940.0,50.0,23:00,True,v0.1
AVL_C8ABFCBB5D3A,TRK_FC6C36FEB94C,LOC_61BECDCA1350,11:30,1690.0,90.0,23:00,True,v0.1
AVL_79FF89351814,TRK_3227F80A4573,LOC_AD745A3946E4,04:30,6840.0,190.0,18:00,True,v0.1
AVL_E63C2D32A050,TRK_3227F80A4573,LOC_AD745A3946E4,06:30,5760.0,200.0,18:00,True,v0.1
AVL_7F64BCA3E4B6,TRK_3227F80A4573,LOC_AD745A3946E4,07:15,4570.0,220.0,18:00,True,v0.1
AVL_564CB951906F,TRK_359EE0514DFA,LOC_8DBB3FA667B3,08:15,8800.0,250.0,17:00,True,v0.1
AVL_B4F2A4E4301A,TRK_CF567CF238B0,LOC_BD15AF538A86,06:30,3290.0,80.0,18:00,True,v0.1
AVL_4EBE97F89B6F,TRK_CF567CF238B0,LOC_BD15AF538A86,06:45,7410.0,110.0,18:00,True,v0.1
AVL_2B7B7B3C7DA9,TRK_022C5F1C896D,LOC_41413C4D1A63,09:00,3200.0,80.0,16:00,True,v0.1
AVL_6B8915F7C0FB,TRK_A2E05BF196F5,LOC_B56ABDBA32E2,09:00,2690.0,250.0,12:00,True,v0.1
AVL_D1BED2A6A6C0,TRK_1337427BFA57,LOC_E96863625035,05:45,6620.0,180.0,14:00,True,v0.1
AVL_C9A849B602D5,TRK_1337427BFA57,LOC_E96863625035,05:00,2620.0,130.0,14:00,True,v0.1
AVL_87BED3211500,TRK_1337427BFA57,LOC_E96863625035,05:15,7400.0,180.0,14:00,True,v0.1
AVL_D4E99CF5A250,TRK_4B9B485B6A6B,LOC_36B5B5F31C8D,13:00,5610.0,70.0,23:00,True,v0.1
AVL_70FB5CAD2114,TRK_3F72A9A287A1,LOC_2ADFB4EFDB06,08:00,1010.0,50.0,21:00,True,v0.1
AVL_5CC6DB760B02,TRK_3F72A9A287A1,LOC_2ADFB4EFDB06,07:00,2350.0,50.0,21:00,True,v0.1
AVL_33E453C4DD03,TRK_3F72A9A287A1,LOC_2ADFB4EFDB06,07:00,1860.0,70.0,21:00,True,v0.1
AVL_0CDFBBD12363,TRK_7927A913B51F,LOC_EC1D3E4138DF,07:45,780.0,40.0,16:00,True,v0.1
AVL_D19E9D093D8C,TRK_7927A913B51F,LOC_EC1D3E4138DF,08:15,950.0,70.0,16:00,True,v0.1
AVL_57F6C70B895B,TRK_8DC7FD5FF93A,LOC_5242BE7C01CE,08:15,9730.0,210.0,16:00,True,v0.1
AVL_ADFE3E9B113F,TRK_934DD3D5A916,LOC_B0D713DFA81B,04:00,1530.0,90.0,14:00,True,v0.1
AVL_C1D409531924,TRK_934DD3D5A916,LOC_B0D713DFA81B,07:15,1380.0,100.0,14:00,True,v0.1
AVL_509E41526C9C,TRK_06A40E83B39B,LOC_1FB47BF8FFEB,10:15,3140.0,70.0,19:00,True,v0.1
AVL_0B5384A44A4F,TRK_06A40E83B39B,LOC_1FB47BF8FFEB,05:00,3600.0,70.0,19:00,True,v0.1
AVL_461DECEEE365,TRK_06A40E83B39B,LOC_1FB47BF8FFEB,07:45,6090.0,80.0,19:00,True,v0.1
AVL_9547478FA5E5,TRK_F8096EB4BC10,LOC_1FB47BF8FFEB,10:30,5010.0,120.0,14:00,True,v0.1
AVL_5AD3D5C2070B,TRK_E41470A1730E,LOC_E96863625035,12:30,5110.0,170.0,21:00,True,v0.1
AVL_5D7B6D44774D,TRK_E41470A1730E,LOC_E96863625035,09:30,4260.0,220.0,21:00,True,v0.1
AVL_BFEDE9E710A7,TRK_E41470A1730E,LOC_E96863625035,10:00,12060.0,250.0,21:00,True,v0.1
AVL_3C4CF082FB52,TRK_F979E9350BBA,LOC_B890897F9CCC,08:15,1530.0,170.0,16:00,True,v0.1
AVL_092D0D985712,TRK_F979E9350BBA,LOC_B890897F9CCC,13:30,690.0,180.0,16:00,True,v0.1
AVL_33FFC909F616,TRK_F979E9350BBA,LOC_B890897F9CCC,12:30,2120.0,130.0,16:00,True,v0.1
AVL_CF8095DEDAB8,TRK_05D6F43C6DC3,LOC_61BECDCA1350,08:45,5530.0,150.0,21:00,True,v0.1
AVL_F46BD1538164,TRK_05D6F43C6DC3,LOC_61BECDCA1350,10:15,3320.0,150.0,21:00,True,v0.1
AVL_CDCFC45AFD30,TRK_493D005A7980,LOC_36B5B5F31C8D,09:00,7540.0,140.0,18:00,True,v0.1
AVL_FDA3CD6C1C3B,TRK_493D005A7980,LOC_36B5B5F31C8D,09:00,7040.0,180.0,18:00,True,v0.1
AVL_FA2B47C6AA6C,TRK_D4EF39187FEC,LOC_0D7AAF851D69,07:15,660.0,110.0,12:00,True,v0.1
AVL_41DA8395B34F,TRK_D4EF39187FEC,LOC_0D7AAF851D69,05:15,1180.0,90.0,12:00,True,v0.1
AVL_7E94AE813A5E,TRK_2B5EA08DA126,LOC_E96863625035,11:15,1210.0,60.0,23:00,True,v0.1
AVL_01D024AAE32B,TRK_FEAB1B854A38,LOC_BF1D141289ED,11:15,530.0,40.0,17:00,True,v0.1
AVL_F036A913A046,TRK_1E5DF0505AC7,LOC_B26FC239E19A,10:45,940.0,60.0,19:00,True,v0.1
AVL_E623CBFCBB00,TRK_6400716958F2,LOC_AFF866260256,13:00,3690.0,60.0,19:00,True,v0.1
AVL_FCB0755E75A2,TRK_9CD1085BF3B6,LOC_C58F1767A842,07:45,1820.0,90.0,15:00,True,v0.1
AVL_1343FCAA39FE,TRK_9CD1085BF3B6,LOC_C58F1767A842,09:15,1160.0,80.0,15:00,True,v0.1
AVL_DCB9EDA7121B,TRK_842D441F507B,LOC_27273A6A3299,12:45,460.0,50.0,15:00,True,v0.1
AVL_6AF2ECF5B61E,TRK_842D441F507B,LOC_27273A6A3299,07:45,420.0,60.0,15:00,True,v0.1
AVL_2971123A1E6F,TRK_842D441F507B,LOC_27273A6A3299,08:30,280.0,40.0,15:00,True,v0.1
AVL_6DB6D42C78BC,TRK_280027138249,LOC_B39E76DCD93F,09:15,1810.0,150.0,19:00,True,v0.1
AVL_41B15FD966F7,TRK_08FFF18507A4,LOC_E9EE964E8CFE,07:30,2030.0,60.0,18:00,True,v0.1
AVL_17A2CC8632EB,TRK_08FFF18507A4,LOC_E9EE964E8CFE,12:45,2820.0,80.0,18:00,True,v0.1
