instance_id,problem_type,size_band,n_nodes,n_vehicles,algorithm,objective,distance_km,time_min,toll_inr,fuel_inr,empty_km,feasible,violations,runtime_ms,is_exact,cost_snapshot_id,seed
INS_E59CC69A5F72,CIRCULAR_VRP,large,5,3,brute_force_exact,1202.0856,611.017,798.22,513.5,11242.72,223.487,False,route_0_over_capacity,0.084,True,CST_48011250D4FB,42
INS_E59CC69A5F72,CIRCULAR_VRP,large,5,3,nearest_neighbour,1117.2392,656.548,862.29,501.51,12080.48,33.729,False,route_0_over_capacity,0.031,False,CST_48011250D4FB,42
INS_E59CC69A5F72,CIRCULAR_VRP,large,5,3,nearest_neighbour+2opt,1202.0856,611.017,798.22,513.5,11242.72,223.487,False,route_0_over_capacity,0.091,False,CST_48011250D4FB,42
INS_E59CC69A5F72,CIRCULAR_VRP,large,5,3,simulated_annealing,1202.0856,611.017,798.22,513.5,11242.72,223.487,False,route_0_over_capacity,614.15,False,CST_48011250D4FB,42
INS_E59CC69A5F72,CIRCULAR_VRP,large,5,3,ortools_path_cheapest_arc,1440.5759,696.428,910.58,501.58,12814.28,338.697,True,,5095.679,False,CST_48011250D4FB,42
INS_E59CC69A5F72,CIRCULAR_VRP,large,5,3,ortools_savings,0.0,0.0,0.0,0.0,0.0,0.0,False,unserved_customers:4,3.434,False,CST_48011250D4FB,42
INS_EA3E01AFCC64,CIRCULAR_VRP,large,24,22,nearest_neighbour,5939.5755,3578.414,4670.51,4904.87,65842.82,18.9,False,route_0_over_capacity;route_0_node_22_late;route_0_node_6_late;route_0_node_13_late;route_0_node_16_late;route_0_node_21_late;route_0_node_4_late;route_0_node_10_late;route_0_node_2_late;route_0_node_17_late;route_0_node_18_late;route_0_node_20_late;route_0_node_15_late;route_0_node_3_late;route_0_node_1_late;route_0_node_7_late;route_0_node_8_late;route_0_node_11_late;route_0_node_12_late,0.099,False,CST_48011250D4FB,42
INS_EA3E01AFCC64,CIRCULAR_VRP,large,24,22,nearest_neighbour+2opt,5110.0194,3075.691,4011.82,4525.14,56592.71,18.9,False,route_0_over_capacity;route_0_node_10_late;route_0_node_2_late;route_0_node_17_late;route_0_node_18_late;route_0_node_4_late;route_0_node_21_late;route_0_node_16_late;route_0_node_13_late;route_0_node_3_late;route_0_node_1_late;route_0_node_12_late;route_0_node_11_late;route_0_node_8_late;route_0_node_7_late;route_0_node_15_late;route_0_node_9_late;route_0_node_22_late;route_0_node_19_late;route_0_node_23_late,6.26,False,CST_48011250D4FB,42
INS_EA3E01AFCC64,CIRCULAR_VRP,large,24,22,simulated_annealing,5083.3358,3039.669,3974.36,4503.81,55929.91,53.468,False,route_0_over_capacity;route_0_node_3_late;route_0_node_1_late;route_0_node_11_late;route_0_node_8_late;route_0_node_12_late;route_0_node_7_late;route_0_node_15_late;route_0_node_19_late;route_0_node_23_late;route_0_node_6_late;route_0_node_20_late;route_0_node_10_late;route_0_node_17_late;route_0_node_2_late;route_0_node_18_late;route_0_node_4_late;route_0_node_21_late;route_0_node_16_late;route_0_node_13_late;route_0_node_14_late;route_0_node_5_late,908.315,False,CST_48011250D4FB,42
INS_EA3E01AFCC64,CIRCULAR_VRP,large,24,22,ortools_path_cheapest_arc,0.0,0.0,0.0,0.0,0.0,0.0,False,unserved_customers:23,5012.513,False,CST_48011250D4FB,42
INS_EA3E01AFCC64,CIRCULAR_VRP,large,24,22,ortools_savings,0.0,0.0,0.0,0.0,0.0,0.0,False,unserved_customers:23,15.102,False,CST_48011250D4FB,42
INS_913CEEC6A6E9,CIRCULAR_VRP,large,24,22,nearest_neighbour,5939.5755,3578.414,4670.51,4904.87,65842.82,18.9,False,route_0_over_capacity,0.156,False,CST_48011250D4FB,42
INS_913CEEC6A6E9,CIRCULAR_VRP,large,24,22,nearest_neighbour+2opt,5110.0194,3075.691,4011.82,4525.14,56592.71,18.9,False,route_0_over_capacity,13.995,False,CST_48011250D4FB,42
INS_913CEEC6A6E9,CIRCULAR_VRP,large,24,22,simulated_annealing,5085.2512,3058.534,3998.47,4526.68,56277.03,18.9,False,route_0_over_capacity,1108.503,False,CST_48011250D4FB,42
INS_913CEEC6A6E9,CIRCULAR_VRP,large,24,22,ortools_path_cheapest_arc,0.0,0.0,0.0,0.0,0.0,0.0,False,unserved_customers:23,5001.686,False,CST_48011250D4FB,42
INS_913CEEC6A6E9,CIRCULAR_VRP,large,24,22,ortools_savings,0.0,0.0,0.0,0.0,0.0,0.0,False,unserved_customers:23,14.665,False,CST_48011250D4FB,42
INS_93C046D530B7,CIRCULAR_VRP,large,9,9,brute_force_exact,1773.9177,1054.004,1376.63,910.27,19393.68,36.488,False,route_0_over_capacity,206.378,True,CST_48011250D4FB,42
INS_93C046D530B7,CIRCULAR_VRP,large,9,9,nearest_neighbour,2138.729,1275.231,1665.15,1109.13,23464.23,36.488,False,route_0_over_capacity,0.037,False,CST_48011250D4FB,42
INS_93C046D530B7,CIRCULAR_VRP,large,9,9,nearest_neighbour+2opt,1777.9027,1056.909,1378.57,894.52,19447.14,36.488,False,route_0_over_capacity,0.664,False,CST_48011250D4FB,42
INS_93C046D530B7,CIRCULAR_VRP,large,9,9,simulated_annealing,1773.9177,1054.004,1376.63,910.27,19393.68,36.488,False,route_0_over_capacity,1055.908,False,CST_48011250D4FB,42
INS_93C046D530B7,CIRCULAR_VRP,large,9,9,ortools_path_cheapest_arc,0.0,0.0,0.0,0.0,0.0,0.0,False,unserved_customers:8,5002.312,False,CST_48011250D4FB,42
INS_93C046D530B7,CIRCULAR_VRP,large,9,9,ortools_savings,0.0,0.0,0.0,0.0,0.0,0.0,False,unserved_customers:8,3.765,False,CST_48011250D4FB,42
INS_FE5550B9E753,CIRCULAR_VRP,large,24,22,nearest_neighbour,5939.5755,3578.414,4670.51,4904.87,65842.82,18.9,False,route_0_over_capacity;route_0_node_8_late;route_0_node_9_late;route_0_node_17_late;route_0_node_20_late;route_0_node_14_late;route_0_node_18_late;route_0_node_5_late;route_0_node_2_late;route_0_node_3_late;route_0_node_19_late;route_0_node_12_late;route_0_node_22_late;route_0_node_6_late;route_0_node_1_late;route_0_node_4_late;route_0_node_11_late;route_0_node_13_late;route_0_node_10_late,0.1,False,CST_48011250D4FB,42
INS_FE5550B9E753,CIRCULAR_VRP,large,24,22,nearest_neighbour+2opt,5110.0194,3075.691,4011.82,4525.14,56592.71,18.9,False,route_0_over_capacity;route_0_node_5_late;route_0_node_2_late;route_0_node_3_late;route_0_node_19_late;route_0_node_18_late;route_0_node_14_late;route_0_node_20_late;route_0_node_17_late;route_0_node_6_late;route_0_node_1_late;route_0_node_10_late;route_0_node_13_late;route_0_node_11_late;route_0_node_4_late;route_0_node_22_late;route_0_node_15_late;route_0_node_8_late;route_0_node_21_late;route_0_node_7_late,6.249,False,CST_48011250D4FB,42
INS_FE5550B9E753,CIRCULAR_VRP,large,24,22,simulated_annealing,5083.3326,3039.669,3974.36,4503.81,55929.91,53.468,False,route_0_over_capacity;route_0_node_6_late;route_0_node_1_late;route_0_node_10_late;route_0_node_13_late;route_0_node_11_late;route_0_node_4_late;route_0_node_22_late;route_0_node_21_late;route_0_node_7_late;route_0_node_9_late;route_0_node_12_late;route_0_node_5_late;route_0_node_3_late;route_0_node_2_late;route_0_node_19_late;route_0_node_18_late;route_0_node_14_late;route_0_node_20_late;route_0_node_17_late;route_0_node_23_late;route_0_node_16_late,848.55,False,CST_48011250D4FB,42
INS_FE5550B9E753,CIRCULAR_VRP,large,24,22,ortools_path_cheapest_arc,0.0,0.0,0.0,0.0,0.0,0.0,False,unserved_customers:23,5004.041,False,CST_48011250D4FB,42
INS_FE5550B9E753,CIRCULAR_VRP,large,24,22,ortools_savings,0.0,0.0,0.0,0.0,0.0,0.0,False,unserved_customers:23,33.62,False,CST_48011250D4FB,42
INS_D9558DBC8A3F,CIRCULAR_VRP,medium,22,6,nearest_neighbour,4575.1774,2755.156,3593.86,3879.97,50694.85,16.398,False,route_0_over_capacity;route_0_node_17_late;route_0_node_19_late;route_0_node_12_late;route_0_node_20_late;route_0_node_18_late;route_0_node_2_late;route_0_node_16_late;route_0_node_10_late;route_0_node_13_late;route_0_node_6_late,0.141,False,CST_48011250D4FB,42
INS_D9558DBC8A3F,CIRCULAR_VRP,medium,22,6,nearest_neighbour+2opt,4434.2859,2669.236,3482.01,3871.53,49113.91,16.398,False,route_0_over_capacity;route_0_node_17_late;route_0_node_20_late;route_0_node_12_late;route_0_node_19_late;route_0_node_18_late;route_0_node_16_late;route_0_node_10_late;route_0_node_13_late;route_0_node_6_late;route_0_node_2_late,4.965,False,CST_48011250D4FB,42
INS_D9558DBC8A3F,CIRCULAR_VRP,medium,22,6,simulated_annealing,4930.0889,2618.087,3415.29,3829.67,48172.77,699.071,False,route_0_over_capacity;route_0_node_18_late;route_0_node_13_late;route_0_node_6_late;route_0_node_2_late;route_0_node_21_late;route_0_node_9_late;route_0_node_7_late;route_0_node_8_late;route_0_node_15_late;route_0_node_5_late;route_0_node_17_late;route_0_node_20_late;route_0_node_11_late;route_0_node_4_late;route_0_node_3_late;route_0_node_12_late;route_0_node_19_late;route_0_node_1_late;route_0_node_14_late,709.017,False,CST_48011250D4FB,42
INS_D9558DBC8A3F,CIRCULAR_VRP,medium,22,6,ortools_path_cheapest_arc,0.0,0.0,0.0,0.0,0.0,0.0,False,unserved_customers:21,5002.581,False,CST_48011250D4FB,42
INS_D9558DBC8A3F,CIRCULAR_VRP,medium,22,6,ortools_savings,0.0,0.0,0.0,0.0,0.0,0.0,False,unserved_customers:21,6.617,False,CST_48011250D4FB,42
INS_01F76441950A,CIRCULAR_VRP,medium,17,7,nearest_neighbour,1849.2634,1107.48,1445.39,969.74,20377.63,22.618,False,route_0_over_capacity,0.091,False,CST_48011250D4FB,42
INS_01F76441950A,CIRCULAR_VRP,medium,17,7,nearest_neighbour+2opt,1706.7326,1012.528,1322.79,835.75,18630.52,39.02,False,route_0_over_capacity,3.115,False,CST_48011250D4FB,42
INS_01F76441950A,CIRCULAR_VRP,medium,17,7,simulated_annealing,1703.8321,1012.528,1321.15,835.75,18630.52,36.275,False,route_0_over_capacity,627.151,False,CST_48011250D4FB,42
INS_01F76441950A,CIRCULAR_VRP,medium,17,7,ortools_path_cheapest_arc,3298.7801,1625.84,2123.54,1567.42,29915.47,719.746,True,,5001.748,False,CST_48011250D4FB,42
INS_01F76441950A,CIRCULAR_VRP,medium,17,7,ortools_savings,0.0,0.0,0.0,0.0,0.0,0.0,False,unserved_customers:16,3.871,False,CST_48011250D4FB,42
INS_5A1487282EBD,CIRCULAR_VRP,medium,22,7,nearest_neighbour,3054.7906,1834.773,2397.12,2083.54,33759.85,23.204,False,route_0_over_capacity;route_0_node_11_late;route_0_node_3_late;route_0_node_21_late;route_0_node_19_late;route_0_node_20_late;route_0_node_10_late;route_0_node_4_late;route_0_node_16_late,0.112,False,CST_48011250D4FB,42
INS_5A1487282EBD,CIRCULAR_VRP,medium,22,7,nearest_neighbour+2opt,3054.7906,1834.773,2397.12,2083.54,33759.85,23.204,False,route_0_over_capacity;route_0_node_11_late;route_0_node_3_late;route_0_node_21_late;route_0_node_19_late;route_0_node_20_late;route_0_node_10_late;route_0_node_4_late;route_0_node_16_late,1.78,False,CST_48011250D4FB,42
INS_5A1487282EBD,CIRCULAR_VRP,medium,22,7,simulated_annealing,2950.8889,1771.158,2311.96,2006.5,32589.27,25.599,False,route_0_over_capacity;route_0_node_3_late;route_0_node_11_late;route_0_node_1_late;route_0_node_18_late;route_0_node_19_late;route_0_node_16_late;route_0_node_4_late;route_0_node_10_late;route_0_node_20_late;route_0_node_9_late;route_0_node_13_late;route_0_node_7_late;route_0_node_12_late;route_0_node_6_late;route_0_node_21_late;route_0_node_15_late;route_0_node_2_late,738.027,False,CST_48011250D4FB,42
INS_5A1487282EBD,CIRCULAR_VRP,medium,22,7,ortools_path_cheapest_arc,0.0,0.0,0.0,0.0,0.0,0.0,False,unserved_customers:21,5001.822,False,CST_48011250D4FB,42
INS_5A1487282EBD,CIRCULAR_VRP,medium,22,7,ortools_savings,0.0,0.0,0.0,0.0,0.0,0.0,False,unserved_customers:21,8.784,False,CST_48011250D4FB,42
INS_86F73EF47470,CIRCULAR_VRP,medium,21,8,nearest_neighbour,5038.5102,3036.191,3960.58,4406.3,55865.92,12.059,False,route_0_over_capacity;route_0_node_5_late;route_0_node_20_late;route_0_node_11_late;route_0_node_18_late;route_0_node_3_late;route_0_node_15_late;route_0_node_9_late;route_0_node_14_late,0.101,False,CST_48011250D4FB,42
INS_86F73EF47470,CIRCULAR_VRP,medium,21,8,nearest_neighbour+2opt,5367.9707,2957.504,3859.07,4409.65,54418.07,551.018,False,route_0_over_capacity;route_0_node_15_late;route_0_node_3_late;route_0_node_14_late;route_0_node_19_late;route_0_node_1_late;route_0_node_11_late;route_0_node_18_late;route_0_node_12_late;route_0_node_4_late;route_0_node_8_late;route_0_node_10_late;route_0_node_17_late;route_0_node_16_late;route_0_node_13_late;route_0_node_7_late;route_0_node_20_late;route_0_node_6_late;route_0_node_5_late;route_0_node_2_late,4.434,False,CST_48011250D4FB,42
INS_86F73EF47470,CIRCULAR_VRP,medium,21,8,simulated_annealing,5365.1371,2955.88,3856.53,4410.07,54388.19,551.018,False,route_0_over_capacity;route_0_node_15_late;route_0_node_3_late;route_0_node_14_late;route_0_node_19_late;route_0_node_18_late;route_0_node_11_late;route_0_node_1_late;route_0_node_12_late;route_0_node_4_late;route_0_node_8_late;route_0_node_10_late;route_0_node_17_late;route_0_node_2_late;route_0_node_16_late;route_0_node_13_late;route_0_node_7_late;route_0_node_6_late;route_0_node_5_late;route_0_node_20_late,681.67,False,CST_48011250D4FB,42
INS_86F73EF47470,CIRCULAR_VRP,medium,21,8,ortools_path_cheapest_arc,0.0,0.0,0.0,0.0,0.0,0.0,False,unserved_customers:20,5001.995,False,CST_48011250D4FB,42
INS_86F73EF47470,CIRCULAR_VRP,medium,21,8,ortools_savings,0.0,0.0,0.0,0.0,0.0,0.0,False,unserved_customers:20,11.005,False,CST_48011250D4FB,42
INS_760096177CF8,CIRCULAR_VRP,medium,24,9,nearest_neighbour,1734.2882,1046.348,1365.9,906.32,19252.76,6.519,False,route_0_over_capacity;route_0_node_11_late;route_0_node_6_late;route_0_node_2_late;route_0_node_9_late;route_0_node_10_late;route_0_node_16_late;route_0_node_14_late;route_0_node_7_late;route_0_node_5_late,0.205,False,CST_48011250D4FB,42
INS_760096177CF8,CIRCULAR_VRP,medium,24,9,nearest_neighbour+2opt,1708.9591,1030.509,1346.23,935.88,18961.37,6.519,False,route_0_over_capacity;route_0_node_11_late;route_0_node_6_late;route_0_node_2_late;route_0_node_9_late;route_0_node_10_late;route_0_node_16_late;route_0_node_5_late;route_0_node_7_late;route_0_node_14_late,8.387,False,CST_48011250D4FB,42
INS_760096177CF8,CIRCULAR_VRP,medium,24,9,simulated_annealing,1707.4315,1029.6,1345.15,936.76,18944.65,6.519,False,route_0_over_capacity;route_0_node_11_late;route_0_node_6_late;route_0_node_2_late;route_0_node_16_late;route_0_node_9_late;route_0_node_10_late;route_0_node_5_late;route_0_node_7_late;route_0_node_14_late,725.297,False,CST_48011250D4FB,42
INS_760096177CF8,CIRCULAR_VRP,medium,24,9,ortools_path_cheapest_arc,4956.9243,2399.853,3130.45,2268.76,44157.3,1168.813,True,,5003.928,False,CST_48011250D4FB,42
INS_760096177CF8,CIRCULAR_VRP,medium,24,9,ortools_savings,0.0,0.0,0.0,0.0,0.0,0.0,False,unserved_customers:23,10.154,False,CST_48011250D4FB,42
INS_7C1132E71E6D,CIRCULAR_VRP,medium,24,13,nearest_neighbour,6160.0381,3713.126,4843.8,5266.07,68321.52,14.752,False,route_0_over_capacity,0.125,False,CST_48011250D4FB,42
INS_7C1132E71E6D,CIRCULAR_VRP,medium,24,13,nearest_neighbour+2opt,5815.6089,3464.196,4520.76,4897.24,63741.19,93.774,False,route_0_over_capacity,8.379,False,CST_48011250D4FB,42
INS_7C1132E71E6D,CIRCULAR_VRP,medium,24,13,simulated_annealing,5744.7604,3462.267,4516.99,4887.7,63705.7,14.752,False,route_0_over_capacity,711.679,False,CST_48011250D4FB,42
INS_7C1132E71E6D,CIRCULAR_VRP,medium,24,13,ortools_path_cheapest_arc,21755.0763,10739.759,14012.49,13256.56,197611.51,4704.654,True,,5002.823,False,CST_48011250D4FB,42
INS_7C1132E71E6D,CIRCULAR_VRP,medium,24,13,ortools_savings,0.0,0.0,0.0,0.0,0.0,0.0,False,unserved_customers:23,9.912,False,CST_48011250D4FB,42
INS_71C1F0B3DFAA,CIRCULAR_VRP,quantum,7,1,brute_force_exact,183.9262,100.305,135.34,43.18,1845.62,16.418,True,,2.166,True,CST_48011250D4FB,42
INS_71C1F0B3DFAA,CIRCULAR_VRP,quantum,7,1,nearest_neighbour,187.9343,107.269,140.2,37.86,1973.76,9.662,False,route_0_node_1_late,0.022,False,CST_48011250D4FB,42
INS_71C1F0B3DFAA,CIRCULAR_VRP,quantum,7,1,nearest_neighbour+2opt,187.9343,107.269,140.2,37.86,1973.76,9.662,False,route_0_node_1_late,0.084,False,CST_48011250D4FB,42
INS_71C1F0B3DFAA,CIRCULAR_VRP,quantum,7,1,simulated_annealing,183.9262,100.305,135.34,43.18,1845.62,16.418,True,,600.538,False,CST_48011250D4FB,42
INS_71C1F0B3DFAA,CIRCULAR_VRP,quantum,7,1,ortools_path_cheapest_arc,323.7938,186.086,242.85,82.53,3424.0,16.418,True,,5001.583,False,CST_48011250D4FB,42
INS_71C1F0B3DFAA,CIRCULAR_VRP,quantum,7,1,ortools_savings,0.0,0.0,0.0,0.0,0.0,0.0,False,unserved_customers:6,103.892,False,CST_48011250D4FB,42
INS_12CACFD64B20,CIRCULAR_VRP,quantum,5,1,brute_force_exact,189.9821,96.158,125.44,35.08,1769.31,33.341,True,,0.086,True,CST_48011250D4FB,42
INS_12CACFD64B20,CIRCULAR_VRP,quantum,5,1,nearest_neighbour,199.2489,106.023,138.37,21.97,1950.84,24.949,True,,0.017,False,CST_48011250D4FB,42
INS_12CACFD64B20,CIRCULAR_VRP,quantum,5,1,nearest_neighbour+2opt,189.9821,96.158,125.44,35.08,1769.31,33.341,True,,0.061,False,CST_48011250D4FB,42
INS_12CACFD64B20,CIRCULAR_VRP,quantum,5,1,simulated_annealing,189.9821,96.158,125.44,35.08,1769.31,33.341,True,,579.038,False,CST_48011250D4FB,42
INS_12CACFD64B20,CIRCULAR_VRP,quantum,5,1,ortools_path_cheapest_arc,189.9821,96.158,125.44,35.08,1769.31,33.341,True,,5001.683,False,CST_48011250D4FB,42
INS_12CACFD64B20,CIRCULAR_VRP,quantum,5,1,ortools_savings,189.9821,96.158,125.44,35.08,1769.31,33.341,True,,5002.08,False,CST_48011250D4FB,42
INS_BE56F97489A1,CIRCULAR_VRP,quantum,7,1,brute_force_exact,1656.4315,934.877,1219.42,850.14,17201.74,130.029,False,route_0_over_capacity,2.16,True,CST_48011250D4FB,42
INS_BE56F97489A1,CIRCULAR_VRP,quantum,7,1,nearest_neighbour,1688.7317,1002.849,1308.07,869.62,18452.43,36.488,False,route_0_over_capacity,0.02,False,CST_48011250D4FB,42
INS_BE56F97489A1,CIRCULAR_VRP,quantum,7,1,nearest_neighbour+2opt,1656.4315,934.877,1219.42,850.14,17201.74,130.029,False,route_0_over_capacity,0.181,False,CST_48011250D4FB,42
INS_BE56F97489A1,CIRCULAR_VRP,quantum,7,1,simulated_annealing,1656.4315,934.877,1219.42,850.14,17201.74,130.029,False,route_0_over_capacity,597.3,False,CST_48011250D4FB,42
INS_BE56F97489A1,CIRCULAR_VRP,quantum,7,1,ortools_path_cheapest_arc,0.0,0.0,0.0,0.0,0.0,0.0,False,unserved_customers:6,1.963,False,CST_48011250D4FB,42
INS_BE56F97489A1,CIRCULAR_VRP,quantum,7,1,ortools_savings,0.0,0.0,0.0,0.0,0.0,0.0,False,unserved_customers:6,1.283,False,CST_48011250D4FB,42
INS_E730F355EDB4,CIRCULAR_VRP,quantum,5,1,brute_force_exact,225.6265,125.725,164.51,36.02,2313.34,16.689,True,,0.083,True,CST_48011250D4FB,42
INS_E730F355EDB4,CIRCULAR_VRP,quantum,5,1,nearest_neighbour,267.5435,151.014,198.57,56.25,2778.66,16.689,True,,0.016,False,CST_48011250D4FB,42
INS_E730F355EDB4,CIRCULAR_VRP,quantum,5,1,nearest_neighbour+2opt,238.3653,126.025,165.29,36.02,2318.86,30.59,True,,0.072,False,CST_48011250D4FB,42
INS_E730F355EDB4,CIRCULAR_VRP,quantum,5,1,simulated_annealing,225.6265,125.725,164.51,36.02,2313.34,16.689,True,,566.283,False,CST_48011250D4FB,42
INS_E730F355EDB4,CIRCULAR_VRP,quantum,5,1,ortools_path_cheapest_arc,225.6265,125.725,164.51,36.02,2313.34,16.689,True,,5001.311,False,CST_48011250D4FB,42
INS_E730F355EDB4,CIRCULAR_VRP,quantum,5,1,ortools_savings,225.6265,125.725,164.51,36.02,2313.34,16.689,True,,5001.059,False,CST_48011250D4FB,42
INS_D40F950C3883,CIRCULAR_VRP,quantum,6,1,brute_force_exact,1656.3613,981.899,1280.75,1473.83,18066.95,32.229,True,,0.359,True,CST_48011250D4FB,42
INS_D40F950C3883,CIRCULAR_VRP,quantum,6,1,nearest_neighbour,1643.2926,982.694,1281.79,1474.21,18081.58,15.145,True,,0.019,False,CST_48011250D4FB,42
INS_D40F950C3883,CIRCULAR_VRP,quantum,6,1,nearest_neighbour+2opt,1644.3081,982.199,1281.15,1473.83,18072.47,17.616,True,,0.095,False,CST_48011250D4FB,42
INS_D40F950C3883,CIRCULAR_VRP,quantum,6,1,simulated_annealing,1656.3613,981.899,1280.75,1473.83,18066.95,32.229,True,,570.08,False,CST_48011250D4FB,42
INS_D40F950C3883,CIRCULAR_VRP,quantum,6,1,ortools_path_cheapest_arc,1656.3613,981.899,1280.75,1473.83,18066.95,32.229,True,,5001.294,False,CST_48011250D4FB,42
INS_D40F950C3883,CIRCULAR_VRP,quantum,6,1,ortools_savings,2005.4406,981.899,1280.75,1473.83,18066.95,443.038,True,,5001.444,False,CST_48011250D4FB,42
INS_15073BF69E35,CIRCULAR_VRP,quantum,7,1,brute_force_exact,234.5358,134.774,176.89,61.31,2479.85,10.801,True,,2.596,True,CST_48011250D4FB,42
INS_15073BF69E35,CIRCULAR_VRP,quantum,7,1,nearest_neighbour,273.847,158.755,207.09,82.7,2921.09,10.801,True,,0.018,False,CST_48011250D4FB,42
INS_15073BF69E35,CIRCULAR_VRP,quantum,7,1,nearest_neighbour+2opt,289.1602,156.804,206.94,83.64,2885.2,31.776,True,,0.117,False,CST_48011250D4FB,42
INS_15073BF69E35,CIRCULAR_VRP,quantum,7,1,simulated_annealing,234.5358,134.774,176.89,61.31,2479.85,10.801,True,,584.872,False,CST_48011250D4FB,42
INS_15073BF69E35,CIRCULAR_VRP,quantum,7,1,ortools_path_cheapest_arc,255.1104,134.774,177.84,61.31,2479.85,34.614,True,,5001.587,False,CST_48011250D4FB,42
INS_15073BF69E35,CIRCULAR_VRP,quantum,7,1,ortools_savings,234.5358,134.774,176.89,61.31,2479.85,10.801,True,,5001.423,False,CST_48011250D4FB,42
INS_ECA4CE523A76,CIRCULAR_VRP,small,9,6,brute_force_exact,4370.1969,2638.039,3441.69,3764.6,48539.89,0.15,False,route_0_over_capacity,138.44,True,CST_48011250D4FB,42
INS_ECA4CE523A76,CIRCULAR_VRP,small,9,6,nearest_neighbour,4529.1252,2735.115,3568.24,3751.0,50326.11,0.15,False,route_0_over_capacity,0.022,False,CST_48011250D4FB,42
INS_ECA4CE523A76,CIRCULAR_VRP,small,9,6,nearest_neighbour+2opt,5249.3968,2650.149,3456.77,3779.91,48762.7,1011.292,False,route_0_over_capacity,0.221,False,CST_48011250D4FB,42
INS_ECA4CE523A76,CIRCULAR_VRP,small,9,6,simulated_annealing,4370.1969,2638.039,3441.69,3764.6,48539.89,0.15,False,route_0_over_capacity,644.25,False,CST_48011250D4FB,42
INS_ECA4CE523A76,CIRCULAR_VRP,small,9,6,ortools_path_cheapest_arc,6300.8428,3057.79,3989.19,4138.57,56263.29,1456.722,True,,5001.832,False,CST_48011250D4FB,42
INS_ECA4CE523A76,CIRCULAR_VRP,small,9,6,ortools_savings,0.0,0.0,0.0,0.0,0.0,0.0,False,unserved_customers:8,2.607,False,CST_48011250D4FB,42
INS_9306520F5D55,CIRCULAR_VRP,small,14,12,nearest_neighbour,4631.5825,2788.205,3636.77,3820.03,51302.98,18.9,False,route_0_over_capacity;route_0_node_3_late;route_0_node_1_late;route_0_node_7_late;route_0_node_9_late;route_0_node_11_late;route_0_node_2_late;route_0_node_8_late;route_0_node_10_late,0.116,False,CST_48011250D4FB,42
INS_9306520F5D55,CIRCULAR_VRP,small,14,12,nearest_neighbour+2opt,4221.1858,2539.144,3311.92,3638.13,46720.24,18.9,False,route_0_over_capacity;route_0_node_9_late;route_0_node_11_late;route_0_node_2_late;route_0_node_10_late;route_0_node_8_late;route_0_node_6_late;route_0_node_5_late,3.478,False,CST_48011250D4FB,42
INS_9306520F5D55,CIRCULAR_VRP,small,14,12,simulated_annealing,4221.1719,2539.144,3311.92,3638.13,46720.24,18.9,False,route_0_over_capacity;route_0_node_9_late;route_0_node_11_late;route_0_node_2_late;route_0_node_8_late;route_0_node_10_late;route_0_node_6_late;route_0_node_5_late,772.431,False,CST_48011250D4FB,42
INS_9306520F5D55,CIRCULAR_VRP,small,14,12,ortools_path_cheapest_arc,0.0,0.0,0.0,0.0,0.0,0.0,False,unserved_customers:13,5002.014,False,CST_48011250D4FB,42
INS_9306520F5D55,CIRCULAR_VRP,small,14,12,ortools_savings,0.0,0.0,0.0,0.0,0.0,0.0,False,unserved_customers:13,12.758,False,CST_48011250D4FB,42
INS_2BE644409134,CIRCULAR_VRP,small,5,3,brute_force_exact,1202.0856,611.017,798.22,513.5,11242.72,223.487,False,route_0_over_capacity;route_0_node_1_late,0.085,True,CST_48011250D4FB,42
INS_2BE644409134,CIRCULAR_VRP,small,5,3,nearest_neighbour,1117.2392,656.548,862.29,501.51,12080.48,33.729,False,route_0_over_capacity;route_0_node_3_late;route_0_node_2_late,0.017,False,CST_48011250D4FB,42
INS_2BE644409134,CIRCULAR_VRP,small,5,3,nearest_neighbour+2opt,1202.0856,611.017,798.22,513.5,11242.72,223.487,False,route_0_over_capacity;route_0_node_1_late,0.06,False,CST_48011250D4FB,42
INS_2BE644409134,CIRCULAR_VRP,small,5,3,simulated_annealing,1202.0856,611.017,798.22,513.5,11242.72,223.487,False,route_0_over_capacity;route_0_node_1_late,581.95,False,CST_48011250D4FB,42
INS_2BE644409134,CIRCULAR_VRP,small,5,3,ortools_path_cheapest_arc,1440.5759,696.428,910.58,501.58,12814.28,338.697,True,,5001.677,False,CST_48011250D4FB,42
INS_2BE644409134,CIRCULAR_VRP,small,5,3,ortools_savings,0.0,0.0,0.0,0.0,0.0,0.0,False,unserved_customers:4,1.491,False,CST_48011250D4FB,42
INS_72AF825EA884,CIRCULAR_VRP,small,9,4,brute_force_exact,5112.1995,2811.945,3667.78,4082.11,51739.78,535.021,False,route_0_over_capacity;route_0_node_6_late;route_0_node_3_late;route_0_node_7_late;route_0_node_5_late;route_0_node_1_late;route_0_node_2_late;route_0_node_8_late,135.03,True,CST_48011250D4FB,42
INS_72AF825EA884,CIRCULAR_VRP,small,9,4,nearest_neighbour,4706.6358,2837.284,3700.83,4136.7,52206.0,8.541,False,route_0_over_capacity;route_0_node_5_late;route_0_node_4_late;route_0_node_6_late,0.022,False,CST_48011250D4FB,42
INS_72AF825EA884,CIRCULAR_VRP,small,9,4,nearest_neighbour+2opt,4666.7537,2813.359,3669.63,4073.05,51765.79,8.541,False,route_0_over_capacity;route_0_node_4_late;route_0_node_6_late;route_0_node_3_late;route_0_node_7_late;route_0_node_5_late,0.381,False,CST_48011250D4FB,42
INS_72AF825EA884,CIRCULAR_VRP,small,9,4,simulated_annealing,5112.1995,2811.945,3667.78,4082.11,51739.78,535.021,False,route_0_over_capacity;route_0_node_6_late;route_0_node_3_late;route_0_node_7_late;route_0_node_5_late;route_0_node_8_late;route_0_node_2_late;route_0_node_1_late,629.418,False,CST_48011250D4FB,42
INS_72AF825EA884,CIRCULAR_VRP,small,9,4,ortools_path_cheapest_arc,0.0,0.0,0.0,0.0,0.0,0.0,False,unserved_customers:8,5001.806,False,CST_48011250D4FB,42
INS_72AF825EA884,CIRCULAR_VRP,small,9,4,ortools_savings,0.0,0.0,0.0,0.0,0.0,0.0,False,unserved_customers:8,1.983,False,CST_48011250D4FB,42
INS_2DB797204DD0,CIRCULAR_VRP,small,12,4,nearest_neighbour,2001.5842,1202.587,1569.04,1333.42,22127.59,13.927,False,route_0_over_capacity;route_0_node_7_late;route_0_node_4_late,0.202,False,CST_48011250D4FB,42
INS_2DB797204DD0,CIRCULAR_VRP,small,12,4,nearest_neighbour+2opt,2059.8232,1178.772,1538.33,1321.39,21689.4,128.603,False,route_0_over_capacity;route_0_node_1_late;route_0_node_8_late;route_0_node_9_late;route_0_node_10_late;route_0_node_11_late;route_0_node_2_late;route_0_node_3_late;route_0_node_5_late;route_0_node_6_late,1.111,False,CST_48011250D4FB,42
INS_2DB797204DD0,CIRCULAR_VRP,small,12,4,simulated_annealing,2059.8232,1178.772,1538.33,1321.39,21689.4,128.603,False,route_0_over_capacity;route_0_node_1_late;route_0_node_11_late;route_0_node_10_late;route_0_node_9_late;route_0_node_8_late;route_0_node_2_late;route_0_node_3_late;route_0_node_5_late;route_0_node_6_late,618.485,False,CST_48011250D4FB,42
INS_2DB797204DD0,CIRCULAR_VRP,small,12,4,ortools_path_cheapest_arc,3158.4615,1535.862,2004.71,1836.88,28259.83,725.186,True,,5002.771,False,CST_48011250D4FB,42
INS_2DB797204DD0,CIRCULAR_VRP,small,12,4,ortools_savings,0.0,0.0,0.0,0.0,0.0,0.0,False,unserved_customers:11,2.787,False,CST_48011250D4FB,42
INS_AF869747CD96,CIRCULAR_VRP,small,14,6,nearest_neighbour,2335.5742,1400.859,1827.2,1608.39,25775.81,21.323,False,route_0_over_capacity;route_0_node_9_late;route_0_node_5_late;route_0_node_10_late;route_0_node_8_late;route_0_node_11_late,0.061,False,CST_48011250D4FB,42
INS_AF869747CD96,CIRCULAR_VRP,small,14,6,nearest_neighbour+2opt,2324.5222,1391.778,1827.6,1565.56,25608.73,21.323,False,route_0_over_capacity;route_0_node_9_late;route_0_node_11_late;route_0_node_8_late;route_0_node_10_late;route_0_node_5_late,1.781,False,CST_48011250D4FB,42
INS_AF869747CD96,CIRCULAR_VRP,small,14,6,simulated_annealing,2324.5222,1391.778,1827.6,1565.56,25608.73,21.323,False,route_0_over_capacity;route_0_node_9_late;route_0_node_11_late;route_0_node_8_late;route_0_node_10_late;route_0_node_5_late,738.018,False,CST_48011250D4FB,42
INS_AF869747CD96,CIRCULAR_VRP,small,14,6,ortools_path_cheapest_arc,0.0,0.0,0.0,0.0,0.0,0.0,False,unserved_customers:13,5001.003,False,CST_48011250D4FB,42
INS_AF869747CD96,CIRCULAR_VRP,small,14,6,ortools_savings,0.0,0.0,0.0,0.0,0.0,0.0,False,unserved_customers:13,3.166,False,CST_48011250D4FB,42
INS_0F2F2FA5AC59,CVRP,large,5,3,brute_force_exact,1202.0856,611.017,798.22,513.5,11242.72,223.487,False,route_0_over_capacity,0.08,True,CST_48011250D4FB,42
INS_0F2F2FA5AC59,CVRP,large,5,3,nearest_neighbour,1117.2392,656.548,862.29,501.51,12080.48,33.729,False,route_0_over_capacity,0.016,False,CST_48011250D4FB,42
INS_0F2F2FA5AC59,CVRP,large,5,3,nearest_neighbour+2opt,1202.0856,611.017,798.22,513.5,11242.72,223.487,False,route_0_over_capacity,0.083,False,CST_48011250D4FB,42
INS_0F2F2FA5AC59,CVRP,large,5,3,simulated_annealing,1202.0856,611.017,798.22,513.5,11242.72,223.487,False,route_0_over_capacity,569.314,False,CST_48011250D4FB,42
INS_0F2F2FA5AC59,CVRP,large,5,3,ortools_path_cheapest_arc,1440.5759,696.428,910.58,501.58,12814.28,338.697,True,,5002.772,False,CST_48011250D4FB,42
INS_0F2F2FA5AC59,CVRP,large,5,3,ortools_savings,0.0,0.0,0.0,0.0,0.0,0.0,False,unserved_customers:4,1.251,False,CST_48011250D4FB,42
INS_600CB4625918,CVRP,large,19,16,nearest_neighbour,5495.1022,3315.493,4326.02,4609.37,61005.06,7.486,False,route_0_over_capacity,0.084,False,CST_48011250D4FB,42
INS_600CB4625918,CVRP,large,19,16,nearest_neighbour+2opt,5028.2871,3032.393,3956.35,4408.08,55796.02,7.486,False,route_0_over_capacity,4.293,False,CST_48011250D4FB,42
INS_600CB4625918,CVRP,large,19,16,simulated_annealing,5028.2871,3032.393,3956.35,4408.08,55796.02,7.486,False,route_0_over_capacity,696.715,False,CST_48011250D4FB,42
INS_600CB4625918,CVRP,large,19,16,ortools_path_cheapest_arc,0.0,0.0,0.0,0.0,0.0,0.0,False,unserved_customers:18,5001.258,False,CST_48011250D4FB,42
INS_600CB4625918,CVRP,large,19,16,ortools_savings,0.0,0.0,0.0,0.0,0.0,0.0,False,unserved_customers:18,7.338,False,CST_48011250D4FB,42
INS_1FD60F42E2EE,CVRP,medium,26,7,nearest_neighbour,1925.2561,1157.315,1509.94,926.76,21294.6,16.689,False,route_0_over_capacity,0.131,False,CST_48011250D4FB,42
INS_1FD60F42E2EE,CVRP,medium,26,7,nearest_neighbour+2opt,1833.5588,1096.034,1431.26,899.45,20167.05,26.743,False,route_0_over_capacity,13.043,False,CST_48011250D4FB,42
INS_1FD60F42E2EE,CVRP,medium,26,7,simulated_annealing,1798.4115,1080.321,1410.1,847.03,19877.87,16.689,False,route_0_over_capacity,730.832,False,CST_48011250D4FB,42
INS_1FD60F42E2EE,CVRP,medium,26,7,ortools_path_cheapest_arc,4170.0793,2029.855,2648.96,1762.09,37349.32,962.856,True,,5005.105,False,CST_48011250D4FB,42
INS_1FD60F42E2EE,CVRP,medium,26,7,ortools_savings,0.0,0.0,0.0,0.0,0.0,0.0,False,unserved_customers:25,6.241,False,CST_48011250D4FB,42
INS_7FFFD1BF3306,CVRP,medium,19,7,nearest_neighbour,2433.1141,1467.364,1916.29,1420.44,26999.52,8.593,False,route_0_over_capacity,0.092,False,CST_48011250D4FB,42
INS_7FFFD1BF3306,CVRP,medium,19,7,nearest_neighbour+2opt,2422.3108,1460.827,1907.22,1422.01,26879.24,8.593,False,route_0_over_capacity,3.664,False,CST_48011250D4FB,42
INS_7FFFD1BF3306,CVRP,medium,19,7,simulated_annealing,2373.1702,1431.61,1869.13,1302.45,26341.62,8.593,False,route_0_over_capacity,793.855,False,CST_48011250D4FB,42
INS_7FFFD1BF3306,CVRP,medium,19,7,ortools_path_cheapest_arc,6063.045,2980.931,3889.07,2792.52,54849.15,1341.89,True,,5002.005,False,CST_48011250D4FB,42
INS_7FFFD1BF3306,CVRP,medium,19,7,ortools_savings,0.0,0.0,0.0,0.0,0.0,0.0,False,unserved_customers:18,4.76,False,CST_48011250D4FB,42
INS_CB34F1ED3D38,CVRP,medium,21,17,nearest_neighbour,3006.3291,1805.971,2355.64,1868.36,33229.87,25.872,False,route_0_over_capacity,0.142,False,CST_48011250D4FB,42
INS_CB34F1ED3D38,CVRP,medium,21,17,nearest_neighbour+2opt,2597.2004,1541.374,2019.56,1619.79,28361.25,54.396,False,route_0_over_capacity,8.289,False,CST_48011250D4FB,42
INS_CB34F1ED3D38,CVRP,medium,21,17,simulated_annealing,2569.4203,1538.243,2019.8,1622.7,28303.65,25.872,False,route_0_over_capacity,762.441,False,CST_48011250D4FB,42
INS_CB34F1ED3D38,CVRP,medium,21,17,ortools_path_cheapest_arc,0.0,0.0,0.0,0.0,0.0,0.0,False,unserved_customers:20,5003.197,False,CST_48011250D4FB,42
INS_CB34F1ED3D38,CVRP,medium,21,17,ortools_savings,0.0,0.0,0.0,0.0,0.0,0.0,False,unserved_customers:20,7.986,False,CST_48011250D4FB,42
INS_08AA0A1DB392,CVRP,medium,25,12,nearest_neighbour,5231.7525,3150.473,4110.8,4281.88,57968.71,20.047,False,route_0_over_capacity,0.304,False,CST_48011250D4FB,42
INS_08AA0A1DB392,CVRP,medium,25,12,nearest_neighbour+2opt,4473.894,2691.845,3512.76,3678.74,49529.93,20.718,False,route_0_over_capacity,7.42,False,CST_48011250D4FB,42
INS_08AA0A1DB392,CVRP,medium,25,12,simulated_annealing,4484.6231,2675.174,3491.26,3673.52,49223.18,65.488,False,route_0_over_capacity,757.927,False,CST_48011250D4FB,42
INS_08AA0A1DB392,CVRP,medium,25,12,ortools_path_cheapest_arc,16048.532,7984.332,10417.6,8851.01,146911.68,3360.913,True,,5002.559,False,CST_48011250D4FB,42
INS_08AA0A1DB392,CVRP,medium,25,12,ortools_savings,0.0,0.0,0.0,0.0,0.0,0.0,False,unserved_customers:24,7.386,False,CST_48011250D4FB,42
INS_4D99B40593DC,CVRP,medium,12,8,nearest_neighbour,5084.8903,3062.953,3995.2,4479.21,56358.34,13.023,False,route_0_over_capacity,0.058,False,CST_48011250D4FB,42
INS_4D99B40593DC,CVRP,medium,12,8,nearest_neighbour+2opt,5035.3318,2927.415,3825.31,4391.71,53864.45,214.825,False,route_0_over_capacity,0.92,False,CST_48011250D4FB,42
INS_4D99B40593DC,CVRP,medium,12,8,simulated_annealing,4788.246,2875.24,3750.36,4219.83,52904.41,29.595,False,route_0_over_capacity,698.821,False,CST_48011250D4FB,42
INS_4D99B40593DC,CVRP,medium,12,8,ortools_path_cheapest_arc,9401.1169,4643.836,6058.89,6002.23,85446.61,2021.217,True,,5002.682,False,CST_48011250D4FB,42
INS_4D99B40593DC,CVRP,medium,12,8,ortools_savings,0.0,0.0,0.0,0.0,0.0,0.0,False,unserved_customers:11,2.736,False,CST_48011250D4FB,42
INS_FD2C9E0D8BBA,CVRP,medium,20,17,nearest_neighbour,6309.3221,3802.279,4959.52,5227.86,69961.94,18.9,False,route_0_over_capacity,0.11,False,CST_48011250D4FB,42
INS_FD2C9E0D8BBA,CVRP,medium,20,17,nearest_neighbour+2opt,4973.0973,2992.592,3903.43,4447.03,55063.67,18.9,False,route_0_over_capacity,6.502,False,CST_48011250D4FB,42
INS_FD2C9E0D8BBA,CVRP,medium,20,17,simulated_annealing,4973.2813,2992.592,3903.43,4447.03,55063.67,18.9,False,route_0_over_capacity,707.418,False,CST_48011250D4FB,42
INS_FD2C9E0D8BBA,CVRP,medium,20,17,ortools_path_cheapest_arc,0.0,0.0,0.0,0.0,0.0,0.0,False,unserved_customers:19,5001.577,False,CST_48011250D4FB,42
INS_FD2C9E0D8BBA,CVRP,medium,20,17,ortools_savings,0.0,0.0,0.0,0.0,0.0,0.0,False,unserved_customers:19,13.415,False,CST_48011250D4FB,42
INS_3CA91CBC926D,CVRP,quantum,8,1,brute_force_exact,279.0082,155.781,203.28,59.49,2866.38,23.068,True,,17.176,True,CST_48011250D4FB,42
INS_3CA91CBC926D,CVRP,quantum,8,1,nearest_neighbour,287.8068,165.708,216.78,70.9,3049.02,13.88,True,,0.026,False,CST_48011250D4FB,42
INS_3CA91CBC926D,CVRP,quantum,8,1,nearest_neighbour+2opt,279.0082,155.781,203.28,59.49,2866.38,23.068,True,,0.228,False,CST_48011250D4FB,42
INS_3CA91CBC926D,CVRP,quantum,8,1,simulated_annealing,279.0082,155.781,203.28,59.49,2866.38,23.068,True,,587.095,False,CST_48011250D4FB,42
INS_3CA91CBC926D,CVRP,quantum,8,1,ortools_path_cheapest_arc,279.0082,155.781,203.28,59.49,2866.38,23.068,True,,5001.559,False,CST_48011250D4FB,42
INS_3CA91CBC926D,CVRP,quantum,8,1,ortools_savings,279.0082,155.781,203.28,59.49,2866.38,23.068,True,,5001.501,False,CST_48011250D4FB,42
INS_51A85A1376D2,CVRP,quantum,7,1,brute_force_exact,114.0529,62.907,83.38,7.98,1157.49,7.97,True,,2.231,True,CST_48011250D4FB,42
INS_51A85A1376D2,CVRP,quantum,7,1,nearest_neighbour,114.8389,66.825,87.16,7.71,1229.58,1.626,True,,0.021,False,CST_48011250D4FB,42
INS_51A85A1376D2,CVRP,quantum,7,1,nearest_neighbour+2opt,130.3762,64.732,85.77,7.93,1191.07,23.351,True,,0.134,False,CST_48011250D4FB,42
INS_51A85A1376D2,CVRP,quantum,7,1,simulated_annealing,114.0529,62.907,83.38,7.98,1157.49,7.97,True,,579.202,False,CST_48011250D4FB,42
INS_51A85A1376D2,CVRP,quantum,7,1,ortools_path_cheapest_arc,114.0529,62.907,83.38,7.98,1157.49,7.97,True,,5002.062,False,CST_48011250D4FB,42
INS_51A85A1376D2,CVRP,quantum,7,1,ortools_savings,114.0529,62.907,83.38,7.98,1157.49,7.97,True,,5003.408,False,CST_48011250D4FB,42
INS_6104F27E283E,CVRP,quantum,6,1,brute_force_exact,292.0107,163.406,213.15,93.58,3006.68,23.152,True,,0.347,True,CST_48011250D4FB,42
INS_6104F27E283E,CVRP,quantum,6,1,nearest_neighbour,293.5237,164.018,213.94,90.72,3017.93,23.152,True,,0.018,False,CST_48011250D4FB,42
INS_6104F27E283E,CVRP,quantum,6,1,nearest_neighbour+2opt,292.0107,163.406,213.15,93.58,3006.68,23.152,True,,0.092,False,CST_48011250D4FB,42
INS_6104F27E283E,CVRP,quantum,6,1,simulated_annealing,292.0107,163.406,213.15,93.58,3006.68,23.152,True,,573.535,False,CST_48011250D4FB,42
INS_6104F27E283E,CVRP,quantum,6,1,ortools_path_cheapest_arc,292.0107,163.406,213.15,93.58,3006.68,23.152,True,,5001.322,False,CST_48011250D4FB,42
INS_6104F27E283E,CVRP,quantum,6,1,ortools_savings,292.0107,163.406,213.15,93.58,3006.68,23.152,True,,5001.051,False,CST_48011250D4FB,42
INS_0F9F0C4ACF56,CVRP,quantum,5,1,brute_force_exact,181.6851,96.142,125.62,36.58,1769.02,23.078,True,,0.094,True,CST_48011250D4FB,42
INS_0F9F0C4ACF56,CVRP,quantum,5,1,nearest_neighbour,175.2784,96.442,125.81,36.58,1774.54,15.145,True,,0.017,False,CST_48011250D4FB,42
INS_0F9F0C4ACF56,CVRP,quantum,5,1,nearest_neighbour+2opt,175.2784,96.442,125.81,36.58,1774.54,15.145,True,,0.043,False,CST_48011250D4FB,42
INS_0F9F0C4ACF56,CVRP,quantum,5,1,simulated_annealing,181.6851,96.142,125.62,36.58,1769.02,23.078,True,,573.784,False,CST_48011250D4FB,42
INS_0F9F0C4ACF56,CVRP,quantum,5,1,ortools_path_cheapest_arc,181.6851,96.142,125.62,36.58,1769.02,23.078,True,,5002.233,False,CST_48011250D4FB,42
INS_0F9F0C4ACF56,CVRP,quantum,5,1,ortools_savings,181.6851,96.142,125.62,36.58,1769.02,23.078,True,,5001.08,False,CST_48011250D4FB,42
INS_AC3712F89252,CVRP,quantum,8,1,brute_force_exact,172.5827,96.386,126.95,23.53,1773.5,12.399,True,,15.49,True,CST_48011250D4FB,42
INS_AC3712F89252,CVRP,quantum,8,1,nearest_neighbour,172.5718,101.203,132.03,23.71,1862.11,3.319,True,,0.019,False,CST_48011250D4FB,42
INS_AC3712F89252,CVRP,quantum,8,1,nearest_neighbour+2opt,164.7289,96.515,125.91,16.79,1775.86,3.319,True,,0.213,False,CST_48011250D4FB,42
INS_AC3712F89252,CVRP,quantum,8,1,simulated_annealing,172.5827,96.386,126.95,23.53,1773.5,12.399,True,,625.533,False,CST_48011250D4FB,42
INS_AC3712F89252,CVRP,quantum,8,1,ortools_path_cheapest_arc,181.1927,96.386,126.77,23.53,1773.5,22.66,True,,5001.291,False,CST_48011250D4FB,42
INS_AC3712F89252,CVRP,quantum,8,1,ortools_savings,181.1927,96.386,126.77,23.53,1773.5,22.66,True,,5005.264,False,CST_48011250D4FB,42
INS_F302A96F1232,CVRP,quantum,5,1,brute_force_exact,624.2162,309.013,403.05,231.0,5685.83,131.128,True,,0.083,True,CST_48011250D4FB,42
INS_F302A96F1232,CVRP,quantum,5,1,nearest_neighbour,535.8019,311.777,406.67,234.96,5736.69,21.5,True,,0.017,False,CST_48011250D4FB,42
INS_F302A96F1232,CVRP,quantum,5,1,nearest_neighbour+2opt,624.2162,309.013,403.05,231.0,5685.83,131.128,True,,0.062,False,CST_48011250D4FB,42
INS_F302A96F1232,CVRP,quantum,5,1,simulated_annealing,624.2162,309.013,403.05,231.0,5685.83,131.128,True,,569.993,False,CST_48011250D4FB,42
INS_F302A96F1232,CVRP,quantum,5,1,ortools_path_cheapest_arc,624.2162,309.013,403.05,231.0,5685.83,131.128,True,,5001.697,False,CST_48011250D4FB,42
INS_F302A96F1232,CVRP,quantum,5,1,ortools_savings,624.2162,309.013,403.05,231.0,5685.83,131.128,True,,5001.572,False,CST_48011250D4FB,42
INS_C85C2AF72A0F,CVRP,small,9,9,brute_force_exact,4132.8561,2382.261,3107.36,3508.78,43833.58,219.072,False,route_0_over_capacity,128.147,True,CST_48011250D4FB,42
INS_C85C2AF72A0F,CVRP,small,9,9,nearest_neighbour,4390.7558,2647.033,3452.64,3705.09,48705.41,8.855,False,route_0_over_capacity,0.021,False,CST_48011250D4FB,42
INS_C85C2AF72A0F,CVRP,small,9,9,nearest_neighbour+2opt,4132.8561,2382.261,3107.36,3508.78,43833.58,219.072,False,route_0_over_capacity,0.699,False,CST_48011250D4FB,42
INS_C85C2AF72A0F,CVRP,small,9,9,simulated_annealing,4132.8561,2382.261,3107.36,3508.78,43833.58,219.072,False,route_0_over_capacity,591.606,False,CST_48011250D4FB,42
INS_C85C2AF72A0F,CVRP,small,9,9,ortools_path_cheapest_arc,0.0,0.0,0.0,0.0,0.0,0.0,False,unserved_customers:8,5002.152,False,CST_48011250D4FB,42
INS_C85C2AF72A0F,CVRP,small,9,9,ortools_savings,0.0,0.0,0.0,0.0,0.0,0.0,False,unserved_customers:8,4.482,False,CST_48011250D4FB,42
INS_C18B412FE6FD,CVRP,small,10,6,nearest_neighbour,1287.3711,773.538,1009.22,651.27,14233.11,9.095,False,route_0_over_capacity,0.076,False,CST_48011250D4FB,42
INS_C18B412FE6FD,CVRP,small,10,6,nearest_neighbour+2opt,1349.3794,750.1,978.6,669.95,13801.85,127.064,False,route_0_over_capacity,0.555,False,CST_48011250D4FB,42
INS_C18B412FE6FD,CVRP,small,10,6,simulated_annealing,1263.1597,749.625,977.99,640.59,13793.11,26.681,False,route_0_over_capacity,636.446,False,CST_48011250D4FB,42
INS_C18B412FE6FD,CVRP,small,10,6,ortools_path_cheapest_arc,0.0,0.0,0.0,0.0,0.0,0.0,False,unserved_customers:9,2.257,False,CST_48011250D4FB,42
INS_C18B412FE6FD,CVRP,small,10,6,ortools_savings,0.0,0.0,0.0,0.0,0.0,0.0,False,unserved_customers:9,1.047,False,CST_48011250D4FB,42
INS_932B72D15379,CVRP,small,11,4,nearest_neighbour,1669.8444,1003.139,1310.08,906.67,18457.73,13.341,False,route_0_over_capacity,0.098,False,CST_48011250D4FB,42
INS_932B72D15379,CVRP,small,11,4,nearest_neighbour+2opt,1605.8289,961.803,1255.5,772.79,17697.17,19.227,False,route_0_over_capacity,1.638,False,CST_48011250D4FB,42
INS_932B72D15379,CVRP,small,11,4,simulated_annealing,1605.8289,961.803,1255.5,772.79,17697.17,19.227,False,route_0_over_capacity,605.435,False,CST_48011250D4FB,42
INS_932B72D15379,CVRP,small,11,4,ortools_path_cheapest_arc,2209.374,1177.636,1536.35,1052.45,21668.51,309.875,True,,5003.007,False,CST_48011250D4FB,42
INS_932B72D15379,CVRP,small,11,4,ortools_savings,0.0,0.0,0.0,0.0,0.0,0.0,False,unserved_customers:10,1.839,False,CST_48011250D4FB,42
INS_081A161297EB,CVRP,small,12,2,nearest_neighbour,713.5088,424.983,554.72,429.29,7819.7,10.308,True,,0.069,False,CST_48011250D4FB,42
INS_081A161297EB,CVRP,small,12,2,nearest_neighbour+2opt,694.0516,407.277,533.26,425.3,7493.9,20.895,True,,0.664,False,CST_48011250D4FB,42
INS_081A161297EB,CVRP,small,12,2,simulated_annealing,800.8816,407.277,531.62,425.3,7493.9,147.288,True,,673.34,False,CST_48011250D4FB,42
INS_081A161297EB,CVRP,small,12,2,ortools_path_cheapest_arc,694.0516,407.277,533.26,425.3,7493.9,20.895,True,,5001.922,False,CST_48011250D4FB,42
INS_081A161297EB,CVRP,small,12,2,ortools_savings,800.8816,407.277,531.62,425.3,7493.9,147.288,True,,5001.251,False,CST_48011250D4FB,42
INS_115982EE3252,CVRP,small,9,5,brute_force_exact,4787.7728,2417.99,3153.94,3869.65,44491.0,915.717,False,route_0_over_capacity,128.296,True,CST_48011250D4FB,42
INS_115982EE3252,CVRP,small,9,5,nearest_neighbour,4056.3604,2438.434,3180.75,3893.07,44867.18,15.887,False,route_0_over_capacity,0.026,False,CST_48011250D4FB,42
INS_115982EE3252,CVRP,small,9,5,nearest_neighbour+2opt,4056.3604,2438.434,3180.75,3893.07,44867.18,15.887,False,route_0_over_capacity,0.179,False,CST_48011250D4FB,42
INS_115982EE3252,CVRP,small,9,5,simulated_annealing,4787.7728,2417.99,3153.94,3869.65,44491.0,915.717,False,route_0_over_capacity,593.482,False,CST_48011250D4FB,42
INS_115982EE3252,CVRP,small,9,5,ortools_path_cheapest_arc,5471.0552,2724.054,3553.18,4133.48,50122.58,1125.46,True,,5001.749,False,CST_48011250D4FB,42
INS_115982EE3252,CVRP,small,9,5,ortools_savings,0.0,0.0,0.0,0.0,0.0,0.0,False,unserved_customers:8,1.681,False,CST_48011250D4FB,42
INS_2BDA5EC06ED4,CVRP,small,15,4,nearest_neighbour,1504.2137,899.489,1174.61,940.45,16550.62,18.327,False,route_0_over_capacity,0.121,False,CST_48011250D4FB,42
INS_2BDA5EC06ED4,CVRP,small,15,4,nearest_neighbour+2opt,1462.7303,874.124,1141.67,948.98,16083.91,18.327,False,route_0_over_capacity,2.224,False,CST_48011250D4FB,42
INS_2BDA5EC06ED4,CVRP,small,15,4,simulated_annealing,1461.5004,873.446,1140.66,939.91,16071.43,18.327,False,route_0_over_capacity,644.206,False,CST_48011250D4FB,42
INS_2BDA5EC06ED4,CVRP,small,15,4,ortools_path_cheapest_arc,2564.6871,1344.806,1755.54,1565.56,24744.42,398.878,True,,5001.345,False,CST_48011250D4FB,42
INS_2BDA5EC06ED4,CVRP,small,15,4,ortools_savings,0.0,0.0,0.0,0.0,0.0,0.0,False,unserved_customers:14,2.567,False,CST_48011250D4FB,42
INS_531EEEE08422,PDP,large,24,22,nearest_neighbour,5939.5755,3578.414,4670.51,4904.87,65842.82,18.9,False,route_0_over_capacity;route_0_node_1_late;route_0_node_23_late;route_0_node_5_late;route_0_node_9_late;route_0_node_16_late;route_0_node_20_late;route_0_node_14_late;route_0_node_7_late;route_0_node_12_late;route_0_node_15_late;route_0_node_22_late;route_0_node_10_late;route_0_node_6_late;route_0_node_11_late;route_0_node_2_late;route_0_node_3_late;route_0_node_13_late;route_0_node_17_late,0.114,False,CST_48011250D4FB,42
INS_531EEEE08422,PDP,large,24,22,nearest_neighbour+2opt,5110.0194,3075.691,4011.82,4525.14,56592.71,18.9,False,route_0_over_capacity;route_0_node_14_late;route_0_node_7_late;route_0_node_12_late;route_0_node_15_late;route_0_node_20_late;route_0_node_16_late;route_0_node_9_late;route_0_node_5_late;route_0_node_6_late;route_0_node_11_late;route_0_node_17_late;route_0_node_13_late;route_0_node_3_late;route_0_node_2_late;route_0_node_10_late;route_0_node_4_late;route_0_node_1_late;route_0_node_21_late;route_0_node_18_late,6.18,False,CST_48011250D4FB,42
INS_531EEEE08422,PDP,large,24,22,simulated_annealing,5083.3326,3039.669,3974.36,4503.81,55929.91,53.468,False,route_0_over_capacity;route_0_node_6_late;route_0_node_11_late;route_0_node_17_late;route_0_node_13_late;route_0_node_3_late;route_0_node_2_late;route_0_node_10_late;route_0_node_21_late;route_0_node_18_late;route_0_node_23_late;route_0_node_22_late;route_0_node_14_late;route_0_node_12_late;route_0_node_15_late;route_0_node_7_late;route_0_node_20_late;route_0_node_16_late;route_0_node_9_late;route_0_node_5_late;route_0_node_8_late;route_0_node_19_late,721.903,False,CST_48011250D4FB,42
INS_531EEEE08422,PDP,large,24,22,ortools_path_cheapest_arc,0.0,0.0,0.0,0.0,0.0,0.0,False,unserved_customers:23,5005.361,False,CST_48011250D4FB,42
INS_531EEEE08422,PDP,large,24,22,ortools_savings,0.0,0.0,0.0,0.0,0.0,0.0,False,unserved_customers:23,15.552,False,CST_48011250D4FB,42
INS_6DBBB1A50B2B,PDP,large,24,22,nearest_neighbour,5939.5755,3578.414,4670.51,4904.87,65842.82,18.9,False,route_0_over_capacity;route_0_node_20_late;route_0_node_5_late;route_0_node_11_late;route_0_node_21_late;route_0_node_13_late;route_0_node_15_late;route_0_node_1_late;route_0_node_2_late;route_0_node_6_late;route_0_node_22_late;route_0_node_9_late;route_0_node_10_late;route_0_node_19_late;route_0_node_16_late;route_0_node_7_late;route_0_node_12_late;route_0_node_18_late;route_0_node_4_late,0.114,False,CST_48011250D4FB,42
INS_6DBBB1A50B2B,PDP,large,24,22,nearest_neighbour+2opt,5110.0194,3075.691,4011.82,4525.14,56592.71,18.9,False,route_0_over_capacity;route_0_node_1_late;route_0_node_2_late;route_0_node_6_late;route_0_node_22_late;route_0_node_15_late;route_0_node_13_late;route_0_node_21_late;route_0_node_11_late;route_0_node_19_late;route_0_node_16_late;route_0_node_4_late;route_0_node_18_late;route_0_node_12_late;route_0_node_7_late;route_0_node_10_late;route_0_node_8_late;route_0_node_20_late;route_0_node_3_late;route_0_node_14_late,6.477,False,CST_48011250D4FB,42
INS_6DBBB1A50B2B,PDP,large,24,22,simulated_annealing,5083.3326,3039.669,3974.36,4503.81,55929.91,53.468,False,route_0_over_capacity;route_0_node_19_late;route_0_node_16_late;route_0_node_4_late;route_0_node_12_late;route_0_node_18_late;route_0_node_7_late;route_0_node_10_late;route_0_node_3_late;route_0_node_14_late;route_0_node_5_late;route_0_node_9_late;route_0_node_1_late;route_0_node_2_late;route_0_node_22_late;route_0_node_6_late;route_0_node_15_late;route_0_node_13_late;route_0_node_21_late;route_0_node_11_late;route_0_node_17_late;route_0_node_23_late,752.315,False,CST_48011250D4FB,42
INS_6DBBB1A50B2B,PDP,large,24,22,ortools_path_cheapest_arc,0.0,0.0,0.0,0.0,0.0,0.0,False,unserved_customers:23,5003.313,False,CST_48011250D4FB,42
INS_6DBBB1A50B2B,PDP,large,24,22,ortools_savings,0.0,0.0,0.0,0.0,0.0,0.0,False,unserved_customers:23,17.443,False,CST_48011250D4FB,42
INS_5FFEA8594C51,PDP,large,19,16,nearest_neighbour,5495.1022,3315.493,4326.02,4609.37,61005.06,7.486,False,route_0_over_capacity,0.087,False,CST_48011250D4FB,42
INS_5FFEA8594C51,PDP,large,19,16,nearest_neighbour+2opt,5028.2871,3032.393,3956.35,4408.08,55796.02,7.486,False,route_0_over_capacity,3.428,False,CST_48011250D4FB,42
INS_5FFEA8594C51,PDP,large,19,16,simulated_annealing,5028.2871,3032.393,3956.35,4408.08,55796.02,7.486,False,route_0_over_capacity,685.314,False,CST_48011250D4FB,42
INS_5FFEA8594C51,PDP,large,19,16,ortools_path_cheapest_arc,0.0,0.0,0.0,0.0,0.0,0.0,False,unserved_customers:18,5003.567,False,CST_48011250D4FB,42
INS_5FFEA8594C51,PDP,large,19,16,ortools_savings,0.0,0.0,0.0,0.0,0.0,0.0,False,unserved_customers:18,6.659,False,CST_48011250D4FB,42
INS_B12ADE4BC977,PDP,large,9,9,brute_force_exact,4132.8561,2382.261,3107.36,3508.78,43833.58,219.072,False,route_0_over_capacity,127.678,True,CST_48011250D4FB,42
INS_B12ADE4BC977,PDP,large,9,9,nearest_neighbour,4390.7558,2647.033,3452.64,3705.09,48705.41,8.855,False,route_0_over_capacity,0.021,False,CST_48011250D4FB,42
INS_B12ADE4BC977,PDP,large,9,9,nearest_neighbour+2opt,4132.8561,2382.261,3107.36,3508.78,43833.58,219.072,False,route_0_over_capacity,0.294,False,CST_48011250D4FB,42
INS_B12ADE4BC977,PDP,large,9,9,simulated_annealing,4132.8561,2382.261,3107.36,3508.78,43833.58,219.072,False,route_0_over_capacity,623.693,False,CST_48011250D4FB,42
INS_B12ADE4BC977,PDP,large,9,9,ortools_path_cheapest_arc,0.0,0.0,0.0,0.0,0.0,0.0,False,unserved_customers:8,5001.738,False,CST_48011250D4FB,42
INS_B12ADE4BC977,PDP,large,9,9,ortools_savings,0.0,0.0,0.0,0.0,0.0,0.0,False,unserved_customers:8,4.908,False,CST_48011250D4FB,42
INS_71FCC3306845,PDP,large,21,18,nearest_neighbour,6469.3496,3897.436,5087.88,5405.31,71712.82,19.04,False,route_0_over_capacity;route_0_node_4_late;route_0_node_7_late;route_0_node_20_late;route_0_node_6_late;route_0_node_18_late;route_0_node_8_late;route_0_node_5_late;route_0_node_16_late;route_0_node_3_late;route_0_node_2_late;route_0_node_19_late;route_0_node_11_late;route_0_node_17_late,0.1,False,CST_48011250D4FB,42
INS_71FCC3306845,PDP,large,21,18,nearest_neighbour+2opt,5829.8915,3493.417,4562.67,5067.43,64278.84,49.613,False,route_0_over_capacity;route_0_node_4_late;route_0_node_7_late;route_0_node_20_late;route_0_node_8_late;route_0_node_18_late;route_0_node_6_late;route_0_node_14_late;route_0_node_9_late;route_0_node_5_late;route_0_node_16_late;route_0_node_17_late;route_0_node_11_late;route_0_node_19_late;route_0_node_3_late;route_0_node_2_late;route_0_node_1_late;route_0_node_10_late;route_0_node_13_late;route_0_node_15_late,4.403,False,CST_48011250D4FB,42
INS_71FCC3306845,PDP,large,21,18,simulated_annealing,5761.3603,3452.63,4505.68,5060.88,63528.41,49.613,False,route_0_over_capacity;route_0_node_6_late;route_0_node_18_late;route_0_node_20_late;route_0_node_7_late;route_0_node_4_late;route_0_node_10_late;route_0_node_1_late;route_0_node_2_late;route_0_node_3_late;route_0_node_11_late;route_0_node_17_late;route_0_node_19_late;route_0_node_16_late;route_0_node_5_late;route_0_node_15_late;route_0_node_13_late,712.369,False,CST_48011250D4FB,42
INS_71FCC3306845,PDP,large,21,18,ortools_path_cheapest_arc,0.0,0.0,0.0,0.0,0.0,0.0,False,unserved_customers:20,5001.994,False,CST_48011250D4FB,42
INS_71FCC3306845,PDP,large,21,18,ortools_savings,0.0,0.0,0.0,0.0,0.0,0.0,False,unserved_customers:20,16.268,False,CST_48011250D4FB,42
INS_519BECFEA16E,PDP,large,12,8,nearest_neighbour,5084.8903,3062.953,3995.2,4479.21,56358.34,13.023,False,route_0_over_capacity,0.055,False,CST_48011250D4FB,42
INS_519BECFEA16E,PDP,large,12,8,nearest_neighbour+2opt,5035.3318,2927.415,3825.31,4391.71,53864.45,214.825,False,route_0_over_capacity,0.895,False,CST_48011250D4FB,42
INS_519BECFEA16E,PDP,large,12,8,simulated_annealing,4788.246,2875.24,3750.36,4219.83,52904.41,29.595,False,route_0_over_capacity,641.124,False,CST_48011250D4FB,42
INS_519BECFEA16E,PDP,large,12,8,ortools_path_cheapest_arc,9401.1169,4643.836,6058.89,6002.23,85446.61,2021.217,True,,5001.82,False,CST_48011250D4FB,42
INS_519BECFEA16E,PDP,large,12,8,ortools_savings,0.0,0.0,0.0,0.0,0.0,0.0,False,unserved_customers:11,2.331,False,CST_48011250D4FB,42
INS_4C8FA4775F92,PDP,medium,18,7,nearest_neighbour,3870.5577,2333.973,3044.54,3005.09,42945.11,10.332,False,route_0_over_capacity;route_0_node_8_late;route_0_node_9_late;route_0_node_3_late;route_0_node_13_late;route_0_node_11_late;route_0_node_12_late;route_0_node_6_late,0.205,False,CST_48011250D4FB,42
INS_4C8FA4775F92,PDP,medium,18,7,nearest_neighbour+2opt,3548.5902,2135.192,2786.09,2878.56,39287.52,16.063,False,route_0_over_capacity;route_0_node_16_late;route_0_node_13_late;route_0_node_11_late;route_0_node_12_late;route_0_node_6_late;route_0_node_9_late;route_0_node_8_late;route_0_node_7_late;route_0_node_5_late,3.104,False,CST_48011250D4FB,42
INS_4C8FA4775F92,PDP,medium,18,7,simulated_annealing,3520.402,2121.014,2767.58,2875.16,39026.65,10.332,False,route_0_over_capacity;route_0_node_16_late;route_0_node_13_late;route_0_node_11_late;route_0_node_12_late;route_0_node_6_late;route_0_node_8_late;route_0_node_9_late;route_0_node_7_late,740.485,False,CST_48011250D4FB,42
INS_4C8FA4775F92,PDP,medium,18,7,ortools_path_cheapest_arc,0.0,0.0,0.0,0.0,0.0,0.0,False,unserved_customers:17,5003.74,False,CST_48011250D4FB,42
INS_4C8FA4775F92,PDP,medium,18,7,ortools_savings,0.0,0.0,0.0,0.0,0.0,0.0,False,unserved_customers:17,4.758,False,CST_48011250D4FB,42
INS_3BC33FE40BCC,PDP,medium,20,8,nearest_neighbour,1716.6623,1024.272,1337.09,693.97,18846.62,29.343,False,route_0_over_capacity;route_0_node_11_late;route_0_node_8_late;route_0_node_6_late;route_0_node_4_late;route_0_node_1_late;route_0_node_7_late;route_0_node_18_late;route_0_node_19_late;route_0_node_9_late;route_0_node_14_late;route_0_node_3_late;route_0_node_2_late;route_0_node_15_late;route_0_node_13_late;route_0_node_12_late;route_0_node_5_late,0.093,False,CST_48011250D4FB,42
INS_3BC33FE40BCC,PDP,medium,20,8,nearest_neighbour+2opt,1572.6999,934.447,1222.34,755.11,17193.82,31.769,False,route_0_over_capacity;route_0_node_6_late;route_0_node_11_late;route_0_node_5_late;route_0_node_17_late;route_0_node_19_late;route_0_node_18_late;route_0_node_7_late;route_0_node_1_late;route_0_node_4_late;route_0_node_16_late;route_0_node_13_late;route_0_node_15_late;route_0_node_2_late;route_0_node_3_late;route_0_node_14_late;route_0_node_9_late,12.829,False,CST_48011250D4FB,42
INS_3BC33FE40BCC,PDP,medium,20,8,simulated_annealing,1586.6531,943.754,1233.32,682.29,17365.06,31.968,False,route_0_over_capacity;route_0_node_13_late;route_0_node_15_late;route_0_node_2_late;route_0_node_3_late;route_0_node_14_late;route_0_node_9_late;route_0_node_12_late;route_0_node_5_late;route_0_node_11_late;route_0_node_10_late;route_0_node_6_late;route_0_node_8_late,683.872,False,CST_48011250D4FB,42
INS_3BC33FE40BCC,PDP,medium,20,8,ortools_path_cheapest_arc,3267.4716,1590.73,2082.56,1189.72,29269.44,751.946,True,,5001.976,False,CST_48011250D4FB,42
INS_3BC33FE40BCC,PDP,medium,20,8,ortools_savings,0.0,0.0,0.0,0.0,0.0,0.0,False,unserved_customers:19,4.737,False,CST_48011250D4FB,42
INS_86792AF69F34,PDP,medium,23,8,nearest_neighbour,3100.981,1866.872,2435.99,2215.37,34350.41,15.145,False,route_0_over_capacity;route_0_node_3_late;route_0_node_9_late;route_0_node_13_late;route_0_node_5_late;route_0_node_14_late;route_0_node_7_late;route_0_node_12_late;route_0_node_11_late;route_0_node_4_late;route_0_node_19_late;route_0_node_21_late;route_0_node_1_late;route_0_node_6_late;route_0_node_22_late;route_0_node_17_late;route_0_node_8_late;route_0_node_15_late,0.141,False,CST_48011250D4FB,42
INS_86792AF69F34,PDP,medium,23,8,nearest_neighbour+2opt,3647.3187,1852.727,2419.74,2225.03,34090.2,684.219,False,route_0_over_capacity;route_0_node_8_late;route_0_node_17_late;route_0_node_22_late;route_0_node_6_late;route_0_node_1_late;route_0_node_21_late;route_0_node_19_late;route_0_node_4_late;route_0_node_11_late;route_0_node_5_late;route_0_node_10_late;route_0_node_14_late;route_0_node_7_late;route_0_node_12_late;route_0_node_16_late;route_0_node_20_late;route_0_node_13_late;route_0_node_9_late;route_0_node_18_late;route_0_node_3_late;route_0_node_2_late,5.712,False,CST_48011250D4FB,42
INS_86792AF69F34,PDP,medium,23,8,simulated_annealing,3021.8722,1814.406,2369.96,2157.98,33385.09,23.078,False,route_0_over_capacity;route_0_node_12_late;route_0_node_9_late;route_0_node_4_late;route_0_node_15_late;route_0_node_8_late;route_0_node_17_late;route_0_node_22_late;route_0_node_6_late;route_0_node_1_late;route_0_node_21_late;route_0_node_19_late;route_0_node_11_late;route_0_node_2_late;route_0_node_3_late;route_0_node_18_late,713.562,False,CST_48011250D4FB,42
INS_86792AF69F34,PDP,medium,23,8,ortools_path_cheapest_arc,0.0,0.0,0.0,0.0,0.0,0.0,False,unserved_customers:22,5001.918,False,CST_48011250D4FB,42
INS_86792AF69F34,PDP,medium,23,8,ortools_savings,0.0,0.0,0.0,0.0,0.0,0.0,False,unserved_customers:22,6.62,False,CST_48011250D4FB,42
INS_D14B939E6893,PDP,medium,25,8,nearest_neighbour,3910.0566,2351.267,3074.25,2851.1,43263.27,22.057,False,route_0_over_capacity,0.136,False,CST_48011250D4FB,42
INS_D14B939E6893,PDP,medium,25,8,nearest_neighbour+2opt,3715.8807,2204.556,2878.43,2575.76,40563.8,81.803,False,route_0_over_capacity,10.441,False,CST_48011250D4FB,42
INS_D14B939E6893,PDP,medium,25,8,simulated_annealing,3715.8807,2204.556,2878.43,2575.76,40563.8,81.803,False,route_0_over_capacity,763.644,False,CST_48011250D4FB,42
INS_D14B939E6893,PDP,medium,25,8,ortools_path_cheapest_arc,12405.9012,6554.184,8551.84,8635.4,120596.9,1839.232,True,,5001.427,False,CST_48011250D4FB,42
INS_D14B939E6893,PDP,medium,25,8,ortools_savings,0.0,0.0,0.0,0.0,0.0,0.0,False,unserved_customers:24,6.211,False,CST_48011250D4FB,42
INS_AEABD0B71E86,PDP,medium,25,18,nearest_neighbour,3233.5334,1943.336,2546.86,1987.15,35757.36,21.724,False,route_0_over_capacity,0.127,False,CST_48011250D4FB,42
INS_AEABD0B71E86,PDP,medium,25,18,nearest_neighbour+2opt,2911.5991,1732.287,2268.57,1750.39,31874.04,54.396,False,route_0_over_capacity,12.216,False,CST_48011250D4FB,42
INS_AEABD0B71E86,PDP,medium,25,18,simulated_annealing,2854.9007,1695.74,2225.23,1693.36,31201.6,57.112,False,route_0_over_capacity,775.172,False,CST_48011250D4FB,42
INS_AEABD0B71E86,PDP,medium,25,18,ortools_path_cheapest_arc,0.0,0.0,0.0,0.0,0.0,0.0,False,unserved_customers:24,5002.031,False,CST_48011250D4FB,42
INS_AEABD0B71E86,PDP,medium,25,18,ortools_savings,0.0,0.0,0.0,0.0,0.0,0.0,False,unserved_customers:24,9.841,False,CST_48011250D4FB,42
INS_177C2FC5FA41,PDP,medium,16,9,nearest_neighbour,3605.3305,2168.124,2829.1,2556.26,39893.47,22.478,False,route_0_over_capacity,0.079,False,CST_48011250D4FB,42
INS_177C2FC5FA41,PDP,medium,16,9,nearest_neighbour+2opt,3729.5786,1995.139,2602.53,2398.99,36710.56,504.78,False,route_0_over_capacity,2.05,False,CST_48011250D4FB,42
INS_177C2FC5FA41,PDP,medium,16,9,simulated_annealing,3729.5786,1995.139,2602.53,2398.99,36710.56,504.78,False,route_0_over_capacity,866.446,False,CST_48011250D4FB,42
INS_177C2FC5FA41,PDP,medium,16,9,ortools_path_cheapest_arc,19413.2205,9481.306,12367.31,12734.97,174456.01,4385.592,True,,5002.369,False,CST_48011250D4FB,42
INS_177C2FC5FA41,PDP,medium,16,9,ortools_savings,0.0,0.0,0.0,0.0,0.0,0.0,False,unserved_customers:15,3.575,False,CST_48011250D4FB,42
INS_E45466E6A42F,PDP,quantum,5,1,brute_force_exact,85.7082,40.164,52.8,10.17,739.03,18.771,True,,0.106,True,CST_48011250D4FB,42
INS_E45466E6A42F,PDP,quantum,5,1,nearest_neighbour,84.7939,41.981,54.89,6.66,772.46,13.962,True,,0.022,False,CST_48011250D4FB,42
INS_E45466E6A42F,PDP,quantum,5,1,nearest_neighbour+2opt,85.7082,40.164,52.8,10.17,739.03,18.771,True,,0.069,False,CST_48011250D4FB,42
INS_E45466E6A42F,PDP,quantum,5,1,simulated_annealing,85.7082,40.164,52.8,10.17,739.03,18.771,True,,587.177,False,CST_48011250D4FB,42
INS_E45466E6A42F,PDP,quantum,5,1,ortools_path_cheapest_arc,85.7082,40.164,52.8,10.17,739.03,18.771,True,,5001.383,False,CST_48011250D4FB,42
INS_E45466E6A42F,PDP,quantum,5,1,ortools_savings,85.7082,40.164,52.8,10.17,739.03,18.771,True,,5001.198,False,CST_48011250D4FB,42
INS_BDF7D77DE9B7,PDP,quantum,8,1,brute_force_exact,1741.3996,1006.844,1313.92,898.89,18525.94,90.066,False,route_0_over_capacity,23.991,True,CST_48011250D4FB,42
INS_BDF7D77DE9B7,PDP,quantum,8,1,nearest_neighbour,2089.6525,1245.822,1626.8,1019.11,22923.1,36.488,False,route_0_over_capacity,0.035,False,CST_48011250D4FB,42
INS_BDF7D77DE9B7,PDP,quantum,8,1,nearest_neighbour+2opt,1741.3996,1006.844,1313.92,898.89,18525.94,90.066,False,route_0_over_capacity,0.73,False,CST_48011250D4FB,42
INS_BDF7D77DE9B7,PDP,quantum,8,1,simulated_annealing,1741.3996,1006.844,1313.92,898.89,18525.94,90.066,False,route_0_over_capacity,731.709,False,CST_48011250D4FB,42
INS_BDF7D77DE9B7,PDP,quantum,8,1,ortools_path_cheapest_arc,0.0,0.0,0.0,0.0,0.0,0.0,False,unserved_customers:7,3.485,False,CST_48011250D4FB,42
INS_BDF7D77DE9B7,PDP,quantum,8,1,ortools_savings,0.0,0.0,0.0,0.0,0.0,0.0,False,unserved_customers:7,2.151,False,CST_48011250D4FB,42
INS_155918D87648,PDP,quantum,8,1,brute_force_exact,417.9791,242.004,316.47,173.87,4452.89,18.643,True,,20.852,True,CST_48011250D4FB,42
INS_155918D87648,PDP,quantum,8,1,nearest_neighbour,437.3958,253.912,331.23,161.94,4671.99,18.643,True,,0.018,False,CST_48011250D4FB,42
INS_155918D87648,PDP,quantum,8,1,nearest_neighbour+2opt,417.9791,242.004,316.47,173.87,4452.89,18.643,True,,0.15,False,CST_48011250D4FB,42
INS_155918D87648,PDP,quantum,8,1,simulated_annealing,417.9791,242.004,316.47,173.87,4452.89,18.643,True,,721.581,False,CST_48011250D4FB,42
INS_155918D87648,PDP,quantum,8,1,ortools_path_cheapest_arc,417.9791,242.004,316.47,173.87,4452.89,18.643,True,,5001.704,False,CST_48011250D4FB,42
INS_155918D87648,PDP,quantum,8,1,ortools_savings,417.9791,242.004,316.47,173.87,4452.89,18.643,True,,5001.499,False,CST_48011250D4FB,42
INS_E8979E020185,PDP,quantum,7,1,brute_force_exact,4826.988,2770.31,3614.49,4259.84,50973.68,277.408,False,route_0_over_capacity;route_0_node_1_late;route_0_node_5_late;route_0_node_2_late,3.048,True,CST_48011250D4FB,42
INS_E8979E020185,PDP,quantum,7,1,nearest_neighbour,4689.3491,2824.771,3684.48,4231.84,51975.8,11.333,False,route_0_over_capacity;route_0_node_3_late;route_0_node_1_late,0.019,False,CST_48011250D4FB,42
INS_E8979E020185,PDP,quantum,7,1,nearest_neighbour+2opt,4643.4346,2797.092,3648.39,4182.89,51466.51,11.333,False,route_0_over_capacity;route_0_node_1_late;route_0_node_5_late;route_0_node_6_late;route_0_node_3_late;route_0_node_4_late,0.178,False,CST_48011250D4FB,42
INS_E8979E020185,PDP,quantum,7,1,simulated_annealing,4826.988,2770.31,3614.49,4259.84,50973.68,277.408,False,route_0_over_capacity;route_0_node_1_late;route_0_node_5_late;route_0_node_2_late,579.806,False,CST_48011250D4FB,42
INS_E8979E020185,PDP,quantum,7,1,ortools_path_cheapest_arc,0.0,0.0,0.0,0.0,0.0,0.0,False,unserved_customers:6,5.771,False,CST_48011250D4FB,42
INS_E8979E020185,PDP,quantum,7,1,ortools_savings,0.0,0.0,0.0,0.0,0.0,0.0,False,unserved_customers:6,2.023,False,CST_48011250D4FB,42
INS_2A40373C1E7B,PDP,quantum,7,1,brute_force_exact,231.7005,123.771,162.04,60.6,2277.38,29.72,True,,2.125,True,CST_48011250D4FB,42
INS_2A40373C1E7B,PDP,quantum,7,1,nearest_neighbour,231.7005,123.771,162.04,60.6,2277.38,29.72,True,,0.019,False,CST_48011250D4FB,42
INS_2A40373C1E7B,PDP,quantum,7,1,nearest_neighbour+2opt,231.7005,123.771,162.04,60.6,2277.38,29.72,True,,0.076,False,CST_48011250D4FB,42
INS_2A40373C1E7B,PDP,quantum,7,1,simulated_annealing,231.7005,123.771,162.04,60.6,2277.38,29.72,True,,581.564,False,CST_48011250D4FB,42
INS_2A40373C1E7B,PDP,quantum,7,1,ortools_path_cheapest_arc,231.7005,123.771,162.04,60.6,2277.38,29.72,True,,5001.604,False,CST_48011250D4FB,42
INS_2A40373C1E7B,PDP,quantum,7,1,ortools_savings,231.7005,123.771,162.04,60.6,2277.38,29.72,True,,5001.076,False,CST_48011250D4FB,42
INS_56675BCE633D,PDP,quantum,7,1,brute_force_exact,4192.6138,2365.208,3085.11,3458.1,43519.81,322.277,False,route_0_over_capacity;route_0_node_2_late;route_0_node_4_late;route_0_node_1_late;route_0_node_5_late;route_0_node_3_late,3.139,True,CST_48011250D4FB,42
INS_56675BCE633D,PDP,quantum,7,1,nearest_neighbour,4246.8352,2559.809,3338.87,3577.7,47100.49,8.855,False,route_0_over_capacity;route_0_node_2_late;route_0_node_6_late;route_0_node_4_late,0.025,False,CST_48011250D4FB,42
INS_56675BCE633D,PDP,quantum,7,1,nearest_neighbour+2opt,4192.6138,2365.208,3085.11,3458.1,43519.81,322.277,False,route_0_over_capacity;route_0_node_2_late;route_0_node_4_late;route_0_node_1_late;route_0_node_5_late;route_0_node_3_late,0.146,False,CST_48011250D4FB,42
INS_56675BCE633D,PDP,quantum,7,1,simulated_annealing,4192.6138,2365.208,3085.11,3458.1,43519.81,322.277,False,route_0_over_capacity;route_0_node_2_late;route_0_node_4_late;route_0_node_1_late;route_0_node_5_late;route_0_node_3_late,680.733,False,CST_48011250D4FB,42
INS_56675BCE633D,PDP,quantum,7,1,ortools_path_cheapest_arc,0.0,0.0,0.0,0.0,0.0,0.0,False,unserved_customers:6,2.707,False,CST_48011250D4FB,42
INS_56675BCE633D,PDP,quantum,7,1,ortools_savings,0.0,0.0,0.0,0.0,0.0,0.0,False,unserved_customers:6,1.58,False,CST_48011250D4FB,42
INS_6657F8E9AD8A,PDP,small,15,3,nearest_neighbour,1617.6864,972.206,1269.31,807.81,17888.59,13.208,False,route_0_over_capacity,0.064,False,CST_48011250D4FB,42
INS_6657F8E9AD8A,PDP,small,15,3,nearest_neighbour+2opt,1619.0732,970.111,1266.9,809.92,17850.03,18.83,False,route_0_over_capacity,1.138,False,CST_48011250D4FB,42
INS_6657F8E9AD8A,PDP,small,15,3,simulated_annealing,1620.3245,966.865,1262.84,831.02,17790.32,26.048,False,route_0_over_capacity,741.415,False,CST_48011250D4FB,42
INS_6657F8E9AD8A,PDP,small,15,3,ortools_path_cheapest_arc,2522.2214,1383.751,1806.6,1265.98,25461.02,277.296,True,,5001.054,False,CST_48011250D4FB,42
INS_6657F8E9AD8A,PDP,small,15,3,ortools_savings,0.0,0.0,0.0,0.0,0.0,0.0,False,unserved_customers:14,2.6,False,CST_48011250D4FB,42
INS_CAB3B612F4B0,PDP,small,11,7,nearest_neighbour,3619.7086,2177.11,2840.34,2510.19,40058.84,22.354,False,route_0_over_capacity;route_0_node_4_late;route_0_node_9_late;route_0_node_5_late;route_0_node_3_late;route_0_node_6_late;route_0_node_10_late,0.038,False,CST_48011250D4FB,42
INS_CAB3B612F4B0,PDP,small,11,7,nearest_neighbour+2opt,3170.7544,1904.633,2484.39,2326.11,35045.24,22.354,False,route_0_over_capacity;route_0_node_9_late;route_0_node_10_late;route_0_node_6_late;route_0_node_3_late;route_0_node_4_late;route_0_node_1_late;route_0_node_2_late,0.93,False,CST_48011250D4FB,42
INS_CAB3B612F4B0,PDP,small,11,7,simulated_annealing,3170.7544,1904.633,2484.39,2326.11,35045.24,22.354,False,route_0_over_capacity;route_0_node_9_late;route_0_node_6_late;route_0_node_10_late;route_0_node_3_late;route_0_node_4_late;route_0_node_1_late;route_0_node_2_late,729.593,False,CST_48011250D4FB,42
INS_CAB3B612F4B0,PDP,small,11,7,ortools_path_cheapest_arc,0.0,0.0,0.0,0.0,0.0,0.0,False,unserved_customers:10,5001.228,False,CST_48011250D4FB,42
INS_CAB3B612F4B0,PDP,small,11,7,ortools_savings,0.0,0.0,0.0,0.0,0.0,0.0,False,unserved_customers:10,2.811,False,CST_48011250D4FB,42
INS_FDBCF377AE8B,PDP,small,14,5,nearest_neighbour,2485.2305,1504.48,1962.9,1335.58,27682.44,0.15,False,route_0_over_capacity,0.06,False,CST_48011250D4FB,42
INS_FDBCF377AE8B,PDP,small,14,5,nearest_neighbour+2opt,2328.4646,1408.927,1839.21,1285.78,25924.27,0.15,False,route_0_over_capacity,1.37,False,CST_48011250D4FB,42
INS_FDBCF377AE8B,PDP,small,14,5,simulated_annealing,2315.2445,1401.018,1827.96,1289.89,25778.73,0.15,False,route_0_over_capacity,755.37,False,CST_48011250D4FB,42
INS_FDBCF377AE8B,PDP,small,14,5,ortools_path_cheapest_arc,2743.0398,1614.804,2107.31,1413.36,29712.39,89.086,True,,5000.886,False,CST_48011250D4FB,42
INS_FDBCF377AE8B,PDP,small,14,5,ortools_savings,2743.0398,1614.804,2107.31,1413.36,29712.39,89.086,True,,5003.449,False,CST_48011250D4FB,42
INS_BB2D195D558E,PDP,small,10,5,nearest_neighbour,3274.7261,1968.367,2567.72,2340.87,36217.95,21.475,False,route_0_over_capacity,0.046,False,CST_48011250D4FB,42
INS_BB2D195D558E,PDP,small,10,5,nearest_neighbour+2opt,3168.6637,1903.209,2483.25,2390.26,35019.05,21.475,False,route_0_over_capacity,0.485,False,CST_48011250D4FB,42
INS_BB2D195D558E,PDP,small,10,5,simulated_annealing,3168.6637,1903.209,2483.25,2390.26,35019.05,21.475,False,route_0_over_capacity,723.098,False,CST_48011250D4FB,42
INS_BB2D195D558E,PDP,small,10,5,ortools_path_cheapest_arc,6308.0368,3046.306,3975.86,3533.71,56052.05,1494.463,True,,5002.347,False,CST_48011250D4FB,42
INS_BB2D195D558E,PDP,small,10,5,ortools_savings,0.0,0.0,0.0,0.0,0.0,0.0,False,unserved_customers:9,3.53,False,CST_48011250D4FB,42
INS_9660CAC6F8D5,PDP,small,15,3,nearest_neighbour,365.241,215.041,281.15,109.68,3956.75,8.868,False,route_0_over_capacity,0.061,False,CST_48011250D4FB,42
INS_9660CAC6F8D5,PDP,small,15,3,nearest_neighbour+2opt,365.241,215.041,281.15,109.68,3956.75,8.868,False,route_0_over_capacity,0.588,False,CST_48011250D4FB,42
INS_9660CAC6F8D5,PDP,small,15,3,simulated_annealing,381.6418,217.226,284.06,103.45,3996.94,24.113,False,route_0_over_capacity,772.531,False,CST_48011250D4FB,42
INS_9660CAC6F8D5,PDP,small,15,3,ortools_path_cheapest_arc,456.2131,258.071,337.48,135.93,4748.5,32.449,True,,5002.63,False,CST_48011250D4FB,42
INS_9660CAC6F8D5,PDP,small,15,3,ortools_savings,456.2131,258.071,337.48,135.93,4748.5,32.449,True,,5001.693,False,CST_48011250D4FB,42
INS_D746F29770AD,PDP,small,10,4,nearest_neighbour,3605.6639,2175.57,2838.16,2565.23,40030.48,7.886,False,route_0_over_capacity;route_0_node_6_late;route_0_node_5_late;route_0_node_4_late;route_0_node_7_late;route_0_node_3_late;route_0_node_9_late,0.041,False,CST_48011250D4FB,42
INS_D746F29770AD,PDP,small,10,4,nearest_neighbour+2opt,3562.1841,2148.786,2803.51,2598.37,39537.64,7.886,False,route_0_over_capacity;route_0_node_6_late;route_0_node_8_late;route_0_node_5_late;route_0_node_4_late;route_0_node_9_late;route_0_node_7_late;route_0_node_3_late,0.323,False,CST_48011250D4FB,42
INS_D746F29770AD,PDP,small,10,4,simulated_annealing,3624.1536,2140.891,2793.31,2802.19,39392.39,93.562,False,route_0_over_capacity;route_0_node_8_late;route_0_node_5_late;route_0_node_4_late;route_0_node_9_late;route_0_node_7_late;route_0_node_3_late;route_0_node_6_late;route_0_node_2_late,659.836,False,CST_48011250D4FB,42
INS_D746F29770AD,PDP,small,10,4,ortools_path_cheapest_arc,0.0,0.0,0.0,0.0,0.0,0.0,False,unserved_customers:9,328.597,False,CST_48011250D4FB,42
INS_D746F29770AD,PDP,small,10,4,ortools_savings,0.0,0.0,0.0,0.0,0.0,0.0,False,unserved_customers:9,3.06,False,CST_48011250D4FB,42
INS_440592CCAEC4,TSP,quantum,4,1,brute_force_exact,3605.5219,2152.367,2807.42,3569.45,39603.57,41.06,False,route_0_over_capacity;route_0_node_1_late;route_0_node_3_late,0.078,True,CST_48011250D4FB,42
INS_440592CCAEC4,TSP,quantum,4,1,nearest_neighbour,3605.5702,2152.367,2807.42,3569.45,39603.57,41.06,False,route_0_over_capacity;route_0_node_3_late;route_0_node_1_late,0.017,False,CST_48011250D4FB,42
INS_440592CCAEC4,TSP,quantum,4,1,nearest_neighbour+2opt,3605.5702,2152.367,2807.42,3569.45,39603.57,41.06,False,route_0_over_capacity;route_0_node_3_late;route_0_node_1_late,0.037,False,CST_48011250D4FB,42
INS_440592CCAEC4,TSP,quantum,4,1,simulated_annealing,3605.5219,2152.367,2807.42,3569.45,39603.57,41.06,False,route_0_over_capacity;route_0_node_1_late;route_0_node_3_late,616.352,False,CST_48011250D4FB,42
INS_440592CCAEC4,TSP,quantum,4,1,ortools_path_cheapest_arc,0.0,0.0,0.0,0.0,0.0,0.0,False,unserved_customers:3,3.609,False,CST_48011250D4FB,42
INS_440592CCAEC4,TSP,quantum,4,1,ortools_savings,0.0,0.0,0.0,0.0,0.0,0.0,False,unserved_customers:3,1.951,False,CST_48011250D4FB,42
INS_30EE5DC3DACB,TSP,quantum,4,1,brute_force_exact,317.3759,180.205,235.37,96.57,3315.78,19.457,True,,0.056,True,CST_48011250D4FB,42
INS_30EE5DC3DACB,TSP,quantum,4,1,nearest_neighbour,317.3759,180.205,235.37,96.57,3315.78,19.457,True,,0.046,False,CST_48011250D4FB,42
INS_30EE5DC3DACB,TSP,quantum,4,1,nearest_neighbour+2opt,317.3759,180.205,235.37,96.57,3315.78,19.457,True,,0.074,False,CST_48011250D4FB,42
INS_30EE5DC3DACB,TSP,quantum,4,1,simulated_annealing,317.3759,180.205,235.37,96.57,3315.78,19.457,True,,673.968,False,CST_48011250D4FB,42
INS_30EE5DC3DACB,TSP,quantum,4,1,ortools_path_cheapest_arc,317.3759,180.205,235.37,96.57,3315.78,19.457,True,,5001.459,False,CST_48011250D4FB,42
INS_30EE5DC3DACB,TSP,quantum,4,1,ortools_savings,317.3759,180.205,235.37,96.57,3315.78,19.457,True,,5002.701,False,CST_48011250D4FB,42
INS_76064D63A516,TSP,quantum,4,1,brute_force_exact,61.3914,28.091,37.24,5.08,516.87,13.631,True,,0.037,True,CST_48011250D4FB,42
INS_76064D63A516,TSP,quantum,4,1,nearest_neighbour,53.0038,28.136,37.97,4.01,517.69,2.691,True,,0.014,False,CST_48011250D4FB,42
INS_76064D63A516,TSP,quantum,4,1,nearest_neighbour+2opt,61.3914,28.091,37.24,5.08,516.87,13.631,True,,0.039,False,CST_48011250D4FB,42
INS_76064D63A516,TSP,quantum,4,1,simulated_annealing,61.3914,28.091,37.24,5.08,516.87,13.631,True,,684.736,False,CST_48011250D4FB,42
INS_76064D63A516,TSP,quantum,4,1,ortools_path_cheapest_arc,61.3914,28.091,37.24,5.08,516.87,13.631,True,,5002.218,False,CST_48011250D4FB,42
INS_76064D63A516,TSP,quantum,4,1,ortools_savings,61.3914,28.091,37.24,5.08,516.87,13.631,True,,5001.075,False,CST_48011250D4FB,42
INS_71130EB669B4,TSP,quantum,4,1,brute_force_exact,1479.9381,787.63,1027.36,754.41,14492.38,207.697,False,route_0_over_capacity;route_0_node_3_late;route_0_node_2_late,0.043,True,CST_48011250D4FB,42
INS_71130EB669B4,TSP,quantum,4,1,nearest_neighbour,1435.2501,828.271,1080.35,748.92,15240.18,76.419,False,route_0_over_capacity;route_0_node_3_late,0.017,False,CST_48011250D4FB,42
INS_71130EB669B4,TSP,quantum,4,1,nearest_neighbour+2opt,1479.9381,787.63,1027.36,754.41,14492.38,207.697,False,route_0_over_capacity;route_0_node_3_late;route_0_node_2_late,0.044,False,CST_48011250D4FB,42
INS_71130EB669B4,TSP,quantum,4,1,simulated_annealing,1479.9381,787.63,1027.36,754.41,14492.38,207.697,False,route_0_over_capacity;route_0_node_3_late;route_0_node_2_late,636.785,False,CST_48011250D4FB,42
INS_71130EB669B4,TSP,quantum,4,1,ortools_path_cheapest_arc,0.0,0.0,0.0,0.0,0.0,0.0,False,unserved_customers:3,3.08,False,CST_48011250D4FB,42
INS_71130EB669B4,TSP,quantum,4,1,ortools_savings,0.0,0.0,0.0,0.0,0.0,0.0,False,unserved_customers:3,1.7,False,CST_48011250D4FB,42
INS_22BBFCF01175,TSP,quantum,4,1,brute_force_exact,404.9973,235.683,307.42,314.44,4336.56,13.345,True,,0.037,True,CST_48011250D4FB,42
INS_22BBFCF01175,TSP,quantum,4,1,nearest_neighbour,410.5372,238.816,311.51,308.22,4394.21,13.345,True,,0.02,False,CST_48011250D4FB,42
INS_22BBFCF01175,TSP,quantum,4,1,nearest_neighbour+2opt,404.9973,235.683,307.42,314.44,4336.56,13.345,True,,0.077,False,CST_48011250D4FB,42
INS_22BBFCF01175,TSP,quantum,4,1,simulated_annealing,404.9973,235.683,307.42,314.44,4336.56,13.345,True,,694.697,False,CST_48011250D4FB,42
INS_22BBFCF01175,TSP,quantum,4,1,ortools_path_cheapest_arc,404.9973,235.683,307.42,314.44,4336.56,13.345,True,,5001.652,False,CST_48011250D4FB,42
INS_22BBFCF01175,TSP,quantum,4,1,ortools_savings,404.9973,235.683,307.42,314.44,4336.56,13.345,True,,5001.332,False,CST_48011250D4FB,42
INS_68AAA55069C4,TSP,quantum,4,1,brute_force_exact,992.7432,483.765,633.04,416.11,8901.3,223.487,False,route_0_over_capacity,0.269,True,CST_48011250D4FB,42
INS_68AAA55069C4,TSP,quantum,4,1,nearest_neighbour,845.4062,491.446,646.93,382.92,9042.61,33.729,False,route_0_over_capacity,0.021,False,CST_48011250D4FB,42
INS_68AAA55069C4,TSP,quantum,4,1,nearest_neighbour+2opt,992.7432,483.765,633.04,416.11,8901.3,223.487,False,route_0_over_capacity,0.058,False,CST_48011250D4FB,42
INS_68AAA55069C4,TSP,quantum,4,1,simulated_annealing,992.7432,483.765,633.04,416.11,8901.3,223.487,False,route_0_over_capacity,603.695,False,CST_48011250D4FB,42
INS_68AAA55069C4,TSP,quantum,4,1,ortools_path_cheapest_arc,0.0,0.0,0.0,0.0,0.0,0.0,False,unserved_customers:3,4.45,False,CST_48011250D4FB,42
INS_68AAA55069C4,TSP,quantum,4,1,ortools_savings,0.0,0.0,0.0,0.0,0.0,0.0,False,unserved_customers:3,3.376,False,CST_48011250D4FB,42
INS_5D62E481CEE7,VRPTW,large,9,9,brute_force_exact,1773.9177,1054.004,1376.63,910.27,19393.68,36.488,False,route_0_over_capacity;route_0_node_3_late;route_0_node_5_late;route_0_node_1_late;route_0_node_2_late;route_0_node_7_late;route_0_node_8_late,159.559,True,CST_48011250D4FB,42
INS_5D62E481CEE7,VRPTW,large,9,9,nearest_neighbour,2138.729,1275.231,1665.15,1109.13,23464.23,36.488,False,route_0_over_capacity;route_0_node_3_late;route_0_node_6_late;route_0_node_5_late;route_0_node_1_late,0.038,False,CST_48011250D4FB,42
INS_5D62E481CEE7,VRPTW,large,9,9,nearest_neighbour+2opt,1777.9027,1056.909,1378.57,894.52,19447.14,36.488,False,route_0_over_capacity;route_0_node_2_late;route_0_node_3_late;route_0_node_7_late;route_0_node_8_late,0.625,False,CST_48011250D4FB,42
INS_5D62E481CEE7,VRPTW,large,9,9,simulated_annealing,1773.9177,1054.004,1376.63,910.27,19393.68,36.488,False,route_0_over_capacity;route_0_node_3_late;route_0_node_5_late;route_0_node_1_late;route_0_node_2_late;route_0_node_7_late;route_0_node_8_late,812.145,False,CST_48011250D4FB,42
INS_5D62E481CEE7,VRPTW,large,9,9,ortools_path_cheapest_arc,0.0,0.0,0.0,0.0,0.0,0.0,False,unserved_customers:8,5002.507,False,CST_48011250D4FB,42
INS_5D62E481CEE7,VRPTW,large,9,9,ortools_savings,0.0,0.0,0.0,0.0,0.0,0.0,False,unserved_customers:8,4.007,False,CST_48011250D4FB,42
INS_7E49A8AD33C4,VRPTW,large,5,8,brute_force_exact,1935.9673,1107.413,1444.46,1274.04,20376.38,121.491,False,route_0_over_capacity;route_0_node_2_late;route_0_node_3_late,0.079,True,CST_48011250D4FB,42
INS_7E49A8AD33C4,VRPTW,large,5,8,nearest_neighbour,1935.9673,1107.413,1444.46,1274.04,20376.38,121.491,False,route_0_over_capacity;route_0_node_2_late;route_0_node_3_late,0.017,False,CST_48011250D4FB,42
INS_7E49A8AD33C4,VRPTW,large,5,8,nearest_neighbour+2opt,1935.9673,1107.413,1444.46,1274.04,20376.38,121.491,False,route_0_over_capacity;route_0_node_2_late;route_0_node_3_late,0.042,False,CST_48011250D4FB,42
INS_7E49A8AD33C4,VRPTW,large,5,8,simulated_annealing,1935.9673,1107.413,1444.46,1274.04,20376.38,121.491,False,route_0_over_capacity;route_0_node_2_late;route_0_node_3_late,630.796,False,CST_48011250D4FB,42
INS_7E49A8AD33C4,VRPTW,large,5,8,ortools_path_cheapest_arc,0.0,0.0,0.0,0.0,0.0,0.0,False,unserved_customers:4,1.467,False,CST_48011250D4FB,42
INS_7E49A8AD33C4,VRPTW,large,5,8,ortools_savings,0.0,0.0,0.0,0.0,0.0,0.0,False,unserved_customers:4,0.917,False,CST_48011250D4FB,42
INS_E66C161E9532,VRPTW,large,24,22,nearest_neighbour,5939.5755,3578.414,4670.51,4904.87,65842.82,18.9,False,route_0_over_capacity;route_0_node_16_late;route_0_node_3_late;route_0_node_9_late;route_0_node_19_late;route_0_node_6_late;route_0_node_17_late;route_0_node_10_late;route_0_node_5_late;route_0_node_13_late;route_0_node_22_late;route_0_node_2_late;route_0_node_21_late;route_0_node_23_late;route_0_node_11_late;route_0_node_15_late;route_0_node_12_late;route_0_node_20_late;route_0_node_8_late,0.116,False,CST_48011250D4FB,42
INS_E66C161E9532,VRPTW,large,24,22,nearest_neighbour+2opt,5110.0194,3075.691,4011.82,4525.14,56592.71,18.9,False,route_0_over_capacity;route_0_node_10_late;route_0_node_5_late;route_0_node_13_late;route_0_node_22_late;route_0_node_17_late;route_0_node_6_late;route_0_node_19_late;route_0_node_9_late;route_0_node_23_late;route_0_node_11_late;route_0_node_8_late;route_0_node_20_late;route_0_node_12_late;route_0_node_15_late;route_0_node_21_late;route_0_node_1_late;route_0_node_16_late;route_0_node_4_late;route_0_node_7_late,8.037,False,CST_48011250D4FB,42
INS_E66C161E9532,VRPTW,large,24,22,simulated_annealing,5083.3358,3039.669,3974.36,4503.81,55929.91,53.468,False,route_0_over_capacity;route_0_node_23_late;route_0_node_11_late;route_0_node_12_late;route_0_node_20_late;route_0_node_8_late;route_0_node_15_late;route_0_node_21_late;route_0_node_4_late;route_0_node_7_late;route_0_node_3_late;route_0_node_2_late;route_0_node_10_late;route_0_node_22_late;route_0_node_13_late;route_0_node_5_late;route_0_node_17_late;route_0_node_6_late;route_0_node_19_late;route_0_node_9_late;route_0_node_14_late;route_0_node_18_late,719.44,False,CST_48011250D4FB,42
INS_E66C161E9532,VRPTW,large,24,22,ortools_path_cheapest_arc,0.0,0.0,0.0,0.0,0.0,0.0,False,unserved_customers:23,5001.457,False,CST_48011250D4FB,42
INS_E66C161E9532,VRPTW,large,24,22,ortools_savings,0.0,0.0,0.0,0.0,0.0,0.0,False,unserved_customers:23,14.449,False,CST_48011250D4FB,42
INS_F51C3A6C9FE7,VRPTW,large,5,3,brute_force_exact,1202.0856,611.017,798.22,513.5,11242.72,223.487,False,route_0_over_capacity;route_0_node_3_late,0.08,True,CST_48011250D4FB,42
INS_F51C3A6C9FE7,VRPTW,large,5,3,nearest_neighbour,1117.2392,656.548,862.29,501.51,12080.48,33.729,False,route_0_over_capacity;route_0_node_1_late;route_0_node_2_late,0.017,False,CST_48011250D4FB,42
INS_F51C3A6C9FE7,VRPTW,large,5,3,nearest_neighbour+2opt,1202.0856,611.017,798.22,513.5,11242.72,223.487,False,route_0_over_capacity;route_0_node_3_late,0.06,False,CST_48011250D4FB,42
INS_F51C3A6C9FE7,VRPTW,large,5,3,simulated_annealing,1202.0856,611.017,798.22,513.5,11242.72,223.487,False,route_0_over_capacity;route_0_node_3_late,565.285,False,CST_48011250D4FB,42
INS_F51C3A6C9FE7,VRPTW,large,5,3,ortools_path_cheapest_arc,1440.5759,696.428,910.58,501.58,12814.28,338.697,True,,5001.24,False,CST_48011250D4FB,42
INS_F51C3A6C9FE7,VRPTW,large,5,3,ortools_savings,0.0,0.0,0.0,0.0,0.0,0.0,False,unserved_customers:4,1.32,False,CST_48011250D4FB,42
INS_8ABCD2207FB9,VRPTW,large,21,18,nearest_neighbour,6469.3496,3897.436,5087.88,5405.31,71712.82,19.04,False,route_0_over_capacity;route_0_node_10_late;route_0_node_12_late;route_0_node_17_late;route_0_node_6_late;route_0_node_5_late;route_0_node_2_late;route_0_node_16_late;route_0_node_14_late;route_0_node_19_late;route_0_node_13_late;route_0_node_18_late;route_0_node_3_late;route_0_node_20_late,0.099,False,CST_48011250D4FB,42
INS_8ABCD2207FB9,VRPTW,large,21,18,nearest_neighbour+2opt,5829.8915,3493.417,4562.67,5067.43,64278.84,49.613,False,route_0_over_capacity;route_0_node_10_late;route_0_node_12_late;route_0_node_17_late;route_0_node_2_late;route_0_node_5_late;route_0_node_6_late;route_0_node_8_late;route_0_node_4_late;route_0_node_16_late;route_0_node_14_late;route_0_node_20_late;route_0_node_3_late;route_0_node_18_late;route_0_node_19_late;route_0_node_13_late;route_0_node_7_late;route_0_node_11_late;route_0_node_1_late;route_0_node_9_late,5.576,False,CST_48011250D4FB,42
INS_8ABCD2207FB9,VRPTW,large,21,18,simulated_annealing,5755.2734,3449.203,4501.19,5024.23,63465.35,49.613,False,route_0_over_capacity;route_0_node_10_late;route_0_node_12_late;route_0_node_6_late;route_0_node_5_late;route_0_node_2_late;route_0_node_17_late;route_0_node_11_late;route_0_node_7_late;route_0_node_13_late;route_0_node_19_late;route_0_node_20_late;route_0_node_3_late;route_0_node_18_late;route_0_node_14_late;route_0_node_16_late;route_0_node_9_late;route_0_node_1_late,697.892,False,CST_48011250D4FB,42
INS_8ABCD2207FB9,VRPTW,large,21,18,ortools_path_cheapest_arc,0.0,0.0,0.0,0.0,0.0,0.0,False,unserved_customers:20,5001.442,False,CST_48011250D4FB,42
INS_8ABCD2207FB9,VRPTW,large,21,18,ortools_savings,0.0,0.0,0.0,0.0,0.0,0.0,False,unserved_customers:20,15.675,False,CST_48011250D4FB,42
INS_E3AFFEFB864E,VRPTW,large,19,16,nearest_neighbour,5495.1022,3315.493,4326.02,4609.37,61005.06,7.486,False,route_0_over_capacity;route_0_node_3_late;route_0_node_2_late;route_0_node_8_late;route_0_node_7_late;route_0_node_6_late;route_0_node_4_late;route_0_node_12_late;route_0_node_1_late;route_0_node_13_late;route_0_node_14_late;route_0_node_9_late;route_0_node_10_late;route_0_node_11_late,0.095,False,CST_48011250D4FB,42
INS_E3AFFEFB864E,VRPTW,large,19,16,nearest_neighbour+2opt,5028.2871,3032.393,3956.35,4408.08,55796.02,7.486,False,route_0_over_capacity;route_0_node_12_late;route_0_node_6_late;route_0_node_7_late;route_0_node_8_late;route_0_node_2_late;route_0_node_14_late;route_0_node_9_late;route_0_node_10_late;route_0_node_11_late;route_0_node_15_late;route_0_node_16_late;route_0_node_3_late;route_0_node_18_late;route_0_node_5_late,3.975,False,CST_48011250D4FB,42
INS_E3AFFEFB864E,VRPTW,large,19,16,simulated_annealing,5028.2871,3032.393,3956.35,4408.08,55796.02,7.486,False,route_0_over_capacity;route_0_node_12_late;route_0_node_6_late;route_0_node_7_late;route_0_node_8_late;route_0_node_2_late;route_0_node_14_late;route_0_node_9_late;route_0_node_10_late;route_0_node_11_late;route_0_node_15_late;route_0_node_3_late;route_0_node_16_late;route_0_node_18_late;route_0_node_5_late,693.489,False,CST_48011250D4FB,42
INS_E3AFFEFB864E,VRPTW,large,19,16,ortools_path_cheapest_arc,0.0,0.0,0.0,0.0,0.0,0.0,False,unserved_customers:18,5001.885,False,CST_48011250D4FB,42
INS_E3AFFEFB864E,VRPTW,large,19,16,ortools_savings,0.0,0.0,0.0,0.0,0.0,0.0,False,unserved_customers:18,8.726,False,CST_48011250D4FB,42
INS_402AAB65C7B8,VRPTW,medium,26,13,nearest_neighbour,5133.5312,3090.254,4038.43,4217.86,56860.7,19.004,False,route_0_over_capacity;route_0_node_11_late;route_0_node_1_late;route_0_node_7_late;route_0_node_18_late;route_0_node_22_late;route_0_node_19_late;route_0_node_4_late;route_0_node_2_late;route_0_node_6_late;route_0_node_25_late;route_0_node_8_late;route_0_node_17_late;route_0_node_24_late;route_0_node_20_late;route_0_node_16_late;route_0_node_9_late;route_0_node_15_late,0.364,False,CST_48011250D4FB,42
INS_402AAB65C7B8,VRPTW,medium,26,13,nearest_neighbour+2opt,4522.6122,2719.874,3548.7,3863.43,50045.67,21.973,False,route_0_over_capacity;route_0_node_18_late;route_0_node_7_late;route_0_node_16_late;route_0_node_15_late;route_0_node_9_late;route_0_node_20_late;route_0_node_24_late;route_0_node_6_late;route_0_node_25_late;route_0_node_8_late;route_0_node_17_late;route_0_node_2_late;route_0_node_4_late;route_0_node_19_late,21.439,False,CST_48011250D4FB,42
INS_402AAB65C7B8,VRPTW,medium,26,13,simulated_annealing,4596.2659,2762.995,3611.1,3895.42,50839.11,21.973,False,route_0_over_capacity;route_0_node_2_late;route_0_node_6_late;route_0_node_24_late;route_0_node_16_late;route_0_node_15_late;route_0_node_9_late;route_0_node_20_late;route_0_node_25_late;route_0_node_8_late;route_0_node_17_late;route_0_node_19_late;route_0_node_18_late;route_0_node_1_late;route_0_node_22_late;route_0_node_3_late;route_0_node_12_late;route_0_node_23_late,851.267,False,CST_48011250D4FB,42
INS_402AAB65C7B8,VRPTW,medium,26,13,ortools_path_cheapest_arc,0.0,0.0,0.0,0.0,0.0,0.0,False,unserved_customers:25,5001.164,False,CST_48011250D4FB,42
INS_402AAB65C7B8,VRPTW,medium,26,13,ortools_savings,0.0,0.0,0.0,0.0,0.0,0.0,False,unserved_customers:25,10.963,False,CST_48011250D4FB,42
INS_751779F033A3,VRPTW,medium,20,6,nearest_neighbour,3347.4411,2014.418,2628.14,2420.34,37065.29,18.288,False,route_0_over_capacity;route_0_node_7_late;route_0_node_14_late;route_0_node_13_late;route_0_node_9_late;route_0_node_10_late;route_0_node_11_late;route_0_node_15_late;route_0_node_19_late;route_0_node_2_late;route_0_node_6_late;route_0_node_1_late;route_0_node_17_late;route_0_node_5_late;route_0_node_18_late;route_0_node_16_late;route_0_node_8_late,0.075,False,CST_48011250D4FB,42
INS_751779F033A3,VRPTW,medium,20,6,nearest_neighbour+2opt,3123.7027,1879.061,2451.57,2279.88,34574.73,18.288,False,route_0_over_capacity;route_0_node_7_late;route_0_node_14_late;route_0_node_13_late;route_0_node_18_late;route_0_node_5_late;route_0_node_16_late;route_0_node_8_late;route_0_node_17_late;route_0_node_1_late;route_0_node_6_late;route_0_node_3_late;route_0_node_2_late;route_0_node_19_late;route_0_node_15_late;route_0_node_11_late;route_0_node_10_late;route_0_node_9_late,3.023,False,CST_48011250D4FB,42
INS_751779F033A3,VRPTW,medium,20,6,simulated_annealing,3097.335,1863.132,2430.35,2250.81,34281.63,18.288,False,route_0_over_capacity;route_0_node_14_late;route_0_node_13_late;route_0_node_6_late;route_0_node_2_late;route_0_node_15_late;route_0_node_19_late;route_0_node_11_late;route_0_node_10_late;route_0_node_9_late;route_0_node_1_late;route_0_node_8_late;route_0_node_16_late;route_0_node_17_late;route_0_node_5_late;route_0_node_18_late,743.503,False,CST_48011250D4FB,42
INS_751779F033A3,VRPTW,medium,20,6,ortools_path_cheapest_arc,0.0,0.0,0.0,0.0,0.0,0.0,False,unserved_customers:19,5001.618,False,CST_48011250D4FB,42
INS_751779F033A3,VRPTW,medium,20,6,ortools_savings,0.0,0.0,0.0,0.0,0.0,0.0,False,unserved_customers:19,8.812,False,CST_48011250D4FB,42
INS_F81DF552970E,VRPTW,medium,18,5,nearest_neighbour,730.4578,432.095,565.12,287.9,7950.55,18.169,False,route_0_over_capacity;route_0_node_6_late;route_0_node_8_late;route_0_node_9_late;route_0_node_1_late;route_0_node_5_late;route_0_node_4_late;route_0_node_10_late;route_0_node_17_late,0.102,False,CST_48011250D4FB,42
INS_F81DF552970E,VRPTW,medium,18,5,nearest_neighbour+2opt,626.8736,369.186,484.43,207.18,6793.02,18.169,False,route_0_over_capacity;route_0_node_6_late;route_0_node_8_late;route_0_node_9_late;route_0_node_17_late;route_0_node_10_late;route_0_node_4_late;route_0_node_5_late;route_0_node_1_late,5.843,False,CST_48011250D4FB,42
INS_F81DF552970E,VRPTW,medium,18,5,simulated_annealing,626.8736,369.186,484.43,207.18,6793.02,18.169,False,route_0_over_capacity;route_0_node_8_late;route_0_node_6_late;route_0_node_9_late;route_0_node_17_late;route_0_node_10_late;route_0_node_4_late;route_0_node_5_late;route_0_node_1_late,830.242,False,CST_48011250D4FB,42
INS_F81DF552970E,VRPTW,medium,18,5,ortools_path_cheapest_arc,0.0,0.0,0.0,0.0,0.0,0.0,False,unserved_customers:17,2.128,False,CST_48011250D4FB,42
INS_F81DF552970E,VRPTW,medium,18,5,ortools_savings,0.0,0.0,0.0,0.0,0.0,0.0,False,unserved_customers:17,1.076,False,CST_48011250D4FB,42
INS_B15E6FAAAB81,VRPTW,medium,25,4,nearest_neighbour,2198.6074,1319.439,1723.62,1097.66,24277.71,22.813,False,route_0_over_capacity;route_0_node_2_late;route_0_node_24_late;route_0_node_23_late;route_0_node_4_late;route_0_node_5_late;route_0_node_19_late;route_0_node_1_late,0.113,False,CST_48011250D4FB,42
INS_B15E6FAAAB81,VRPTW,medium,25,4,nearest_neighbour+2opt,2119.5578,1271.54,1660.65,1076.32,23396.37,22.813,False,route_0_over_capacity;route_0_node_2_late;route_0_node_5_late;route_0_node_4_late;route_0_node_19_late;route_0_node_23_late;route_0_node_24_late;route_0_node_6_late,4.732,False,CST_48011250D4FB,42
INS_B15E6FAAAB81,VRPTW,medium,25,4,simulated_annealing,2120.7886,1262.673,1649.48,1069.45,23233.2,41.154,False,route_0_over_capacity;route_0_node_24_late;route_0_node_23_late;route_0_node_19_late;route_0_node_4_late;route_0_node_5_late;route_0_node_1_late;route_0_node_10_late;route_0_node_3_late;route_0_node_2_late;route_0_node_17_late;route_0_node_20_late;route_0_node_7_late;route_0_node_14_late;route_0_node_15_late;route_0_node_8_late;route_0_node_12_late;route_0_node_16_late;route_0_node_18_late;route_0_node_11_late;route_0_node_9_late;route_0_node_13_late;route_0_node_22_late;route_0_node_21_late,835.52,False,CST_48011250D4FB,42
INS_B15E6FAAAB81,VRPTW,medium,25,4,ortools_path_cheapest_arc,3570.7412,1996.618,2608.23,1798.48,36737.76,320.82,True,,5008.197,False,CST_48011250D4FB,42
INS_B15E6FAAAB81,VRPTW,medium,25,4,ortools_savings,0.0,0.0,0.0,0.0,0.0,0.0,False,unserved_customers:24,13.11,False,CST_48011250D4FB,42
INS_16DDD8CEF0FB,VRPTW,medium,18,7,nearest_neighbour,1181.0592,711.599,928.94,497.66,13093.41,5.953,False,route_0_over_capacity;route_0_node_15_late;route_0_node_8_late,0.108,False,CST_48011250D4FB,42
INS_16DDD8CEF0FB,VRPTW,medium,18,7,nearest_neighbour+2opt,1161.1859,688.472,899.37,520.64,12667.89,26.681,False,route_0_over_capacity;route_0_node_2_late;route_0_node_14_late;route_0_node_9_late;route_0_node_7_late;route_0_node_4_late;route_0_node_10_late;route_0_node_5_late;route_0_node_17_late;route_0_node_6_late;route_0_node_11_late;route_0_node_1_late,4.804,False,CST_48011250D4FB,42
INS_16DDD8CEF0FB,VRPTW,medium,18,7,simulated_annealing,1159.2817,687.351,897.76,520.69,12647.26,26.681,False,route_0_over_capacity;route_0_node_2_late;route_0_node_10_late;route_0_node_5_late;route_0_node_4_late;route_0_node_14_late;route_0_node_9_late;route_0_node_7_late;route_0_node_17_late;route_0_node_6_late;route_0_node_1_late;route_0_node_11_late,885.221,False,CST_48011250D4FB,42
INS_16DDD8CEF0FB,VRPTW,medium,18,7,ortools_path_cheapest_arc,2614.4823,1267.42,1653.89,935.17,23320.51,613.782,True,,5001.92,False,CST_48011250D4FB,42
INS_16DDD8CEF0FB,VRPTW,medium,18,7,ortools_savings,0.0,0.0,0.0,0.0,0.0,0.0,False,unserved_customers:17,5.373,False,CST_48011250D4FB,42
INS_0927E5C1C30F,VRPTW,medium,21,4,nearest_neighbour,524.2249,303.751,397.26,128.09,5589.01,25.202,False,route_0_over_capacity;route_0_node_6_late;route_0_node_2_late;route_0_node_9_late;route_0_node_20_late;route_0_node_1_late;route_0_node_19_late;route_0_node_4_late;route_0_node_16_late,0.08,False,CST_48011250D4FB,42
INS_0927E5C1C30F,VRPTW,medium,21,4,nearest_neighbour+2opt,506.9191,285.842,373.45,125.72,5259.51,39.314,False,route_0_over_capacity;route_0_node_2_late;route_0_node_6_late;route_0_node_17_late;route_0_node_10_late;route_0_node_7_late;route_0_node_3_late;route_0_node_20_late;route_0_node_1_late;route_0_node_16_late;route_0_node_4_late;route_0_node_19_late,2.86,False,CST_48011250D4FB,42
INS_0927E5C1C30F,VRPTW,medium,21,4,simulated_annealing,484.1604,276.31,362.03,100.41,5084.11,30.818,False,route_0_over_capacity;route_0_node_20_late;route_0_node_1_late;route_0_node_16_late;route_0_node_4_late;route_0_node_19_late;route_0_node_3_late;route_0_node_17_late;route_0_node_10_late;route_0_node_9_late;route_0_node_12_late;route_0_node_2_late;route_0_node_6_late,861.602,False,CST_48011250D4FB,42
INS_0927E5C1C30F,VRPTW,medium,21,4,ortools_path_cheapest_arc,755.0585,386.749,507.22,160.65,7116.2,134.534,True,,5002.383,False,CST_48011250D4FB,42
INS_0927E5C1C30F,VRPTW,medium,21,4,ortools_savings,755.0585,386.749,507.22,160.65,7116.2,134.534,True,,5002.112,False,CST_48011250D4FB,42
INS_B38FB0B7D22A,VRPTW,quantum,6,1,brute_force_exact,120.6523,58.727,76.61,18.85,1080.59,24.724,False,route_0_over_capacity,0.394,True,CST_48011250D4FB,42
INS_B38FB0B7D22A,VRPTW,quantum,6,1,nearest_neighbour,133.5549,74.867,97.66,24.73,1377.56,8.875,False,route_0_over_capacity,0.017,False,CST_48011250D4FB,42
INS_B38FB0B7D22A,VRPTW,quantum,6,1,nearest_neighbour+2opt,120.6523,58.727,76.61,18.85,1080.59,24.724,False,route_0_over_capacity,0.086,False,CST_48011250D4FB,42
INS_B38FB0B7D22A,VRPTW,quantum,6,1,simulated_annealing,120.6523,58.727,76.61,18.85,1080.59,24.724,False,route_0_over_capacity,730.476,False,CST_48011250D4FB,42
INS_B38FB0B7D22A,VRPTW,quantum,6,1,ortools_path_cheapest_arc,0.0,0.0,0.0,0.0,0.0,0.0,False,unserved_customers:5,24.452,False,CST_48011250D4FB,42
INS_B38FB0B7D22A,VRPTW,quantum,6,1,ortools_savings,0.0,0.0,0.0,0.0,0.0,0.0,False,unserved_customers:5,30.508,False,CST_48011250D4FB,42
INS_A615A45D07AF,VRPTW,quantum,5,1,brute_force_exact,63.361,31.424,40.99,3.83,578.21,9.139,False,route_0_node_3_late,0.078,True,CST_48011250D4FB,42
INS_A615A45D07AF,VRPTW,quantum,5,1,nearest_neighbour,63.361,31.424,40.99,3.83,578.21,9.139,False,route_0_node_3_late,0.016,False,CST_48011250D4FB,42
INS_A615A45D07AF,VRPTW,quantum,5,1,nearest_neighbour+2opt,63.361,31.424,40.99,3.83,578.21,9.139,False,route_0_node_3_late,0.042,False,CST_48011250D4FB,42
INS_A615A45D07AF,VRPTW,quantum,5,1,simulated_annealing,66.8834,31.424,40.99,3.83,578.21,13.307,False,route_0_node_3_late,744.125,False,CST_48011250D4FB,42
INS_A615A45D07AF,VRPTW,quantum,5,1,ortools_path_cheapest_arc,0.0,0.0,0.0,0.0,0.0,0.0,False,unserved_customers:4,7.545,False,CST_48011250D4FB,42
INS_A615A45D07AF,VRPTW,quantum,5,1,ortools_savings,0.0,0.0,0.0,0.0,0.0,0.0,False,unserved_customers:4,5.988,False,CST_48011250D4FB,42
INS_FE91F5E0DA30,VRPTW,quantum,8,1,brute_force_exact,230.7923,120.524,157.88,25.42,2217.66,34.29,False,route_0_node_2_late;route_0_node_4_late;route_0_node_3_late,14.619,True,CST_48011250D4FB,42
INS_FE91F5E0DA30,VRPTW,quantum,8,1,nearest_neighbour,230.4638,129.591,170.69,26.47,2384.45,15.911,False,route_0_node_2_late,0.02,False,CST_48011250D4FB,42
INS_FE91F5E0DA30,VRPTW,quantum,8,1,nearest_neighbour+2opt,230.7923,120.524,157.88,25.42,2217.66,34.29,False,route_0_node_2_late;route_0_node_4_late;route_0_node_3_late,0.155,False,CST_48011250D4FB,42
INS_FE91F5E0DA30,VRPTW,quantum,8,1,simulated_annealing,230.7923,120.524,157.88,25.42,2217.66,34.29,False,route_0_node_2_late;route_0_node_4_late;route_0_node_3_late,709.577,False,CST_48011250D4FB,42
INS_FE91F5E0DA30,VRPTW,quantum,8,1,ortools_path_cheapest_arc,343.0091,189.836,248.44,38.79,3492.97,31.826,True,,5001.524,False,CST_48011250D4FB,42
INS_FE91F5E0DA30,VRPTW,quantum,8,1,ortools_savings,0.0,0.0,0.0,0.0,0.0,0.0,False,unserved_customers:7,47.5,False,CST_48011250D4FB,42
INS_091573267F0E,VRPTW,quantum,7,1,brute_force_exact,246.929,131.062,173.05,50.11,2411.54,32.328,False,route_0_node_6_late,3.245,True,CST_48011250D4FB,42
INS_091573267F0E,VRPTW,quantum,7,1,nearest_neighbour,246.929,131.062,173.05,50.11,2411.54,32.328,False,route_0_node_6_late,0.033,False,CST_48011250D4FB,42
INS_091573267F0E,VRPTW,quantum,7,1,nearest_neighbour+2opt,246.929,131.062,173.05,50.11,2411.54,32.328,False,route_0_node_6_late,0.167,False,CST_48011250D4FB,42
INS_091573267F0E,VRPTW,quantum,7,1,simulated_annealing,246.929,131.062,173.05,50.11,2411.54,32.328,False,route_0_node_6_late,868.78,False,CST_48011250D4FB,42
INS_091573267F0E,VRPTW,quantum,7,1,ortools_path_cheapest_arc,392.3306,219.127,287.31,95.74,4031.94,33.011,True,,5002.931,False,CST_48011250D4FB,42
INS_091573267F0E,VRPTW,quantum,7,1,ortools_savings,392.3306,219.127,287.31,95.74,4031.94,33.011,True,,5001.835,False,CST_48011250D4FB,42
INS_D81F166EC362,VRPTW,quantum,5,1,brute_force_exact,177.4338,91.913,119.88,24.73,1691.21,27.255,True,,0.072,True,CST_48011250D4FB,42
INS_D81F166EC362,VRPTW,quantum,5,1,nearest_neighbour,177.4338,91.913,119.88,24.73,1691.21,27.255,True,,0.016,False,CST_48011250D4FB,42
INS_D81F166EC362,VRPTW,quantum,5,1,nearest_neighbour+2opt,177.4338,91.913,119.88,24.73,1691.21,27.255,True,,0.04,False,CST_48011250D4FB,42
INS_D81F166EC362,VRPTW,quantum,5,1,simulated_annealing,177.4338,91.913,119.88,24.73,1691.21,27.255,True,,650.915,False,CST_48011250D4FB,42
INS_D81F166EC362,VRPTW,quantum,5,1,ortools_path_cheapest_arc,177.4338,91.913,119.88,24.73,1691.21,27.255,True,,5002.295,False,CST_48011250D4FB,42
INS_D81F166EC362,VRPTW,quantum,5,1,ortools_savings,177.4338,91.913,119.88,24.73,1691.21,27.255,True,,5001.762,False,CST_48011250D4FB,42
INS_E38B873EB6A9,VRPTW,quantum,8,1,brute_force_exact,406.7108,241.334,314.84,191.18,4440.55,6.519,False,route_0_node_1_late;route_0_node_5_late;route_0_node_4_late,14.021,True,CST_48011250D4FB,42
INS_E38B873EB6A9,VRPTW,quantum,8,1,nearest_neighbour,424.3958,252.031,329.14,171.02,4637.37,6.519,False,route_0_node_1_late;route_0_node_5_late,0.019,False,CST_48011250D4FB,42
INS_E38B873EB6A9,VRPTW,quantum,8,1,nearest_neighbour+2opt,509.2089,245.5,320.28,181.57,4517.21,119.21,False,route_0_node_1_late;route_0_node_4_late;route_0_node_2_late,0.155,False,CST_48011250D4FB,42
INS_E38B873EB6A9,VRPTW,quantum,8,1,simulated_annealing,406.7108,241.334,314.84,191.18,4440.55,6.519,False,route_0_node_5_late;route_0_node_1_late;route_0_node_4_late,674.422,False,CST_48011250D4FB,42
INS_E38B873EB6A9,VRPTW,quantum,8,1,ortools_path_cheapest_arc,423.6019,245.966,321.24,184.41,4525.78,17.335,True,,5002.323,False,CST_48011250D4FB,42
INS_E38B873EB6A9,VRPTW,quantum,8,1,ortools_savings,423.6019,245.966,321.24,184.41,4525.78,17.335,True,,5001.452,False,CST_48011250D4FB,42
INS_310E11972641,VRPTW,small,13,6,nearest_neighbour,2009.0689,1212.14,1581.11,1144.85,22303.37,6.519,False,route_0_over_capacity;route_0_node_11_late;route_0_node_12_late;route_0_node_4_late;route_0_node_7_late;route_0_node_3_late;route_0_node_9_late,0.057,False,CST_48011250D4FB,42
INS_310E11972641,VRPTW,small,13,6,nearest_neighbour+2opt,2007.6606,1211.281,1580.26,1144.69,22287.58,6.519,False,route_0_over_capacity;route_0_node_11_late;route_0_node_12_late;route_0_node_4_late;route_0_node_7_late;route_0_node_3_late;route_0_node_9_late,0.733,False,CST_48011250D4FB,42
INS_310E11972641,VRPTW,small,13,6,simulated_annealing,2009.0689,1212.14,1581.11,1144.85,22303.37,6.519,False,route_0_over_capacity;route_0_node_12_late;route_0_node_4_late;route_0_node_7_late;route_0_node_3_late;route_0_node_9_late,689.278,False,CST_48011250D4FB,42
INS_310E11972641,VRPTW,small,13,6,ortools_path_cheapest_arc,4375.0043,2139.215,2790.3,2089.65,39361.55,989.148,True,,5005.047,False,CST_48011250D4FB,42
INS_310E11972641,VRPTW,small,13,6,ortools_savings,0.0,0.0,0.0,0.0,0.0,0.0,False,unserved_customers:12,3.476,False,CST_48011250D4FB,42
INS_E5A095B6CBE3,VRPTW,small,14,7,nearest_neighbour,1554.1243,936.005,1221.19,936.06,17222.46,6.519,False,route_0_over_capacity;route_0_node_13_late;route_0_node_6_late;route_0_node_2_late;route_0_node_12_late;route_0_node_7_late;route_0_node_9_late,0.084,False,CST_48011250D4FB,42
INS_E5A095B6CBE3,VRPTW,small,14,7,nearest_neighbour+2opt,1554.1243,936.005,1221.19,936.06,17222.46,6.519,False,route_0_over_capacity;route_0_node_13_late;route_0_node_6_late;route_0_node_2_late;route_0_node_12_late;route_0_node_7_late;route_0_node_9_late,0.876,False,CST_48011250D4FB,42
INS_E5A095B6CBE3,VRPTW,small,14,7,simulated_annealing,1554.1243,936.005,1221.19,936.06,17222.46,6.519,False,route_0_over_capacity;route_0_node_13_late;route_0_node_6_late;route_0_node_2_late;route_0_node_12_late;route_0_node_7_late;route_0_node_9_late,682.975,False,CST_48011250D4FB,42
INS_E5A095B6CBE3,VRPTW,small,14,7,ortools_path_cheapest_arc,3564.4065,1873.342,2449.4,1910.7,34469.48,548.323,True,,5001.501,False,CST_48011250D4FB,42
INS_E5A095B6CBE3,VRPTW,small,14,7,ortools_savings,0.0,0.0,0.0,0.0,0.0,0.0,False,unserved_customers:13,3.346,False,CST_48011250D4FB,42
INS_688F3EB42065,VRPTW,small,15,4,nearest_neighbour,4221.7356,2548.215,3324.07,3120.42,46887.12,7.163,False,route_0_over_capacity;route_0_node_3_late;route_0_node_5_late;route_0_node_13_late;route_0_node_10_late;route_0_node_2_late;route_0_node_4_late;route_0_node_1_late;route_0_node_8_late,0.078,False,CST_48011250D4FB,42
INS_688F3EB42065,VRPTW,small,15,4,nearest_neighbour+2opt,4494.7158,2448.985,3194.45,3071.8,45061.33,520.298,False,route_0_over_capacity;route_0_node_1_late;route_0_node_8_late;route_0_node_4_late;route_0_node_10_late;route_0_node_13_late;route_0_node_11_late;route_0_node_5_late;route_0_node_14_late;route_0_node_3_late;route_0_node_12_late;route_0_node_7_late;route_0_node_6_late;route_0_node_9_late,2.613,False,CST_48011250D4FB,42
INS_688F3EB42065,VRPTW,small,15,4,simulated_annealing,4150.1288,2448.985,3194.48,3071.8,45061.33,114.93,False,route_0_over_capacity;route_0_node_2_late;route_0_node_1_late;route_0_node_8_late;route_0_node_4_late;route_0_node_10_late;route_0_node_14_late;route_0_node_5_late;route_0_node_3_late;route_0_node_12_late;route_0_node_7_late;route_0_node_6_late;route_0_node_9_late,801.392,False,CST_48011250D4FB,42
INS_688F3EB42065,VRPTW,small,15,4,ortools_path_cheapest_arc,0.0,0.0,0.0,0.0,0.0,0.0,False,unserved_customers:14,5001.432,False,CST_48011250D4FB,42
INS_688F3EB42065,VRPTW,small,15,4,ortools_savings,0.0,0.0,0.0,0.0,0.0,0.0,False,unserved_customers:14,3.394,False,CST_48011250D4FB,42
INS_5A6D36712CD4,VRPTW,small,13,5,nearest_neighbour,3885.9955,2343.591,3056.9,2803.82,43122.07,11.405,False,route_0_over_capacity;route_0_node_12_late;route_0_node_2_late;route_0_node_8_late;route_0_node_10_late;route_0_node_5_late;route_0_node_7_late;route_0_node_6_late;route_0_node_3_late,0.24,False,CST_48011250D4FB,42
INS_5A6D36712CD4,VRPTW,small,13,5,nearest_neighbour+2opt,3224.2235,1863.878,2431.14,2415.13,34295.35,163.415,False,route_0_over_capacity;route_0_node_3_late;route_0_node_7_late;route_0_node_6_late;route_0_node_4_late;route_0_node_8_late;route_0_node_2_late;route_0_node_12_late;route_0_node_11_late;route_0_node_9_late;route_0_node_1_late,2.129,False,CST_48011250D4FB,42
INS_5A6D36712CD4,VRPTW,small,13,5,simulated_annealing,3090.4934,1851.327,2414.8,2402.49,34064.43,30.854,False,route_0_over_capacity;route_0_node_3_late;route_0_node_7_late;route_0_node_6_late;route_0_node_11_late;route_0_node_12_late;route_0_node_9_late;route_0_node_1_late,763.311,False,CST_48011250D4FB,42
INS_5A6D36712CD4,VRPTW,small,13,5,ortools_path_cheapest_arc,0.0,0.0,0.0,0.0,0.0,0.0,False,unserved_customers:12,5001.778,False,CST_48011250D4FB,42
INS_5A6D36712CD4,VRPTW,small,13,5,ortools_savings,0.0,0.0,0.0,0.0,0.0,0.0,False,unserved_customers:12,3.298,False,CST_48011250D4FB,42
INS_789EB464E5B4,VRPTW,small,10,6,nearest_neighbour,4713.2298,2838.113,3701.94,4200.41,52221.25,13.023,False,route_0_over_capacity;route_0_node_4_late;route_0_node_1_late;route_0_node_2_late;route_0_node_6_late;route_0_node_8_late,0.052,False,CST_48011250D4FB,42
INS_789EB464E5B4,VRPTW,small,10,6,nearest_neighbour+2opt,4636.5396,2791.292,3640.86,4211.32,51359.76,13.023,False,route_0_over_capacity;route_0_node_4_late;route_0_node_2_late;route_0_node_1_late;route_0_node_6_late;route_0_node_8_late,0.365,False,CST_48011250D4FB,42
INS_789EB464E5B4,VRPTW,small,10,6,simulated_annealing,4632.9275,2780.628,3626.95,4207.05,51163.54,29.595,False,route_0_over_capacity;route_0_node_4_late;route_0_node_2_late;route_0_node_1_late;route_0_node_6_late;route_0_node_8_late;route_0_node_5_late,654.893,False,CST_48011250D4FB,42
INS_789EB464E5B4,VRPTW,small,10,6,ortools_path_cheapest_arc,0.0,0.0,0.0,0.0,0.0,0.0,False,unserved_customers:9,5001.977,False,CST_48011250D4FB,42
INS_789EB464E5B4,VRPTW,small,10,6,ortools_savings,0.0,0.0,0.0,0.0,0.0,0.0,False,unserved_customers:9,3.981,False,CST_48011250D4FB,42
INS_2F8C515592B8,VRPTW,small,15,5,nearest_neighbour,1678.7836,1004.364,1316.54,991.74,18480.31,19.205,False,route_0_over_capacity;route_0_node_9_late;route_0_node_13_late;route_0_node_1_late;route_0_node_4_late;route_0_node_6_late;route_0_node_11_late;route_0_node_5_late;route_0_node_14_late,0.064,False,CST_48011250D4FB,42
INS_2F8C515592B8,VRPTW,small,15,5,nearest_neighbour+2opt,1686.6712,973.457,1277.0,945.96,17911.61,88.353,False,route_0_over_capacity;route_0_node_13_late;route_0_node_9_late;route_0_node_1_late;route_0_node_4_late;route_0_node_6_late;route_0_node_11_late;route_0_node_5_late;route_0_node_14_late,1.149,False,CST_48011250D4FB,42
INS_2F8C515592B8,VRPTW,small,15,5,simulated_annealing,1574.3185,938.919,1231.38,907.77,17276.11,23.43,False,route_0_over_capacity;route_0_node_13_late;route_0_node_1_late;route_0_node_4_late;route_0_node_6_late;route_0_node_11_late;route_0_node_5_late;route_0_node_14_late;route_0_node_8_late;route_0_node_12_late,634.896,False,CST_48011250D4FB,42
INS_2F8C515592B8,VRPTW,small,15,5,ortools_path_cheapest_arc,2556.677,1296.116,1691.77,1188.44,23848.53,487.663,True,,5001.853,False,CST_48011250D4FB,42
INS_2F8C515592B8,VRPTW,small,15,5,ortools_savings,0.0,0.0,0.0,0.0,0.0,0.0,False,unserved_customers:14,3.11,False,CST_48011250D4FB,42
